Price,Close,High,Low,Open,Volume
Ticker,AAPL,AAPL,AAPL,AAPL,AAPL
Date,,,,,
2014-01-02,17.140657424926758,17.26151277925325,17.106260666452766,17.21967861543947,234684800
2014-01-03,16.764150619506836,17.158323227376062,16.747106149499594,17.13229396004196,392467600
2014-01-06,16.85556983947754,16.944505948893685,16.53545843130437,16.65476478474991,412610800
2014-01-07,16.735027313232422,16.918478434724147,16.669331856180616,16.867657795487276,317209200
2014-01-08,16.841001510620117,16.906076331395386,16.693186788401356,16.696903836479006,258529600
2014-01-09,16.625940322875977,16.946361114511248,16.58968338269073,16.944500935546113,279148800
2014-01-10,16.51500701904297,16.75857635238963,16.45829802107146,16.72851724043736,304976000
2014-01-13,16.601463317871094,16.811254805576336,16.420180236801833,16.421110326464518,378492800
2014-01-14,16.931795120239258,16.942330616389256,16.66126489503417,16.678618839839206,332561600
2014-01-15,17.271739959716797,17.35974760719448,17.09510570842316,17.15274477620218,391638800
2014-01-16,17.17536735534668,17.255937601128583,17.09572554411994,17.195509916792155,229278000
2014-01-17,16.754552841186523,17.107821564760435,16.730691562930698,17.089539171856277,426739600
2014-01-21,17.014856338500977,17.045843892273872,16.746805061557552,16.764468496796717,328526800
2014-01-22,17.090463638305664,17.269575423022378,16.975806080053488,17.071870118192457,379985200
2014-01-23,17.235177993774414,17.24509453745605,16.882839489646738,17.041810356874198,403239200
2014-01-24,16.921878814697266,17.217817695020358,16.880973087090325,17.167616038620753,429354800
2014-01-27,17.059160232543945,17.19241128691087,16.91196610930821,17.04583612008545,554878800
2014-01-28,15.69567584991455,15.959076675570813,15.558394897094002,15.765708978876312,1065523200
2014-01-29,15.517486572265625,15.722630939857495,15.451481644648252,15.616650357785904,502810000
2014-01-30,15.487428665161133,15.695672796429719,15.391985231207459,15.57295720926,678501600
2014-01-31,15.512840270996094,15.541659818026359,15.294371753460137,15.344882916599605,464797200
2014-02-03,15.541650772094727,15.733780422147085,15.472547781062225,15.575119094155564,401464000
2014-02-04,15.766632080078125,15.78739525654888,15.57977176666057,15.675526320097642,376681200
2014-02-05,15.884389877319336,15.967748754135563,15.687922492571543,15.697529558026847,328344800
2014-02-06,15.976974487304688,16.00783784656534,15.83045594187944,15.900598578032783,257765200
2014-02-07,16.200502395629883,16.301818124349207,16.128803058303017,16.253498571401693,370280400
2014-02-10,16.490724563598633,16.584246984663434,16.14812257025691,16.168697036727497,345559200
2014-02-11,16.708009719848633,16.763809515194698,16.506623670061952,16.541228000717993,282256800
2014-02-12,16.706758499145508,16.82023271643346,16.62321365191222,16.738868849050622,308100800
2014-02-13,16.972055435180664,16.985147977526697,16.653144478414365,16.667484008834816,307398000
2014-02-14,16.958335876464844,17.0203739456347,16.871674372707805,16.91095199737182,272924400
2014-02-18,17.020675659179688,17.182779012849707,17.008828447447623,17.02098698978591,260251600
2014-02-19,16.751956939697266,17.048733277830916,16.657811889439877,16.982020285172222,313768000
2014-02-20,16.558067321777344,16.74043562138374,16.49104294684646,16.61542712081092,305858000
2014-02-21,16.374141693115234,16.66468333576064,16.35387854748919,16.60919318345467,278784800
2014-02-24,16.445837020874023,16.51972065059854,16.285916205676894,16.30867332259754,288909600
2014-02-25,16.274686813354492,16.508802495594075,16.241642473881075,16.502880553055437,231952000
2014-02-26,16.127857208251953,16.366338183638398,16.073302747639826,16.323006611789282,276217200
2014-02-27,16.449573516845703,16.48417617554246,16.08733109578913,16.121311093094782,301882000
2014-02-28,16.404993057250977,16.607935695757675,16.276555008814693,16.493525840566978,371968800
2014-03-03,16.45237922668457,16.542472005681788,16.298067414456405,16.317083560402114,238781200
2014-03-04,16.56086540222168,16.604509975276585,16.452692123958496,16.553385140282497,259140000
2014-03-05,16.595773696899414,16.67027827146157,16.495080725254226,16.550883820831405,200062800
2014-03-06,16.545597076416016,16.660629667706704,16.462986181405682,16.60919181578733,185488800
2014-03-07,16.53592872619629,16.583936928230084,16.399074716785133,16.55619186348833,220729600
2014-03-10,16.5508975982666,16.626026561427107,16.470467686236198,16.47109201281478,178584000
2014-03-11,16.71205711364746,16.79466796544885,16.60294819015581,16.692106975857538,279224400
2014-03-12,16.728271484375,16.75133992863494,16.584559871462307,16.662807115383572,199326400
2014-03-13,16.54246711730957,16.823343934169937,16.49601725606764,16.75413863552819,257742800
2014-03-14,16.356672286987305,16.549950341285,16.30398748503497,16.484484334573995,237199200
2014-03-17,16.42057991027832,16.521271240107875,16.392834853869434,16.45050761108877,199544800
2014-03-18,16.565855026245117,16.58362418799424,16.372576892095463,16.394398348391327,209647200
2014-03-19,16.561492919921875,16.71673876895715,16.491038927992026,16.592667620968392,224756000
2014-03-20,16.4816837310791,16.605445185970144,16.439599142560116,16.518780368525896,208398400
2014-03-21,16.611675262451172,16.639108988067665,16.407798628664032,16.582371887977576,374046400
2014-03-24,16.808700561523438,16.849538165588214,16.6799511451126,16.784696461258203,355700800
2014-03-25,16.98950958251953,17.01320235311521,16.821169542238373,16.8807136319267,282293200
2014-03-26,16.82709312438965,17.11451801385034,16.798414067005538,17.037206427425993,299768000
2014-03-27,16.754770278930664,16.88071440032812,16.681823979239603,16.834575844962643,222031600
2014-03-28,16.736061096191406,16.800902789525313,16.654697232609582,16.781575313264927,200564000
2014-03-31,16.73232650756836,16.85920462393481,16.70707375173839,16.809949430024623,168669200
2014-04-01,16.885379791259766,16.892239053714995,16.73325067327211,16.764112359712062,200760000
2014-04-02,16.913448333740234,16.9424403925463,16.842060341920707,16.908149050222395,180420800
2014-04-03,16.79623031616211,16.911885524985994,16.760380664356894,16.877282861022795,162344000
2014-04-04,16.578950881958008,16.83395413707029,16.540295913347297,16.828032191883437,275251200
2014-04-07,16.318647384643555,16.550270846486356,16.26939385185872,16.46048936790037,289850400
2014-04-08,16.317703247070312,16.401249733195414,16.169937745973638,16.372257694030324,243888400
2014-04-09,16.532188415527344,16.537487698129297,16.273444241383523,16.292771722290233,206169600
2014-04-10,16.318954467773438,16.592038104030046,16.309289897254747,16.54340558561118,239652000
2014-04-11,16.198314666748047,16.298694696112655,16.1213144120234,16.179296852483837,271717600
2014-04-14,16.262847900390625,16.277810093057038,16.12349989060024,16.269705502659786,205674000
2014-04-15,16.146875381469727,16.26159492904835,15.94019173251897,16.218887678090713,266490000
2014-04-16,16.179601669311523,16.244443342928832,16.027783881664497,16.14967397462529,214765600
2014-04-17,16.36446762084961,16.452379421093223,16.185529048423593,16.210468802374987,284334400
2014-04-21,16.558679580688477,16.588916944947737,16.333913841132183,16.376934075272658,182548800
2014-04-22,16.57520866394043,16.579260958583937,16.41310355923666,16.469527683214924,202563200
2014-04-23,16.35854148864746,16.557431813300376,16.349188250875933,16.492901465129417,394940000
2014-04-24,17.699655532836914,17.76917386947928,17.480190625888614,17.713372401684417,759911600
2014-04-25,17.82964515686035,17.831201810274557,17.580876957440594,17.598644449672044,390275200
2014-04-28,18.520158767700195,18.571907949945132,17.84866971656339,17.856464642126262,669485600
2014-04-29,18.465282440185547,18.57906798749247,18.377372304046144,18.5092383406903,337377600
2014-04-30,18.395458221435547,18.68662411022536,18.386417974099373,18.474952462652418,456640800
2014-05-01,18.438783645629883,18.542280282292356,18.279172569351733,18.45499281887119,244048000
2014-05-02,18.47307777404785,18.523581614352533,18.38360930943162,18.46559751182636,191514400
2014-05-05,18.734317779541016,18.735566432385124,18.392651399113177,18.39701668945618,287067200
2014-05-06,18.530126571655273,18.841865187377703,18.530126571655273,18.76050131710629,374564400
2014-05-07,18.465282440185547,18.619905586291086,18.32188218345591,18.556310878031084,282864400
2014-05-08,18.4323673248291,18.633622521498012,18.382523967134137,18.440517179231193,230297200
2014-05-09,18.355566024780273,18.377822428129697,18.192240788947846,18.32421720932082,291597600
2014-05-12,18.58409309387207,18.610111354580237,18.413871958970663,18.41669460793495,213208800
2014-05-13,18.613243103027344,18.637694338518624,18.517319926806305,18.558070869845896,159737200
2014-05-14,18.6166934967041,18.727352716349312,18.549922616237073,18.57155287914693,166404000
2014-05-15,18.458383560180664,18.702271442173213,18.433932325486776,18.642711214479295,230846000
2014-05-16,18.730806350708008,18.731432490059508,18.351180070896827,18.45243383554581,276256400
2014-05-19,18.952749252319336,19.038642504964137,18.725161012229925,18.741462398079307,317755200
2014-05-20,18.956504821777344,19.009482215501052,18.83173907503656,18.95023506006911,234836000
2014-05-21,19.006668090820312,19.018892874930373,18.8734393733875,18.928924691790073,196859600
2014-05-22,19.036762237548828,19.117641359700077,18.937390240562497,19.015759782831637,200760000
2014-05-23,19.251811981201172,19.270621275037634,19.011685856148773,19.036137101051445,232209600
2014-05-27,19.612308502197266,19.619517473150268,19.298827086715217,19.306663870976948,348866000
2014-05-28,19.5615234375,19.743969325634563,19.554312792683245,19.624532452666802,315481600
2014-05-29,19.917953491210938,19.964662806145302,19.67939445457089,19.681902359724,376474000
2014-05-30,19.84334945678711,20.19350698850409,19.714821805414935,19.999462395724372,564020800
2014-06-02,19.706981658935547,19.900713149025403,19.514191051832178,19.873440935769352,369350800
2014-06-03,19.985671997070312,20.02329058705515,19.69444852815832,19.701031362863276,292709200
2014-06-04,20.21388053894043,20.310120148022126,19.94083863088193,19.982532137441392,335482000
2014-06-05,20.293193817138672,20.356517597048967,20.14460459436587,20.257143929426945,303805600
2014-06-06,20.237382888793945,20.415755487791223,20.202901716236617,20.37312111508075,349938400
2014-06-09,20.56121826171875,20.600716934957124,20.13331736344401,20.341781560209824,301660000
2014-06-10,20.68190574645996,20.857455748723467,20.53268874678665,20.787236082651845,251108000
2014-06-11,20.596330642700195,20.79382402524224,20.510750455960196,20.655577820378156,182724000
2014-06-12,20.251813888549805,20.65338346413304,20.166233706759176,20.635828125773628,218996000
2014-06-13,20.030181884765625,20.284729262611503,19.942406869157765,20.232063248745284,218100000
2014-06-16,20.23206901550293,20.352759905635477,20.067491442141996,20.080658786446236,142244000
2014-06-17,20.205730438232422,20.34178011201388,20.14428843405124,20.256199938451655,118904000
2014-06-18,20.22767448425293,20.251812654483935,20.045541626753195,20.247422983076966,134056000
2014-06-19,20.157461166381836,20.254013877755977,20.043353112181556,20.2518190413603,142112000
2014-06-20,19.948991775512695,20.30886783995046,19.946796939682077,20.155261141022162,403592000
2014-06-23,19.931442260742188,20.104797510289075,19.880971066906636,20.038965809489607,174776000
2014-06-24,19.810741424560547,20.131118747707074,19.790992928734056,19.913876922771394,156144000
2014-06-25,19.828296661376953,19.902904321911926,19.67249683422847,19.795380827659645,147476000
2014-06-26,19.946794509887695,19.97971034666053,19.70541449716859,19.830493337570154,130516000
2014-06-27,20.183792114257812,20.1881801124303,19.918272185162152,19.929244691847565,256116000
2014-06-30,20.392255783081055,20.567805840168294,20.207928055722512,20.210122891832693,197929200
2014-07-01,20.5217227935791,20.642413667926274,20.436142600558174,20.5217227935791,152892000
2014-07-02,20.512948989868164,20.640221037855223,20.427367113530696,20.59852919203602,113860000
2014-07-03,20.633630752563477,20.648991253196737,20.451497906362643,20.554633413829837,91567200
2014-07-07,21.059337615966797,21.06372561275918,20.648990437867973,20.657768105621678,225872000
2014-07-08,20.92329216003418,21.241476427436286,20.60949756482764,21.125173552625537,260888000
2014-07-09,20.93206214904785,21.054946138719743,20.79381766066697,20.943034651340895,145744000
2014-07-10,20.855260848999023,20.967174016951187,20.521716180560507,20.57438218557852,158744000
2014-07-11,20.89475440979004,21.04177653765867,20.81575709573587,20.925475401459053,136072000
2014-07-14,21.1646671295166,21.26121980451083,20.98911878990865,21.035200291837075,171240000
2014-07-15,20.916709899902344,21.25244784279173,20.853073044675615,21.241477010340578,181911600
2014-07-16,20.798208236694336,21.307301266695106,20.78943056860496,21.27877510103139,213585200
2014-07-17,20.427358627319336,20.90792546613337,20.31325229655567,20.85306629911511,229192000
2014-07-18,20.721406936645508,20.78943177557623,20.412000396665572,20.54366375148118,199952000
2014-07-21,20.613880157470703,20.846482478869323,20.565603824915783,20.844287643525327,156316000
2014-07-22,20.785049438476562,20.822353284553863,20.65338772197638,20.776271767487277,220788000
2014-07-23,21.327056884765625,21.478467094008483,20.8837937409848,20.938652924926128,371672000
2014-07-24,21.29193878173828,21.355575613828748,21.158082285646067,21.294133617098325,182916000
2014-07-25,21.432388305664062,21.46969215368693,21.206368706953047,21.252450226422994,173876000
2014-07-28,21.728612899780273,21.776889222989706,21.406042481748063,21.465289631216034,221272000
2014-07-29,21.588186264038086,21.82079035102735,21.559660090029652,21.796652175262718,172572000
2014-07-30,21.53771209716797,21.658401275746304,21.432381746209348,21.601348940055804,132040000
2014-07-31,20.9781494140625,21.384106998009592,20.91890223822624,21.320471824550715,227372000
2014-08-01,21.09444808959961,21.20197327148346,20.804791730124713,20.824541902495465,194044000
2014-08-04,20.975954055786133,21.193197601503833,20.883791040483043,21.147116093852286,159832000
2014-08-05,20.87281036376953,20.995694326208454,20.706038076053545,20.92547467993358,223732000
2014-08-06,20.83770751953125,20.951815533883785,20.7828483479842,20.791626016332014,154232000
2014-08-07,20.83550453186035,21.15967956409238,20.751702741252267,20.9347415462686,186844000
2014-08-08,20.892841339111328,20.91048399903061,20.570870366819378,20.786988744588946,167460000
2014-08-11,21.168495178222656,21.188343585243153,20.914887486824796,21.00971465204326,146340000
2014-08-12,21.16408920288086,21.36476896703293,21.084698925360176,21.179526107815633,135180000
2014-08-13,21.44416046142578,21.44416046142578,21.179527309670906,21.203785544873032,127664000
2014-08-14,21.501495361328125,21.516932265056916,21.347126324040193,21.464005978343387,112464000
2014-08-15,21.607349395751953,21.653660106463594,21.36035725612689,21.589706739529525,195804000
2014-08-18,21.867572784423828,21.913883495343285,21.607349492712377,21.719817641018352,190288000
2014-08-19,22.169700622558594,22.202780190469095,21.90286169107486,21.922710104819846,277596000
2014-08-20,22.178510665893555,22.29318453612795,22.041782639944675,22.14984261895892,210796000
2014-08-21,22.18071937561035,22.260109635780253,22.077070886916534,22.17851362324561,133912000
2014-08-22,22.343910217285156,22.376989773510868,22.09471403437755,22.11676651102932,176736000
2014-08-25,22.392436981201172,22.531369162295277,22.33509916952081,22.447569039452357,161080000
2014-08-26,22.249086380004883,22.383608694938708,22.24247080426984,22.365966037981007,132608000
2014-08-27,22.522541046142578,22.619573977832424,22.20718570064696,22.277754646649655,209476000
2014-08-28,22.549007415771484,22.66588708721124,22.39684242635173,22.403458002848836,273840000
2014-08-29,22.604145050048828,22.692356684304514,22.53798590373282,22.683535352629246,178380000
2014-09-02,22.780561447143555,22.877592701309492,22.652654700178825,22.72763347305689,214256000
2014-09-03,21.819055557250977,22.758504258733304,21.739665289168492,22.736451780376225,501684000
2014-09-04,21.638229370117188,22.072668546566163,21.565454654330008,21.79921402716507,342872000
2014-09-05,21.825668334960938,21.91828974168649,21.680118967967037,21.78817895830955,233828000
2014-09-08,21.69114875793457,21.900649825401384,21.62278557049732,21.8984457553201,185426800
2014-09-09,21.609554290771484,22.732043518949734,21.201577524408627,21.84993086411269,759385200
2014-09-10,22.273338317871094,22.297596543708053,21.558827737980813,21.6139597635201,403478400
2014-09-11,22.368173599243164,22.370379352165312,21.969018127656664,22.143235593583015,249412400
2014-09-12,22.418893814086914,22.535773471047627,22.290987075999343,22.31965513143427,250504400
2014-09-15,22.412273406982422,22.725424632525947,22.3703742060792,22.672496669549055,245266000
2014-09-16,22.242467880249023,22.330679470944762,21.80802718413184,22.00870859502705,267632400
2014-09-17,22.401254653930664,22.449771126467677,22.182930527514095,22.332889768766407,243706000
2014-09-18,22.447561264038086,22.571056493345303,22.396839047717584,22.478435071364892,149197600
2014-09-19,22.2645320892334,22.571066224489766,22.163089295353316,22.557835067787114,283609600
2014-09-22,22.28656768798828,22.524738423120116,22.18071514959353,22.449759681965148,211153600
2014-09-23,22.635009765625,22.701168885331118,22.171900975171106,22.185132126113807,253608800
2014-09-24,22.43874168395996,22.68132233863862,22.31745051537241,22.52915904281549,240687200
2014-09-25,21.583087921142578,22.209386980468565,21.55000836631991,22.165282029035712,400368000
2014-09-26,22.218210220336914,22.218210220336914,21.699969425145913,21.728637477796106,249482000
2014-09-29,22.077072143554688,22.149846833268818,21.75068975733435,21.75510126231494,199065200
2014-09-30,22.218210220336914,22.39242765374084,22.16969376008567,22.23144137040682,221056400
2014-10-01,21.87198257446289,22.204980561046995,21.76612831930831,22.182926399454907,205965200
2014-10-02,22.0307674407959,22.10133639725354,21.62058485560566,21.89183359847546,191031200
2014-10-03,21.969017028808594,22.09912784226667,21.84111028566591,21.929321890677983,173878400
2014-10-06,21.969017028808594,22.196160776029597,21.924910385054346,22.04179004663436,148204800
2014-10-07,21.777164459228516,22.079288764260532,21.77275463457343,21.9271237349565,168376800
2014-10-08,22.229238510131836,22.297601699208336,21.680122197400564,21.77936087581411,229618800
2014-10-09,22.277759552001953,22.577678059176716,22.187343858697503,22.39243516606706,309506000
2014-10-10,22.213802337646484,22.500487936671984,22.118975161373537,22.204981009330822,265326400
2014-10-13,22.01091766357422,22.44535845835113,22.01091766357422,22.3461214478422,214333600
2014-10-14,21.777164459228516,22.167498717338283,21.737469307344725,22.138830650837715,254754400
2014-10-15,21.510318756103516,21.865369258473056,20.989872119679713,21.605145940261153,403734400
2014-10-16,21.228042602539062,21.550013536229585,21.0405939902359,21.071467800144823,288618000
2014-10-17,21.538990020751953,21.832292945946204,21.349335624197533,21.501500628583383,272718800
2014-10-20,21.999895095825195,22.044000065618647,21.660281444426005,21.68233392932273,310069200
2014-10-21,22.59752082824707,22.71881030676992,22.33288602670421,22.71881030676992,378495600
2014-10-22,22.71219253540039,22.95918465646244,22.62618669590032,22.679112978093553,273052400
2014-10-23,23.11796760559082,23.16648407038686,22.8533328019296,22.95257148423869,284298800
2014-10-24,23.2039794921875,23.263521371069743,23.051814482548632,23.195158161520357,188215600
2014-10-27,23.179716110229492,23.261312138923,23.08929875282617,23.122378314863884,136750800
2014-10-28,23.539165496826172,23.539165496826172,23.232631617041193,23.243658693434575,192243600
2014-10-29,23.671489715576172,23.67810697306614,23.455373080797038,23.51932644323059,210751600
2014-10-30,23.59210777282715,23.673702130709,23.353936911043927,23.587696266592282,162619200
2014-10-31,23.817039489746094,23.82586081738258,23.642822054541924,23.81924524227927,178557200
2014-11-03,24.125783920288086,24.32425962447853,23.819249875898173,23.865560593126517,209130400
2014-11-04,23.949359893798828,24.14562983843452,23.755295702051317,24.11696178087415,166297600
2014-11-05,24.006694793701172,24.103727719110864,23.845708502225662,24.059621079153604,149743600
2014-11-06,24.075355529785156,24.095290006071416,23.876020905674586,24.053207425971983,139874000
2014-11-07,24.144023895263672,24.21268354406184,24.042141236152926,24.086437456708033,134766000
2014-11-10,24.104148864746094,24.214891070292342,24.06871054787116,24.14622975379514,108782000
2014-11-11,24.296836853027344,24.30791174841942,24.008908160543008,24.075352463520108,109769200
2014-11-12,24.640146255493164,24.680013526015095,24.22375607765816,24.225969705614915,187769600
2014-11-13,24.987873077392578,25.127407658584712,24.717661805103482,24.761959704539777,238091600
2014-11-14,25.289098739624023,25.291314057631237,24.63128954426216,25.060969988864596,176254400
2014-11-17,25.247011184692383,25.975695204945072,25.09418806807948,25.30902655836628,186986800
2014-11-18,25.57480812072754,25.623534967062753,25.224862305949312,25.235937203677185,176896000
2014-11-19,25.397615432739258,25.634603670257636,25.204925088555814,25.56815936494301,167476800
2014-11-20,25.76085662841797,25.88267375556895,25.43748952428082,25.45077974074694,173582000
2014-11-21,25.79629135131836,26.039923881815746,25.69883766320258,26.026635356997073,228717200
2014-11-24,26.274696350097656,26.305704033966634,25.82951387892503,25.880454349656052,189803200
2014-11-25,26.04656410217285,26.5227558818513,26.013341105489832,26.37214642804118,275361600
2014-11-26,26.356645584106445,26.37879368781536,26.097509222148922,26.12187264316633,163073200
2014-11-28,26.34114646911621,26.44524443399838,26.146240755795585,26.41645037319726,99257600
2014-12-01,25.4862117767334,26.412016706663472,24.644570316872606,26.31456302252599,335256000
2014-12-02,25.388751983642578,25.63681507912627,24.972361988522565,25.13847526117349,237395600
2014-12-03,25.676687240600586,25.76971028551774,25.49507009537533,25.636819979951536,172253600
2014-12-04,25.579238891601562,25.95797710179481,25.53494267711282,25.64125426780271,168178000
2014-12-05,25.470718383789062,25.70992205763924,25.390983825839005,25.68998757325538,153275600
2014-12-08,24.894845962524414,25.393185843799092,24.72208840738255,25.27136875245967,230659600
2014-12-09,25.27580451965332,25.315671785843314,24.219322810514516,24.405370615998546,240832000
2014-12-10,24.79517936706543,25.43748450292153,24.7043716363993,25.340032510230074,178261200
2014-12-11,24.722095489501953,25.20493166926857,24.660078422641117,24.86384540559928,165606800
2014-12-12,24.30349349975586,24.777470166708326,24.270270488750448,24.465176228966985,224112400
2014-12-15,23.97125816345215,24.717659535142577,23.554866395951,24.518323230465633,268872400
2014-12-16,23.643465042114258,24.398727827861936,23.534938134734908,23.559301559423044,243162800
2014-12-17,24.23261070251465,24.327847378946167,23.658965187877623,23.725411188421273,213647200
2014-12-18,24.95022201538086,24.95022201538086,24.509468461553546,24.777464425930564,236024800
2014-12-19,24.757532119750977,25.08089922140936,24.730955066607073,24.86384540170346,353719200
2014-12-22,25.014450073242188,25.136265486167783,24.799609922881373,24.84169250196416,180670000
2014-12-23,24.925861358642578,25.10083428501047,24.908142196272895,25.07868617694453,104113600
2014-12-24,24.8084716796875,24.963510106034576,24.8084716796875,24.93471773822501,57918400
2014-12-26,25.247011184692383,25.36439766911686,24.808472933831425,24.828405722601378,134884000
2014-12-29,25.229291915893555,25.419766968695274,25.182778699160025,25.202713176301835,110395600
2014-12-30,24.921424865722656,25.231503375143216,24.830617137057683,25.169488011217492,119526000
2014-12-31,24.44745445251465,25.056536726634143,24.409802499301062,24.98787708373968,165613600
2015-01-02,24.214893341064453,24.68222562747745,23.776353422468404,24.671150729967486,212818400
2015-01-05,23.532724380493164,24.064287433869833,23.34667824119713,23.984552891373717,257142000
2015-01-06,23.534936904907227,23.794073292366384,23.173916188735014,23.59695227731193,263188400
2015-01-07,23.864944458007812,23.964611763586213,23.632385158602347,23.743127360263635,160423600
2015-01-08,24.781896591186523,24.8394830250832,24.075360608884285,24.192748794463913,237458000
2015-01-09,24.8084716796875,25.08311190198466,24.409799026520567,24.9546505259873,214798000
2015-01-12,24.197175979614258,24.945792806630894,24.09750865378446,24.939148543547873,198603200
2015-01-13,24.412017822265625,24.983448143293007,24.121873715993303,24.680013820160088,268367600
2015-01-14,24.318988800048828,24.471811893300426,24.03105839224342,24.15066017595681,195826400
2015-01-15,23.658971786499023,24.3765810194726,23.62353514883972,24.363292491574416,240056000
2015-01-16,23.475133895874023,23.82729501276512,23.300160996132067,23.705477902251076,314053200
2015-01-20,24.07978630065918,24.13515740540139,23.588090620181628,23.88487893049971,199599600
2015-01-21,24.263620376586914,24.598060654669688,23.98011888215598,24.13072836459436,194303600
2015-01-22,24.894845962524414,24.910349802350176,24.301267725236684,24.42086949951762,215185600
2015-01-23,25.0233154296875,25.193857723073517,24.702161943737746,24.872705926916115,185859200
2015-01-26,25.049894332885742,25.32896525063651,24.983450002806734,25.191644264805262,222460000
2015-01-27,24.172809600830078,24.912568446521064,24.14844617930842,24.899278232187047,382274800
2015-01-28,25.539365768432617,26.16173808502866,25.539365768432617,26.053209511761636,585908400
2015-01-29,26.334495544433594,26.398726223321972,25.59473676843629,25.763065385875084,337745600
2015-01-30,25.94911766052246,26.578132655604872,25.88045633543681,26.223757891488575,334982000
2015-02-02,26.274696350097656,26.39429814064602,25.709912088376672,26.146236669694193,250956400
2015-02-03,26.27912712097168,26.376579118011072,26.04878311832867,26.245904119570774,207662800
2015-02-04,26.48067855834961,26.691089785876024,26.20382301407181,26.24590559753552,280598800
2015-02-05,26.66969108581543,26.734175283533336,26.516263108608634,26.687478484544016,168984800
2015-02-06,26.445096969604492,26.73861012725943,26.338364141156898,26.687466924856036,174826400
2015-02-09,26.62076759338379,26.647449535368576,26.33392484181884,26.36060848026484,155559200
2015-02-10,27.132192611694336,27.1611003122186,26.718607222380253,26.72082958668112,248034000
2015-02-11,27.76813316345215,27.777027708402922,27.238920462338385,27.29895652017989,294247200
2015-02-12,28.119464874267578,28.346271568231803,27.92156588046305,28.030521105976927,297898000
2015-02-13,28.257328033447266,28.301799069729444,27.939355204291964,28.301799069729444,217088800
2015-02-17,28.42409324645996,28.657570397556903,28.221746155981133,28.3484904589152,252609600
2015-02-18,28.621994018554688,28.635334989242327,28.339597698284383,28.379622306808475,179566800
2015-02-19,28.561954498291016,28.690922861865086,28.535272558559186,28.568624983223973,149449600
2015-02-20,28.795433044433594,28.795433044433594,28.47301381634293,28.599756429130103,195793600
2015-02-23,29.573684692382812,29.573684692382812,28.831008011401682,28.91105721846636,283896400
2015-02-24,29.389116287231445,29.70709063892229,29.166757834523704,29.560333245834208,276912400
2015-02-25,28.637556076049805,29.262386449737566,28.495246740191888,29.253490207727708,298846800
2015-02-26,29.000003814697266,29.100064490965032,28.152818219815735,28.637558265830563,365150000
2015-02-27,28.564178466796875,29.0333551042649,28.515259318403285,28.906609112630072,248059200
2015-03-02,28.704256057739258,28.968863198156644,28.528594347209058,28.739834229694132,192386800
2015-03-03,28.764301300048828,28.799879481281902,28.481905000009753,28.67535923988826,151265200
2015-03-04,28.58196449279785,28.80877114769695,28.533048736762723,28.70648812200263,126665200
2015-03-05,28.10834312438965,28.628661280150922,27.963809737857854,28.590860736485048,226068400
2015-03-06,28.15058708190918,28.76651940937423,28.074986002662115,28.550831382817552,291368400
2015-03-09,28.270668029785156,28.811001111095322,27.808161803975942,28.453001986590163,354114000
2015-03-10,27.685855865478516,28.28844716546257,27.527981542291013,28.10833733272737,275426400
2015-03-11,27.18110466003418,27.74367143696153,27.152198663532047,27.73922501306153,275756000
2015-03-12,27.672523498535156,27.772585873420383,27.045472395807206,27.19667629203401,193450800
2015-03-13,27.48128890991211,27.883758988182482,27.256708024223766,27.661400466261505,207309200
2015-03-16,27.78369903564453,27.78369903564453,27.32119455940393,27.54577546449357,143497200
2015-03-17,28.248424530029297,28.310684639667738,27.939346345423655,27.99493597138094,204092400
2015-03-18,28.566404342651367,28.71983229121008,28.099451708101018,28.23953698952777,261083600
2015-03-19,28.3507080078125,28.739835372625613,28.328472497686743,28.62865612553615,183238000
2015-03-20,27.994943618774414,28.550838333740565,27.830398756001053,28.517485906223897,274780400
2015-03-23,28.28622817993164,28.428537502319035,28.13280025254547,28.266216726686977,150838800
2015-03-24,28.170602798461914,28.470784779166674,28.14169510373466,28.290676608620394,131369200
2015-03-25,27.434593200683594,28.19950704158356,27.434593200683594,28.13724692829372,206620800
2015-03-26,27.62582778930664,27.768137135955826,27.26115987646045,27.296738061353363,190291600
2015-03-27,27.405691146850586,27.728110364111448,27.33009005453991,27.699204363485794,158184800
2015-03-30,28.09945297241211,28.106123458047634,27.572462553209395,27.58358116024277,188398800
2015-03-31,27.668075561523438,28.12613365015108,27.652510530253405,28.03718988726754,168362400
2015-04-01,27.6280517578125,27.821504320484593,27.37233906824674,27.754796072263535,162485600
2015-04-02,27.865976333618164,27.919341916192426,27.614711756555614,27.801492143796175,128880400
2015-04-06,28.31736183166504,28.35294001500725,27.645839737461767,27.676969799655623,148776000
2015-04-07,28.019397735595703,28.48857265465359,28.01272725139245,28.381841514479785,140049200
2015-04-08,27.928237915039062,28.106125461485597,27.788152617323846,27.983827561245935,149316800
2015-04-09,28.141691207885742,28.146139327902286,27.71921141519314,27.983816876512904,129936000
2015-04-10,28.26177215576172,28.286231732662372,27.852633226625628,28.006059476821086,160752000
2015-04-13,28.206192016601562,28.58865083000081,28.152826420145217,28.544176389440693,145460400
2015-04-14,28.083885192871094,28.304019679612928,27.997165495170943,28.239535497342878,102098400
2015-04-15,28.19061279296875,28.268437935397202,28.019397479626157,28.108341226599048,115881600
2015-04-16,28.05498504638672,28.26177861881671,28.041644072830444,28.07944462888092,113476000
2015-04-17,27.739229202270508,28.04830745205387,27.674745018986492,27.917116721430638,207828000
2015-04-20,28.37295150756836,28.48857721065811,27.83262014670152,27.92156390871118,188217200
2015-04-21,28.219518661499023,28.50635963983635,28.166151398889546,28.484125825106876,129740400
2015-04-22,28.599754333496094,28.65534396850471,28.088330709293473,28.23731052396591,150618000
2015-04-23,28.833229064941406,28.999997956003867,28.493020798607734,28.528598976335616,183083600
2015-04-24,28.9688720703125,29.046698921184287,28.73539491061941,29.015568859420025,178103600
2015-04-27,29.495859146118164,29.602593688845488,29.16232133416995,29.420258056377868,387816800
2015-04-28,29.0311336517334,29.916119788836074,28.811000844246536,29.898334089439555,475696000
2015-04-29,28.604206085205078,29.26016318298656,28.52860498629819,28.942192058978048,253544400
2015-04-30,27.828170776367188,28.60420158242397,27.701426480269312,28.60420158242397,332781600
2015-05-01,28.673124313354492,28.935509074885427,27.861517246943407,28.039403006837947,234050400
2015-05-04,28.61754035949707,29.033353092023468,28.519702069490858,28.795427851060936,203953200
2015-05-05,27.97270393371582,28.561952684862618,27.968255813068883,28.49524444684628,197085600
2015-05-06,27.797046661376953,28.18395011696757,27.430154663757296,28.141701443747092,288564000
2015-05-07,27.96898078918457,28.15207639289319,27.69210318080748,27.8595687343293,175763600
2015-05-08,28.495933532714844,28.495933532714844,28.15876914169282,28.286042868912773,222201600
2015-05-11,28.205650329589844,28.482526091459835,28.051581554764905,28.4445676611121,168143200
2015-05-12,28.105175018310547,28.330693980436152,27.870722655591305,28.044886489132676,192640000
2015-05-13,28.13644027709961,28.399919425982123,28.105180183465016,28.167700370734202,138776800
2015-05-14,28.79290008544922,28.79290008544922,28.393217269931714,28.4490391015852,180814000
2015-05-15,28.75271224975586,28.91347941005312,28.62767188221232,28.819699134395467,152832000
2015-05-18,29.06978416442871,29.18812620170231,28.66116785555959,28.665634557087365,203531600
2015-05-19,29.042985916137695,29.223848116196663,28.946970588357917,29.18142297650986,178532800
2015-05-20,29.040752410888672,29.246176365558323,28.87998524513075,29.02735571492461,145819600
2015-05-21,29.337726593017578,29.391316786883003,28.98939885062926,29.04298904449469,158921600
2015-05-22,29.594505310058594,29.690520646920238,29.339957854955138,29.38461805280413,182384000
2015-05-26,28.94251251220703,29.67712998685345,28.83086880906524,29.60791143604081,282790400
2015-05-27,29.482864379882812,29.53198787642331,29.03852467085065,29.103276512420365,183332800
2015-05-28,29.424806594848633,29.462765035348177,29.272972832850446,29.44266999162981,122933200
2015-05-29,29.08987808227539,29.351123894449234,29.005027792013937,29.302000400834167,203538000
2015-06-01,29.147924423217773,29.33772000264791,29.038515820075197,29.089870948225673,128451200
2015-06-02,29.018421173095703,29.17472161334342,28.875517426712925,28.99609107859143,134670400
2015-06-03,29.05415153503418,29.2372488140975,29.00502804099743,29.17472862297707,123934000
2015-06-04,28.884449005126953,29.156859818974553,28.783970388532666,28.93357249005647,153800400
2015-06-05,28.725919723510742,28.95814050384929,28.661167883222966,28.91571535703196,142507200
2015-06-08,28.536130905151367,28.850966962411874,28.319541850760416,28.781745005229855,210699200
2015-06-09,28.451269149780273,28.59863959476817,28.04935300658485,28.290502011083298,224301600
2015-06-10,28.777278900146484,28.87998918795648,28.54729146556497,28.562921514172693,156349200
2015-06-11,28.7125186920166,29.06754475059088,28.687956947940076,28.844257407020468,141563600
2015-06-12,28.39545440673828,28.654468573391934,28.382057709686347,28.623208477905795,147544800
2015-06-15,28.339630126953125,28.411082010997315,28.06945263717518,28.156534567618184,175955600
2015-06-16,28.49146842956543,28.54729027276738,28.216825914998417,28.364194695206884,125976400
2015-06-17,28.424484252929688,28.553989639077844,28.299442161288418,28.518264543999997,131672400
2015-06-18,28.55398941040039,28.650003051502733,28.406620626119764,28.408853976902844,141628800
2015-06-19,28.268177032470703,28.54058786108312,28.223520245685513,28.516026117287105,218867600
2015-06-22,28.49370002746582,28.594178657629293,28.37535799972522,28.466904931100128,136157200
2015-06-23,28.364192962646484,28.49370003981576,28.330699518061692,28.464673296400864,121075600
2015-06-24,28.6053409576416,28.98269710333946,28.384286970399828,28.404382013082174,221123600
2015-06-25,28.469133377075195,28.84872114068404,28.469133377075195,28.772804269381098,127752400
2015-06-26,28.301671981811523,28.578547822431265,28.248083494105483,28.507095937640774,176267200
2015-06-29,27.805978775024414,28.23915686253762,27.794815427504066,28.01363611863617,196645600
2015-06-30,28.006935119628906,28.161003951342472,27.879661385814753,28.038195215404492,177482800
2015-07-01,28.268177032470703,28.344095614262187,28.131971618164496,28.335163916195704,120955200
2015-07-02,28.232450485229492,28.288272317600764,28.082846679778665,28.230217134941444,108844000
2015-07-06,28.13420867919922,28.185565523968155,27.87742786244942,27.897524611636374,112241600
2015-07-07,28.064992904663086,28.167704900773476,27.636279816424906,28.109649701738,187787200
2015-07-08,27.368335723876953,27.830540559785625,27.361637374646737,27.794815462708602,243046400
2015-07-09,26.810110092163086,27.701026076730777,26.620316199206663,27.654135941074284,314380000
2015-07-10,27.526866912841797,27.654140646579222,27.064662121527192,27.227662652442298,245418000
2015-07-13,28.058286666870117,28.080615059129947,27.759080759237573,27.917614558893636,165762000
2015-07-14,28.0471248626709,28.216823729856447,27.91985113816857,28.14313849368475,127072400
2015-07-15,28.317298889160156,28.3909841163044,28.040423079234454,28.07168316889314,134596800
2015-07-16,28.69465446472168,28.708054566907215,28.435642039525213,28.52272396471212,144889600
2015-07-17,28.94251251220703,28.94251251220703,28.65000655511081,28.821938811935887,184658800
2015-07-20,29.48957061767578,29.690527928904658,29.183664541437526,29.243953097644418,235600800
2015-07-21,29.19482421875,29.67935741261132,29.09881228311112,29.663729068084155,307025600
2015-07-22,27.960041046142578,28.02256122890645,27.238822186865725,27.238822186865725,461802400
2015-07-23,27.946645736694336,28.377588689764913,27.924315638702303,28.178863083176353,203998000
2015-07-24,27.79926872253418,28.07614449627151,27.665296683857854,27.982364239552773,168649200
2015-07-27,27.41298484802246,27.60054709170659,27.26784944586523,27.48443672572424,177822000
2015-07-28,27.549192428588867,27.667536154204573,27.36386522413786,27.549192428588867,134472400
2015-07-29,27.462116241455078,27.575993289929094,27.301349044444144,27.497843042367567,148046800
2015-07-30,27.323671340942383,27.36832812577778,27.176300884600714,27.31250629295996,134513200
2015-07-31,27.084758758544922,27.38396301770405,26.997676820219656,27.37503131844666,171540000
2015-08-03,26.446155548095703,27.368331734567274,26.240729881542865,27.129414326745238,279904000
2015-08-04,25.59766387939453,26.28092268429403,25.28729457236192,26.218402493459756,496554400
2015-08-05,25.767366409301758,26.222872911647134,25.030517304777366,25.220311254867685,397250400
2015-08-06,25.823436737060547,26.130725715606143,25.59689691360648,26.011848009757106,211612000
2015-08-07,25.91090965270996,26.07464798007613,25.68212639758036,25.700070652053586,154681600
2015-08-10,26.85295867919922,26.913518390407532,26.13744746242508,26.13744746242508,219806400
2015-08-11,25.455583572387695,26.507541906594625,25.419696776558233,26.42455101739805,388331200
2015-08-12,25.848112106323242,25.888485832057395,24.589799650743977,25.240264471457007,404870000
2015-08-13,25.82792854309082,26.10830118964791,25.691106554670256,26.027553730538763,194143200
2015-08-14,26.009599685668945,26.088103654920044,25.572219206085563,25.64175104867108,171718000
2015-08-17,26.278762817382812,26.38866839301048,25.906427198152485,26.027548361832526,163538800
2015-08-18,26.130722045898438,26.34156275421477,26.02081648382766,26.115021251316897,138242800
2015-08-19,25.796518325805664,26.135207137595437,25.72249956113972,26.041002370525103,193146000
2015-08-20,25.26717758178711,25.648483611062783,25.038392595214948,25.58792388594571,274006400
2015-08-21,23.721769332885742,25.098959634354195,23.69709640311523,24.76924112856538,513102000
2015-08-24,23.12961196899414,24.40362476518599,20.635417421165577,21.279153341552664,648825200
2015-08-25,23.268674850463867,24.921751784034296,23.214843807743076,24.921751784034296,414406400
2015-08-26,24.603254318237305,24.648113244948537,23.56251147495979,24.020078003441117,387098400
2015-08-27,25.327739715576172,25.39951503536891,24.677274917371502,25.172975198332875,338464400
2015-08-28,25.410722732543945,25.415207939962393,25.01820119999396,25.159508335659048,212657600
2015-08-31,25.29184913635254,25.68885594036272,25.121382135566,25.12811080340812,224917200
2015-09-01,24.161386489868164,25.094465498443444,24.080639054064935,24.706430825910797,307383600
2015-09-02,25.19763946533203,25.19763946533203,24.47764300591158,24.724372203967487,247555200
2015-09-03,24.75577735900879,25.296334790713942,24.68175858892311,25.231288148328805,212935600
2015-09-04,24.509048461914062,24.7737202433098,24.33858316703833,24.441760070123664,199985200
2015-09-08,25.19091796875,25.246992491313335,24.744565248298265,25.065311585810885,219374400
2015-09-09,24.706432342529297,25.574464763811182,24.621197982139098,25.516148498685553,340043200
2015-09-10,25.249229431152344,25.408480828757018,24.65035409552812,24.733343272285687,251571200
2015-09-11,25.617080688476562,25.617080688476562,25.067551137537496,25.07427980539464,199662000
2015-09-14,25.86380958557129,26.218200942508812,25.762876139817724,26.14866908926784,233453600
2015-09-15,26.08137321472168,26.13744771912597,25.664178765053123,26.00286925080729,173364800
2015-09-16,26.110536575317383,26.139694705489024,25.892967195070767,26.074648066252323,148694000
2015-09-17,25.552032470703125,26.128478368766235,25.507173546917443,25.942312294923223,256450400
2015-09-18,25.44660758972168,25.637262260033378,25.092218047851315,25.168478546969638,297141200
2015-09-21,25.841379165649414,25.877267676484564,25.49371820104041,25.49595994952382,200888000
2015-09-22,25.435400009155273,25.61035221983528,25.238016623765834,25.43091308971004,201384800
2015-09-23,25.641754150390625,25.731473716641045,25.41297088214752,25.486987941390105,143026800
2015-09-24,25.794281005859375,25.906430053710938,25.204377630213276,25.401759338378906,200878000
2015-09-25,25.729228973388672,26.173339862981717,25.57446277210865,26.117265350779775,224607600
2015-09-28,25.22007942199707,25.697833768612547,25.22007942199707,25.536338859542884,208436000
2015-09-29,24.461950302124023,25.460077876479506,24.192793265926312,25.307555099631813,293461600
2015-09-30,24.740081787109375,25.01821095951841,24.387933828985915,24.710921938111046,265892000
2015-10-01,24.578584671020508,24.58755679981024,24.069427057569477,24.464192168024677,255716400
2015-10-02,24.758012771606445,24.899321607654304,24.12325072837669,24.226427603641095,232079200
2015-10-05,24.847742080688477,24.980078843346252,24.464192552999453,24.645873457889355,208258800
2015-10-06,24.96662139892578,25.063069652058616,24.621202113549096,24.81409861981476,192787200
2015-10-07,24.847742080688477,25.069796710138203,24.54045479328295,25.063068041254667,187062400
2015-10-08,24.560636520385742,24.715402722774396,24.271291830000063,24.715402722774396,247918400
2015-10-09,25.148296356201172,25.184183152026744,24.55839142763354,24.67278390489033,211064400
2015-10-12,25.031658172607422,25.28960123253007,24.99577138000303,25.285116025176293,121868800
2015-10-13,25.074275970458984,25.222311774450123,24.825305030272983,24.856706616309225,132197200
2015-10-14,24.719884872436523,25.013714734523628,24.57409081545337,24.962127147615472,177849600
2015-10-15,25.08997917175293,25.14381022280234,24.782690237465133,24.88138192377093,150694000
2015-10-16,24.906055450439453,25.121381371126688,24.79166296682932,25.072035526774933,156930400
2015-10-19,25.060823440551758,25.06530864887749,24.69745996086399,24.852226172607406,119036800
2015-10-20,25.51837921142578,25.60809874138719,24.856700886568586,24.973335077638026,195871200
2015-10-21,25.516149520874023,25.924371949399188,25.50269047270256,25.569980579784346,167180800
2015-10-22,25.906421661376953,25.906421661376953,25.592404086866217,25.643993385119497,166616400
2015-10-23,26.70941162109375,26.74305667011026,26.092591997071434,26.175581178552775,237467600
2015-10-26,25.857078552246094,26.496327643150536,25.77633111852571,26.485113767569437,265335200
2015-10-27,25.693342208862305,26.13969484741818,25.56773413771088,25.883995208345304,279537600
2015-10-28,26.75202751159668,26.758757890513674,26.032030980725605,26.227170899119155,342205600
2015-10-29,27.034639358520508,27.070527862170877,26.527725367636346,26.624173582124154,204909200
2015-10-30,26.803617477416992,27.18941040444977,26.792401890203436,27.1378210990291,197461200
2015-11-02,27.18044090270996,27.220814624817397,26.828292992040087,27.09520824993138,128813200
2015-11-03,27.492212295532227,27.698566093648566,27.072774320250645,27.092962034880685,182076000
2015-11-04,27.36435890197754,27.77258123681901,27.279126268991515,27.61781505280359,179544400
2015-11-05,27.23821449279785,27.63692237202805,27.0715239466286,27.44770463648238,158210800
2015-11-06,27.269750595092773,27.438694204532553,27.170638179524726,27.281014189822066,132169200
2015-11-09,27.159372329711914,27.43869192625671,27.042238859736074,27.247222861839578,135485600
2015-11-10,26.30339813232422,26.596234467227482,26.143465023397653,26.332682796964708,236511600
2015-11-11,26.154726028442383,26.44981367862618,25.951993333491004,26.21329363333577,180872000
2015-11-12,26.066875457763672,26.31465909867427,26.051107454758,26.188515074628896,130102400
2015-11-13,25.30550193786621,26.03308658156117,25.289733934743825,25.949740440152322,183249600
2015-11-16,25.7199764251709,25.73349136463906,25.003655417441404,25.089252898378675,152426800
2015-11-17,25.609601974487305,25.91595322409796,25.526255832645884,25.88666856201623,110467600
2015-11-18,26.420528411865234,26.465579354077473,26.01731612030753,26.07588372005007,186698800
2015-11-19,26.75616455078125,26.97466524569888,26.301143813878102,26.499370380292167,173183200
2015-11-20,26.873306274414062,27.01296527061369,26.771939044486388,26.850779077596474,137148400
2015-11-23,26.52414321899414,26.9701550458595,26.431786566305384,26.86653479991205,129930000
2015-11-24,26.7786922454834,26.88456386674009,26.382239079760044,26.42954309208214,171212800
2015-11-25,26.587223052978516,26.857533903611337,26.562444515372583,26.853027777546504,85553200
2015-11-27,26.53766441345215,26.672820690093285,26.490360404061132,26.645789091048368,52185600
2015-11-30,26.64803695678711,26.898073613791787,26.52414430022331,26.5782057691861,156721200
2015-12-01,26.43179702758789,26.76292686488604,26.323674051276488,26.749411922493046,139409600
2015-12-02,26.19301986694336,26.60524273261725,26.14796892014572,26.431792978421072,133546400
2015-12-03,25.94974136352539,26.307902759454652,25.728989311956983,26.25384127805187,166278000
2015-12-04,26.81247329711914,26.86203035765792,25.92946189404851,25.970008423709054,231108000
2015-12-07,26.643529891967773,26.99943813046564,26.537658301654087,26.801211605539475,128336800
2015-12-08,26.63227653503418,26.71562096536293,26.32367219633195,26.472341707929797,137238000
2015-12-09,26.04435157775879,26.51063594497179,25.9227119534532,26.499372348457303,185445600
2015-12-10,26.168243408203125,26.341693176169983,26.019573897100837,26.138960462318146,116850800
2015-12-11,25.494722366333008,25.99254276690341,25.42038675014256,25.947491815712386,187544800
2015-12-14,25.337038040161133,25.38208898374484,24.73109305303525,25.269459906202233,257274800
2015-12-15,24.88877296447754,25.40912046906789,24.857236960391255,25.215398319061666,213292400
2015-12-16,25.080242156982422,25.226660301473622,24.508087955539885,25.019423211298896,224954000
2015-12-17,24.54863929748535,25.28523285246727,24.54863929748535,25.2334227104903,179091200
2015-12-18,23.884126663208008,24.670277299747227,23.83456958425084,24.53287137888919,385813200
2015-12-21,24.176958084106445,24.185968616497497,23.780503251816764,24.1656944889718,190362400
2015-12-22,24.1544246673584,24.264800645322243,23.978721921401384,24.192718128487094,131157600
2015-12-23,24.465286254882812,24.519347726245353,24.147671458638616,24.163439459393658,130629600
2015-12-24,24.334636688232422,24.55313735989471,24.316615624499132,24.55313735989471,54281600
2015-12-28,24.06208610534668,24.25806140079652,23.91792096337808,24.23553420101438,106816800
2015-12-29,24.494569778442383,24.649998445725377,24.07108509192604,24.093610562316112,123724800
2015-12-30,24.174701690673828,24.48555728171179,24.143165690941707,24.458527406846024,100855200
2015-12-31,23.710674285888672,24.10938047094601,23.611560146030712,24.104876063944907,163649200
2016-01-04,23.730941772460938,23.735447897110646,22.976327440437675,23.11373502634262,270597600
2016-01-05,23.13627052307129,23.843581164379312,23.06869409127937,23.82105568711534,223164000
2016-01-06,22.683502197265625,23.059684732956846,22.49653917971208,22.651966183770625,273829600
2016-01-07,21.72614860534668,22.555098693762698,21.72164419837296,22.2284750527924,324377600
2016-01-08,21.841032028198242,22.325337438994353,21.7959810814847,22.199193413329677,283192000
2016-01-11,22.19468879699707,22.314075360632692,21.926631005645223,22.293802948807883,198957600
2016-01-12,22.516809463500977,22.681248705661226,22.264519660836275,22.649712695151095,196616800
2016-01-13,21.937896728515625,22.793878605915328,21.917624314726094,22.597903346364497,249758400
2016-01-14,22.417688369750977,22.6339376871774,21.566212912248332,22.066286236453543,252680400
2016-01-15,21.879322052001953,22.00997218287025,21.480615908897953,21.66983191753492,319335600
2016-01-19,21.773447036743164,22.221710138837405,21.512146836634987,22.167648680346424,212350800
2016-01-20,21.802743911743164,22.11810577201866,21.043623071050913,21.42205695966473,289337600
2016-01-21,21.692367553710938,22.048274239785737,21.386016233066,21.863562565742512,208646000
2016-01-22,22.845680236816406,22.85469076868208,22.15864393824545,22.217209817497473,263202000
2016-01-25,22.39967155456543,22.870460275096484,22.347861422573573,22.868207212335967,207178000
2016-01-26,22.5235595703125,22.724039165257587,22.09106438022309,22.51004463267943,300308000
2016-01-27,21.043621063232422,21.76669969383574,21.02559999440265,21.63379817802954,533478800
2016-01-28,21.194536209106445,21.291397271840964,20.81159808308614,21.12695980258804,222715200
2016-01-29,21.9266300201416,21.9266300201416,21.25310855531319,21.35222270266927,257666000
2016-02-01,21.721649169921875,21.7847211934897,21.48963348954721,21.730659704514956,163774000
2016-02-02,21.282394409179688,21.633796633351107,21.237341740322073,21.494135937767894,149428800
2016-02-03,21.703617095947266,21.813993081224964,21.19228197679382,21.399519011604202,183857200
2016-02-04,21.878007888793945,22.043339353122256,21.558671400034395,21.71041286439467,185886800
2016-02-05,21.293691635131836,21.95048530071671,21.21895439813523,21.859892773065564,185672400
2016-02-08,21.517908096313477,21.674178432256767,21.071741332145493,21.092123743304253,216085600
2016-02-09,21.513378143310547,21.72853561437277,21.27330941163505,21.354842514451022,177324800
2016-02-10,21.350313186645508,21.82139297982677,21.311811921371458,21.724006308427843,169374400
2016-02-11,21.221216201782227,21.45222721456371,20.9698227791187,21.241600339572877,200298800
2016-02-12,21.28689956665039,21.402405093828406,21.06494966663968,21.332196698832412,161405600
2016-02-16,21.887067794799805,21.934628475964203,21.427312815635442,21.520168889934943,196231600
2016-02-17,22.222265243530273,22.24264765726417,21.77609842299308,21.893867511909757,179452800
2016-02-18,21.801008224487305,22.396651175658235,21.762505235441324,22.38532646219024,156084000
2016-02-19,21.75119400024414,21.914260285985858,21.696839147633437,21.742134570157422,141496800
2016-02-22,21.941425323486328,21.945955900104785,21.724004299335455,21.8123315363996,137123200
2016-02-23,21.4454402923584,21.85536946725895,21.41373315882516,21.832721761579375,127770400
2016-02-24,21.764772415161133,21.82818666911204,21.135156996778832,21.284634933584957,145022800
2016-02-25,21.914249420166016,21.914249420166016,21.572263447576336,21.753448503653868,110330800
2016-02-26,21.948226928710938,22.199618703705234,21.873487946137665,22.013904755677466,115964400
2016-02-29,21.898401260375977,22.247181456239563,21.88934183254598,21.93690253272158,140865200
2016-03-01,22.768081665039062,22.82243649472265,22.063727256060517,22.115818525109407,201628400
2016-03-02,22.817909240722656,22.84961637091377,22.56651575998669,22.763554407239177,132678400
2016-03-03,22.987764358520508,23.035325042947726,22.74995920847582,22.779402771151197,147822800
2016-03-04,23.329757690429688,23.49735278309212,22.958329794308,23.184810303060697,184220400
2016-03-07,23.07155990600586,23.28898089147712,22.865461904248953,23.18932895850381,143315600
2016-03-08,22.881319046020508,23.04665053089118,22.73863698794127,22.824698934859256,126247600
2016-03-09,22.90171241760254,23.00589325679174,22.7092025797151,22.94474254445522,108806800
2016-03-10,22.91301918029785,23.155353113026397,22.68200995751036,22.96737571452514,134054400
2016-03-11,23.159887313842773,23.1644161617833,22.987761717659737,23.155356737993834,109632800
2016-03-14,23.218774795532227,23.307103760030373,23.05117974763284,23.080623311768452,100304400
2016-03-15,23.685327529907227,23.821215463816046,23.51999602958046,23.54490901905311,160270800
2016-03-16,24.000125885009766,24.077128383979474,23.687581858135136,23.69211243331462,153214000
2016-03-17,23.96163558959961,24.113377097226152,23.771391086978394,23.898219603453242,137682800
2016-03-18,23.98880958557129,24.120168665301076,23.82347981962583,24.08393096279268,176820800
2016-03-21,23.986549377441406,24.380624943797773,23.81215843358732,23.991078226933524,142010800
2016-03-22,24.169994354248047,24.299088144055386,23.828008384512952,23.83706781003208,129777600
2016-03-23,24.0363712310791,24.249263422019336,23.98428169153553,24.115640776494775,102814000
2016-03-24,23.932188034057617,24.063547105898483,23.755533564710287,23.886892636551153,104532000
2016-03-28,23.823486328125,24.049966846949925,23.79404275481585,24.006934995442236,77645600
2016-03-29,24.38741683959961,24.412329829288048,23.75327083865382,23.755536127146087,124760400
2016-03-30,24.81319808959961,25.007971419075243,24.595777060212356,24.607101774122537,182404400
2016-03-31,24.68410873413086,24.89020681454409,24.65919574137961,24.849440256215598,103553600
2016-04-01,24.910593032836914,24.912858321953518,24.505192676430553,24.636551798644543,103496000
2016-04-04,25.1665096282959,25.40884365418212,24.973999852742512,25.007972267717157,149424800
2016-04-05,24.869813919067383,25.078177214922718,24.781486695091886,24.801870831036933,106314800
2016-04-06,25.130266189575195,25.13479676542253,24.731660182521956,24.96493645722414,105616400
2016-04-07,24.582189559936523,25.007972206572465,24.48706818056713,24.901526112936278,127207600
2016-04-08,24.609365463256836,24.860757162220555,24.498388803456823,24.665985573310813,94326800
2016-04-11,24.69089698791504,25.051001788643912,24.647866878980267,24.679574002577947,117630000
2016-04-12,25.01250648498535,25.026094761789363,24.60937147931519,24.763376557518125,108929200
2016-04-13,25.37487030029297,25.442813399819443,25.094035020850985,25.094035020850985,133029200
2016-04-14,25.38846206665039,25.4541416147626,25.21407285317995,25.27975240129216,101895600
2016-04-15,24.87887954711914,25.433757741234675,24.8517029962933,25.390725898548595,187756000
2016-04-18,24.342119216918945,24.675044022744533,24.21981956812419,24.66145574884801,243286000
2016-04-19,24.213022232055664,24.459885057405643,24.059015479244547,24.432706785294815,129539600
2016-04-20,24.262855529785156,24.480276604110284,24.020521462035465,24.151880567745156,122444000
2016-04-21,24.000125885009766,24.2175468401049,23.898208678369198,24.2175468401049,126210000
2016-04-22,23.93445587158203,24.115640936723352,23.69438712899229,23.782714373073755,134732400
2016-04-25,23.798566818237305,23.9276606095132,23.669473026961406,23.78044796699292,112126400
2016-04-26,23.633241653442383,23.848399181793788,23.53359140072951,23.53359140072951,224064800
2016-04-27,22.154321670532227,22.355889170290585,21.669653555617863,21.74212724398144,458408400
2016-04-28,21.477142333984375,22.16790669694198,21.345783253113265,22.106757733313717,328970800
2016-04-29,21.230283737182617,21.452235409950184,20.95171366158771,21.28690386791922,274126000
2016-05-02,21.20763397216797,21.30728594552366,20.92679863478541,21.282372952184737,192640400
2016-05-03,21.55640983581543,21.683238338036464,21.21668915237302,21.334458229019873,227325200
2016-05-04,21.332197189331055,21.719478606870442,21.248398788799193,21.56094123245143,164102000
2016-05-05,21.245609283447266,21.434732996565515,21.118008579863485,21.41878290861754,143562000
2016-05-06,21.127124786376953,21.293461182259097,20.928886473720148,21.275233750654156,174799600
2016-05-09,21.143075942993164,21.366377202684173,21.097503015606634,21.190926212926954,131745600
2016-05-10,21.286619186401367,21.32079843518479,20.988124006445666,21.2661126801886,134747200
2016-05-11,21.079273223876953,21.320803627490353,21.06787955869815,21.300297116283584,114876400
2016-05-12,20.584810256958008,21.140787557366593,20.386573759971643,21.127116554382336,305258800
2016-05-13,20.625823974609375,20.88786252877372,20.507337898327613,20.507337898327613,177571200
2016-05-16,21.391437530517578,21.507646298698038,20.88331209704313,21.051927548030122,245039200
2016-05-17,21.30257225036621,21.57828188250692,21.19320072507569,21.54410436737179,187667600
2016-05-18,21.546382904052734,21.694491852089957,21.39371753322122,21.45524054073366,168249600
2016-05-19,21.464351654052734,21.56461033172737,21.320800878824148,21.56461033172737,121768400
2016-05-20,21.69676971435547,21.744619973939777,21.537267110645395,21.564610861163164,128104000
2016-05-23,21.97247886657715,22.145652472550694,21.7993052606036,21.844878177138224,152074400
2016-05-24,22.307435989379883,22.350728093988742,22.065903839115222,22.152491525191518,140560800
2016-05-25,22.699352264404297,22.72669427765415,22.35528411076761,22.482884808411256,152675200
2016-05-26,22.879364013671875,22.952278954764644,22.4760518876046,22.713025880763425,225324800
2016-05-27,22.865690231323242,22.893033984905465,22.615045241321894,22.65833908321977,145364800
2016-05-31,22.754037857055664,22.877082131035774,22.51706389291943,22.694793931414328,169228800
2016-06-01,22.435033798217773,22.6811223398301,22.405412705375742,22.56263449160384,116693200
2016-06-02,22.266416549682617,22.29375855981205,22.018048947623726,22.23907280112426,160766400
2016-06-03,22.311988830566406,22.39173926144194,22.204894649778254,22.282367738649494,114019600
2016-06-06,22.473773956298828,23.21659615184701,22.227687104041692,22.327944066654076,93170000
2016-06-07,22.564916610717773,22.75631941500039,22.548966521896663,22.61504595799249,89638000
2016-06-08,22.54440689086914,22.685678589346253,22.48516296720797,22.562634319478764,83392400
2016-06-09,22.706186294555664,22.783657644976127,22.435033091226014,22.44414767452766,106405600
2016-06-10,22.51934814453125,22.63783428459242,22.439597690794933,22.450989619368972,126851600
2016-06-13,22.179832458496094,22.585423637920215,22.12514669098972,22.48744402948881,152082000
2016-06-14,22.207176208496094,22.43959376261823,22.045396248257337,22.17527603258587,127727600
2016-06-15,22.134260177612305,22.423642565608542,22.109195506575492,22.289204626553907,117780800
2016-06-16,22.227684020996094,22.27325520327819,21.890451361449387,21.977037303157044,125307200
2016-06-17,21.72183609008789,22.022610415685328,21.715000586528955,22.015774912126393,244032800
2016-06-20,21.6694278717041,22.004381456714007,21.653477783771688,21.87450167257029,137647600
2016-06-21,21.853994369506836,21.954251316406683,21.573726562077685,21.63297048872019,142185600
2016-06-22,21.771961212158203,22.077291901443324,21.726388299887315,21.931462059034185,116876400
2016-06-23,21.89728546142578,21.940579298719243,21.70360534149718,21.86082886562265,128960800
2016-06-24,21.282062530517578,21.569165783341536,21.111168026908114,21.170411941586124,301245600
2016-06-27,20.9721736907959,21.20231210907493,20.849129439590143,21.190918446796537,181958400
2016-06-28,21.325355529785156,21.341307353025577,20.994960170790478,21.168133761908027,161779600
2016-06-29,21.509925842285156,21.544105097006888,21.334473145980517,21.41194623924505,146124000
2016-06-30,21.783357620239258,21.822093299821137,21.48714145243588,21.51904162837733,143345600
2016-07-01,21.84943389892578,21.9815927449947,21.721833213578662,21.758289807208286,104106000
2016-07-05,21.644363403320312,21.737786589539503,21.52359820234758,21.735507508833635,110820800
2016-07-06,21.767410278320312,21.79703311573814,21.503094253113787,21.55550094658784,123796400
2016-07-07,21.86083221435547,21.988432926856422,21.787917273150736,21.806144704629926,100558400
2016-07-08,22.02944564819336,22.07729591094634,21.88589485993442,21.986151808280546,115648400
2016-07-11,22.097801208496094,22.250466560475083,22.040836369241642,22.045392791473265,95179600
2016-07-12,22.19805908203125,22.261859426545215,22.129702315093002,22.141094240368208,96670000
2016-07-13,22.072738647460938,22.255025107420934,22.06590140581734,22.19578292060921,103568800
2016-07-14,22.510229110717773,22.555800292868337,22.175275532780702,22.19122562037632,155676000
2016-07-15,22.507951736450195,22.62643960051111,22.444151381230917,22.539851914059835,120548000
2016-07-18,22.747203826904297,22.81556060236729,22.46693600606127,22.48972159788227,145975600
2016-07-19,22.756317138671875,22.78593823253969,22.63555020575895,22.685679548019195,95119600
2016-07-20,22.776824951171875,22.890754648849864,22.726695606044885,22.78593953559762,105104000
2016-07-21,22.65605354309082,23.013792626258883,22.587695047839347,22.747197623949873,130808000
2016-07-22,22.480602264404297,22.626432096089918,22.40085010840199,22.617317514305974,113254800
2016-07-25,22.179832458496094,22.52162154766204,22.084131930752637,22.387185340369452,161531600
2016-07-26,22.027164459228516,22.323382329932556,21.97019961781843,22.061343711760365,224959200
2016-07-27,23.458126068115234,23.777129596654746,23.412554880507894,23.758900426240057,369379200
2016-07-28,23.774845123291016,23.79990979231886,23.42849965611466,23.430778736506912,159479200
2016-07-29,23.745229721069336,23.822702827107044,23.62446450778026,23.740673297622127,110934800
2016-08-01,24.164485931396484,24.187271519812555,23.79079671840026,23.79079671840026,152671600
2016-08-02,23.806751251220703,24.169046868471003,23.697377972592157,24.16449044530824,135266400
2016-08-03,24.105247497558594,24.116639425145156,23.87282992289697,23.88194450802383,120810400
2016-08-04,24.254159927368164,24.28394149053734,24.1189936837763,24.18772251920903,109634800
2016-08-05,24.622997283935547,24.661942802371318,24.325174706593064,24.34579230534849,162213600
2016-08-08,24.826892852783203,24.826892852783203,24.54968959670858,24.632161747114207,112148800
2016-08-09,24.92768669128418,24.957469993000934,24.74441276709909,24.79481366430005,105260800
2016-08-10,24.74212646484375,24.948311201620122,24.68714445098562,24.904782827232136,96034000
2016-08-11,24.72608757019043,24.95518131150681,24.70775965140195,24.861252038600757,109938000
2016-08-12,24.783361434936523,24.842926298107884,24.691723587252874,24.691723587252874,74641600
2016-08-15,25.081180572509766,25.094925636036056,24.760449023407794,24.774194086934088,103472800
2016-08-16,25.058269500732422,25.253000553520927,25.019323989313243,25.115542928529912,135177600
2016-08-17,25.021615982055664,25.05598038908108,24.820012393024626,24.994124106866064,101424000
2016-08-18,24.989543914794922,25.10867188261051,24.975797102774592,25.023908323076128,87938800
2016-08-19,25.053693771362305,25.129295131759978,24.824600011015427,24.91852754387737,101472400
2016-08-22,24.858964920043945,24.994129402375847,24.707762196235322,24.93914738819395,103280800
2016-08-23,24.93685531616211,25.044529662541454,24.863545383200147,24.87729044942843,85030800
2016-08-24,24.748994827270508,24.913942588893782,24.66881237310542,24.872705648487965,94700400
2016-08-25,24.643617630004883,24.714636141875225,24.439724307408834,24.602380680050242,100344800
2016-08-26,24.499286651611328,24.730670085075193,24.354956467736542,24.60696099582057,111065200
2016-08-29,24.47179412841797,24.613832881617334,24.350374721449985,24.425976077887384,99881200
2016-08-30,24.283935546875,24.398482412662144,24.169388681087852,24.238117499698724,99455600
2016-08-31,24.306846618652344,24.414520961220756,24.201463702989773,24.206046556801446,118649600
2016-09-01,24.451175689697266,24.46721218161649,24.196881497944915,24.316009473938212,106806000
2016-09-02,24.680269241333008,24.742123781734875,24.47179310013169,24.67339496098034,107210000
2016-09-06,24.673398971557617,24.810856635409966,24.629872342661386,24.719218775457332,107521600
2016-09-07,24.824596405029297,24.9162342454262,24.52906528736866,24.703177009338134,169457200
2016-09-08,24.173974990844727,24.574889107408605,24.109829011850003,24.57030800084334,212008000
2016-09-09,23.626436233520508,24.219789915352393,23.626436233520508,23.972368262360416,186228000
2016-09-12,24.155641555786133,24.21978751549921,23.488978014811718,23.516469889480028,181171200
2016-09-13,24.730669021606445,24.923108675881988,24.568012672740075,24.629868962554077,248704800
2016-09-14,25.605810165405273,25.89446880795095,24.879583326570245,24.9093666355964,443554800
2016-09-15,26.476360321044922,26.513016154062843,25.999844978889882,26.08461028185908,359934400
2016-09-16,26.327455520629883,26.604658771448115,26.12585363308392,26.373275323149475,319547600
2016-09-19,26.020465850830078,26.616109189599428,25.944864501673187,26.389306889975177,188092000
2016-09-20,26.01817512512207,26.144177377111497,25.775336328029503,25.89904715329736,138057200
2016-09-21,26.013595581054688,26.11439564085053,25.759301382936105,26.082322656209136,144012800
2016-09-22,26.25872230529785,26.33203222435925,26.116683572433615,26.196866023306033,124296000
2016-09-23,25.82114601135254,26.297661239990695,25.55539827666512,26.212895957214535,209924800
2016-09-26,25.860103607177734,25.97694191692001,25.55541022758221,25.576027827500234,119477600
2016-09-27,25.90821075439453,25.928830100301912,25.736390445834793,25.887593156333715,98429600
2016-09-28,26.1052303314209,26.263305567441613,25.98610235860507,26.045667218936227,118564400
2016-09-29,25.69973373413086,26.070866191988394,25.612678749231804,25.924246350133995,143548000
2016-09-30,25.8990478515625,25.972357778011098,25.61268067827166,25.763881636889035,145516400
2016-10-03,25.777629852294922,25.899051016800733,25.722647837700507,25.821158227265812,86807200
2016-10-04,25.88759422302246,26.187706481695248,25.802828904748836,25.9013392889627,118947200
2016-10-05,25.8990478515625,26.038795171956153,25.81657396582702,25.979230310514634,85812400
2016-10-06,26.091482162475586,26.19457363153478,25.91737045567806,26.047953798814635,115117200
2016-10-07,26.130435943603516,26.244982833411136,26.004435413523233,26.187709388507326,97433600
2016-10-10,26.58633041381836,26.74669533984366,26.28163530652368,26.350362382885976,144944000
2016-10-11,26.64360237121582,27.1911362640301,26.620691599187904,26.96433220544857,256164000
2016-10-12,26.88186264038086,27.02848426396819,26.74669815249531,26.884154067521216,150347200
2016-10-13,26.799379348754883,26.90476223139379,26.51072082370723,26.755850990417443,140769600
2016-10-14,26.94829559326172,27.072006420704078,26.833748725020254,27.00556902738245,142608800
2016-10-17,26.92996597290039,26.99640160986492,26.753562839612247,26.879565077675206,94499600
2016-10-18,26.911651611328125,27.081180550597285,26.907068756083277,27.074308015577166,98214000
2016-10-19,26.83146095275879,26.978080814699002,26.070869763501435,26.861242511393115,80138400
2016-10-20,26.81771469116211,26.89102462364147,26.650477226996685,26.771896638805003,96503200
2016-10-21,26.712329864501953,26.783350112783413,26.639019937258844,26.76043934039463,92770800
2016-10-24,26.952877044677734,26.973494640922336,26.803965774141002,26.826874797028253,94154800
2016-10-25,27.090328216552734,27.115528661698146,26.874979593617798,27.02159941200232,192516000
2016-10-26,26.48094367980957,26.5061441301924,25.958610249777237,26.187703982096433,264536800
2016-10-27,26.226655960083008,26.54280473829721,26.139599207528576,26.435130385093643,138248000
2016-10-28,26.05254364013672,26.393892865891907,25.990687343831727,26.086908054989856,151446800
2016-10-31,26.011302947998047,26.169378184862182,25.933410169019165,26.036503398740056,105677600
2016-11-01,25.541662216186523,26.063995697126007,25.32173242146709,25.99297719249639,175303200
2016-11-02,25.564571380615234,25.738683124487448,25.482099236514344,25.521044755532166,113326800
2016-11-03,25.29054832458496,25.665887700158493,25.22607302147493,25.55535911106137,107730400
2016-11-04,25.062583923339844,25.387265440271594,24.894487820797455,24.99120079131394,123348000
2016-11-07,25.424104690551758,25.4471313329811,25.205347195422462,25.348115189396733,130240000
2016-11-08,25.573776245117188,25.725755232572485,25.260609019591147,25.401073808547093,97016800
2016-11-09,25.532329559326172,25.633648892110934,24.880666983590114,25.302059626139112,236705600
2016-11-10,24.820798873901367,25.580688677849547,24.369469969035215,25.580688677849547,228538000
2016-11-11,24.968168258666992,25.06948758874479,24.535261428296625,24.666515216433712,136575600
2016-11-14,24.34183692932129,24.82540348737254,23.96649753208758,24.802376843050165,204702000
2016-11-15,24.66421890258789,24.7954727273236,24.445463113635245,24.539872896498174,129058000
2016-11-16,25.327394485473633,25.38266054531642,24.546779397604602,24.56980604412884,235362000
2016-11-17,25.318180084228516,25.41028841480842,25.06027886678912,25.28594243204859,110528000
2016-11-18,25.343509674072266,25.454040021063754,25.251403101203,25.265218735769338,113715600
2016-11-21,25.72806167602539,25.787930596694206,25.331997090331967,25.35732692477656,117058400
2016-11-22,25.744184494018555,25.886950757404758,25.65207615055681,25.778723585598748,103862000
2016-11-23,25.612930297851562,25.67740561027784,25.405686967323877,25.642864762386477,109705600
2016-11-25,25.74187660217285,25.760298618865686,25.54844894053852,25.58989759968729,45903600
2016-11-28,25.691221237182617,25.89846456763348,25.649772571092445,25.658983580981428,108776000
2016-11-29,25.665891647338867,25.797145465089997,25.345816517089258,25.50930799135326,114115200
2016-11-30,25.449434280395508,25.836287869395303,25.391866792489708,25.698126249785442,144649200
2016-12-01,25.212268829345703,25.546161476422427,25.106344810665863,25.414907610142933,148347600
2016-12-02,25.306669235229492,25.350419333475468,25.06488507182746,25.13857138956954,106112000
2016-12-05,25.124757766723633,25.33660572760053,24.926725442523757,25.32969790926202,137298000
2016-12-06,25.318180084228516,25.412591606198497,25.143176188629006,25.214559310338796,104782000
2016-12-07,25.566871643066406,25.60371567744042,25.136267971446728,25.159294614520356,119994800
2016-12-08,25.817867279052734,25.88925040096269,25.467855973231696,25.527726651799558,108273200
2016-12-09,26.239261627197266,26.411964099750527,25.86161902775977,25.86161902775977,137610400
2016-12-12,26.0895938873291,26.481052217379425,25.90307397707288,26.087290695226457,105497600
2016-12-13,26.524795532226562,26.692891608292033,26.193206249175397,26.213929700955966,174935200
2016-12-14,26.524795532226562,26.75736691181415,26.476439054584976,26.490254689105356,136127200
2016-12-15,26.66986656188965,26.87941306770243,26.53400812945132,26.56854721782014,186098000
2016-12-16,26.704404830932617,26.82644761625008,26.63071852148697,26.819539799242705,177404400
2016-12-19,26.858692169189453,27.02909147416928,26.65375201347598,26.66526621599408,111117600
2016-12-20,26.930070877075195,27.05672005666432,26.867898761435306,26.881714396728537,85700000
2016-12-21,26.955400466918945,27.03369316544668,26.890925160378657,26.895531543314586,95132800
2016-12-22,26.778093338012695,26.82875300931792,26.628417515561896,26.79190897316127,104343600
2016-12-23,26.831052780151367,26.831052780151367,26.616901664526413,26.616901664526413,56998000
2016-12-27,27.0014591217041,27.125805125291535,26.824150248195497,26.831058066702482,73187600
2016-12-28,26.886323928833008,27.176462844896196,26.75737154265103,27.061327852446198,83623600
2016-12-29,26.879413604736328,26.96691555838618,26.803424095165973,26.81493653924547,60158000
2016-12-30,26.66986656188965,26.98763847262534,26.58006141848999,26.86099104935882,122345200
2017-01-03,26.745859146118164,26.78730781374833,26.425784007070973,26.66526500262077,115127600
2017-01-04,26.715919494628906,26.82875303786345,26.653747379573833,26.67677402378607,84472400
2017-01-05,26.851778030395508,26.909345515795238,26.66756137438828,26.69289120850978,88774400
2017-01-06,27.15113067626953,27.208698163829947,26.819541385739022,26.890924508131448,127007600
2017-01-09,27.39982032775879,27.501139665978368,27.158037939035147,27.160339373579944,134247600
2017-01-10,27.427459716796875,27.489631843515262,27.240941579821033,27.349167003603366,97848400
2017-01-11,27.5748291015625,27.61627776672702,27.310018282834758,27.342255938316,110354400
2017-01-12,27.459699630737305,27.47121383435902,27.220218601336274,27.37910547584773,108344800
2017-01-13,27.411340713500977,27.54489773368931,27.35837784107434,27.427459543053317,104447600
2017-01-17,27.632396697998047,27.687660999484315,27.222516428069017,27.250147700401918,137759200
2017-01-18,27.63009262084961,27.747530794962067,27.565617311711918,27.63239581241036,94852000
2017-01-19,27.581735610961914,27.65311873659486,27.48732584062354,27.49423365835313,102389200
2017-01-20,27.632396697998047,27.736017482887355,27.570224578428558,27.736017482887355,130391600
2017-01-23,27.65081787109375,27.818913962042,27.57943298717096,27.632395852222036,88200800
2017-01-24,27.62548828125,27.65542274456876,27.51726111543693,27.52877531653976,92844000
2017-01-25,28.065303802490234,28.11596347786842,27.69687219540411,27.729109851222866,129510400
2017-01-26,28.079116821289062,28.194251790368554,28.0008241287685,28.016942954166822,105350400
2017-01-27,28.081422805786133,28.17353114733806,28.00082866573588,28.12517466330791,82251600
2017-01-30,28.007740020751953,28.007740020751953,27.78437959206952,27.84655172029644,121510000
2017-01-31,27.943252563476562,27.952463570476198,27.775156516988083,27.89719928529834,196804000
2017-02-01,29.64726448059082,30.047935572268614,29.246595145733824,29.251199773040337,447940000
2017-02-02,29.596603393554688,29.794635737945327,29.423900890201505,29.469955945188115,134841600
2017-02-03,29.723243713378906,29.74857354684435,29.51139579423172,29.545934879120793,98029200
2017-02-06,30.001867294311523,30.050225525066214,29.681792235777884,29.734756848899746,107383600
2017-02-07,30.28740882873535,30.416359449564307,30.038716839861973,30.059440293857865,152735200
2017-02-08,30.40483856201172,30.446288974529015,30.216019055504376,30.245955269342417,92016400
2017-02-09,30.624547958374023,30.6314857250858,30.323898461658306,30.446470378731956,113399600
2017-02-10,30.5551700592041,30.74481178011904,30.5389831114215,30.633803971878972,80262000
2017-02-13,30.825742721557617,30.948318137566364,30.70085942237427,30.777178366437063,92141600
2017-02-14,31.22585105895996,31.242038007125107,30.81650512475263,30.86738443991398,132904800
2017-02-15,31.339168548583984,31.514934729006125,31.1333398864116,31.34148349024711,142492400
2017-02-16,31.302165985107422,31.429360727692984,31.18421689299279,31.376170006491336,90338400
2017-02-17,31.38774871826172,31.41318838437958,31.24436343407516,31.24436343407516,88792800
2017-02-21,31.61437225341797,31.625936372857392,31.447858814336897,31.505675882660217,98028800
2017-02-22,31.70920181274414,31.711513225718168,31.477933475849756,31.55193750864108,83347600
2017-02-23,31.575048446655273,31.794752540503623,31.52185774640991,31.771627836814385,83152800
2017-02-24,31.605133056640625,31.605133056640625,31.2859816094627,31.431681796891738,87106400
2017-02-27,31.66756248474121,31.785511560799364,31.517239520944983,31.71613037409582,81029600
2017-02-28,31.681455612182617,31.7855256740096,31.614385808002236,31.702268918772955,93931600
2017-03-01,32.32898712158203,32.41224383275445,31.822512618229407,31.889578858039172,145658400
2017-03-02,32.13704299926758,32.44231530580074,32.090786518358094,32.37756046717631,104844000
2017-03-03,32.32667541503906,32.33823953321085,32.0514656353682,32.09540716709695,84432400
2017-03-06,32.22492218017578,32.32436937834266,32.05378590671845,32.23185994645789,87000000
2017-03-07,32.26655578613281,32.3729372331792,32.09772737806563,32.160170810212044,69785200
2017-03-08,32.146297454833984,32.331312822219466,32.10467084983143,32.1347333327084,74828800
2017-03-09,32.0722770690918,32.0977167160437,31.6953122464613,32.086156127416366,88623600
2017-03-10,32.17866516113281,32.229544460019554,32.063031032549056,32.20410481057618,78451200
2017-03-13,32.19255447387695,32.24574520771233,32.10467489816524,32.11161266654051,69686800
2017-03-14,32.14398193359375,32.296616327969346,32.109289571651075,32.215674541184775,61236400
2017-03-15,32.483951568603516,32.55101783239167,32.15323601777822,32.241119113457266,102767200
2017-03-16,32.53713607788086,32.61345503656059,32.43768887879854,32.54407384422683,76928000
2017-03-17,32.37526321411133,32.60884301781536,32.35213496354137,32.60884301781536,175540000
2017-03-20,32.71521759033203,32.72446677028318,32.43075502037318,32.47007021069586,86168000
2017-03-21,32.34056091308594,33.02511669068808,32.31512125681653,32.86554098580492,158119600
2017-03-22,32.70596694946289,32.747597084061425,32.322060673038834,32.342877504775444,103440800
2017-03-23,32.59033966064453,32.74297763825525,32.51864702752067,32.66897006285293,81385200
2017-03-24,32.52557373046875,32.77997027326692,32.458507475844264,32.7244646105998,89582400
2017-03-27,32.581077575683594,32.65970794675348,32.05840898579476,32.23648655581988,94300400
2017-03-28,33.256385803222656,33.31188794268025,32.5209506955383,32.58802048588234,133499200
2017-03-29,33.33039093017578,33.41596261278299,33.11531307494282,33.22863229931837,116760000
2017-03-30,33.28645324707031,33.41827790567941,33.187009546470556,33.34658527894468,84829200
2017-03-31,33.22400665283203,33.36508046474853,33.073680132236916,33.237882186975554,78646800
2017-04-03,33.2332649230957,33.330397217543855,33.082941890256386,33.23557986533578,79942800
2017-04-04,33.480716705322266,33.50846777533685,33.11068597037959,33.129187860014184,79565600
2017-04-05,33.3072509765625,33.64027778742166,33.25868309628175,33.35350391609892,110871600
2017-04-06,33.22400665283203,33.42289754292948,33.1754387544553,33.36970329021344,84596000
2017-04-07,33.150001525878906,33.344266075859544,33.13381457781785,33.240196033289536,66688800
2017-04-10,33.11068344116211,33.274885493579646,33.04824000952453,33.21013064924229,75733600
2017-04-11,32.75453186035156,33.152313635689204,32.391438919949145,33.05749278170043,121517600
2017-04-12,32.793846130371094,32.87478791924265,32.61114219450171,32.74759317546245,81400000
2017-04-13,32.620399475097656,32.92798678522125,32.620399475097656,32.8192903850695,71291600
2017-04-17,32.80078125,32.81234537001245,32.57876214393246,32.71983593878682,66328400
2017-04-18,32.65507888793945,32.849343387034686,32.63426559065219,32.70364677715013,58790000
2017-04-19,32.53483200073242,32.840107937390805,32.481641264693536,32.81235686274012,69313600
2017-04-20,32.94185256958008,33.05286034983566,32.645829469649385,32.65970500107212,93278400
2017-04-21,32.90254592895508,32.997363261249184,32.8054136549071,32.941861121150126,69283600
2017-04-24,33.2193717956543,33.29106438962832,33.112986846326926,33.18699438131527,68537200
2017-04-25,33.42520523071289,33.510773367645065,33.27256731439549,33.28182002204297,75486000
2017-04-26,33.2286376953125,33.44140770104317,33.15926000743867,33.411341683714326,80164800
2017-04-27,33.254066467285156,33.33963813576577,33.14305867416402,33.284132474768136,56985200
2017-04-28,33.22169876098633,33.37202531348127,33.13381918313752,33.32345740479825,83441600
2017-05-01,33.899295806884766,34.04268097275881,33.5246424230859,33.55701983244046,134411600
2017-05-02,34.11438751220703,34.24852355694448,33.95943816627095,34.12132527927324,181408800
2017-05-03,34.01032257080078,34.1097697951006,33.365085434890055,33.670357818144886,182788000
2017-05-04,33.88774108886719,34.02881488208259,33.721227643469526,33.88542967644114,93487600
2017-05-05,34.44972229003906,34.45434511454773,33.940929284192165,33.940929284192165,109310800
2017-05-08,35.38637161254883,35.54594735061656,34.46592449871822,34.46592449871822,195009600
2017-05-09,35.612998962402344,35.81882756302211,35.48811213167329,35.5852443728662,156521600
2017-05-10,35.444183349609375,35.60144765064016,35.178226178926415,35.529755032223434,103222800
2017-05-11,35.75071716308594,35.778586322509284,35.36987172307813,35.40238278953829,109020400
2017-05-12,36.24999237060547,36.32430184835647,35.917911815248516,35.92487821805518,130108000
2017-05-15,36.1571159362793,36.37772705040875,36.00617242225423,36.229104490458674,104038800
2017-05-16,36.103694915771484,36.24070557774728,35.92952773898997,36.21283996336312,80194000
2017-05-17,34.89149475097656,35.894699495583275,34.76609592962105,35.669442973116695,203070800
2017-05-18,35.423282623291016,35.60906166779874,35.09585099942377,35.12836206645458,134272800
2017-05-19,35.54402542114258,35.75766999729566,35.44417130613762,35.618338426816244,107843200
2017-05-22,35.7599983215332,35.897008954042185,35.50919721569466,35.76231927441929,91865600
2017-05-23,35.71587371826172,35.97131671775423,35.602083250330374,35.97131671775423,79675600
2017-05-24,35.60906219482422,35.80180764630263,35.45347326148539,35.725173656429966,76712000
2017-05-25,35.73212432861328,35.84359383395456,35.53705800942462,35.699613275415174,76942400
2017-05-26,35.671756744384766,35.81805829270953,35.60208917168536,35.762323525862016,87710400
2017-05-30,35.685699462890625,35.86218762510547,35.60674451217143,35.627643726754584,80507600
2017-05-31,35.47435760498047,35.80179263988918,35.38611534068668,35.75534878340206,97804800
2017-06-01,35.571903228759766,35.6067387909086,35.34897122214482,35.569582275325985,65616400
2017-06-02,36.09904479980469,36.09904479980469,35.504554813511305,35.664789162390655,111082800
2017-06-05,35.746070861816406,35.866827767268795,35.63692935400107,35.84128310541234,101326800
2017-06-06,35.86683654785156,36.18265992473906,35.71124758515981,35.73911320730124,106499600
2017-06-07,36.080474853515625,36.2221309800143,35.87379659125762,35.999198955536784,84278400
2017-06-08,35.992225646972656,36.11994539693089,35.85521145399643,36.05260232047,85003200
2017-06-09,34.59656524658203,36.03867095620318,33.909187474788965,36.03867095620318,259530800
2017-06-12,33.76985549926758,33.925444425377805,33.09408597369239,33.84416853209419,289229200
2017-06-13,34.04154586791992,34.24125765559363,33.70714440544866,34.173914589914546,136661600
2017-06-14,33.709476470947266,34.25287719776067,33.40294054703805,34.25287719776067,126124800
2017-06-15,33.5074348449707,33.55155775523504,33.02441441533913,33.28218193117425,128661600
2017-06-16,33.03835678100586,33.55621291549686,33.022099475281784,33.389012124760995,201444400
2017-06-19,33.983497619628906,34.076388903736074,33.36114196159167,33.36114196159167,130165600
2017-06-20,33.67462921142578,34.106563790139674,33.65837545692353,34.106563790139674,99600400
2017-06-21,33.87436294555664,33.92081037354946,33.58176328378467,33.79308703345172,85063200
2017-06-22,33.81861114501953,34.06708772522799,33.700175236446206,33.85112219878809,76425200
2017-06-23,33.969547271728516,34.173904447798456,33.69784704996553,33.70249249763213,141757600
2017-06-26,33.862735748291016,34.43400194224442,33.760557133193196,34.17623445177102,102769600
2017-06-27,33.37738800048828,33.941691347648806,33.35184334619806,33.67463295398937,99047600
2017-06-28,33.86506652832031,33.93008865798964,33.24503179961903,33.55388868726849,88329600
2017-06-29,33.36579132080078,33.70251742867017,33.040680612409396,33.60498421615276,125997600
2017-06-30,33.444732666015625,33.663022691189894,33.38899791168204,33.54458678116092,92096400
2017-07-03,33.3239860534668,33.741987980943975,33.23109831111197,33.64445478843934,57111200
2017-07-05,33.460994720458984,33.62355003161704,33.142850501232495,33.36810698363725,86278400
2017-07-06,33.145179748535156,33.32399240727423,33.07087024917093,33.212526386507434,96515200
2017-07-07,33.481895446777344,33.614264198357915,33.184650423351705,33.184650423351705,76806800
2017-07-10,33.68625259399414,33.89293082888166,33.29379533435106,33.46564155235199,84362400
2017-07-11,33.795406341552734,33.869719387969006,33.52835136080657,33.60962726895315,79127200
2017-07-12,33.84416198730469,33.946337072521985,33.63051737440347,33.874348550542635,99538000
2017-07-13,34.31557846069336,34.482779229905475,33.77449868580418,33.788431492665154,100797600
2017-07-14,34.61048889160156,34.67783549636971,34.213389838147556,34.36201230704108,80528400
2017-07-17,34.73125457763672,35.04243239726825,34.50135618621704,34.55941190824262,95174000
2017-07-18,34.85200881958008,34.86362067178961,34.52457372184604,34.647651559699575,71475200
2017-07-19,35.070308685302734,35.16319644205737,34.82182844365087,34.94490631589912,83692000
2017-07-20,34.912391662597656,35.23750586474434,34.877559643250706,35.1817710903488,68974800
2017-07-21,34.89615249633789,34.93562998258896,34.573362656104436,34.831130337401795,105010400
2017-07-24,35.31877899169922,35.40005842173057,34.81021028841995,34.968123698453404,85972800
2017-07-25,35.4697265625,35.72516962312926,35.25143647237522,35.25143647237522,75415600
2017-07-26,35.636932373046875,35.74607389010833,35.54404107504466,35.61138770902635,63124000
2017-07-27,34.96347427368164,35.76000054974113,34.20642900322231,35.704265786046555,129905200
2017-07-28,34.717315673828125,34.88683736020618,34.6453271581103,34.80788244254401,68854800
2017-07-31,34.538509368896484,34.9100674095341,34.39917776123744,34.81020972444371,79383600
2017-08-01,34.84504318237305,34.88452064600083,34.464197808236975,34.62443215930494,141474400
2017-08-02,36.491512298583984,37.0976143078871,36.26393481173815,36.98846924366249,279747200
2017-08-03,36.12691879272461,36.50776421266773,35.99919548713142,36.47060769768784,108389200
2017-08-04,36.31733703613281,36.55188087558903,36.1547817244582,36.24302755512729,82239600
2017-08-07,36.87931823730469,36.90486289808057,36.38236137229772,36.472928161695805,87481200
2017-08-08,37.17424392700195,37.58063402025614,36.75392102607237,36.830555011727434,144823600
2017-08-09,37.40180969238281,37.450578047438356,36.94897586732114,36.98380787561846,104526000
2017-08-10,36.21049499511719,37.301564035629255,36.04963143103684,37.27824913516524,163217200
2017-08-11,36.71407699584961,36.96819669849492,36.38535954469906,36.508920736715325,105028400
2017-08-14,37.26660919189453,37.35053788468499,37.01015942021377,37.14304799936353,88490800
2017-08-15,37.674598693847656,37.814477489895324,37.334220197821885,37.45545133361468,117862000
2017-08-16,37.52305603027344,37.886745852628806,37.33654742570881,37.75386082862469,110686400
2017-08-17,36.80265808105469,37.46709365530444,36.79799438919675,37.42279747604051,111762400
2017-08-18,36.71873474121094,37.185004388718376,36.53688986327145,36.80266342005648,109712400
2017-08-21,36.651123046875,36.80965300150056,36.161538549628425,36.718730572852444,105474000
2017-08-22,37.25027847290039,37.3015684140581,36.83996250099347,36.88891881741825,86418400
2017-08-23,37.29690170288086,37.41113902754948,37.04045557520558,37.0847517532884,77596400
2017-08-24,37.131378173828125,37.47408659209715,36.96352084417168,37.401811820626165,79275600
2017-08-25,37.26893615722656,37.4321298359122,37.13138745357405,37.21997627494317,101920400
2017-08-28,37.6442756652832,37.76783682215001,37.28524608855897,37.3342059607867,103864000
2017-08-29,37.97999572753906,38.028952049357265,37.301572523502614,37.324887429271875,118067600
2017-08-30,38.082584381103516,38.20847565209221,37.910063287850285,38.18749436648676,109078400
2017-08-31,38.2341194152832,38.355350546074234,38.11288828449217,38.15019071817493,107140400
2017-09-01,38.24576950073242,38.45325935674631,38.14785329919999,38.42062062290216,66364400
2017-09-05,37.78649139404297,38.292393517744884,37.432125477758476,38.175826109776104,117874000
2017-09-06,37.746864318847656,37.99865038307383,37.42280702048679,37.93337290983247,86606800
2017-09-07,37.59532928466797,37.82380402724919,37.385509316634376,37.7888316610063,87714000
2017-09-08,36.982173919677734,37.5696710457614,36.95885901707796,37.50206351998956,114446000
2017-09-11,37.65127944946289,37.77950433243373,37.2759321869604,37.41814459219067,126323200
2017-09-12,37.5020637512207,38.224783048013585,37.01481287713145,37.910049647749496,286856000
2017-09-13,37.21996307373047,37.292237837629635,36.81431086735406,37.27125300560516,179629600
2017-09-14,36.90058135986328,37.16169123643117,36.85628517208367,37.06610865777309,95042800
2017-09-15,37.27360153198242,37.5277176686415,36.83530686885993,36.94488053464055,196458400
2017-09-18,36.991512298583984,37.418149571043095,36.83531235031033,37.327227106903024,113077600
2017-09-19,37.005496978759766,37.2479592360703,36.937889431587216,37.18734189306476,83242400
2017-09-20,36.385345458984375,36.895907619878884,35.863122290701426,36.81197895992902,211805600
2017-09-21,35.760562896728516,36.322418870932424,35.61135669998519,36.322418870932424,150046800
2017-09-22,35.410850524902344,35.499442902004716,35.100780762399374,35.329251908375916,186581600
2017-09-25,35.098445892333984,35.39685816059518,34.774388653018086,34.96789096963907,177549200
2017-09-26,35.70227813720703,35.88412307305742,35.36423324658035,35.38521453363472,146640000
2017-09-27,35.956382751464844,36.070620095370714,35.79551915443488,35.85613648511578,102016800
2017-09-28,35.73490905761719,35.968043904578344,35.599690419497065,35.87712145655771,88022000
2017-09-29,35.93074035644531,35.93307398154975,35.43649563463179,35.71859035590698,105199200
2017-10-02,35.85847854614258,36.00768474045716,35.60436235787117,35.96338854009941,74795200
2017-10-03,36.01466751098633,36.156879899456726,35.88178250782671,35.90509385639331,64921200
2017-10-04,35.781524658203125,35.87011701201535,35.54372974642461,35.816497009244245,80655200
2017-10-05,36.226829528808594,36.238486984494706,35.914429637614404,35.944734753571076,85135200
2017-10-06,36.205833435058594,36.250129614135396,36.0333124105896,36.12889852782328,69630400
2017-10-09,36.331729888916016,36.539219738671264,36.25013483544445,36.3247361288286,65051600
2017-10-10,36.34571838378906,36.83530294716818,36.15921336664957,36.38302081015903,62468000
2017-10-11,36.49726104736328,36.59750732414715,36.31075245809779,36.362042409079685,67622400
2017-10-12,36.36903381347656,36.6884273951515,36.30608641273993,36.45063242766684,64500400
2017-10-13,36.59983825683594,36.66744579232641,36.46461962849979,36.539220924304615,65576800
2017-10-16,37.27360153198242,37.30157657606069,36.753708247157576,36.81199196055767,96486000
2017-10-17,37.4111442565918,37.50439676017066,37.12205580372936,37.25028066416653,75989200
2017-10-18,37.24562454223633,37.467105508625025,37.208325667636494,37.39949440603615,65496800
2017-10-19,36.36437225341797,36.62082200675138,36.14056479355921,36.543887080751354,170336800
2017-10-20,36.42731475830078,36.777016979980466,36.35970722734556,36.51124343379811,95896400
2017-10-23,36.408660888671875,36.76302677683366,36.25246100127243,36.576518227414056,87937200
2017-10-24,36.625484466552734,36.70008576487536,36.415660977975,36.43664225962618,71028800
2017-10-25,36.46461868286133,36.730392239980006,36.19884512574264,36.58118609488452,84828400
2017-10-26,36.6977653503418,36.79568158115908,36.55088922543775,36.65579921864511,68002000
2017-10-27,38.01263427734375,38.14085914374413,36.99849635632413,37.13604505057401,177816800
2017-10-30,38.868247985839844,39.18298150089291,38.16884333670504,38.20847583993996,178803200
2017-10-31,39.409122467041016,39.55133490027049,38.919541304792574,39.14334881971863,144187200
2017-11-01,38.90787124633789,39.618933182180236,38.609458951518015,39.60261203671337,134551200
2017-11-02,39.19231033325195,39.283232806950046,38.532538103142656,38.840277895570935,165573600
2017-11-03,40.21575164794922,40.62606760150672,39.89402449641215,40.565453836192255,237594400
2017-11-06,40.623741149902344,40.79626219210494,40.03391035782357,40.185446563274354,140105200
2017-11-07,40.754302978515625,40.85688288274763,40.47221179923316,40.54448303429965,97446000
2017-11-08,41.087684631347656,41.087684631347656,40.64239624240402,40.71933116489338,97638000
2017-11-09,41.00374984741211,41.05503978810688,40.36495921343929,40.82423505498039,117930400
2017-11-10,40.86805725097656,41.034179626513755,40.7744694933025,40.971005926504496,100582000
2017-11-13,40.70427322387695,40.82827859819119,40.57090693255195,40.59430565493508,67928400
2017-11-14,40.08892059326172,40.58962251595852,40.05148406797848,40.48667385650138,99130000
2017-11-15,39.56013488769531,39.85026254347845,39.396354586101126,39.76837060760995,116632400
2017-11-16,40.03276443481445,40.212920996486766,39.84558540164261,40.051479125002835,94550000
2017-11-17,39.81049346923828,40.10062119394135,39.69116855761888,40.01872923861939,87598000
2017-11-20,39.770713806152344,39.9064185208818,39.672445613446854,39.84324483623426,65049600
2017-11-21,40.51007843017578,40.64110271745377,39.957902097972784,39.957902097972784,100525200
2017-11-22,40.93590545654297,40.94526280289188,40.48901630283123,40.56154734000195,102355600
2017-11-24,40.9382438659668,41.06224923331061,40.86337081466449,40.96866148932631,56106800
2017-11-27,40.73234176635742,40.96397622523732,40.55686208936625,40.956957323769124,82867200
2017-11-28,40.49368667602539,40.91483498956653,40.21057793000543,40.78147230898322,105715200
2017-11-29,39.65373611450195,40.45860366514823,39.11092070578444,40.390753077862556,166665600
2017-11-30,40.20824432373047,40.27609489391926,39.41039587728747,39.87599966375106,166108800
2017-12-01,40.021053314208984,40.166115326467484,39.424421883253004,39.76368177296772,159037200
2017-12-04,39.72861099243164,40.38841291089833,39.68883601597658,40.35565683792686,130169600
2017-12-05,39.69118118286133,40.131051583102135,39.40105336587242,39.55547640895417,109400800
2017-12-06,39.54375457763672,39.82218287193415,38.94712659859109,39.190456819322876,114240000
2017-12-07,39.61629867553711,39.878347217695996,39.52036891630265,39.54844452577864,102693200
2017-12-08,39.627986907958984,40.009363857939476,39.499304675641376,39.89003897028129,93420800
2017-12-11,40.40009689331055,40.45157121269032,39.492280973495845,39.588210711443864,141095200
2017-12-12,40.173152923583984,40.33459482276244,40.11700170310015,40.27844003213489,77636800
2017-12-13,40.306522369384766,40.60366545476763,40.24334867124888,40.36033514994437,95273600
2017-12-14,40.29482650756836,40.50774277412301,40.161460196601936,40.33693992988766,81906000
2017-12-15,40.70427322387695,40.75106709849942,40.35097536481199,40.62472328000438,160677200
2017-12-18,41.277503967285156,41.46000256744993,40.91250676695561,40.91718722520547,117684400
2017-12-19,40.837642669677734,41.0365211322517,40.73235554190391,40.95229071600376,109745600
2017-12-20,40.793182373046875,41.0435315553513,40.53581071820715,40.914845727931436,93902400
2017-12-21,40.947601318359375,41.18391626326869,40.73468866472213,40.75106491339718,83799600
2017-12-22,40.947601318359375,41.043531076785065,40.82827640894882,40.870389822807745,65397600
2017-12-26,39.90877151489258,40.11934576146174,39.70053214264536,39.96258429876794,132742000
2017-12-27,39.91578674316406,39.957900160542586,39.70755096023451,39.79880026803186,85992800
2017-12-28,40.02808380126953,40.208243932293136,39.88769863447187,40.0093655410203,65920800
2017-12-29,39.595237731933594,39.913441057833,39.59289928789782,39.89706480929548,103999600
2018-01-02,40.30417251586914,40.31353343162475,39.60225378021744,39.812831542998936,102223600
2018-01-03,40.297142028808594,40.83996074198917,40.23397193126435,40.36733459622226,118071600
2018-01-04,40.48433303833008,40.587281691749936,40.262059483979016,40.369685025177354,89738400
2018-01-05,40.945255279541016,41.03182410540059,40.48900886331186,40.58025814655769,94640000
2018-01-08,40.793182373046875,41.08798698392758,40.694910599276334,40.793182373046875,82271200
2018-01-09,40.78849792480469,40.959297149866934,40.5732432755148,40.83997225073741,86336000
2018-01-10,40.779136657714844,40.78147867169188,40.477313176567634,40.51474969876762,95839600
2018-01-11,41.01077651977539,41.05991240789748,40.82593946856962,40.84933462041617,74670800
2018-01-12,41.43426513671875,41.49743882718429,41.09734354776063,41.22134891451,101672400
2018-01-16,41.223697662353516,41.972410443367636,41.21199829996464,41.62378943698637,118263600
2018-01-17,41.9045524597168,41.939646970546875,40.961641853884466,41.21432947214807,137547200
2018-01-18,41.94198989868164,42.13852989077325,41.7056785034929,41.967727066089836,124773600
2018-01-19,41.75481414794922,42.01686270900164,41.50914183689063,41.78990866232449,129700400
2018-01-22,41.41321563720703,41.59571426796285,41.319627877384015,41.48340824214639,108434400
2018-01-23,41.422569274902344,41.984106493976,41.371098510710866,41.48340452646805,130756400
2018-01-24,40.76276779174805,41.4834049089433,40.52411438218777,41.471705547369424,204420400
2018-01-25,40.03510284423828,40.93355791852135,39.89939813455858,40.83060927185792,166116000
2018-01-26,40.12869644165039,40.24334446403802,39.78943640292996,40.24334446403802,156572000
2018-01-29,39.29808807373047,39.81282771637196,39.08985234497419,39.81282771637196,202561600
2018-01-30,39.06646728515625,39.160055045574445,38.53534764091524,38.72954563542,184192800
2018-01-31,39.1740837097168,39.41039864035675,38.95649061096402,39.04305944765361,129915600
2018-02-01,39.255977630615234,39.452514033583086,39.01732424407224,39.11325400152449,188923200
2018-02-02,37.55265426635742,39.026684400187065,37.45906652490365,38.839505347136026,346375200
2018-02-05,36.61442184448242,38.34348150059493,36.499773833727474,37.225091280275514,290954000
2018-02-06,38.14460372924805,38.30604561047682,36.031828610000396,36.226026556250716,272975200
2018-02-07,37.32802963256836,38.23116504204853,37.21806566960294,38.158634024496976,206434400
2018-02-08,36.30089569091797,37.66963864747033,36.272820084061365,37.503516309901045,217562000
2018-02-09,36.744911193847656,37.09260194445449,35.295412891463684,36.89996378245455,282690400
2018-02-12,38.2249641418457,38.502176211529274,37.003341181062005,37.235920143110576,243278000
2018-02-13,38.60788345336914,38.70420433662891,37.975929558630334,38.04640834113016,130196800
2018-02-14,39.319705963134766,39.359643097700136,38.264886694786455,38.30247226663081,162579600
2018-02-15,40.63999557495117,40.663486108266305,39.7026361874886,39.8882268148844,204588800
2018-02-16,40.5084342956543,41.06991289835843,40.35338530181675,40.49199128049389,160704400
2018-02-20,40.37217330932617,40.9383441911224,40.27115291804145,40.4191579538941,135722000
2018-02-21,40.18893814086914,40.90546216900995,40.17483951865487,40.6024081083395,149886400
2018-02-22,40.524871826171875,40.865514959365235,40.339281236814955,40.36042378787491,123967600
2018-02-23,41.22966384887695,41.264901443927855,40.76920562691521,40.799747265758924,135249600
2018-02-26,42.044864654541016,42.14353351551222,41.39646774614467,41.42935736646841,152648800
2018-02-27,41.90860366821289,42.39959996000254,41.85457149250912,42.07540332108041,155712400
2018-02-28,41.84516525268555,42.43248231982833,41.828722238848975,42.112981691914705,151128400
2018-03-01,41.1121940612793,42.235143989434334,40.56246615530191,41.94383343816568,195208000
2018-03-02,41.39646911621094,41.4176116761117,40.51314171022488,40.59536755610546,153816000
2018-03-05,41.53976821899414,41.75590049541586,40.9994357355902,41.16153583908132,113605600
2018-03-06,41.50452423095703,41.87570906687499,41.37766531511881,41.79583480191392,95154000
2018-03-07,41.11924743652344,41.311889179650166,40.94070431594449,41.09810487975081,126814000
2018-03-08,41.56794357299805,41.61022867126408,41.128631656865494,41.22494890892638,95096400
2018-03-09,42.28213119506836,42.28683073553249,41.673671546479305,41.80758156446404,128740800
2018-03-12,42.69090270996094,42.84830325175137,42.33616449649583,42.35495548786584,128828400
2018-03-13,42.27979278564453,43.10908442263921,42.108297159232286,42.89530009187744,126774000
2018-03-14,41.92034912109375,42.40899741596787,41.77234405342869,42.36201276130099,117473600
2018-03-15,41.96967315673828,42.34320950886789,41.83341876152464,41.93443556913107,90975200
2018-03-16,41.82167053222656,42.08008786506861,41.7276976600761,41.96967198072841,157618800
2018-03-19,41.18267059326172,41.69246134182931,40.797390767470155,41.65722375413747,133787200
2018-03-20,41.1685905456543,41.535075929863396,41.0981117599141,41.1685905456543,78597600
2018-03-21,40.23591995239258,41.13333859622522,40.23356838983998,41.1215915375593,148219600
2018-03-22,39.66741180419922,40.56717875163702,39.608680074305354,39.9375763278309,165963200
2018-03-23,38.74883270263672,39.91876733613964,38.74883270263672,39.55932956569778,164115200
2018-03-26,40.588314056396484,40.6658403493108,39.10122662256602,39.48415854628537,150164800
2018-03-27,39.54758834838867,41.14743975601389,39.213992623887194,40.802096971098365,163690400
2018-03-28,39.11063003540039,39.942273284293705,38.80757590603423,39.29152475547946,166674000
2018-03-29,39.41603088378906,40.34869086628051,39.20929408624951,39.42307840327794,153594000
2018-04-02,39.15760040283203,39.688537307064934,38.63841414116743,39.14820490735568,150347200
2018-04-03,39.55934524536133,39.643919082792635,38.7347530189314,39.3831500494378,121112000
2018-04-04,40.315799713134766,40.40976902587753,38.708900806216754,38.73474290492594,138422000
2018-04-05,40.59535217285156,40.931295779638134,40.42620458834271,40.543667989546165,107732800
2018-04-06,39.55698776245117,40.52018578459094,39.514699061545755,40.16544749918795,140021200
2018-04-09,39.94931411743164,40.66349020989333,39.90232946136302,39.90937698053834,116070800
2018-04-10,40.70107650756836,40.87727164396476,40.297002041323346,40.64234479543622,113634400
2018-04-11,40.51078796386719,40.858478709963855,40.336940798469165,40.461451746423364,89726400
2018-04-12,40.910179138183594,41.11221645960167,40.65175805798578,40.738683467525476,91557200
2018-04-13,41.048763275146484,41.309532195215816,40.842030106003335,41.06051033337822,100497200
2018-04-16,41.30483627319336,41.3917580517207,41.07225742493238,41.11924207319854,86313600
2018-04-17,41.87336730957031,42.03781540441986,41.44345070001389,41.46224528009664,106421600
2018-04-18,41.779388427734375,42.00961931226193,41.55386066842869,41.772340909299764,83018000
2018-04-19,40.59535217285156,41.203811730757785,40.56246256390254,40.82087989573101,139235200
2018-04-20,38.932090759277344,40.22418886209388,38.863959942787496,40.07853531397143,261964400
2018-04-23,38.81930923461914,39.21398457367162,38.54914123935694,39.19284202008641,146062000
2018-04-24,38.27898406982422,39.075386001140814,37.87490957405361,38.92033340945452,134768000
2018-04-25,38.445770263671875,38.86159171287886,38.15446331922963,38.20379594092452,113528400
2018-04-26,38.579681396484375,38.93441959250887,38.37999217218198,38.556187281378676,111852000
2018-04-27,38.13333511352539,38.605536879463116,37.73630808954247,38.5280105743629,142623200
2018-04-30,38.824012756347656,39.293866490425344,38.020563301238745,38.08869410011174,169709600
2018-05-01,39.72614288330078,39.74963342405332,38.826372365902685,39.09418890644335,214277600
2018-05-02,41.48102951049805,41.75824143197901,40.83028122820811,41.16622485353151,266157600
2018-05-03,41.556209564208984,41.69951508337644,40.980639509575454,41.31893474070514,136272800
2018-05-04,43.186607360839844,43.28527621703222,41.856920403424276,41.875714983370386,224805200
2018-05-07,43.49905014038086,44.08871515844912,43.40272928542785,43.503746095720956,169805600
2018-05-08,43.708152770996094,43.748089915941925,43.149025572353985,43.45913081739253,113611200
2018-05-09,44.015892028808594,44.02528752495806,43.51314874438485,43.825601865665355,92844800
2018-05-10,44.64549255371094,44.7230188366596,44.08401758147566,44.10516372024267,111957200
2018-05-11,44.475711822509766,44.82238636485183,44.20686254462442,44.68796352517083,104848800
2018-05-14,44.37194061279297,44.69739103369072,44.303550683014535,44.574756968080656,83115200
2018-05-15,43.968658447265625,44.117234231162634,43.652643426187645,44.048840718550096,94780800
2018-05-16,44.37900161743164,44.4450380927892,43.86488799085089,43.88139800932075,76732400
2018-05-17,44.09836959838867,44.55116807100797,43.94979380634148,44.33655939327812,69176000
2018-05-18,43.93800354003906,44.29175270097355,43.895555368017746,44.14553753264784,73190800
2018-05-21,44.24930191040039,44.636067492860136,44.07950203531832,44.33655888007339,73603200
2018-05-22,44.138465881347656,44.54409856840905,44.04884826953651,44.42618217329871,60962800
2018-05-23,44.421451568603516,44.45446800567482,43.80828505325447,43.94742909382516,80233600
2018-05-24,44.37194061279297,44.534665823241845,43.914427996002615,44.5181593982014,92936000
2018-05-25,44.473350524902344,44.725689753466725,44.25402414637075,44.39080760425134,69844000
2018-05-29,44.31297302246094,44.5134323027032,44.07006557380346,44.24222607510225,90056400
2018-05-30,44.21864700317383,44.336563395182296,44.04884711079983,44.27053050353937,74762000
2018-05-31,44.070072174072266,44.39080491138191,43.897915245512195,44.15261508971598,109931200
2018-06-01,44.864830017089844,44.8695440818223,44.27760509085612,44.33420625434989,93770000
2018-06-04,45.23979187011719,45.614765037577044,45.12659317019987,45.19498307680026,105064800
2018-06-05,45.58884048461914,45.73741630826925,45.36480003207524,45.532242912579584,86264000
2018-06-06,45.74684143066406,45.77042614795653,45.26102648202931,45.664302117185684,83734400
2018-06-07,45.62420654296875,45.798720479292754,45.36007140934705,45.78457108970132,85388800
2018-06-08,45.209144592285156,45.27989514815871,44.753989040222194,45.08415350293508,106627200
2018-06-11,45.098297119140625,45.27281465481039,44.85775029790672,45.12659949697931,73234000
2018-06-12,45.345916748046875,45.42374198027441,45.07942461331518,45.13602576362299,67644400
2018-06-13,44.97330856323242,45.48742587356639,44.91199333844062,45.37894121591051,86553600
2018-06-14,44.996910095214844,45.17850240374042,44.8601266055419,45.1737847389865,86440400
2018-06-15,44.534664154052734,44.8459651708129,44.39788070109959,44.81530575592877,246876800
2018-06-18,44.511077880859375,44.62427660179374,44.147893403349705,44.308261556652305,73939600
2018-06-19,43.79179000854492,43.94272284557757,43.2635232796693,43.662081258316235,134314000
2018-06-20,43.982810974121094,44.147893191048695,43.80121873623951,43.94743749853748,82514800
2018-06-21,43.737545013427734,44.4191015421544,43.614910971313066,44.15968406816612,102847600
2018-06-22,43.61019515991211,43.90026845785163,43.558311662911876,43.89319376267183,108801600
2018-06-25,42.96165084838867,43.610190899003925,42.62205111884842,43.251724117986754,126652400
2018-06-26,43.49463653564453,43.989886797653796,43.04891273924521,43.15504036576329,98276800
2018-06-27,43.43096923828125,44.166766421510985,43.400309822805696,43.68330846262306,101141200
2018-06-28,43.74698257446289,43.914425438825695,43.34606755089744,43.41681810764965,69460800
2018-06-29,43.654998779296875,44.145531311824726,43.136167469409244,43.93327968606021,90950800
2018-07-02,44.14316940307617,44.17147177813843,43.25643961910087,43.35077487177182,70925200
2018-07-03,43.374359130859375,44.32476482948047,43.28474153395483,44.287030725676225,55819200
2018-07-05,43.72340774536133,43.96160122035074,43.45927611216966,43.69039129121237,66416800
2018-07-06,44.32948684692383,44.43796790786526,43.67622905491156,43.72811255310879,69940800
2018-07-09,44.945003509521484,44.9685846241399,44.64313789363866,44.69030372139748,79026400
2018-07-10,44.890769958496094,45.11009271096756,44.8506752202268,44.97566990105466,63756400
2018-07-11,44.30826187133789,44.756342693838846,44.2445860160065,44.454477036854996,75326000
2018-07-12,45.0511360168457,45.14075362545193,44.64550334429064,44.69738684416554,72164400
2018-07-13,45.12187576293945,45.242149157373184,45.02046581983031,45.062917581615146,50055600
2018-07-16,45.02283477783203,45.43318149269543,44.90727542559399,45.166692910813076,60172400
2018-07-17,45.15018844604492,45.249237789357274,44.61956465067832,44.74927340925029,62138000
2018-07-18,44.90255355834961,45.232721563034644,44.79171187945447,45.22800390051171,65573600
2018-07-19,45.251590728759766,45.40959824469999,44.735116413293575,44.735116413293575,81147200
2018-07-20,45.1478271484375,45.38129929328812,44.84831851576083,45.228009428517055,82704800
2018-07-23,45.18791961669922,45.27046253001605,44.70446169267782,44.968593257655385,63957600
2018-07-24,45.51572799682617,45.671378500253525,45.29168756835982,45.38601924397004,74791600
2018-07-25,45.94493103027344,45.95200572380578,45.381287389704944,45.529863150927376,66839600
2018-07-26,45.80108642578125,46.21379379653587,45.65958531639916,45.89541809968751,76304000
2018-07-27,45.039337158203125,46.032194609591265,44.83180678717591,45.98502877974518,96096000
2018-07-30,44.78699493408203,45.32705030624448,44.58889630312897,45.256299767040694,84118000
2018-07-31,44.87661361694336,45.31290565554583,44.65257321814302,44.87897424756083,157492000
2018-08-01,47.520301818847656,47.58161704185553,46.53216196456808,46.96137932119036,271742800
2018-08-02,48.909366607666016,49.14284238639819,47.24910519891767,47.30334573794805,249616000
2018-08-03,49.050865173339844,49.22773977263983,48.45892254462788,48.82446410288577,133789600
2018-08-06,49.30556106567383,49.348009238803435,48.83389550544632,49.05321826366124,101701600
2018-08-07,48.84331512451172,49.40695518531018,48.76077223252612,49.36450702270394,102349600
2018-08-08,48.87633514404297,49.00840090208241,48.23251277433969,48.59333657702674,90102000
2018-08-09,49.260746002197266,49.472994037920536,48.86454511071905,49.414035850383826,93970400
2018-08-10,49.114013671875,49.48557133409341,48.910486075946345,49.07378193457011,98444800
2018-08-13,49.43112564086914,49.923378402144955,49.15423413974053,49.53525651879269,103563600
2018-08-14,49.639404296875,49.831098200524664,49.28677981496923,49.73643570353363,82992000
2018-08-15,49.75537109375,49.87370102571761,49.303349886959445,49.51397702141606,115230400
2018-08-16,50.48427963256836,50.60024064494456,50.04645747690956,50.11272194430814,114001600
2018-08-17,51.49245071411133,51.58001370324593,50.44641460805595,50.51267907731609,141708000
2018-08-20,50.990726470947266,51.87109768021594,50.90789408938502,51.615508252096106,121150800
2018-08-21,50.89133071899414,51.40015154482209,50.65230557912929,51.30785435109778,104639200
2018-08-22,50.89370346069336,51.203727298569135,50.60734344206001,50.66887731660461,76072400
2018-08-23,50.99783706665039,51.36702588882089,50.78720992522527,50.79904002989907,75532800
2018-08-24,51.15639114379883,51.33151711174363,50.90789759315165,51.26052204968089,73905600
2018-08-27,51.577632904052734,51.766961449815135,51.19661051474474,51.390669656073506,82100400
2018-08-28,51.994163513183594,52.19295690212046,51.809569136150444,51.83086765400602,91107200
2018-08-29,52.770408630371094,52.89110745651331,51.925534903087936,52.10066086863943,109019200
2018-08-30,53.25556945800781,54.019979815516336,52.63315285368258,52.83431518462097,195175200
2018-08-31,53.87087631225586,54.16433217972294,53.485119647726634,53.605814856654966,173360400
2018-09-04,54.043643951416016,54.23770315227704,53.63422341854379,54.0554776662455,109560400
2018-09-05,53.69102096557617,54.353669291891656,53.27213561587266,54.19274232139055,133332000
2018-09-06,52.7988166809082,53.80462109487018,52.37282820688396,53.539559593731255,137160000
2018-09-07,52.37281799316406,53.336021566308695,52.23318956842449,52.50298161416799,150479200
2018-09-10,51.669944763183594,52.50298843468489,51.229757303877285,52.28999240596996,158066000
2018-09-11,52.97631072998047,53.082806943997085,51.25105834056841,51.59421441290767,142996000
2018-09-12,52.318397521972656,53.24846904799571,52.02730329115404,53.23427003403245,197114800
2018-09-13,53.582157135009766,54.041277818620834,52.67338418396215,52.89821031768042,166825600
2018-09-14,52.97393798828125,53.683917511891266,52.661548875687,53.425959151653856,127997200
2018-09-17,51.563453674316406,52.76331733842613,51.41909100904988,52.57398872003908,148780400
2018-09-18,51.64864730834961,52.502989516991164,51.383585819005404,51.542147486225396,126286800
2018-09-19,51.67941665649414,51.97524150544351,50.95287270526893,51.710183596350696,108495200
2018-09-20,52.072261810302734,52.60474642477888,51.86400000551983,52.121961963223164,106435200
2018-09-21,51.511383056640625,52.38702376647529,51.423816457857285,52.24976062216609,384986800
2018-09-24,52.25212097167969,52.36335137789285,51.26761884793815,51.31258479229781,110773600
2018-09-25,52.58344650268555,52.732543346322956,51.99416224505693,52.0059959584022,98217600
2018-09-26,52.16455841064453,52.95263606451722,52.00836205881916,52.30182154305388,95938800
2018-09-27,53.23662185668945,53.58924626246891,52.90293066844936,52.96919873540815,120724800
2018-09-28,53.42360305786133,53.44726687937326,53.01654777196668,53.19877328106708,91717600
2018-10-01,53.7833137512207,54.29449987051598,53.56795604203852,53.94660961803524,94403200
2018-10-02,54.26136016845703,54.43175551810071,53.6342131254227,53.780941049949504,99152800
2018-10-03,54.921653747558594,55.25297609687015,54.37970066265418,54.44359983400097,114619200
2018-10-04,53.956085205078125,54.98792238547319,53.65789145695204,54.61636465523451,128168000
2018-10-05,53.08042907714844,54.055469984480176,52.202423173171816,53.948973788434415,134322000
2018-10-08,52.957374572753906,53.201133924424155,52.112497192021806,52.588185792016155,118655600
2018-10-09,53.69102096557617,53.785687075702874,52.597653574398485,52.9266106334102,107564000
2018-10-10,51.20372009277344,53.56795305429234,51.13035612450343,53.357325953618734,167962400
2018-10-11,50.75170135498047,51.946834254825696,50.247618357424,50.76826927692951,212497600
2018-10-12,52.56452178955078,52.74675089335789,51.31732331289701,52.16456604729884,161351600
2018-10-15,51.44038009643555,52.49824981109706,51.41908157869824,52.33968816048203,123164000
2018-10-16,52.57399368286133,52.77279073706223,51.298397006527196,51.81194853999747,116736000
2018-10-17,52.34678268432617,52.68993867828967,51.90896060196934,52.609475211511864,91541600
2018-10-18,51.123260498046875,52.003635406378,50.408546758242004,51.55871374421379,130325200
2018-10-19,51.90186309814453,52.363349012038746,51.456941493394126,51.60603833139924,132314800
2018-10-22,52.2189826965332,52.86033233448202,51.81429646642238,52.0154551269289,115168400
2018-10-23,52.71125030517578,52.83431444512656,50.81087189308462,51.07829869399411,155071200
2018-10-24,50.903167724609375,53.066238670983005,50.77300408116082,52.68048556003546,163702000
2018-10-25,52.01782989501953,52.391752849252924,51.29601671156717,51.52321173088781,119423200
2018-10-26,51.189517974853516,52.110124497595585,50.330441703120535,51.09485188352168,189033600
2018-10-29,50.22869110107422,51.99180637497226,48.77323076308927,51.873476442346316,183742000
2018-10-30,50.479557037353516,50.92447519064813,49.52581793594985,49.97073608924447,146640000
2018-10-31,51.795372009277344,52.17166028299006,51.26525267501024,51.326786543689,153435600
2018-11-01,52.59054946899414,52.62368170185567,51.3102188792331,51.84033821616022,233292800
2018-11-02,49.10218048095703,50.56237119763977,48.61702710758743,49.592068062043005,365314800
2018-11-05,47.708255767822266,48.370904034951764,46.898879557030305,48.34960551625416,264654800
2018-11-06,48.224178314208984,48.449004447935366,47.731925396254766,47.78635615026074,127531600
2018-11-07,49.686744689941406,49.71277742307654,48.30938596616977,48.74483931029979,133697600
2018-11-08,49.51337432861328,49.90047339465784,49.100148077728555,49.86722555541948,101450400
2018-11-09,48.558677673339844,48.924403878426105,48.03145938671116,48.81516253903021,137463200
2018-11-12,46.11257553100586,47.46149553599907,46.02232984925231,47.25963133957427,204542000
2018-11-13,45.65185546875,46.827408453582805,45.46661699229114,45.509366284258455,187531600
2018-11-14,44.3623161315918,46.18620401920022,44.15570117063731,46.0484619198116,243204000
2018-11-15,45.457122802734375,45.59011416840596,44.38606035126789,44.739915225013526,185915200
2018-11-16,45.96058654785156,46.30256638175238,44.99402206817327,45.241005490578,147713200
2018-11-19,44.13907241821289,45.28850181754832,43.93246111209579,45.122262627353955,167701200
2018-11-20,42.03019714355469,43.09650870762466,41.68109304931267,42.36030195645278,271300800
2018-11-21,41.982704162597656,42.81153021281317,41.92808348913567,42.68328595925916,124496800
2018-11-23,40.916378021240234,41.93994364074519,40.87125881707238,41.54571681387017,94496000
2018-11-26,41.4697380065918,41.548108696422304,40.434300553403695,41.37949593469791,179994000
2018-11-27,41.37948989868164,41.50535696963446,40.581538183046156,40.73115163840486,165549600
2018-11-28,42.97064208984375,43.05375986988433,41.54335141276549,41.97082618812788,184250000
2018-11-29,42.640533447265625,43.41236152494973,42.201183707394755,43.379113691168406,167080000
2018-11-30,42.41017150878906,42.82577123652674,42.04206816804442,42.816269784882905,158126000
2018-12-03,43.89208984375,43.92058695583574,43.034766692325256,43.80659488375015,163210000
2018-12-04,41.96133041381836,43.31499758229476,41.86158689864037,42.97301774526017,165377200
2018-12-06,41.49348449707031,41.507733053331634,40.472295688010675,40.79052552365589,172393600
2018-12-07,40.013946533203125,41.43886000802024,39.96882369336847,41.20137442888405,169126400
2018-12-10,40.277557373046875,40.39392299254589,38.78852171429132,39.18512221335925,248104000
2018-12-11,40.04719924926758,40.79765101673973,39.6600965485078,40.766780351835095,189126800
2018-12-12,40.15882873535156,40.82853644855718,40.13982944667104,40.46755721111472,142510800
2018-12-13,40.59815979003906,40.98288889960045,40.2656814225094,40.48891845088322,127594400
2018-12-14,39.29910659790039,40.154056001259654,39.251610214100836,40.13505672299147,162814800
2018-12-17,38.933387756347656,39.98070006589324,38.64602860130792,39.2919896885735,177151600
2018-12-18,39.439231872558594,39.78595878885459,39.04025421520292,39.275366243130854,135366000
2018-12-19,38.209068298339844,39.76697367284492,37.78159337881256,39.42262018513315,196189200
2018-12-20,37.24486541748047,38.498789039513056,36.88151275562685,38.09268708722474,259092000
2018-12-21,35.796199798583984,37.56071950978802,35.53496783964715,37.25198753673331,382978400
2018-12-24,34.8700065612793,35.9909387378282,34.8130087201228,35.18348562828449,148676800
2018-12-26,37.325618743896484,37.33986730293272,34.84389445485186,35.21912221236073,234330000
2018-12-27,37.0833740234375,37.23061755574268,35.63946480198552,37.009754069156195,212468400
2018-12-28,37.10237121582031,37.64621522429912,36.70339718009544,37.40397891761338,169165600
2018-12-31,37.46098709106445,37.84571267784769,37.16175285801671,37.64859915688964,140014000
2019-01-02,37.503726959228516,37.724590460067255,36.6274044817337,36.784145853458895,148158800
2019-01-03,33.76808166503906,34.6064056330403,33.72295881640133,34.19317934017915,365248800
2019-01-04,35.2096061706543,35.27847900912154,34.15042265199752,34.32378608802359,234428400
2019-01-07,35.131248474121094,35.34498772125398,34.649152921842216,35.314113428905806,219111200
2019-01-08,35.80094909667969,36.05506039185335,35.271357298819396,35.518340693165854,164101200
2019-01-09,36.40892028808594,36.69865303809117,35.53497493470445,35.92919831490206,180396400
2019-01-10,36.5252799987793,36.565652109291655,35.82707186978907,36.216548044796546,143122800
2019-01-11,36.16667556762695,36.501531088310195,35.98143711442818,36.306794806835,108092800
2019-01-14,35.622840881347656,35.924448615457706,35.43760239866407,35.824705095839064,129756800
2019-01-15,36.35192108154297,36.42791458616587,35.634713583499995,35.68696070331559,114843600
2019-01-16,36.7960205078125,37.01925755806657,36.33529785069117,36.354297134089684,122278800
2019-01-17,37.014503479003906,37.4419782573986,36.39703950757352,36.62027653760977,119284800
2019-01-18,37.24249267578125,37.49422682619904,37.043002022319946,37.4039811406747,135004000
2019-01-22,36.40653991699219,37.22111371203419,36.24504783922982,37.1451202112431,121576000
2019-01-23,36.55378341674805,36.84351614102213,36.02656509052752,36.60840409054777,92522400
2019-01-24,36.26405334472656,36.6867774572087,36.03606917947976,36.598908937659715,101766000
2019-01-25,37.465728759765625,37.553600900151864,36.64878130027886,36.924261855530716,134142000
2019-01-28,37.11899185180664,37.126116128342424,36.49203015046435,36.997871903214524,104768400
2019-01-29,36.73427963256836,37.55360804703565,36.59891469261955,37.1071338529194,166348800
2019-01-30,39.2444953918457,39.45823098230422,38.05231666544547,38.7695241919444,244439200
2019-01-31,39.527099609375,40.13506210044691,39.080625569606816,39.4487289349215,162958400
2019-02-01,39.546104431152344,40.13031699712782,39.405985168485806,39.65059867839811,130672400
2019-02-04,40.669410705566406,40.76678067534809,39.72659254412772,39.75746683302016,125982000
2019-02-05,41.36524200439453,41.578981228642604,40.93064652495009,41.051762882070676,144406400
2019-02-06,41.37948989868164,41.69534616359386,41.0493850783774,41.476856235107945,112958400
2019-02-07,40.595787048339844,41.30824381331951,40.45329424584691,40.94251397800082,126966800
2019-02-08,40.64349365234375,40.70311969069085,40.16886907695841,40.30481819124638,95280000
2019-02-11,40.40974807739258,40.834288725227694,40.36681908607748,40.796127195647315,83973600
2019-02-12,40.757972717285156,40.78420831850001,40.47415220576565,40.56955604622166,89134000
2019-02-13,40.58864212036133,41.13720249620639,40.52663233986188,40.87723379732747,89960800
2019-02-14,40.73649978637695,40.84620963108841,40.39782441124615,40.476531198600185,87342800
2019-02-15,40.645877838134766,40.95116286674207,40.486080490292245,40.843836724374356,98507200
2019-02-19,40.767513275146484,40.8891527227653,40.424070350564264,40.47654155555973,75891200
2019-02-20,41.029876708984375,41.33754916104075,40.781833945449016,40.8295340569806,104457600
2019-02-21,40.79852294921875,41.11096283125137,40.61726108922249,40.97501734607539,68998800
2019-02-22,41.25404357910156,41.26119840907034,40.87482303362526,40.92252311317803,75652800
2019-02-25,41.554569244384766,41.945715831476846,41.48778838604835,41.53787584944258,87493600
2019-02-26,41.578426361083984,41.80977566356522,41.30176069059117,41.43055496170665,68280800
2019-02-27,41.70721435546875,41.73822105568102,41.196815683559215,41.311300281596466,111341600
2019-02-28,41.296993255615234,41.71676290033313,41.24213831860219,41.57604632138093,112861600
2019-03-01,41.73106002807617,41.77398901650412,41.234971094746605,41.566491627202,103544800
2019-03-04,41.94095993041992,42.39411639965305,41.4925709243222,41.9027983896276,109744800
2019-03-05,41.8646354675293,41.976732715355126,41.628515035862925,41.96242304785135,78949600
2019-03-06,41.623748779296875,41.85509811540578,41.48541592394316,41.65952294909317,83241600
2019-03-07,41.141963958740234,41.60466257047475,41.027482991072056,41.46871346445025,99185600
2019-03-08,41.239749908447266,41.27791144259841,40.42644995336146,40.62202508642293,95997600
2019-03-11,42.668392181396484,42.72086338701754,41.82170533647012,41.855095772839455,128044000
2019-03-12,43.14778137207031,43.56754731458191,42.7804829879991,42.93074174869042,129870400
2019-03-13,43.338584899902344,43.71780557424151,43.15016460861008,43.46737552238741,124130000
2019-03-14,43.82036209106445,43.9086110924784,43.5413127001033,43.86090735580744,94318000
2019-03-15,44.390384674072266,44.678976254213644,43.82274735566281,44.08748706861486,156171600
2019-03-18,44.84355545043945,44.931800829531916,44.31168852645204,44.314075897314986,104879200
2019-03-19,44.48816680908203,45.07488846111762,44.34267917125134,44.92224599185948,126585600
2019-03-20,44.8769416809082,45.19415263672283,44.05887055501057,44.41662677956,124140800
2019-03-21,46.5297737121582,46.82552016805965,45.270472092327076,45.32055956507145,204136800
2019-03-22,45.56621170043945,47.14987887158073,45.50181457067001,46.58939274805469,169630800
2019-03-25,45.0152702331543,45.78802127537282,44.50487154702467,45.67592404455743,175381200
2019-03-26,44.5501823425293,46.002675178612826,44.02309028279383,45.71169986519132,199202000
2019-03-27,44.95087814331055,45.258546900327964,44.4929506048766,45.017659015210214,119393600
2019-03-28,45.010498046875,45.21084063526759,44.72667756034346,45.065352975754955,83121600
2019-03-29,45.303855895996094,45.334862595503004,44.96756422056934,45.27523656677985,94256000
2019-04-01,45.61152648925781,45.716465238779,44.929404601308974,45.706926675834836,111448000
2019-04-02,46.27457809448242,46.37952050705975,45.56622044887009,45.575759013975,91062800
2019-04-03,46.59178161621094,46.86605990037226,46.06706963719681,46.09092150507348,93087200
2019-04-04,46.67287826538086,46.83505934250355,46.06469194760166,46.458222344190496,76457200
2019-04-05,46.98531723022461,47.009169100776084,46.730116044604905,46.85413922076049,74106400
2019-04-08,47.72467803955078,47.755681101848495,46.82790017839874,46.84698094558115,103526800
2019-04-09,47.581581115722656,48.38057152751511,47.51718397190465,47.77715627869409,143072800
2019-04-10,47.84870147705078,47.8773244498053,47.26675076793066,47.38600284310168,86781200
2019-04-11,47.450401306152344,47.939335555847514,47.32876549622773,47.90356138801222,83603200
2019-04-12,47.43131637573242,47.73421764754132,46.796898139641456,47.51002317734974,111042800
2019-04-15,47.517173767089844,47.66504879296179,47.226198455924894,47.36214754820143,70146400
2019-04-16,47.521949768066406,48.027577378944855,47.35738132962048,47.57203723861774,102785600
2019-04-17,48.447349548339844,48.50697558632508,47.369309762567,47.591116877015516,115627200
2019-04-18,48.6214599609375,48.69062456855269,48.301865248411815,48.44496556601438,96783200
2019-04-22,48.7812614440918,48.87904903492816,48.258936688334494,48.37580505098906,77758000
2019-04-23,49.48482894897461,49.54922607406308,48.630983846339284,48.757390726408396,93292000
2019-04-24,49.40851974487305,49.72334332507646,49.38228414324906,49.45621984620272,70162400
2019-04-25,48.96012878417969,49.55161802291001,48.921967248962424,49.329810923117755,74172800
2019-04-26,48.72638702392578,48.89333916149856,48.20644620773211,48.869487296438024,74596400
2019-04-29,48.80033493041992,49.12470072433398,48.621456815525065,48.75024745696415,88818800
2019-04-30,47.860618591308594,48.51173378273669,47.4885527676354,48.43064325999435,186139600
2019-05-01,50.20989227294922,51.352325495464314,49.90221989618125,50.05724976982913,259309200
2019-05-02,49.883140563964844,50.71790507301995,49.63986895589644,50.04770900660693,127985200
2019-05-03,50.50325393676758,50.52471843691336,50.140726608516964,50.298140221488424,83569600
2019-05-06,49.72333526611328,49.809196890304364,48.53558583087321,48.724002474337155,129772400
2019-05-07,48.38294982910156,49.47052812168986,47.898786717614094,49.103233348565844,155054800
2019-05-08,48.39249038696289,48.9744410929356,48.11821207126675,48.153986237910765,105358000
2019-05-09,47.87255096435547,48.10151289928511,46.90422474446259,47.79622789318936,139634400
2019-05-10,47.20934295654297,47.60918188331269,46.15349214662306,47.26680569139999,164834800
2019-05-13,44.465572357177734,45.36580015551606,43.778430559260165,44.942024719152,229722400
2019-05-14,45.16946029663086,45.418458147446515,44.39133698954681,44.63075954557267,146118800
2019-05-15,45.7105712890625,45.90929252430421,44.53740178105204,44.597257442752564,106178800
2019-05-16,45.50944519042969,46.08166501987308,45.21255987117796,45.468743789558665,132125600
2019-05-17,45.25086212158203,45.70576350698765,44.714554292361115,44.75525568761966,131516400
2019-05-20,43.83588409423828,44.137558916174555,43.163107155315394,43.93883771462418,154449200
2019-05-21,44.67626190185547,45.01145210514859,44.22135673647284,44.34585752053852,113459200
2019-05-22,43.761661529541016,44.46317163112691,43.70659535573083,44.21177717624734,118994400
2019-05-23,43.014652252197266,43.225341592569876,42.571719114130374,43.0481712599814,146118800
2019-05-24,42.849456787109375,43.608425880415304,42.765657427968044,43.1439455193887,94858800
2019-05-28,42.67228698730469,43.237324443115924,42.595673658588964,42.83748915813703,111792800
2019-05-29,42.468780517578125,42.94044331585505,42.138376171721504,42.23893322191725,113924800
2019-05-30,42.68906021118164,42.91172152723815,42.29880011361617,42.60526082042716,84873600
2019-05-31,41.91572189331055,42.61483553961218,41.896567644374954,42.193449369628034,108174400
2019-06-03,41.491943359375,42.5980747635717,40.76649306788243,42.042616150312135,161584400
2019-06-04,43.00987243652344,43.05536331158064,41.78402998710208,42.00429832390132,123872000
2019-06-05,43.704200744628906,44.290789049992995,43.36901055867717,44.12079739285381,119093600
2019-06-06,44.34585952758789,44.40571518469204,43.6108303047652,43.83349524890833,90105200
2019-06-07,45.526206970214844,45.94998600483363,44.477538442467015,44.65470883240894,122737600
2019-06-10,46.108009338378906,46.77599685145349,45.87816201203644,45.9236528950948,104883600
2019-06-11,46.64190673828125,46.92682015949159,46.35220749640894,46.6538785965326,107731600
2019-06-12,46.49348068237305,46.919652667642254,46.301941849451076,46.436017936506644,73012800
2019-06-13,46.48389434814453,47.11596983908178,46.35221484639415,46.615577503193705,86698400
2019-06-14,46.14631652832031,46.34982356084615,45.56212475815353,45.86140302948494,75046000
2019-06-17,46.42164611816406,46.67783004464345,46.009838968534694,46.18461643739985,58676400
2019-06-18,47.51342010498047,47.95395686657399,46.73769312332653,46.93880725536278,106204000
2019-06-19,47.374549865722656,47.85579164174734,47.240473790931375,47.8079041979227,84496800
2019-06-20,47.755226135253906,48.03056062202927,47.41284996964704,47.973097891587294,86056000
2019-06-21,47.59242248535156,48.08802900374868,47.44158508352656,47.597211960109185,191202400
2019-06-24,47.54454040527344,47.92282855213777,47.446376262360126,47.53496145541416,72881600
2019-06-25,46.823890686035156,47.70735721976239,46.75684898117826,47.50863597646825,84281200
2019-06-26,47.83662796020508,48.12154138959347,47.25004342203398,47.350600458294885,104270000
2019-06-27,47.822265625,48.26040936812675,47.78156422634431,47.95394511635136,83598800
2019-06-28,47.38652801513672,47.76481622109825,47.178231489393795,47.568487904600694,124442400
2019-07-01,48.25563049316406,48.95953359072476,48.04014794005199,48.64349397414677,109012000
2019-07-02,48.53814697265625,48.63391821311523,48.21013915067002,48.222111012389796,67740800
2019-07-03,48.94038009643555,48.94756248298667,48.52857288544068,48.66983135867862,45448000
2019-07-05,48.897274017333984,49.100784678008225,48.578841537594826,48.68658462459811,69062000
2019-07-08,47.889312744140625,48.21971347045251,47.5038421856941,48.07845500360109,101354400
2019-07-09,48.181400299072266,48.24604176393507,47.59960154221708,47.69297620031747,82312000
2019-07-10,48.65785217285156,48.77756346841761,48.25801688405682,48.32745148133247,71588400
2019-07-11,48.30351638793945,48.93559199528535,48.293941090035496,48.67701511228483,80767200
2019-07-12,48.67461013793945,48.8422052094691,48.41124384460819,48.47109948824724,70380800
2019-07-15,49.13191604614258,49.28993219429551,48.84221307681378,48.863760235202925,67789600
2019-07-16,48.9619255065918,49.34739606869253,48.722502887977654,48.983472665475254,67467200
2019-07-17,48.68659210205078,49.10318513012988,48.667437853715064,48.85418720836417,56430000
2019-07-18,49.239654541015625,49.29232780714967,48.770384620902945,48.84221213411293,74162400
2019-07-19,48.5046272277832,49.440770539487346,48.449561048653315,49.2707788735222,83717200
2019-07-22,49.613162994384766,49.615555905753254,48.748847061385405,48.758422360159166,89111600
2019-07-23,50.00102233886719,50.017783676941924,49.629916523049886,49.91004422158838,73420800
2019-07-24,49.960323333740234,50.075245181428414,49.601189363077445,49.72090068663171,59966400
2019-07-25,49.56526184082031,50.0967802425216,49.495827249145734,50.012980881065666,55638400
2019-07-26,49.737648010253906,50.21409660563263,49.59399300114856,49.67539580143556,70475600
2019-07-29,50.202125549316406,50.4319728369032,49.90524388391939,49.910033358512514,86693600
2019-07-30,49.98664474487305,50.3170490662959,49.63469326856571,49.981855270465864,135742800
2019-07-31,51.00658416748047,53.00097467114659,50.58999122184964,51.815833646333566,277125600
2019-08-01,49.902835845947266,52.20129358014215,49.49821484167997,51.21247736869341,216071600
2019-08-02,48.84700012207031,49.42400581448253,48.274780251307064,49.20852693471187,163448400
2019-08-05,46.28995895385742,47.56129222006281,46.10799911526764,47.40327609986838,209572000
2019-08-06,47.166259765625,47.422443742301255,46.45756714849681,47.001057560598184,143299200
2019-08-07,47.6546745300293,47.77917530974308,46.4048918709798,46.7855729428345,133457600
2019-08-08,48.70573425292969,48.72967797252302,47.73846862611717,47.932400333607646,108038000
2019-08-09,48.304386138916016,48.729771632927324,47.89581833034356,48.378888558753715,98478800
2019-08-12,48.18181610107422,48.559139553712626,47.862173717775995,47.97513018657987,89927600
2019-08-13,50.22224044799805,50.984093390193046,48.18181792423024,48.311599418361524,188874000
2019-08-14,48.727378845214844,49.61420571033035,48.688924793129885,48.82591597848995,146189600
2019-08-15,48.4846305847168,49.30175878721862,47.98714105517574,48.89800235789184,108909600
2019-08-16,49.62861633300781,49.787236519570556,48.98933158147647,49.0950783725183,110481600
2019-08-19,50.55390167236328,51.125890062869516,50.47699357474702,50.61878875414958,97654400
2019-08-20,50.55629348754883,51.27488825272847,50.54668181087362,50.68126728740163,107537200
2019-08-21,51.104251861572266,51.34698612513652,50.85430792354824,51.18836961984207,86141600
2019-08-22,51.060997009277344,51.536853889289645,50.65002720346251,51.23643854407338,89014800
2019-08-23,48.70093536376953,50.96246310509183,48.30679055271319,50.332790008185185,187272000
2019-08-26,49.626216888427734,49.79444876140259,49.282539799826424,49.47480636916046,104174400
2019-08-27,49.06623840332031,50.12129694945658,48.91482789577303,49.95546709208185,103493200
2019-08-28,49.39549255371094,49.441156273048314,48.864360275642376,49.05181915815829,63755200
2019-08-29,50.231849670410156,50.306355759343454,49.667070999812736,50.109281524994124,83962000
2019-08-30,50.16696548461914,50.57793166287148,49.79685169001332,50.508236909621736,84573600
2019-09-03,49.43634033203125,49.74396530148532,49.08064964869603,49.61178183792797,80092000
2019-09-04,50.27510452270508,50.34479926242044,49.825684383710225,50.08283798713356,76752400
2019-09-05,51.2580680847168,51.42389794369397,50.83267892479877,50.950443061493466,95654800
2019-09-06,51.253257751464844,51.532044060281095,51.073008551878715,51.443122295315995,77449200
2019-09-09,51.47196960449219,52.01752496664898,50.72694165520818,51.63299180966499,109237600
2019-09-10,52.08000946044922,52.0992364848002,50.88075361239367,51.39746659829906,127111600
2019-09-11,53.735897064208984,53.764739433347756,52.32754966606249,52.40926543357923,177158400
2019-09-12,53.61572265625,54.41602951693154,53.56044726361797,54.02669243174888,128906800
2019-09-13,52.57268524169922,53.062961469937115,52.156911432083696,52.8731005859375,159053200
2019-09-16,52.84906768798828,52.90434675357643,52.28669102458082,52.32754707272448,84632400
2019-09-17,53.04133987426758,53.070182245036186,52.661614385904336,52.86349631256455,73274800
2019-09-18,53.538818359375,53.558045380154766,52.73851149691622,53.12784858296348,101360000
2019-09-19,53.10382080078125,53.77674823327691,52.962021972267294,53.356166754377384,88242400
2019-09-20,52.327552795410156,53.48835829201576,52.26506771503566,53.204767926646866,221652400
2019-09-23,52.56547546386719,52.8346464382801,52.308318169456676,52.62075086028852,76662000
2019-09-24,52.31553649902344,53.471538013059494,52.19777601182611,53.12065122006928,124763200
2019-09-25,53.120643615722656,53.233600080826086,52.1857511921416,52.5246205874519,87613600
2019-09-26,52.8466682434082,53.09901788679732,52.591916597251874,52.87310494256668,75334000
2019-09-27,52.58951187133789,53.10382280973313,52.21939810228417,53.002880023860584,101408000
2019-09-30,53.827213287353516,53.97381610371218,53.06295484016568,53.089391533842786,103909600
2019-10-01,53.976226806640625,54.84863417143314,53.882497362527516,54.09158894337955,139223200
2019-10-02,52.62314987182617,53.733483667972635,52.375604286174486,53.608509874016455,138449200
2019-10-03,53.07017517089844,53.10382154299348,51.70268392792921,52.49577750833809,114426000
2019-10-04,54.557830810546875,54.6731929479549,53.80799525329293,54.22857675291312,138478800
2019-10-07,54.569847106933594,55.25959957952468,54.27664143090137,54.3799862186076,122306000
2019-10-08,53.93056106567383,54.81017807266463,53.91373971335013,54.27183612343445,111820000
2019-10-09,54.56264114379883,54.745292369499005,54.22857939735441,54.56264114379883,74770400
2019-10-10,55.29804229736328,55.38216004530796,54.62751698465318,54.778923796903236,113013600
2019-10-11,56.76888656616211,57.11255994872208,55.83158852183792,55.98540102647654,166795600
2019-10-14,56.687171936035156,57.230325218831695,56.3987739424967,56.45404933835654,96427600
2019-10-15,56.55499267578125,57.114963649042345,56.44924588810258,56.812146302927566,87360000
2019-10-16,56.32668685913086,56.535778479358626,56.04549847383867,56.08635452976861,73903200
2019-10-17,56.54537582397461,56.754463724015515,56.12239235171388,56.49971210622329,67585200
2019-10-18,56.81695556640625,57.09814389578318,56.307448635792866,56.37954905370019,97433600
2019-10-21,57.80231475830078,57.91767689190389,57.03565787328163,57.08372359535983,87247200
2019-10-22,57.67013931274414,58.20848130833189,57.58842354511688,57.95853733426326,82293600
2019-10-23,58.444007873535156,58.458430892193235,57.97295861174259,58.1844522125686,75828800
2019-10-24,58.54014205932617,58.83334775862676,58.11475286162288,58.763649338023576,69275200
2019-10-25,59.261138916015625,59.29718729410837,58.37191014032259,58.43920289088229,73477200
2019-10-28,59.854759216308594,59.90282494220439,59.29478452503203,59.46301639925722,96572800
2019-10-29,58.470436096191406,60.022984167085156,58.29740023636161,59.83552529068843,142839600
2019-10-30,58.463233947753906,58.95351389312253,57.97055566675113,58.82373239756854,124522000
2019-10-31,59.78505325317383,59.883590362494004,57.02123219032763,59.4197508487146,139162000
2019-11-01,61.48179626464844,61.508229290929656,59.881182643538374,59.9725064023454,151125200
2019-11-04,61.88555908203125,61.96967684280091,61.37605584677562,61.844699369305836,103272000
2019-11-05,61.796634674072266,62.051386280807854,61.601966131837685,61.7774039861912,79897600
2019-11-06,61.823081970214844,61.883165048582526,61.37366171752221,61.710125489509196,75864400
2019-11-07,62.53659439086914,62.75836715496231,62.218401564449074,62.37026665689407,94940400
2019-11-08,62.707725524902344,62.78003870673917,61.914656634334484,62.35819464781235,69986400
2019-11-11,63.204322814941406,63.26940470655906,62.25938848011843,62.264206908852415,81821200
2019-11-12,63.14646911621094,63.34654794595366,62.89577839042329,63.04763614769878,87388800
2019-11-13,63.75149917602539,63.82622526597904,62.93191772221306,62.946380361792585,102734400
2019-11-14,63.31037139892578,63.850329538427395,63.18020029158952,63.57793757671805,89182800
2019-11-15,64.06246185302734,64.06728028085237,63.39956388635737,63.5610658168469,100206400
2019-11-18,64.38549041748047,64.46503495810572,63.69366698470871,64.07211597134203,86703200
2019-11-19,64.19023895263672,64.60243902243361,63.973291934658384,64.57833216346258,76167200
2019-11-20,63.44294738769531,64.13958901338246,62.77040525583335,64.00942526376622,106234400
2019-11-21,63.15850830078125,63.64061589932131,62.95842952781536,63.56347691802414,121395200
2019-11-22,63.10307312011719,63.44054702045154,62.87648192495427,63.29832613946704,65325200
2019-11-25,64.2094955444336,64.22637107491714,63.281437000749,63.32723780841707,84020400
2019-11-26,63.708133697509766,64.39995717446843,63.276645181059905,64.3469250252043,105207600
2019-11-27,64.5638427734375,64.59759383329151,63.95397701165096,64.01905888316979,65235600
2019-11-29,64.42164611816406,64.60243651886985,64.09622192561758,64.26496257549509,46617600
2019-12-02,63.67678451538086,64.66269385769631,63.50563834538534,64.42645844153186,94487200
2019-12-03,62.541419982910156,62.560701052764436,61.77968898703024,62.26661508192712,114430400
2019-12-04,63.093421936035156,63.47187818362995,62.83790548569971,62.93192000275179,67181600
2019-12-05,64.01907348632812,64.09380694214096,63.332075950010655,63.58759242350244,74424400
2019-12-06,65.25569915771484,65.32560684844641,64.4337044765978,64.47709976941329,106075600
2019-12-09,64.34209442138672,65.27737714430648,63.85757384735053,65.08453701422351,128042400
2019-12-10,64.71815490722656,65.10142973249006,64.08658749828341,64.74708019873606,90420400
2019-12-11,65.27013397216797,65.34968584475796,64.72294450121728,64.7976705897848,78756800
2019-12-12,65.43647766113281,65.70163837389192,64.43851852305019,64.54940123697496,137310400
2019-12-13,66.3259506225586,66.36210722075081,65.30870330727501,65.43646152513958,133587600
2019-12-16,67.46131134033203,67.68549695987365,66.76708259212,66.77190101970982,128186000
2019-12-17,67.59390258789062,67.9217322522176,67.20580211215017,67.39141826173947,114158400
2019-12-18,67.43242645263672,67.95310384295401,67.28297418767556,67.446889100447,116028400
2019-12-19,67.49990844726562,67.77953184581898,67.24198637269039,67.3745630712442,98369200
2019-12-20,67.36007690429688,68.13385757058333,67.14794837558046,68.03261909048223,275978000
2019-12-23,68.45929718017578,68.5195606460034,67.58427047933793,67.62283998023321,98572000
2019-12-24,68.52436065673828,68.67382019117778,68.19894391383995,68.6256064889227,48478800
2019-12-26,69.8839340209961,69.90080955880055,68.62804531588958,68.6569706056224,93121200
2019-12-27,69.85740661621094,70.86260446261116,69.45243789154644,70.17559948118166,146266000
2019-12-30,70.27200317382812,70.55403936484663,68.75336713216096,69.77543291987965,144114400
2019-12-31,70.78545379638672,70.79268511683624,69.78990032835488,69.88873327875099,100805600
2020-01-02,72.40052795410156,72.46079141879511,71.15668916006118,71.4097927692221,135480400
2020-01-03,71.69664001464844,72.45595811976894,71.47246171476719,71.62914523544616,146322800
2020-01-06,72.26793670654297,72.3065062028637,70.56851011431775,70.81920816221287,118387200
2020-01-07,71.92803955078125,72.5330795245145,71.70867973246871,72.27756311117845,108872000
2020-01-08,73.08511352539062,73.38643082203993,71.63155918060959,71.63155918060959,132079200
2020-01-09,74.63749694824219,74.83033706552648,73.81068409472688,74.06137477592067,170108400
2020-01-10,74.80622863769531,75.37030104945943,74.30483992947904,74.87131787710281,140644800
2020-01-13,76.4044189453125,76.4309386915993,75.00389679896787,75.12201817653433,121532000
2020-01-14,75.3727035522461,76.55146021431688,75.24977111147209,76.34174457661803,161954400
2020-01-15,75.0497055053711,76.0524904138791,74.6182170498927,75.17264532410701,121923600
2020-01-16,75.98983001708984,76.10072010904894,75.23051169402191,75.59209254847153,108829200
2020-01-17,76.83108520507812,76.83349074089385,75.93195182564011,76.23808752279956,137816400
2020-01-21,76.31040954589844,76.90098699093934,76.1730071029982,76.45986173724447,110843200
2020-01-22,76.58280944824219,77.13481745633268,76.48879491769239,76.79493065234263,101832400
2020-01-23,76.95161437988281,77.03115890447519,76.08863757604202,76.63583446102108,104472000
2020-01-24,76.72985076904297,77.93993845348767,76.53941616685312,77.19749582877215,146537600
2020-01-27,74.47359466552734,75.1533609751762,73.49250366771739,74.74116092508633,161940000
2020-01-28,76.58039093017578,76.7515370876536,75.25459488094803,75.35342783283777,162234000
2020-01-29,78.18340301513672,79.02950436307852,77.46988569545148,78.20992276333985,216229200
2020-01-30,78.07010650634766,78.1231386457578,76.83591201430718,77.26740045058162,126743200
2020-01-31,74.60858154296875,77.78325671620777,74.31449554353281,77.3614124669731,199588400
2020-02-03,74.40367126464844,75.56795795185045,72.85128411079334,73.35267280813538,173788400
2020-02-04,76.86002349853516,77.05045810466474,75.60172207527795,76.00669078804627,136616400
2020-02-05,77.48674774169922,78.28463523931488,76.88411323556181,77.98572352193352,118826800
2020-02-06,78.39310455322266,78.39551744527337,77.19989265225486,77.75672634398214,105425600
2020-02-07,77.32752227783203,78.14180023144418,76.83702208588501,77.89292589511314,117684000
2020-02-10,77.69480895996094,77.69480895996094,75.83429386411699,75.91402717049185,109348800
2020-02-11,77.22604370117188,78.26262078747321,77.00858188468877,78.19013597325772,94323200
2020-02-12,79.05998229980469,79.06481216229898,77.675463503179,77.675463503179,113730400
2020-02-13,78.49700927734375,78.82320573508036,78.12974054369347,78.3327054260137,94747600
2020-02-14,78.516357421875,78.76523186182376,78.00894143905393,78.4656106619056,80113600
2020-02-18,77.07868194580078,77.25990141746018,76.01794043224491,76.19915990390432,152531200
2020-02-19,78.19497680664062,78.4245243735885,77.32029218115534,77.32029218115534,93984000
2020-02-20,77.39277648925781,78.44385067885128,76.88777921917897,77.95576899229526,100566000
2020-02-21,75.6409912109375,77.4290289157497,75.0248480652508,76.9868493533589,129554000
2020-02-24,72.04802703857422,73.49778279969091,69.88547911921196,71.8257352845529,222195200
2020-02-25,69.60758209228516,73.0990790994302,69.13641603822464,72.71731344350151,230673600
2020-02-26,70.7118148803711,71.9755209333374,69.22581713906433,69.23306562077462,198054800
2020-02-27,66.08949279785156,69.10498573923513,65.95418292617104,67.92102067511314,320605600
2020-02-28,66.05086517333984,67.27108062705318,61.94564270332902,62.16069333508348,426510000
2020-03-02,72.20023345947266,72.83571074634416,67.10434419306169,68.20615768991611,341397200
2020-03-03,69.9072265625,73.45429398937054,69.05669843915538,73.37456066472664,319475600
2020-03-04,73.14984130859375,73.30931532822694,70.82781935536424,71.62760069893737,219178400
2020-03-05,70.77706909179688,72.37904277817594,70.41221158595323,71.40529059680607,187572800
2020-03-06,69.8371353149414,70.26964775134793,67.95245619771107,68.13850549074616,226176800
2020-03-09,64.31355285644531,67.19372873000741,63.547595701787884,63.72881508116561,286744800
2020-03-10,68.94554138183594,69.21133137729244,65.08677501833562,66.96421319736713,285290000
2020-03-11,66.55101776123047,67.95003374263217,65.68841155580724,67.0246098194062,255598800
2020-03-12,59.978797912597656,65.23899494473845,59.92322498627828,61.841735279374994,418474000
2020-03-13,67.1647720336914,67.63594563074507,61.11928915474014,64.00430755021486,370732000
2020-03-16,58.52422332763672,62.60044826219108,57.9902283526449,58.46139822062626,322423600
2020-03-17,61.09751892089844,62.245238140623194,57.60360714495798,59.80481901443847,324056000
2020-03-18,59.60186004638672,60.40647473225053,57.29433197423103,57.934642818544056,300233600
2020-03-19,59.14518737792969,61.09269153777121,58.62085961850456,59.77583112302971,271857200
2020-03-20,55.39033126831055,60.84866031438535,55.09071377836536,59.72509749228031,401693200
2020-03-23,54.21360778808594,55.211524041383235,51.37208822817037,55.11004159498472,336752800
2020-03-24,59.652610778808594,59.848327192203485,56.61295613694801,57.110704962845915,287531200
2020-03-25,59.32399368286133,62.399890444761496,59.02920978154729,60.587696143364745,303602000
2020-03-26,62.445804595947266,62.503792458271775,59.52696298189895,59.565624014727966,252087200
2020-03-27,59.860408782958984,61.8248250722316,59.69368630258447,61.07095335601888,204216800
2020-03-30,61.56870651245117,61.74026255580425,60.26150926393229,60.585290832590246,167976400
2020-03-31,61.44304656982422,63.4243781505614,60.88972489834924,61.75957958595021,197002000
2020-04-01,58.2100944519043,60.09719207609643,57.78000065964953,59.56078230159109,176218400
2020-04-02,59.181434631347656,59.23459262853542,57.241178794751,58.07237254686632,165934000
2020-04-03,58.33091354370117,59.3674871060243,57.741345715951596,58.66677342106095,129880000
2020-04-06,63.4195556640625,63.574192418824516,60.25667324880632,60.62394199347429,201820400
2020-04-07,62.68501281738281,65.64976767726971,62.58111543792132,65.43229844270063,202887200
2020-04-08,64.2894058227539,64.6035165473233,63.1199373363336,63.48478743589154,168895200
2020-04-09,64.75332641601562,65.25591244712727,63.95838246710248,64.9248861243381,161834800
2020-04-13,66.0242691040039,66.1330036952468,64.23140190068074,64.83063671400997,131022800
2020-04-14,69.35871887207031,69.64867293181604,67.1840855454915,67.6552590491188,194994800
2020-04-15,68.72566223144531,69.18475002856255,67.80748663721087,68.23516188327974,131154400
2020-04-16,69.27173614501953,69.63659364674618,68.22308052874929,69.43845862105105,157125200
2020-04-17,68.3318099975586,69.33456350529407,66.89655138464681,68.7884865443206,215250000
2020-04-20,66.91345977783203,68.06118282102301,66.89413295001411,67.15992291899424,130015200
2020-04-21,64.84514617919922,66.99078550242736,64.13476539316186,66.75640806793423,180991600
2020-04-22,66.7129135131836,67.14783719048366,65.77057396314187,66.11125999851906,116862400
2020-04-23,66.4543685913086,68.07809487584751,66.41570756383898,66.65733345514633,124814400
2020-04-24,68.37287902832031,68.38254612868516,66.93037215656294,66.97870028455014,126161200
2020-04-27,68.42121887207031,68.7522452213369,67.64318307081028,68.09018514896542,117087600
2020-04-28,67.31212615966797,69.06391357506078,67.22031453053839,68.88269418726152,112004800
2020-04-29,69.52302551269531,69.99178036647727,68.59518290617446,68.79814778505363,137280800
2020-04-30,70.98970031738281,71.16608991336996,69.67284332982524,70.06185756526263,183064000
2020-05-01,69.84680938720703,72.24615310349837,69.06877359729275,69.16542249456992,240616800
2020-05-04,70.8350601196289,70.9631215704607,69.18233960605242,69.87097499683554,133568000
2020-05-05,71.8982162475586,72.72941009570229,71.14917433658927,71.2941513796541,147751200
2020-05-06,72.64000701904297,73.27064717863384,72.21474300795924,72.59892736503848,142333600
2020-05-07,73.39143371582031,73.73696428730197,72.96375861359095,73.26579092772248,115215200
2020-05-08,75.13829803466797,75.19159993074032,73.72338371341871,74.05046319414457,133838400
2020-05-11,76.32061767578125,76.81486350373997,74.4380975285037,74.64646215282984,145946400
2020-05-12,75.44841766357422,77.45449582037008,75.32727766040104,77.00385116379037,162301200
2020-05-13,74.53743743896484,76.54836579208815,73.46171369194431,75.62769739388037,200622400
2020-05-14,74.995361328125,75.05593133463293,73.05469595359499,73.77669309293739,158929200
2020-05-15,74.5519790649414,74.59801285788724,72.73487900802405,72.76880175811006,166348400
2020-05-18,76.30851745605469,76.6816307787651,75.18434194281018,75.87484151863012,135178400
2020-05-19,75.8675537109375,77.17101374486556,75.83605613168199,76.32545901161194,101729600
2020-05-20,77.34304809570312,77.41330397310716,76.68646396339064,76.72522965116472,111504800
2020-05-21,76.76640319824219,77.74521626092047,76.52896618682993,77.20492931373624,102688800
2020-05-22,77.26066589355469,77.34304019898961,76.4029926993938,76.5047461498377,81803200
2020-05-26,76.73731231689453,78.5568292652763,76.68158528035886,78.3775445124679,125522000
2020-05-27,77.07169342041016,77.21706291080646,75.85545038481993,76.59440888025136,112945200
2020-05-28,77.1056137084961,78.36304756047794,76.47084126097369,76.74703662948228,133560800
2020-05-29,77.03050231933594,77.80821903420895,76.67435043039059,77.34788852176631,153532400
2020-06-01,77.97782135009766,78.09896135300481,76.8536385740957,76.98447184749915,80791200
2020-06-02,78.33880615234375,78.36303562857958,77.27035057638682,77.71130190496551,87642800
2020-06-03,78.77008056640625,79.03174713400516,78.08684912120862,78.65863382513984,104491200
2020-06-04,78.09169006347656,78.89121109253435,77.71857679947686,78.59321142956854,87560400
2020-06-05,80.31582641601562,80.37639642085425,78.31217331772173,78.34124573703636,137250400
2020-06-08,80.79069519042969,80.82461794300563,79.30309967941871,80.01297837924804,95654400
2020-06-09,83.3418960571289,83.7343884798814,80.43938634656227,80.47088393003234,147712400
2020-06-10,85.48604583740234,85.9536443071339,83.85065638214942,84.28918244457279,166651600
2020-06-11,81.3818588256836,85.05482488773967,81.28010535582771,84.63083484447448,201662400
2020-06-12,82.08445739746094,84.26497730063338,80.97481830000675,83.51875818704126,200146000
2020-06-15,83.09962463378906,83.7513585021509,80.57748864910177,80.73981952151668,138808800
2020-06-16,85.30194091796875,85.57330073439438,83.51876362996565,85.15172849785749,165428800
2020-06-17,85.1832275390625,86.10631378252053,85.06208753447432,86.04574378022643,114406400
2020-06-18,85.21714782714844,85.6338697266432,84.60902265567091,85.13961645194037,96820400
2020-06-19,84.73016357421875,86.38735791979117,83.62294217777347,85.92218445110363,264476000
2020-06-22,86.94700622558594,87.08995051171077,85.07660467814306,85.12263846107449,135445200
2020-06-23,88.8028793334961,90.22021867227018,87.77076426941889,88.18991128978877,212155600
2020-06-24,87.23533630371094,89.3504433677871,86.86222303304002,88.43220009652119,192623200
2020-06-25,88.39344024658203,88.43220593644023,86.63206719010891,87.39040482402382,137522400
2020-06-26,85.6774673461914,88.50972079929527,85.52967271907464,88.28924513838203,205256800
2020-06-29,87.65205383300781,87.74654657742667,85.10811395697272,85.58540582946648,130646000
2020-06-30,88.38371276855469,88.66960869638378,87.22077209809864,87.24015123862776,140223200
2020-07-01,88.216552734375,89.00396260480164,88.16810117862731,88.46125786012283,110737200
2020-07-02,88.216552734375,89.75745712558465,88.10268825115901,89.12268481304834,114041600
2020-07-06,90.57638549804688,91.0439841546096,89.61210837219791,89.6436059572989,118655600
2020-07-07,90.29534149169922,91.73206023970783,90.18389475245895,90.95434344364946,112424400
2020-07-08,92.39832305908203,92.42982064230873,91.18449788463136,91.27172253001288,117092000
2020-07-09,92.795654296875,93.34320200495762,91.74900304495738,93.2899001154489,125642800
2020-07-10,92.95796203613281,93.01611424728237,91.78048512195744,92.39102788555245,90257200
2020-07-13,92.5291519165039,96.86838742692706,92.31594434218474,94.26145236714936,191649200
2020-07-14,94.06034088134766,94.25173670454006,90.97853984337321,91.91131166870977,170989200
2020-07-15,94.7072525024414,96.18273684605151,93.51038868590005,95.93318873658312,153198000
2020-07-16,93.54187774658203,94.39712579079603,92.94344589283693,93.58064343111674,110577600
2020-07-17,93.3528823852539,94.14756028670367,92.88043354830123,93.99250497104849,92186800
2020-07-20,95.3202133178711,95.45831468469305,93.09608481622666,93.44012565034129,90318000
2020-07-21,94.00464630126953,96.185166447433,93.75509818029391,96.11006023390243,103433200
2020-07-22,94.26870727539062,94.94951336084341,93.61939876725305,93.70661600246667,89001600
2020-07-23,89.97793579101562,94.07973387894577,89.16872158432245,94.00220251459487,197004400
2020-07-24,89.75502014160156,90.09906089295784,86.39217355477,88.17778283660986,185438800
2020-07-27,91.88227844238281,91.97434603902647,90.59335427077137,90.81624776325609,121214000
2020-07-28,90.37286376953125,91.63029754160469,90.36801343757494,91.45343048257014,103625600
2020-07-29,92.10515594482422,92.28929109136294,90.81864987240843,90.85499038980474,90329200
2020-07-30,93.21966552734375,93.32384416441144,90.8719714748946,91.27900014562395,158130000
2020-07-31,102.97869110107422,103.12890351490226,97.7115189842411,99.7079111699714,374336800
2020-08-03,105.57352447509766,108.19014587634089,104.56079571075499,104.85879541958222,308151200
2020-08-04,106.2785415649414,107.36880152265259,105.04048696818748,105.76248400195036,173071600
2020-08-05,106.66376495361328,106.98357631299436,105.53473931977294,105.99992015103618,121776800
2020-08-06,110.38516235351562,110.8794155123001,106.40692979133648,106.99566828403432,202428800
2020-08-07,107.87550354003906,110.363351174005,107.07939259345517,109.90704232526846,198045600
2020-08-10,109.44344329833984,110.46042737696229,106.79540187658976,109.31965534861051,212403600
2020-08-11,106.18860626220703,109.20557448641424,105.92889749318043,108.70800797992307,187902400
2020-08-12,109.71771240234375,109.97499163666492,107.08423344754698,107.27840393895296,165598000
2020-08-13,111.65945434570312,112.66187605488997,110.60848630688241,111.096349513322,210082000
2020-08-14,111.55994415283203,111.64974819993897,109.75170070282874,111.48470252378944,165565200
2020-08-17,111.2686767578125,112.70556367842538,110.64247058340116,112.68129051352851,119561600
2020-08-18,112.19583892822266,112.62059332113643,110.686140161124,111.02109052467661,105633600
2020-08-19,112.33663940429688,113.74925328645519,112.24198368199546,112.6036294278006,145538000
2020-08-20,114.82933807373047,114.94341528440668,112.36090456064325,112.37789651709356,126907200
2020-08-21,120.74676513671875,121.22976923366335,115.77592204362502,115.78805492165831,338054800
2020-08-24,122.19091796875,125.03313705599179,120.32685470533741,124.94817728665664,345937600
2020-08-25,121.18851470947266,121.53317587987507,119.46765321039159,121.06473415847236,211495600
2020-08-26,122.83656311035156,123.29287194891076,121.43851175938384,122.50404222890556,163022400
2020-08-27,121.36811828613281,123.77101327398971,120.22491675397727,123.43849242247208,155552400
2020-08-28,121.17152404785156,122.75888676117691,120.94822130817289,122.3414135230096,187630000
2020-08-31,125.28072357177734,127.1836302061131,122.32929317534541,123.86326545477932,225702700
2020-09-01,130.27098083496094,130.87292869764627,126.72732074484928,128.8923509024096,151948100
2020-09-02,127.57193756103516,133.96024518458114,123.30012802751692,133.58160758872046,200119000
2020-09-03,117.35845184326172,125.08655566898445,116.98952488777601,123.21278864677252,257599600
2020-09-04,117.43608856201172,120.09626245606614,107.65945674214083,116.57201739853643,332607200
2020-09-08,109.53325653076172,115.52350643380636,109.39733569135389,110.63033399373361,231366600
2020-09-09,113.90213012695312,115.66910798759174,111.9021462317051,113.84388047008285,176940500
2020-09-10,110.1837158203125,116.98949692716701,109.22255937183643,116.85357611251904,182274400
2020-09-11,108.73713684082031,111.87304145706314,106.7954022543771,111.23226548811466,180860300
2020-09-14,111.9992446899414,112.55263871695288,109.51382694155708,111.37789025284532,140150100
2020-09-15,112.17399597167969,115.36814991421778,110.300221999526,114.88271631943319,184642000
2020-09-16,108.86334991455078,112.62060910915572,108.7759754111815,111.87304453196484,154679000
2020-09-17,107.12548828125,108.93130194991431,105.54297733812126,106.52355532978139,178011000
2020-09-18,103.72745513916016,107.64975978247199,102.99930468969426,107.18374764280628,287104900
2020-09-21,106.87309265136719,106.97988866541388,100.09643446582953,101.49448598998192,195713800
2020-09-22,108.55268096923828,109.57209469594426,105.97988830045438,109.39733826871267,183055400
2020-09-23,103.99931335449219,108.84393936425928,103.65950385577868,108.36821643604246,150718700
2020-09-24,105.06725311279297,107.03811241012444,101.94105943821374,102.10610509006938,167743300
2020-09-25,109.00898742675781,109.16432976181966,104.53328824582925,105.27114952311253,149981400
2020-09-28,111.61090087890625,111.96041368995603,109.49440992627346,111.65944720543573,137672400
2020-09-29,110.76624298095703,111.95070223231198,110.26139526105185,111.21284844222973,99382200
2020-09-30,112.43611907958984,113.84388085140603,110.30992511829172,110.47497075139586,142675200
2020-10-01,113.38760375976562,114.2905107318788,112.45557195099242,114.21283956269843,116120400
2020-10-02,109.72742462158203,112.00896881944756,108.9507351859753,109.60121453266758,144712000
2020-10-05,113.10603332519531,113.25166489244758,110.2419779334605,110.59149073201426,106243800
2020-10-06,109.86334991455078,112.73711630408881,108.97985709448719,112.32934639868184,161498200
2020-10-07,111.72740936279297,112.18371817362878,110.80508099423795,111.28081129884058,96849000
2020-10-08,111.6206283569336,113.00896906250527,111.25169399711908,112.86333746821694,83477200
2020-10-09,113.5623550415039,113.59147987684435,111.57207401243367,111.92158685077898,100506900
2020-10-12,120.77587127685547,121.53314644573773,115.80502895311403,116.5623041219963,240226800
2020-10-13,117.572021484375,121.73704283997935,116.16426694681041,121.62053610441286,262330500
2020-10-14,117.65940856933594,119.4458008172495,116.1351472290792,117.47494141501437,150712000
2020-10-15,117.1933822631836,117.66910513115165,114.70796452850907,115.26135855246798,112559200
2020-10-16,115.55262756347656,118.0089281560019,115.34874631090426,117.74678982617324,115393800
2020-10-19,112.60118103027344,116.91182635817701,112.29050382279274,116.46522833536906,120639300
2020-10-20,114.08661651611328,115.513792607474,112.2613812832418,112.81477533834804,124423700
2020-10-21,113.46524810791016,115.25164013400696,113.05747826966751,113.27107023085922,89946000
2020-10-22,112.37787628173828,114.601163016686,111.25166679554484,114.02834752777623,101988000
2020-10-23,111.6885757446289,113.15458745033783,110.95071451824744,112.99924512599237,82572600
2020-10-26,111.6982650756836,113.15456575512079,109.5914777966803,110.68856238241843,111850700
2020-10-27,113.20311737060547,113.86330738232272,111.203133250019,112.12545415431511,92276800
2020-10-28,107.9604263305664,112.06719771840048,107.86334109500166,111.69827086040297,143937800
2020-10-29,111.96040344238281,113.52350020230705,108.93129515957777,109.09634821039327,146129200
2020-10-30,105.6886215209961,108.72743369464578,104.58183332192213,107.82452675254544,190272600
2020-11-02,105.6012191772461,107.45557903361015,104.19346473885868,105.93131786786421,122866900
2020-11-03,107.22259521484375,108.24200151383607,105.56241289323033,106.46531984784082,107624400
2020-11-04,111.6011962890625,112.22255078584597,109.07694271998845,110.81479612438059,138235500
2020-11-05,115.56234741210938,116.13516303960806,113.46527764397302,114.51380882447592,126387100
2020-11-06,115.43104553222656,115.92703675245446,112.94133225108231,115.07120221763194,114457900
2020-11-09,113.12610626220703,118.6404186508716,112.86352313794548,117.19133287792215,154515300
2020-11-10,112.78572845458984,114.36124218625869,110.99624681601809,112.37726248118744,138023400
2020-11-11,116.20909118652344,116.34524653114283,113.24284127027532,113.97224808212631,112295000
2020-11-12,115.9367446899414,117.22049998551182,115.31431832965924,116.33549051882304,103162300
2020-11-13,115.98538970947266,116.38412816982795,114.63355658842221,116.16044760960408,81581900
2020-11-16,116.9968490600586,117.66789824397613,114.90588149878657,115.65473585240478,91183000
2020-11-17,116.11181640625,117.35666927518157,115.6936229499769,116.26742672482064,74271000
2020-11-18,114.78916931152344,116.53002096182686,114.75999422898965,115.35324564020682,76322100
2020-11-19,115.38240814208984,115.79087409284412,113.60265410249275,114.36123584529591,74113000
2020-11-20,114.11811828613281,115.50885417388024,114.06949561951376,115.38242633677936,73604300
2020-11-23,110.72393798828125,114.39042656864258,110.62668524347754,113.96250558761568,127959300
2020-11-24,112.00768280029297,112.66901178958845,109.49852215679763,110.78228497711366,113874200
2020-11-25,112.8440933227539,113.54432503693381,112.0077062663623,112.37727712657373,76499200
2020-11-27,113.38868713378906,114.26397656378495,113.02885128250198,113.36923955530375,46691300
2020-11-30,115.78116607666016,117.64844554887398,113.6026659391683,113.75827627180732,169410200
2020-12-01,119.35038757324219,120.07979426970195,116.7147989337566,117.68734119570294,127728200
2020-12-02,119.70050811767578,119.98254627518949,117.57063810536371,118.66960823368215,89004200
2020-12-03,119.5643539428711,120.38128592155832,118.85439479194712,120.12842284343223,78967600
2020-12-04,118.89329528808594,119.48654668025314,118.18333614962214,119.23368360656494,78260400
2020-12-07,120.35211181640625,121.14959622013072,118.89329833984375,118.95164850453536,86712000
2020-12-08,120.96480560302734,121.54833690448348,119.7102251767506,120.9550855226028,82225500
2020-12-09,118.43621063232422,122.49171060296122,117.67762875809393,121.11070219500817,115089200
2020-12-10,119.85610961914062,120.46881600995408,116.85095750767795,117.1913458248472,81312200
2020-12-11,119.04891204833984,119.38930038520903,117.23998269251022,119.06835963048555,86939800
2020-12-14,118.43621063232422,119.96310188222377,118.20280253715556,119.23369509240086,79184500
2020-12-15,124.36872100830078,124.38817601169539,120.72168696233577,120.92591997852064,157243700
2020-12-16,124.30062103271484,124.84524231148528,123.08494323552482,123.91161007354079,98208600
2020-12-17,125.16620635986328,126.02204843734285,124.52432480175362,125.36071187570329,94359800
2020-12-18,123.18220520019531,125.5552106694522,122.65703149372492,125.41905534776451,192541500
2020-12-21,124.7090835571289,124.78688871478423,120.06033297589273,121.58722395031434,121251600
2020-12-22,128.25889587402344,130.7194269475822,126.09011564727457,127.99630527207523,168904800
2020-12-23,127.36415100097656,128.79377458393498,127.18908566358635,128.53119883757725,88223700
2020-12-24,128.34642028808594,129.79551379030826,127.5003131582361,127.71427367104259,54930100
2020-12-28,132.93682861328125,133.5689752639016,129.84413593469228,130.31096699096756,124486200
2020-12-29,131.1667938232422,134.97915839822994,130.6513475184492,134.25948649182007,121047300
2020-12-30,130.04835510253906,132.2560302372561,129.73713444926724,131.85728434018318,96452100
2020-12-31,129.04661560058594,131.040329904096,128.10324856194674,130.39844854670574,99116600
2021-01-04,125.85669708251953,129.94137159533847,123.27945861661561,129.85384635373498,143301900
2021-01-05,127.41275787353516,128.12272441766163,124.90359702782354,125.35097300302901,97664900
2021-01-06,123.12384033203125,127.4516575492309,122.9098798620693,124.21309026097016,155088000
2021-01-07,127.3252182006836,128.01572966594065,124.34924155623901,124.83551263774474,109578200
2021-01-08,128.42422485351562,128.98830121735807,126.65419059044255,128.79378086858412,105158200
2021-01-11,125.43850708007812,126.59583484109754,124.97169091120101,125.64274750135974,100384500
2021-01-12,125.26345825195312,126.12902035403391,123.37672370948479,124.97169257758259,91951100
2021-01-13,127.29605865478516,127.84067995815208,124.96196311469332,125.22453884607683,88636800
2021-01-14,125.37042236328125,127.40303206132965,125.22453212496984,127.20852658339784,90221800
2021-01-15,123.64900207519531,126.64443352578483,123.51284677470555,125.24397052656742,111598500
2021-01-19,124.32007598876953,125.17591790643084,123.4545139910682,124.27144590893572,90757300
2021-01-20,128.40480041503906,128.85217654796193,125.02035626619983,125.12733654756252,104319500
2021-01-21,133.11184692382812,135.83496806730975,129.92190967683482,130.1261500695179,120150900
2021-01-22,135.25143432617188,136.0100159621577,131.31263593020583,132.53803360991805,114459400
2021-01-25,138.99574279785156,141.10615779384105,132.79091821695442,139.14163304575837,157611700
2021-01-26,139.2291717529297,140.33786948106203,137.48831256904506,139.65709277779112,98390600
2021-01-27,138.1593780517578,140.33787848176394,136.55468894542827,139.4917564593141,140843800
2021-01-28,133.3258056640625,138.09127131319642,132.94651480242143,135.68909090953088,142621100
2021-01-29,128.336669921875,132.98542025799577,126.63472114242195,132.10040333112443,177523800
2021-02-01,130.45681762695312,131.66277536673383,127.3349504556567,130.07752674070377,106239800
2021-02-02,131.28347778320312,132.56722577893618,130.9139069960329,132.00314951845078,83305400
2021-02-03,130.26229858398438,132.0420525079875,129.94135789213308,132.03231758895785,89880900
2021-02-04,133.61761474609375,133.62733482885022,130.89449275235532,132.55754697261725,84183100
2021-02-05,133.20362854003906,133.8464691818489,132.32703847356598,133.77829722031976,75693800
2021-02-08,133.3497314453125,133.39843419416206,131.411474992241,132.49261062393538,71297200
2021-02-09,132.47312927246094,134.29451105529114,132.31730127973145,133.06726715184539,76774200
2021-02-10,131.8692626953125,133.42766158836056,130.90500170826476,132.93091432442992,73046600
2021-02-11,131.61602783203125,132.84325691578465,130.291393245221,132.3659937299951,64280000
2021-02-12,131.8498077392578,132.00565063537698,130.21350191599643,130.8563427159905,60145100
2021-02-16,129.7264404296875,132.47309953309198,129.33683338034655,131.96663266193272,80576300
2021-02-17,127.43758392333984,128.78170264078364,126.10321467381557,127.83692569620267,97918500
2021-02-18,126.33697509765625,126.61942728077476,124.09678225798234,125.8402278328021,96856700
2021-02-19,126.49278259277344,127.31095005461351,125.4506152038684,126.85317101046176,87668800
2021-02-22,122.72344207763672,126.34670679460257,122.33384236261952,124.68116782712916,103916400
2021-02-23,122.58708190917969,123.4149766498793,115.31133387912055,120.54169271715817,158273000
2021-02-24,122.09033203125,122.29487019049711,119.05147088701199,121.69099774824254,111039900
2021-02-25,117.84371185302734,123.17146835413952,117.4054168564186,121.43775757680415,148199500
2021-02-26,118.1067123413086,121.60335309106918,118.04826755034811,119.40212088348072,164560400
2021-03-01,124.4668960571289,124.60325484384613,119.5969181572381,120.53195302229754,116307900
2021-03-02,121.8663330078125,125.3727157063762,121.75919289657611,125.07077944616279,102260900
2021-03-03,118.88589477539062,122.44098002866822,118.6716145648539,121.56438254510716,112966300
2021-03-04,117.0060806274414,120.38584631369558,115.53535272389263,118.58395606502583,178155000
2021-03-05,118.26254272460938,118.76902459264008,114.51266119025206,117.8339897181949,153766600
2021-03-08,113.33414459228516,117.85348421909974,113.18804374548343,117.7853048147253,154376600
2021-03-09,117.94110107421875,118.88587781443627,115.7009160813788,115.93467289998051,129525800
2021-03-10,116.85999298095703,118.99303824849771,116.34376908141869,118.52552453136408,111943300
2021-03-11,118.78848266601562,120.00597696289303,118.10668883216246,119.35340180320566,103026500
2021-03-12,117.88270568847656,118.01906450044835,116.06133837242557,117.26909103460346,88105100
2021-03-15,120.76570892333984,120.77545095974142,117.28854502762586,118.25280599447676,92403800
2021-03-16,122.30460357666016,123.91169749251546,121.47670896273326,122.43122030505053,115227900
2021-03-17,121.51569366455078,122.58708734300565,119.15861865475401,120.82415767726631,111932600
2021-03-18,117.39567565917969,119.97676520351848,117.1911374972353,119.68456358302885,121229700
2021-03-19,116.86972045898438,118.27227638684158,116.56778422545804,116.78206442899135,185549500
2021-03-22,120.18130493164062,120.6488260443175,117.13270167198472,117.20088106018801,111912300
2021-03-23,119.3534164428711,121.0092059173222,118.96381673388366,120.12287382459728,95467100
2021-03-24,116.96712493896484,119.70405755554833,116.94764829711929,119.62613612617307,88530500
2021-03-25,117.45413970947266,118.49632225832028,115.90549008944214,116.43144866728201,98844700
2021-03-26,118.0580062866211,118.32098926109825,115.82755546141085,117.22036947257719,94071200
2021-03-29,118.23332977294922,119.39238695881983,117.59049651669116,118.48657071923124,80819200
2021-03-30,116.78204345703125,117.2690411299705,115.76908740559824,116.98658158794636,85671900
2021-03-31,118.97356414794922,120.30793336547684,117.99956854695249,118.48656634745086,118323800
2021-04-01,119.80146026611328,120.9507753854183,119.30472042335516,120.44430093685868,75089100
2021-04-05,122.62604522705078,122.87928615898178,119.86963594729222,120.6488353850815,88651200
2021-04-06,122.92797088623047,123.82404496077191,122.38253578537845,123.21043047231339,80171300
2021-04-07,124.57403564453125,124.59351228641088,121.88580577435263,122.55786509964642,83466700
2021-04-08,126.9700698852539,126.99928856495599,125.17792150755567,125.59673249128127,88844600
2021-04-09,129.54141235351562,129.58036563750287,126.1032091394081,126.42462946477704,106686700
2021-04-12,127.82722473144531,129.3953586938284,127.23308664974743,129.07393826976255,91420000
2021-04-13,130.9342041015625,131.15823376064404,128.49921542278324,128.99596262492872,91266500
2021-04-14,128.59661865234375,131.48938634080065,128.2362450900617,131.43094899145666,87222800
2021-04-15,131.0023956298828,131.48939338315375,130.1647588997771,130.34008581919048,89347100
2021-04-16,130.67127990722656,131.1680124141945,129.81415884861858,130.80763872455088,84922400
2021-04-19,131.33355712890625,131.9471790846723,129.87256379574342,130.0381412567294,94264200
2021-04-20,129.6485595703125,132.0056272235911,128.38236227240412,131.50889480005515,94812300
2021-04-21,130.02841186523438,130.27191076385841,127.88562452974153,128.9180574819885,68847100
2021-04-22,128.5089874267578,130.66150947358742,127.99277092528317,129.58037371612286,84566500
2021-04-23,130.8271026611328,131.60628729046172,128.72326849315886,128.72326849315886,78657500
2021-04-26,131.2166748046875,131.54782970744535,130.0868364590517,131.32381490404939,66905100
2021-04-27,130.89527893066406,131.88875868630524,130.62256132903624,131.49915149684074,66015800
2021-04-28,130.10635375976562,131.5089100143574,129.619355885921,130.81736649421998,107760100
2021-04-29,130.00894165039062,133.50559750247544,129.00572727008065,132.92119413868548,151101000
2021-04-30,128.0414581298828,130.08683981317637,127.66160046998598,128.3531289693404,109839500
2021-05-03,129.09336853027344,130.58359545105438,128.401839986388,128.60637073689202,75135100
2021-05-04,124.52532196044922,128.07067238199318,123.40522566029897,127.77847076247717,137564700
2021-05-05,124.76884460449219,127.05772538948398,124.6422204183204,125.84023086704354,84000900
2021-05-06,126.3661880493164,126.37592265450229,123.82405163749547,124.56429033642047,78128300
2021-05-07,127.03937530517578,128.0637957522919,126.3271401858517,127.66379062246624,78973300
2021-05-10,123.76121520996094,126.38570894939902,123.72218831224927,126.25888455817044,88071200
2021-05-11,122.8440933227539,123.19532046962064,119.78054551827158,120.4927732833166,126142800
2021-05-12,119.7805404663086,121.60500854306753,119.27320577012671,120.39520469554279,112172300
2021-05-13,121.9269790649414,123.0782463378904,121.23426847309511,121.5464761686261,105861300
2021-05-14,124.34658813476562,124.77587651193251,122.78554964091157,123.17581112527975,81918000
2021-05-17,123.19532012939453,123.83925269137897,122.12210663637244,123.7319305977149,74244600
2021-05-18,121.80990600585938,123.89779649597985,121.74161080080381,123.47826668103308,63342900
2021-05-19,121.65380096435547,121.87819629608094,119.86835967667767,120.16105765432343,92612000
2021-05-20,124.21001434326172,124.61003446523176,122.05382847219842,122.18066775166193,76857100
2021-05-21,122.37578582763672,124.88320615344152,122.16114162608143,124.70758884704348,79295400
2021-05-24,124.00511169433594,124.82466155300955,122.87336158160026,122.94165678285485,63092900
2021-05-25,123.80998229980469,125.19541091008112,123.24410353248182,124.7075784829674,72009500
2021-05-26,123.76121520996094,124.28806716363906,123.34168536408502,123.86853731776313,56575900
2021-05-27,122.22941589355469,124.53195020806949,122.03428889481324,123.36117332838509,94625600
2021-05-28,121.57573699951172,122.736762785055,121.51720038633076,122.51236002849775,71311100
2021-06-01,121.25379180908203,122.29773710604329,120.92207435192587,122.03431485733806,67637100
2021-06-02,122.01476287841797,122.19038014199401,121.02936192954658,121.25375721746093,59278900
2021-06-03,120.53181457519531,121.8099138277147,120.1317944601695,121.6440550967321,76229200
2021-06-04,122.82456970214844,123.08799935298282,120.83424294183042,121.04888711847525,75169300
2021-06-07,122.83433532714844,123.24410653680496,121.7903901347652,123.09775754946514,71057600
2021-06-08,123.65385437011719,125.33198067160176,123.13676116374079,123.5172639927203,74403800
2021-06-09,124.03437805175781,124.63928371308171,123.43923097435068,124.1124318358548,56877900
2021-06-10,123.03922271728516,125.06857651400928,122.87336400291547,123.9270603510902,71186400
2021-06-11,124.24903106689453,124.33684344114933,123.02946851727127,123.44899833208643,53522400
2021-06-14,127.30281066894531,127.36134728829198,123.9758479654745,124.70758548178374,96906500
2021-06-15,126.48326110839844,127.4198916269695,126.23934861668313,126.77595907590421,62746300
2021-06-16,126.98081970214844,127.70280593735949,125.331983991057,127.19546385620482,91815000
2021-06-17,128.58090209960938,129.32240559947226,126.49301177385304,126.63936820067508,96721700
2021-06-18,127.28329467773438,128.30771518043744,127.06865050509046,127.52720715689915,108953300
2021-06-21,129.07850646972656,129.18582857227696,126.06375134431808,127.12720634134745,79663300
2021-06-22,130.7176055908203,130.8151765627034,128.41507059443637,128.912661708904,74783600
2021-06-23,130.44442749023438,131.04934073165782,129.98587070972775,130.51273014944366,60214200
2021-06-24,130.16148376464844,131.36152922245495,129.69316099657445,131.1761533209972,68711000
2021-06-25,129.86878967285156,130.62979558487248,129.57609165578822,130.2102731739654,70783700
2021-06-28,131.49806213378906,131.95661867246497,130.1028902430498,130.1614268416497,62111300
2021-06-29,133.0103759765625,133.16648356087228,131.07859300425446,131.51763255879192,64556100
2021-06-30,133.625,134.06403942217588,132.56153042883813,132.85422833936676,63261400
2021-07-01,133.927490234375,133.98602685703514,132.45424909031448,133.27380646927242,52485800
2021-07-02,136.55197143554688,136.5909908825578,134.39577852908815,134.54212006442484,78852600
2021-07-06,138.5618438720703,139.66431846121773,136.65932898286508,136.65932898286508,108181800
2021-07-07,141.04971313476562,141.36191336128311,139.1862182535438,140.04478004189397,104911600
2021-07-08,139.75210571289062,140.55213093920304,137.24467816832617,138.13252320539087,105575500
2021-07-09,141.57656860351562,142.10341304013653,139.17646311232951,139.27403406481795,99890800
2021-07-12,140.98143005371094,142.75712026323748,140.49360503622404,142.64979816390084,76299700
2021-07-13,142.09364318847656,143.8693330567253,140.13259235448814,140.52284633857775,100827100
2021-07-14,145.51821899414062,145.92800517220743,144.0840120326278,144.49379821069462,127050800
2021-07-15,144.86448669433594,146.34747864637848,143.50833398770226,145.6059901139749,106820300
2021-07-16,142.82540893554688,146.11334481046933,142.32783277394142,144.84501166670194,93251400
2021-07-19,138.9813690185547,140.56193247731903,138.22036304802546,140.24971726518362,121434600
2021-07-20,142.5912628173828,143.51814236544809,139.47895135835654,139.96677643113202,96350000
2021-07-21,141.85948181152344,142.57171691870616,141.108242148076,141.98632105555998,74993500
2021-07-22,143.2254180908203,144.59132208932277,142.25951926436974,142.38635852395822,77338200
2021-07-23,144.94253540039062,145.09864294509043,143.3424702853048,143.9571344380385,71447400
2021-07-26,145.36207580566406,146.1816181027515,144.10347916841854,144.65960672609336,72434100
2021-07-27,143.1961669921875,145.57675557902394,142.00587269876928,145.48893575716545,104818600
2021-07-28,141.44972229003906,143.39127100475073,139.06913408549428,141.28386358886817,118931200
2021-07-29,142.09364318847656,142.98148812260095,141.0594567321274,141.16677881083731,56699500
2021-07-30,142.3082733154297,142.7668298895043,140.6008862507108,140.8643158519786,70440600
2021-08-02,141.97659301757812,143.37176538004852,141.71316334757606,142.79613544954273,62880000
2021-08-03,143.77178955078125,144.43522442777342,141.64486473611035,142.25952902121162,64786600
2021-08-04,143.37179565429688,144.1913382593153,142.7181117988245,143.6840108679653,56368300
2021-08-05,143.4790802001953,144.24008597517638,142.61075233452527,143.40102641721816,46397700
2021-08-06,142.7950897216797,143.74288917370467,142.296768169296,143.0002897194494,54126800
2021-08-09,142.74623107910156,143.3422697557146,142.18928521610837,142.8537139522462,48908700
2021-08-10,142.2675018310547,144.3292085832048,141.97436527249621,143.08827226738262,69023100
2021-08-11,142.521484375,143.36180086367284,142.19903578997616,142.70713794603233,48493500
2021-08-12,145.482177734375,145.63851920327534,142.5019837127135,142.84397881224007,72282600
2021-08-13,145.68736267089844,146.01957707570978,144.8763581583002,145.56033337689462,59375000
2021-08-16,147.66114807128906,147.72955306203514,143.11758362273994,145.14019753721752,103296000
2021-08-17,146.75241088867188,148.20829780218608,145.67758203815535,146.79148879708086,92229700
2021-08-18,143.01011657714844,147.27032560258291,142.80491649169554,146.37138432871737,86326000
2021-08-19,143.34230041503906,144.61254875765684,141.19265740190144,141.71052547158095,86960300
2021-08-20,144.79818725585938,145.10108950161558,143.42045616108942,144.06535347049768,60549600
2021-08-23,146.28341674804688,146.7524262457425,144.50506608373868,144.91545125791524,60131800
2021-08-24,146.1954803466797,147.40710449199298,145.73623655262395,146.02937310982574,48606400
2021-08-25,144.96429443359375,146.87943995254733,144.41711425947602,146.3811034364789,58991300
2021-08-26,144.16305541992188,145.70689371393732,144.13374326132688,144.95452843061085,48597200
2021-08-27,145.19882202148438,145.34538283026907,143.46932993010927,144.10444664756716,55802400
2021-08-30,149.61537170410156,149.97691325126357,145.20860233340446,145.5896753840009,90956700
2021-08-31,148.3548583984375,149.30265785841414,147.82720977662575,149.16586282859998,86453100
2021-09-01,149.01931762695312,151.43278500420377,148.85321040744938,149.33200056452,80313700
2021-09-02,150.1332550048828,151.17877201656754,148.91186498723962,150.3482208407517,71115500
2021-09-03,150.768310546875,151.09075913768157,149.58599904725085,150.24066197663203,57808700
2021-09-07,153.1036376953125,153.66058362239795,150.8562777588282,151.4230043452141,82278300
2021-09-08,151.559814453125,153.4456331023822,150.45567332943037,153.38700877891932,74420200
2021-09-09,150.54360961914062,152.53691096459315,150.4263460744376,151.93110647020356,57305700
2021-09-10,145.56033325195312,151.9213251437336,145.2965089144569,151.45231569560596,140893200
2021-09-13,146.12705993652344,147.95425407222461,145.34536758274155,147.18234237769772,102404300
2021-09-14,144.7298126220703,147.61230470977705,143.54751554982687,146.90878293557242,109296300
2021-09-15,145.6189727783203,146.01959220126037,143.01985176888803,145.15972903193406,83281300
2021-09-16,145.38446044921875,145.56034832894838,143.85040265204483,145.0424802595639,68034100
2021-09-17,142.7169189453125,145.4137565229727,142.423782481279,145.4137565229727,129868800
2021-09-20,139.66836547851562,141.52487196661303,138.0365905336095,140.50868223734292,123478900
2021-09-21,140.14710998535156,141.29034368063373,139.51199340756355,140.63566578658538,75834000
2021-09-22,142.51174926757812,143.0784609405733,140.4109501394529,141.14378392401113,76404300
2021-09-23,143.4693145751953,143.71359250338787,142.30654925147212,143.29342671393508,64838200
2021-09-24,143.5572509765625,144.09466540021555,142.2283784515029,142.32609558654582,53477900
2021-09-27,142.0427703857422,142.6192778120824,140.52825867374906,142.1404875521175,74150700
2021-09-28,138.6619415283203,141.43693551030117,138.44697573581755,139.9712677848058,108972300
2021-09-29,139.56088256835938,141.14379894035906,138.77919013309102,139.2091217179658,74602000
2021-09-30,138.2613067626953,141.075393254431,138.04634099404652,140.37187163149707,89056700
2021-10-01,139.38497924804688,139.64880358400276,135.9260103602956,138.65214546670163,94639600
2021-10-04,135.955322265625,138.95506236159227,135.1052398519007,138.51535016597074,98322000
2021-10-05,137.88021850585938,138.9843593851802,136.1702732054442,136.29730248452776,80861100
2021-10-06,138.74989318847656,138.89645401323804,135.20297213380132,136.27780121386797,83221100
2021-10-07,140.01031494140625,140.91903648455812,139.453369081024,139.78558344753552,61732700
2021-10-08,139.62930297851562,140.8800051828561,139.29708846695095,140.7334443423265,58773200
2021-10-11,139.5413360595703,141.49555969160025,138.56422424355534,139.0137022391212,64452200
2021-10-12,138.27110290527344,139.9712830193318,137.8118591085372,139.95173660619236,73035900
2021-10-13,137.68479919433594,138.16357433643927,136.01393179740973,138.00724781162134,78762700
2021-10-14,140.4696044921875,140.58686806127858,138.27110266842462,138.85737578524592,69907100
2021-10-15,141.52487182617188,141.58349614959462,140.22531132197605,140.4793699361988,67940300
2021-10-18,143.19573974609375,143.47909561279081,139.88333128324254,140.1666871499396,85589200
2021-10-19,145.3551483154297,145.75576773810008,143.19573955238386,143.64520263819782,76378900
2021-10-20,145.84371948242188,146.32250968957678,144.72981249251907,145.29653919398467,58418800
2021-10-21,146.05865478515625,146.21499623763387,144.4855043297612,145.40399172614036,61421000
2021-10-22,145.2867431640625,146.74263007605518,145.23788459644618,146.26385487822307,58883400
2021-10-25,145.2378692626953,145.95115656405432,144.24121124480388,145.27694716693773,50720600
2021-10-26,145.9022979736328,147.3874967354295,145.59938088122186,145.9120637213086,60893400
2021-10-27,145.44313049316406,146.30297893435568,145.09136956873004,145.94145225713464,56094900
2021-10-28,149.07791137695312,149.66416934171193,146.29313758834866,146.39085470391106,100077900
2021-10-29,146.37130737304688,146.50810238824585,143.05889994615762,143.85035788477583,124953200
2021-11-01,145.55055236816406,146.27360541935798,144.41709931929685,145.57986452377787,74588300
2021-11-02,146.5863037109375,148.10082985163274,145.2476505224247,145.25743118168475,69122000
2021-11-03,148.0226593017578,148.49166875101167,146.39088452432864,146.94783044977856,54511500
2021-11-04,147.50479125976562,148.94113176601576,147.192108353955,148.11059575284676,60394600
2021-11-05,148.033203125,148.9334561453401,146.83938576662882,148.6301118041856,65463900
2021-11-08,147.21124267578125,148.3169952703634,146.93725326087116,148.16042562432813,55020900
2021-11-09,147.57325744628906,148.17994599827716,146.83935422451017,146.9763488953236,56787900
2021-11-10,144.7453155517578,146.9078907486886,144.67682566721112,146.8002509889988,65187100
2021-11-11,144.69639587402344,146.22291262356347,144.51047128224292,145.7630135429795,41000000
2021-11-12,146.77088928222656,147.1720784304826,144.31474986015922,145.24435777936998,63804000
2021-11-15,146.7806854248047,148.620341460146,146.22291165316477,147.14273967083543,59222800
2021-11-16,147.75921630859375,148.23870523347338,146.1348398835429,146.72196856987298,59256200
2021-11-17,150.19577026367188,151.6733569463972,147.7494257967945,147.7592057993934,88807000
2021-11-18,154.48178100585938,155.26461435018126,149.76523586281957,150.41107449173293,137827700
2021-11-19,157.104248046875,157.5641620110988,153.1705218782956,154.2664794451428,117305600
2021-11-22,157.5641632080078,162.14371301680876,157.54458827093626,158.20998681834752,117467900
2021-11-23,157.9457550048828,158.3273840653617,155.6461857101391,157.66197074401728,96041900
2021-11-24,158.46438598632812,158.66009052581524,156.21374645397813,157.29992381912578,69463600
2021-11-26,153.44448852539062,157.00636502097973,153.0041495633598,156.14526203093936,76959800
2021-11-29,156.80087280273438,157.73048055072377,155.38198131594635,155.94953492440175,88748200
2021-11-30,161.75230407714844,161.9675835913138,156.48776584559891,156.55627065978888,174048100
2021-12-01,161.23365783691406,166.64497001692308,160.99880341826756,163.88548659020162,152052500
2021-12-02,160.24534606933594,160.6759050938818,154.4132690949476,155.33309702351337,136739200
2021-12-03,158.36654663085938,161.4195945786872,156.29205136899398,160.49976670029744,118023100
2021-12-06,161.77188110351562,164.27693555746282,160.7541933995356,160.76397340255957,107497000
2021-12-07,167.506103515625,167.89752761795768,164.72705957992557,165.4511829707639,120405400
2021-12-08,171.32237243652344,172.18349034092375,167.03637277945757,168.43568937410808,116998900
2021-12-09,170.8135223388672,172.95652208783176,170.187258867456,171.15601647393692,108923700
2021-12-10,175.59861755371094,175.77476213435622,170.94078267392138,171.4496265464153,115402700
2021-12-13,171.96826171875,178.2211185132973,171.76276218304858,177.23278564494396,153237000
2021-12-14,170.5885009765625,173.92531854630914,168.51400556372403,171.48875398461132,139380400
2021-12-15,175.45184326171875,175.6475478496639,168.6118581679586,171.35176719309973,131063300
2021-12-16,168.56292724609375,177.25234826512832,167.0853404452438,175.4322672390144,150185800
2021-12-17,167.46697998046875,169.74697513874438,166.0481029746897,166.28294252078598,195432700
2021-12-20,166.10679626464844,166.91898445345717,163.8659512088188,164.66834446331637,107499100
2021-12-21,169.27725219726562,169.48273676499653,165.49030091905374,167.87793543850688,91185900
2021-12-22,171.87039184570312,172.08567137280502,168.45528928513505,169.32618739702795,92135300
2021-12-23,172.49667358398438,173.05444739852442,171.50835560137864,172.07590942042998,68356600
2021-12-27,176.45970153808594,176.54776634572997,173.26967407814607,173.28923408120028,74919600
2021-12-28,175.4420166015625,177.4382418590108,174.69833332933095,176.293354548695,79144300
2021-12-29,175.5301055908203,176.7532777728696,174.316713410959,175.48117571727812,62348900
2021-12-30,174.37542724609375,176.69457190920295,174.26778749437727,175.6181743920382,59773000
2021-12-31,173.75897216796875,175.38333364161016,173.45561289396153,174.26780109643352,64062300
2022-01-03,178.10366821289062,178.9550062933326,173.89596741451703,174.0133871781769,104487900
2022-01-04,175.84326171875,179.013729963492,175.27570793184105,178.71038559647081,99310400
2022-01-05,171.16580200195312,176.30312460609773,170.89181265756935,175.7551459173302,94537600
2022-01-06,168.30848693847656,171.53766438344002,167.95621276391145,168.99346035254746,96904000
2022-01-07,168.4748077392578,170.40252790208424,167.35927553250582,169.1793559678694,86709100
2022-01-10,168.4944305419922,168.79777487885306,164.56070430318124,165.4511773077938,106765600
2022-01-11,171.32237243652344,171.42021724210562,167.15380744997546,168.62161391540354,76138300
2022-01-12,171.76272583007812,173.37730710526796,171.06797240622825,172.34005950483805,74805200
2022-01-13,168.4944305419922,172.82934594142114,168.10300645305696,172.00737775161056,84505800
2022-01-14,169.35556030273438,170.05031384521072,167.41804452412237,167.66267899736397,80440800
2022-01-18,166.1557159423828,168.83689986985863,165.77408681023036,167.82900716362772,90956700
2022-01-19,162.66232299804688,167.40823697043027,162.3785536255594,166.35141442818917,94815000
2022-01-20,160.97926330566406,166.0383024176851,160.65634400941124,163.39625309442948,91420500
2022-01-21,158.92434692382812,162.76021377251277,158.81670715554318,160.89120276470334,122848900
2022-01-24,158.1512908935547,158.8167044309835,151.3798104055977,156.58563920962845,162294600
2022-01-25,156.3507843017578,159.26682305990172,153.65002507588994,155.56795099632697,115798400
2022-01-26,156.2626953125,160.86181974023197,154.43283450239605,159.99092174206848,108275300
2022-01-27,155.80279541015625,160.32363543352318,154.88296745549835,158.96346843901696,121954600
2022-01-28,166.6743621826172,166.6939371213685,159.3059729952558,162.15352186578443,179935700
2022-01-31,171.02883911132812,171.24411862639118,165.87194061535732,166.5079991576081,115541600
2022-02-01,170.86248779296875,171.08754730875657,168.61184784118433,170.2753591337895,86213900
2022-02-02,172.0660858154297,172.105235689561,169.6099612749151,170.9994831805343,84914300
2022-02-03,169.18919372558594,172.4575215973305,168.42593537257994,170.7352853699913,89418100
2022-02-04,168.90504455566406,170.5804825811808,167.22960653014735,168.20939100229583,82465400
2022-02-07,168.18983459472656,170.43353483823722,167.49418092340588,169.36557317059368,77251200
2022-02-08,171.2957305908203,171.80522273077705,167.96445422996524,168.2583925780297,74829200
2022-02-09,172.71644592285156,173.0789614781724,171.36433825115836,172.49109962767872,71285000
2022-02-10,168.64048767089844,171.9325638827204,168.08201833200982,170.61965636290995,90865900
2022-02-11,165.23086547851562,169.58111126110254,164.64298876993468,168.8462728505392,98670700
2022-02-14,165.46600341796875,166.1518495458794,163.19289630795137,163.98651932384257,86185500
2022-02-15,169.2969512939453,169.45372039657573,166.80830532856646,167.51375134007887,62527400
2022-02-16,169.06182861328125,169.83585183660028,166.6123672162483,168.3759824121772,61177400
2022-02-17,165.46600341796875,168.43474911832254,165.06428820364812,167.57253401447812,69589300
2022-02-18,163.91795349121094,167.0924457737123,162.83039207397334,166.3870146722984,82772700
2022-02-22,160.99822998046875,163.32031494834902,158.87208401329053,161.6448765238355,91162800
2022-02-23,156.83412170410156,162.7911986729469,156.52058346872764,162.19352949330056,90009200
2022-02-24,159.45018005371094,159.55795697723642,148.9272861624803,149.49556312740296,141147500
2022-02-25,161.51744079589844,161.78197178113786,157.61788868761636,160.52784912782062,91974200
2022-02-28,161.781982421875,162.07592070846195,159.14636020433844,159.7636291111388,95056600
2022-03-01,159.90084838867188,163.23212509592508,158.6957174816516,161.37052533149114,83474400
2022-03-02,163.1929473876953,163.9767781865015,159.65592380274117,161.0668162505265,79724800
2022-03-03,162.8695526123047,165.4953825137644,162.2033064128783,165.06427499633645,76678400
2022-03-04,159.87142944335938,162.2033212553789,158.82306783943153,161.16475211398938,83737200
2022-03-07,156.07969665527344,161.68406601052743,155.8249430798264,160.05761991470098,96418800
2022-03-08,154.2572479248047,159.5872770933945,152.65040221518476,155.60935508972088,131148300
2022-03-09,159.6558837890625,160.10659124427465,156.1874531828048,158.21559935544633,91454900
2022-03-10,155.3154754638672,157.1476680762386,152.82681394352832,156.96150659042647,105342000
2022-03-11,151.60203552246094,156.0600575177212,151.37668929729986,155.7171269987306,96970100
2022-03-14,147.57513427734375,151.0043799732345,147.06565710961667,148.38835719355112,108732100
2022-03-15,151.9547576904297,152.42506496258488,147.33998157862231,147.8494586979721,92964300
2022-03-16,156.36380004882812,156.76551526978483,151.33751588171134,153.87515407206308,102300200
2022-03-17,157.3729705810547,157.74529344907543,154.44342469949348,155.40360925613626,75615400
2022-03-18,160.66505432128906,161.1549465596943,156.53036263312293,157.2652009907308,123511700
2022-03-21,162.03675842285156,162.98715054298916,159.71465909153343,160.20455132045697,95811400
2022-03-22,165.40725708007812,165.99511891868582,161.57629538795769,162.16415722656538,81532000
2022-03-23,166.7691192626953,169.14998832074127,164.26085849061369,164.59399656875675,98062700
2022-03-24,170.55113220214844,170.61970935790146,166.76916261119956,167.60197064721902,90131400
2022-03-25,171.1879119873047,171.7365887965073,169.25773574401006,170.36489677350076,80546200
2022-03-28,172.05015563964844,172.17751745210523,168.52292563460833,168.68948719730128,90371900
2022-03-29,175.3422393798828,175.39121664425457,172.7751938429614,173.11812439551318,100589400
2022-03-30,174.17628479003906,175.97908457885987,173.12790825883917,174.9405154603071,92633200
2022-03-31,171.08018493652344,174.43104638306448,170.87442359799343,174.2448849220912,103049300
2022-04-01,170.78627014160156,171.3447546015878,168.4641851666293,170.51193161925582,78751300
2022-04-04,174.83277893066406,174.88177115423625,170.91364025013027,171.04101704135246,76468400
2022-04-05,171.52110290527344,174.69561063609092,170.89404131095085,173.91177990560575,73401800
2022-04-06,168.35635375976562,170.1199686542609,166.69072328453476,168.87563829115544,89058800
2022-04-07,168.66012573242188,169.85546417791434,166.41642550623965,167.69994098041755,77594700
2022-04-08,166.65151977539062,168.30735775145232,165.7795122847829,168.30735775145232,76575500
2022-04-11,162.39927673339844,165.61296861541499,162.1543306146452,165.29944535757966,72246700
2022-04-12,164.2706756591797,166.4359910689201,163.27129126604743,164.62339868320723,79265200
2022-04-13,166.9552764892578,167.58233798502656,163.39866884231074,164.00613046155772,70618900
2022-04-14,161.94857788085938,167.80770011623432,161.70363174912274,167.17083120352376,75329400
2022-04-18,161.73304748535156,163.23211669383912,160.2633706181813,160.60628625032533,69023900
2022-04-19,164.01589965820312,164.4274222551572,160.59646173132168,161.68402299396155,67723800
2022-04-20,163.84934997558594,165.46600329408383,162.74220370933205,165.34841899344127,67929800
2022-04-21,163.0557403564453,168.06243992326603,162.55605562621574,165.49540922825548,87227800
2022-04-22,158.5193328857422,164.47642463552896,158.23520194954875,163.0949398073809,84882400
2022-04-25,159.58731079101562,159.87144172970685,155.2566649146805,157.862880430984,96046400
2022-04-26,153.6302032470703,159.05820246882445,153.55181869779824,158.9700254572649,95623200
2022-04-27,153.4048614501953,156.55975368530983,152.2389155403168,152.7582001127346,88063200
2022-04-28,160.33193969726562,161.19415486672693,155.717147988404,156.030686213781,130216800
2022-04-29,154.46299743652344,162.84015665375182,154.07108967503086,158.56829627206238,131747600
2022-05-02,154.7667694091797,155.03130046543404,150.17157761678854,153.54203875876948,123055300
2022-05-03,156.2560272216797,157.46117291588328,153.15991957685017,154.95291204808,88966500
2022-05-04,162.66383361816406,163.1145261346623,156.04048055543203,156.44219580516028,108256500
2022-05-05,153.60081481933594,160.76303686900772,151.8175999162394,160.5376906280676,130525300
2022-05-06,154.32691955566406,156.44636712680793,151.2851189689877,153.0807608024048,116124600
2022-05-09,149.20494079589844,152.90416000742098,148.6456508199546,152.0210492953049,131577900
2022-05-10,151.6089324951172,153.79707304983472,150.05859659800515,152.59997843272657,115366700
2022-05-11,143.74932861328125,152.53128118939546,143.07228159830737,150.61789721596364,142689800
2022-05-12,139.88328552246094,143.45494014257622,136.1938888181264,140.08934914213407,182602000
2022-05-13,144.34788513183594,145.31930242919321,140.422988536555,141.8751960845671,113990900
2022-05-16,142.80735778808594,144.75019240669823,141.47289233038416,142.81717961196202,86643800
2022-05-17,146.4379119873047,146.9579596403424,143.92596533868675,146.06504198237434,78336300
2022-05-18,138.1759796142578,144.59317839270622,137.27324030149254,144.09275951105042,109742900
2022-05-19,134.77114868164062,139.00022255113117,134.03523053806913,137.25364468817165,136095600
2022-05-20,135.0066375732422,138.05824551298795,130.12014512321653,136.47847391127468,137426100
2022-05-23,140.42295837402344,140.57013597581613,135.06546908443286,135.20283983686906,117726300
2022-05-24,137.724609375,139.3043807072169,134.75150167714628,138.1661572066265,104132700
2022-05-25,137.88162231445312,139.12776621000188,135.742545873108,135.8308524536192,92482700
2022-05-26,141.08035278320312,141.62983570012406,134.5650275340368,134.81033347711127,90601500
2022-05-27,146.83035278320312,146.86959515379783,142.53258704704527,142.6601509529846,90978500
2022-05-31,146.04539489746094,147.8312299883083,144.08294665114528,146.27108722583742,103718400
2022-06-01,145.9178466796875,148.8909545900905,144.90717205322113,147.08549081541827,74286600
2022-06-02,148.3708953857422,148.429766433254,144.1025647736461,145.05435330119587,72348100
2022-06-03,142.65037536621094,145.19174238635256,141.74765092180013,144.14182533230215,88570300
2022-06-06,143.3960418701172,145.7804234287984,142.17931899917454,144.26933043091793,71598400
2022-06-07,145.9178466796875,146.20239508903217,141.39440285018887,141.63970888221743,67808200
2022-06-08,145.1819305419922,147.0560572730291,144.69131847131706,145.79028471849585,53950200
2022-06-09,139.96180725097656,145.17210490927135,139.85387199936835,144.31844471982856,69473000
2022-06-10,134.5552520751953,138.117085018381,134.48655920841233,137.64610169004794,91437900
2022-06-13,129.4038543701172,132.6615109809625,128.97211331960065,130.37525676148604,122207100
2022-06-14,130.2672882080078,131.37607607962988,129.0113227305463,130.63035125622758,84784300
2022-06-15,132.88717651367188,134.7613181921413,129.67858439406757,131.76858160626196,91533000
2022-06-16,127.61798858642578,129.90424225906582,126.61713593346167,129.60006522049088,108123900
2022-06-17,129.08984375,130.58130861525225,127.37270152778396,127.62782938306579,134520300
2022-06-21,133.3189239501953,134.48658311474856,130.8168142802015,130.91492771438774,81000500
2022-06-22,132.80868530273438,135.17342395812105,131.39572023105475,132.25918724085466,73409200
2022-06-23,135.6738739013672,135.98785785879153,133.08344262037107,134.25110181028134,72433800
2022-06-24,139.0001678466797,139.24547379799503,137.1456554536271,137.27320436715587,89116800
2022-06-27,139.0001678466797,140.7958092069825,138.32312102548337,140.02063401634524,70207900
2022-06-28,134.8594512939453,140.7271675936439,134.7417091855751,139.46139501178652,67083400
2022-06-29,136.61582946777344,138.02879459026983,134.1038981265762,134.87907356263912,66242400
2022-06-30,134.15296936035156,135.77198324759192,131.25836106107414,134.67301697127326,98964500
2022-07-01,136.3214569091797,136.4293921589786,133.11286488498627,133.48571986150768,71051600
2022-07-05,138.902099609375,138.9511638153359,134.3590266331402,135.18326636531972,73353800
2022-07-06,140.23654174804688,141.41400763305737,138.43109305954474,138.69602774966668,74064300
2022-07-07,143.60214233398438,143.79838414491758,140.58977738452884,140.59958423477383,66253700
2022-07-08,144.27920532226562,144.77963926575595,142.27751446518533,142.53262737695925,64547800
2022-07-11,142.1499481201172,143.88671918371236,141.08041731246487,142.9349304914586,63141600
2022-07-12,143.12132263183594,145.66268901013973,142.32653364630602,143.02319425019243,77588800
2022-07-13,142.75828552246094,143.700252180436,139.4515504526769,140.30522551606126,71185600
2022-07-14,145.682373046875,146.15335651872334,140.56038100210378,141.3747989679362,78140700
2022-07-15,147.3504180908203,148.02746510063992,145.4174054581408,146.96774129904725,76259900
2022-07-18,144.3086395263672,148.7241480973096,143.9455764182645,147.9097302753274,81420900
2022-07-19,148.16485595703125,148.3905333334654,144.1516525247905,145.14268358851726,82982400
2022-07-20,150.1665496826172,150.83378994510406,147.54668278325192,148.28260095629702,64823400
2022-07-21,152.43316650390625,152.64903699884627,149.08718880462706,151.5991200487024,65086600
2022-07-22,151.19679260253906,153.34567541649065,150.52956751320949,152.47238671293337,66675400
2022-07-25,150.0782012939453,152.1289557716175,149.4207830391442,151.11829629325123,53623900
2022-07-26,148.7535858154297,150.21560020375307,147.96860350790257,149.40118236976926,55138700
2022-07-27,153.8461151123047,154.37598449377768,149.3030578563077,149.71517016840275,78620700
2022-07-28,154.39561462402344,154.68016301876492,151.51081343985047,154.0325515340952,81378700
2022-07-29,159.458740234375,160.55772152561576,156.50526076605678,158.2125962735302,101786900
2022-08-01,158.47747802734375,160.51842568191043,157.8691239569894,157.9868660422736,67829400
2022-08-02,157.00567626953125,159.36062329417274,156.6328212608233,157.0939978250213,59907000
2022-08-03,163.01077270507812,163.46212742924678,157.73178199101062,157.82008857109244,82507500
2022-08-04,162.69677734375,164.05087149041262,161.3426831970874,162.8930191834261,55474100
2022-08-05,162.4707794189453,162.96207295817032,160.1616937873522,160.36804367078585,56697000
2022-08-08,161.99913024902344,164.88793871959618,161.3407986917232,163.47301089783898,60276900
2022-08-09,162.04824829101562,162.93258559805665,160.40732977942574,161.16392597706255,63135500
2022-08-10,166.2930450439453,166.39129475740782,163.99377985120265,164.76019658442047,70170500
2022-08-11,165.55609130859375,168.0125588424397,165.26131220591463,167.09874512344325,57149200
2022-08-12,169.1032257080078,169.17199900038648,166.45022886043446,166.86292858705644,68039400
2022-08-15,170.17425537109375,170.37076978453467,168.36629877849532,168.53333677957454,54091700
2022-08-16,170.0170440673828,170.6852110892498,168.67090454328755,169.77139729331643,56377100
2022-08-17,171.5105743408203,173.08270464114312,169.5650561598673,169.76157057327157,79542000
2022-08-18,171.11753845214844,171.8544787813878,170.1054749327735,170.72450960712317,62290100
2022-08-19,168.53335571289062,170.71470043124475,168.3270058100883,170.01705694310306,70346300
2022-08-22,164.65211486816406,166.90223255698254,164.22959465128477,166.73519456201245,69026800
2022-08-23,164.31800842285156,165.77224787707962,163.74810620318166,164.1706263803019,54147100
2022-08-24,164.61279296875,165.18269520734955,163.35508285359487,164.40645810232692,53841500
2022-08-25,167.0692596435547,167.1773448089003,165.4185207470986,165.84102594330326,51218200
2022-08-26,160.7708740234375,168.07150295198872,160.71192120457525,167.59986540800332,78961000
2022-08-29,158.56988525390625,160.06340660842702,157.03705202563728,158.34387946257124,73314000
2022-08-30,156.14292907714844,159.72936621122975,154.9736479587286,159.30686092942906,77906200
2022-08-31,154.48236083984375,157.78385443277264,154.40375206464415,157.51855169061037,87991100
2022-09-01,155.20944213867188,155.66142374222144,151.97672265788725,153.91242016030444,74229900
2022-09-02,153.09689331054688,157.56766760419046,152.2715237467297,156.9682888748041,76957800
2022-09-06,151.8391876220703,154.3546082697241,151.01381803326322,153.74540904842692,73714800
2022-09-07,153.24427795410156,153.9419063408882,150.93519246411637,152.1241293530868,87449600
2022-09-08,151.77040100097656,153.6373103822705,150.02138227376568,151.94725947173376,84923800
2022-09-09,154.62969970703125,155.07187581808674,152.0553267593616,152.76279054534643,68028800
2022-09-12,160.58419799804688,161.39974706706778,156.52612358553827,156.81106723949068,104956000
2022-09-13,151.16119384765625,157.7445243311509,150.69937671737435,157.1156691952697,122656600
2022-09-14,152.60557556152344,154.3644145838136,150.93518075875835,152.0946261536245,87965400
2022-09-15,149.71676635742188,152.5368010537083,148.7440148881969,151.9570633678186,90481100
2022-09-16,148.0758514404297,148.71454195841454,145.7864220311532,148.57698038414023,162278800
2022-09-19,151.79002380371094,151.86863255679214,146.50371634850782,146.7100512063952,81474200
2022-09-20,154.1678924560547,155.32735289857166,150.41441795742156,150.72883799724963,107689800
2022-09-21,151.04327392578125,155.9758648340084,150.92536828428254,154.600234046477,101696800
2022-09-22,150.08033752441406,151.78020876552435,148.28220159016286,149.7266056194288,86652500
2022-09-23,147.81057739257812,148.83247642204518,145.97314422465584,148.55735322020942,96029900
2022-09-26,148.1446533203125,151.09241446222893,147.03432515906897,147.05398109807987,93339400
2022-09-27,149.117431640625,152.0258964191408,147.33895116498724,150.08037791467922,84442700
2022-09-28,147.23081970214844,148.01689223253555,142.317885128587,145.06913148839868,146691400
2022-09-29,139.99899291992188,144.16516723784525,138.2303333041484,143.55596808972413,128138200
2022-09-30,135.79354858398438,140.60823487907734,135.59703414181732,138.819918971248,124925300
2022-10-03,139.9695281982422,140.57874239032802,135.29241903979042,135.8033685254817,114311700
2022-10-04,143.55596923828125,143.67387488258018,141.7479977315321,142.504593932989,87830100
2022-10-05,143.85073852539062,144.81368463210958,140.51976901629106,141.56132388640066,79471000
2022-10-06,142.89761352539062,144.970872598081,142.6912786611767,143.27100136570334,68402200
2022-10-07,137.65061950683594,140.60821619318722,137.02176437961742,140.05795483791823,85925600
2022-10-10,137.97483825683594,139.41924206903255,136.15706165160717,137.97483825683594,74899000
2022-10-11,136.5599365234375,138.88867789955424,135.8131758038938,137.4639147607023,77033700
2022-10-12,135.93112182617188,137.91595234603557,135.75426331101272,136.7073741798383,70433700
2022-10-13,140.50013732910156,141.08968060374895,132.03022618093473,132.6394403890868,113224000
2022-10-14,135.97042846679688,142.00351358269472,135.78373449038298,141.79716366321318,88598000
2022-10-17,139.93020629882812,140.41166429206842,137.82747089841786,138.6135434297954,85250900
2022-10-18,141.24688720703125,144.1455159806622,138.1615644966325,142.95659405664904,99136600
2022-10-19,141.35494995117188,142.42596605805213,139.03604430161235,139.22273820875563,61758300
2022-10-20,140.89315795898438,143.34962560942563,140.16603813694184,140.52960554450746,64522000
2022-10-21,144.70559692382812,145.27549920361895,140.1660346242772,140.38220497154572,86548600
2022-10-24,146.84762573242188,147.6140424012265,143.45770354454174,144.62698448602487,75981900
2022-10-25,149.6873321533203,149.83472923085242,146.7592264620596,147.47651092815792,74732300
2022-10-26,146.7493896484375,149.3434189974195,145.46218795090752,148.33135548203074,88194300
2022-10-27,142.27857971191406,146.45457384887203,141.6202483177286,145.49164292829627,109180200
2022-10-28,153.0281219482422,154.75746986477446,145.24603383421282,145.619406740808,164762400
2022-10-31,150.66990661621094,151.55424402730603,149.27463469355658,150.49304812984573,97943200
2022-11-01,148.02671813964844,152.74313850206963,146.53319676946654,152.37958612806426,80379300
2022-11-02,142.5045928955078,149.5202635488904,142.47511648464766,146.35633217647393,93604600
2022-11-03,136.46170043945312,140.31344004952294,136.33395931941936,139.58632020230726,97918500
2022-11-04,136.19598388671875,140.41826915811382,132.25911500159168,139.84742136761483,140814800
2022-11-07,136.72744750976562,136.95381325392813,133.52874170596672,134.94601683421618,83374600
2022-11-08,137.29823303222656,139.1977641014015,135.31996282295734,138.19387385559912,89908500
2022-11-09,132.74136352539062,136.36329048249235,132.4657839221066,136.31407662091405,74917800
2022-11-10,144.5519561767578,144.5519561767578,137.2982811810409,139.0108242882595,118854000
2022-11-11,147.33729553222656,147.64240042758996,142.09141663457416,143.51854343102002,93979700
2022-11-14,145.93971252441406,147.90814675324938,145.10312196997452,146.61882473623606,73374100
2022-11-15,147.67190551757812,151.16587871608763,146.21526862726066,149.81750629168315,89868300
2022-11-16,146.441650390625,147.50460662223392,144.96532479416157,146.77629560614008,64218300
2022-11-17,148.34117126464844,149.0891706966127,143.84329285652703,144.11887238503797,80389400
2022-11-18,148.9021759033203,150.28992540848853,147.60301733738748,149.90608139833125,74829600
2022-11-21,145.67398071289062,147.99673387925796,145.38856433603218,147.79005667966175,58724100
2022-11-22,147.80970764160156,148.04592513732047,144.6110022662971,145.7920747269315,51804100
2022-11-23,148.68568420410156,149.4336837921187,146.98297781162248,147.09124229312135,58301400
2022-11-25,145.77235412597656,146.53020528404244,144.79797406560616,145.96919448681064,35195900
2022-11-28,141.94381713867188,144.32562115102257,141.11707822885703,142.8492952329401,69246000
2022-11-29,138.94192504882812,142.52447466230237,138.13487484288268,142.01267756953146,83763800
2022-11-30,145.693603515625,146.3727154723368,138.33166647034102,139.16824169255756,111380900
2022-12-01,145.9691925048828,146.77625749668832,144.29602693357575,145.87077983478045,71250400
2022-12-02,145.4771270751953,145.66413072697534,143.35121453595042,143.6563344518848,65447400
2022-12-05,144.31576538085938,148.5380503426706,143.46933803189978,145.43777233013495,68826400
2022-12-06,140.6544647216797,144.97517704731527,139.68008441838234,144.74881132681773,64727200
2022-12-07,138.71559143066406,141.10723230872713,137.7904247473433,139.9458630801939,69721100
2022-12-08,140.3985595703125,141.25483863673134,138.87303512029186,140.11314322681335,62128300
2022-12-09,139.91627502441406,143.27245818375033,138.67615214625445,140.09342685388958,76097000
2022-12-12,142.2095184326172,142.21935519606154,138.8336463442299,140.44776160871248,70462700
2022-12-13,143.174072265625,147.60304951034107,141.96348935709867,147.14046624112265,93886200
2022-12-14,140.94972229003906,144.3452679150581,138.9320744491566,143.05594605605327,82291200
2022-12-15,134.34561157226562,139.5619643292127,133.88302841156911,138.88285224146853,98931900
2022-12-16,132.38702392578125,135.47746472052233,131.61933586337778,134.5326248058533,160156900
2022-12-19,130.2808074951172,133.06614357854048,129.24739159594094,132.9775676474043,79592600
2022-12-20,130.2119140625,131.14691722297425,127.83994745250583,129.31627297471567,77432800
2022-12-21,133.31219482421875,134.6507305969255,130.65481182459862,130.88117753836192,85928000
2022-12-22,130.1429901123047,132.43621717922085,128.24345879689446,132.2295400503929,77852100
2022-12-23,129.7788848876953,130.33004413506166,127.59392142994787,128.8537182862033,63814900
2022-12-27,127.97771453857422,129.33593858388994,126.68839288069665,129.30641328011848,69007800
2022-12-28,124.05072021484375,128.9619612841453,123.883405115354,127.62342547026658,85438400
2022-12-29,127.56434631347656,128.42061016578208,125.71402134183822,125.96991231594082,75703700
2022-12-30,127.87931823730469,127.8990067839709,125.41878304163788,126.38331908581098,77034200
2023-01-03,123.09603881835938,128.83401910387516,122.21024188035268,128.22380927578908,112117500
2023-01-04,124.36567687988281,126.62937927760363,123.10588015763084,124.88731075622333,89113600
2023-01-05,123.04681396484375,125.75341088924934,122.79092293482029,125.12351256937882,80962700
2023-01-06,127.57418823242188,128.2336117453076,122.91884655664052,124.02117217456781,87754700
2023-01-09,128.09579467773438,131.30435066058786,127.83990374783173,128.41075122341888,70790800
2023-01-10,128.66668701171875,129.18832083166095,126.09787998496417,128.20410381019116,63896200
2023-01-11,131.38314819335938,131.402821722743,128.40097153395064,129.17849644752224,69458900
2023-01-12,131.30441284179688,132.14098840377943,129.36550386584642,131.76699610111268,71379600
2023-01-13,132.633056640625,132.7905349401524,129.5819934315568,129.9461488585014,57809700
2023-01-17,133.79446411132812,135.12314807764807,132.01303370787318,132.7019826183309,63646600
2023-01-18,133.07598876953125,136.42232060237055,132.8988218980733,134.6605787592018,69672800
2023-01-19,133.13502502441406,134.09955338686564,131.65869966602656,131.96380450388668,58280400
2023-01-20,135.6940155029297,135.84165708820683,132.1016288639502,133.14489665420894,80223600
2023-01-23,138.88284301757812,141.05796890647485,135.7235002594527,135.9400291721196,81760300
2023-01-24,140.2804412841797,140.90050277108796,138.08564168128757,138.0954784443646,66435100
2023-01-25,139.6210479736328,140.1820439497328,136.61918260935104,138.6663561197799,65799300
2023-01-26,141.68788146972656,141.9732977828438,139.6603818984353,140.9103416541343,54105100
2023-01-27,143.62677001953125,144.9062550377642,140.82176076743906,140.90049992434123,70555800
2023-01-30,140.74301147460938,143.25276748002082,140.59538495227355,142.67208313488993,64015300
2023-01-31,142.01268005371094,142.06189391275458,140.0344090710312,140.4477784546675,65874500
2023-02-01,143.13467407226562,144.29605796571016,139.08955653554688,141.69772563249788,77663600
2023-02-02,148.4396209716797,148.79392468833726,145.83143680858885,146.54991104174482,118339000
2023-02-03,152.06153869628906,154.8960886893848,145.496812581912,145.6936529941079,154357300
2023-02-06,149.3352508544922,150.6836384438328,148.40024764766747,150.1620046015634,69858300
2023-02-07,152.2091522216797,152.77999988075524,148.2624474794368,148.2624474794368,83322600
2023-02-08,149.52223205566406,152.14025265616812,148.78406936876726,151.45130381865607,64120100
2023-02-09,148.4888458251953,151.89424398332804,148.04595108381588,151.3529215136586,56007100
2023-02-10,148.85354614257812,149.1788354914484,147.08911426452642,147.32569243849323,57450700
2023-02-13,151.65298461914062,152.0571182724141,148.7648180243575,148.79438841262413,62199000
2023-02-14,151.0122528076172,151.57412024796835,148.70567235340334,149.94767374239032,61707600
2023-02-15,153.11183166503906,153.27940219693946,150.6968215839401,150.92353288699502,65573800
2023-02-16,151.51498413085938,154.09756497312395,151.16012443154224,151.3178281549916,68167900
2023-02-17,150.37156677246094,150.8151376986906,148.69584602843153,150.17442580979125,59144100
2023-02-21,146.3596649169922,149.1394018439348,146.29067235544917,148.05510409777494,58867200
2023-02-22,146.7835235595703,147.80866542554767,145.0585140913541,146.74408634882758,51011300
2023-02-23,147.26651000976562,148.19308888929672,145.13736699227027,147.94665897626774,48394200
2023-02-24,144.6149444580078,145.0880857046954,143.6390765358812,145.0092263234326,55469600
2023-02-27,145.8076629638672,147.039812645864,145.34437348016522,145.60067024018994,44998500
2023-02-28,145.304931640625,146.9510815880518,144.7332124606566,144.95007197860627,50547000
2023-03-01,143.2349090576172,145.12748883698703,142.9391901768966,144.73320702328428,55479000
2023-03-02,143.8263702392578,144.61494903595985,141.84506394442167,142.31822024697658,52238100
2023-03-03,148.8732452392578,148.95210462024477,145.2260853537234,145.9259379185379,70732300
2023-03-06,151.63330078125,154.06803024605406,151.26858921507775,151.59386356059247,87558000
2023-03-07,149.4351043701172,151.83039589059405,148.9718149331636,151.50510660246357,56182000
2023-03-08,150.68698120117188,151.278419098267,149.66183922588297,150.62784041964048,47204800
2023-03-09,148.43954467773438,152.33313497413033,148.08468493947933,151.3671337581158,53833600
2023-03-10,146.37939453125,148.78455331931613,145.50210448552664,148.0649820559655,68572400
2023-03-13,148.32127380371094,150.95314411845015,145.59082548311505,145.69925527320058,84457100
2023-03-14,150.4109649658203,151.2093955139033,147.95653254628945,149.11967456920323,73695900
2023-03-15,150.80526733398438,151.06154904978908,147.7791005346977,149.03096880678774,77167900
2023-03-16,153.6244354248047,154.22572509887632,149.47454848721353,149.98712698991974,76161100
2023-03-17,152.78656005859375,154.50171782493953,152.07684064085686,153.8511391851991,98944600
2023-03-20,155.1522674560547,155.5662829465371,151.94867858194203,152.85555389921097,73641400
2023-03-21,157.0054473876953,157.1237289497417,154.3045697408097,155.07344501678244,73938300
2023-03-22,155.57615661621094,159.82460651427928,155.5564380089166,157.0251659140942,75701800
2023-03-23,156.66043090820312,159.24302685232914,155.4282812343858,156.56186795883147,67622100
2023-03-24,157.9615936279297,158.0503047976887,155.59587218901564,156.5914437450547,59196500
2023-03-27,156.01974487304688,158.47419284355544,155.6155961034445,157.65604352005258,52390300
2023-03-28,155.39869689941406,156.22671283698608,153.75254688783264,155.71413440722972,45992200
2023-03-29,158.4741668701172,158.75016719414856,157.074446643704,157.09415020907082,51305700
2023-03-30,160.04144287109375,160.14987263415844,158.96701206310877,159.2232937572216,49501700
2023-03-31,162.54518127441406,162.64375926608275,159.59788883873148,160.120319104618,68749800
2023-04-03,163.79702758789062,163.91530912930577,161.87487733545584,161.92416632467473,56976200
2023-04-04,163.2647705078125,164.45748300799937,162.75219201536794,164.22091988909426,46278300
2023-04-05,161.4214630126953,162.69304993016723,159.48946069965245,162.38747921010668,51511700
2023-04-06,162.30860900878906,162.60432792623257,159.68659100348637,160.1104432538072,45390100
2023-04-10,159.71615600585938,159.71615600585938,157.79400566862077,159.11486640899105,47716900
2023-04-11,158.5037384033203,160.04145880285023,158.21787125365222,160.03160702009572,47644200
2023-04-12,157.81373596191406,159.7457382241708,157.49829842634344,158.9177372546322,50133100
2023-04-13,163.19578552246094,163.4323637150449,159.11490570596376,159.32191350458623,68445600
2023-04-14,162.85076904296875,163.94491858408577,161.48061917083933,162.23961256067847,49386500
2023-04-17,162.87045288085938,163.02817163401676,161.68759231395518,162.73245273206868,41516200
2023-04-18,164.0927734375,165.01935243982652,163.2844759960185,163.72806193096773,49923000
2023-04-19,165.2362060546875,165.7586363174907,163.17604035173306,163.43233711220313,47720200
2023-04-20,164.2701873779297,165.47276665465435,163.1957564794937,163.71818673436218,52456400
2023-04-21,162.66346740722656,164.0730393438838,162.14103717495192,162.69303779464673,58337300
2023-04-24,162.96902465820312,163.23517316391397,161.5495860155954,162.64373538253156,41949600
2023-04-25,161.43128967285156,163.93501063055905,161.39185246923566,162.8310095834926,48714100
2023-04-26,161.4214630126953,162.91976126426218,160.47518046288778,160.73146218660858,45498800
2023-04-27,166.00506591796875,166.1529178634098,162.83104713478986,162.83104713478986,64902300
2023-04-28,167.2569122314453,167.42449781718415,165.48262879614657,166.08391841749662,55275900
2023-05-01,167.168212890625,168.01593249804148,166.2317821133474,166.86264216717663,52472900
2023-05-02,166.1331787109375,167.917343863649,165.14745908753102,167.6610471353951,48425700
2023-05-03,165.0587615966797,168.47921017635485,164.77290950021637,167.07949000013943,65136000
2023-05-04,163.4224395751953,164.6545890277647,161.96357883480147,162.53529798570008,81235400
2023-05-05,171.09136962890625,171.81094077356033,168.32148473339686,168.5383442631647,113453200
2023-05-08,171.02236938476562,171.3673772990156,169.65221959190652,170.01693107088172,55962800
2023-05-09,169.3170928955078,171.06180609803263,169.14952233576255,170.57881302608763,45326900
2023-05-10,171.08151245117188,171.54480192353225,169.44521410372417,170.5492304195713,53724500
2023-05-11,171.26878356933594,172.0967844383617,169.71134476851833,171.36736154745756,49514700
2023-05-12,170.34095764160156,171.8117019924622,168.79122976444327,171.3773829679925,45533100
2023-05-15,169.847412109375,170.97268634600138,169.2551561693846,170.92332917405315,37266700
2023-05-16,169.847412109375,170.903583292935,169.58089543020992,169.76844364659667,42110300
2023-05-17,170.45941162109375,170.69630196545663,168.21872838992437,169.4920742376562,57951600
2023-05-18,172.78890991210938,172.97645812210007,170.35081330561755,170.76538642479474,65496700
2023-05-19,172.89749145507812,174.11159953538055,172.68033195301507,174.11159953538055,55809500
2023-05-22,171.9499053955078,172.45332751081392,171.2095929310653,171.73274586766902,43570900
2023-05-23,169.343994140625,171.140492823502,169.06761204505847,170.89372201948225,50747300
2023-05-24,169.62037658691406,170.19288666082696,168.317434571077,168.88006417332414,45143500
2023-05-25,170.75555419921875,171.6537886011476,169.47234283142473,170.1830440486123,56058300
2023-05-26,173.1639862060547,173.49960591702484,170.87396117733175,171.08125526170468,54835000
2023-05-30,175.00987243652344,176.6780456265802,174.28930584342234,174.6742677286896,55964400
2023-05-31,174.9604949951172,177.03337571367211,174.4768188110026,175.03946345752533,99625300
2023-06-01,177.76382446289062,177.79343575638538,174.64463768008144,175.40469602373648,68901800
2023-06-02,178.61270141601562,179.43198227661338,176.94452840385708,178.69166987914852,61996900
2023-06-05,177.26039123535156,182.56102285189482,175.7402747725204,180.27099781019854,121946500
2023-06-06,176.8951873779297,177.79342164547316,175.13816542041533,177.64536518975015,64848400
2023-06-07,175.5231475830078,178.86935913776645,175.02960596689772,176.135134367242,61944600
2023-06-08,178.23760986328125,178.50411146672758,175.16778069465795,175.60208462454239,50214900
2023-06-09,178.62257385253906,179.8761586114367,178.29683460490384,179.15559212759166,48900000
2023-06-12,181.41600036621094,181.51471470308874,178.6324337942364,178.92856174317663,54274900
2023-06-13,180.94223022460938,181.77137654932005,180.08347260699438,180.43882318354116,54929100
2023-06-14,181.57395935058594,182.00827838693002,179.66889592317074,181.00144926283193,57462900
2023-06-15,183.6073455810547,184.11076766616947,181.4061542027307,181.5838370156226,65433200
2023-06-16,182.5314178466797,184.57468723659963,181.88981981135748,184.31803597311566,101256200
2023-06-20,182.62025451660156,183.69618663444365,182.02801364300083,182.02801364300083,49799100
2023-06-21,181.58383178710938,183.015099412311,180.23151756348105,182.51167734169172,49515700
2023-06-22,184.58456420898438,184.63392138287654,181.29757524213758,181.36667829792557,51245300
2023-06-23,184.26866149902344,185.13729942612093,182.6202345686034,183.1532678644832,53117000
2023-06-26,182.87689208984375,185.62098193195177,182.83740033087778,184.41673933227065,48088700
2023-06-27,185.630859375,185.9565986299679,183.27173119056016,183.48889069387212,50730800
2023-06-28,186.8054962158203,187.44709427325768,185.17681495512898,185.50253915791174,51216800
2023-06-29,187.14111328125,187.6149240946042,186.49951518133068,186.63770623646846,46347300
2023-06-30,191.46453857421875,191.96794560784363,188.78953634841974,189.1547673916645,85213200
2023-07-03,189.97402954101562,191.37568580561538,189.28305928715224,191.27697146600818,31458200
2023-07-05,188.85861206054688,190.4872931571664,188.15777642969255,189.09551742767218,46920300
2023-07-06,189.33242797851562,189.53972207962792,186.756140199604,187.3878728511301,45094300
2023-07-07,188.217041015625,190.1813422528557,187.7827370048323,188.93762268666168,46815000
2023-07-10,186.1737823486328,187.5359621262765,184.6240543335807,186.81538047079187,59922200
2023-07-11,185.65060424804688,186.85484691926047,184.18972537508213,186.71665587805697,46638100
2023-07-12,187.31878662109375,189.22385000348103,186.03557542450565,187.22993768452707,60750200
2023-07-13,188.0788116455078,188.72042471252908,187.32863389417258,188.0393349477294,41342300
2023-07-14,188.22689819335938,188.71055932283986,187.18059240914323,187.77283329330808,41616200
2023-07-17,191.48428344726562,191.81002272437502,189.33243414864154,189.42126802557274,50520200
2023-07-18,191.2276153564453,191.81987127398517,189.93453883356673,190.85253399958415,48288200
2023-07-19,192.57994079589844,195.66950100927124,190.16157487576123,190.6057743707706,80507300
2023-07-20,190.63539123535156,193.9322456468904,190.01352397351403,192.57006595398724,59581200
2023-07-21,189.46075439453125,192.45161532627134,188.75991868585442,191.59285775033445,71951700
2023-07-24,190.26026916503906,192.392372294224,189.76672761078473,190.91174763146105,45377800
2023-07-25,191.11904907226562,191.92846454581797,190.42809382758358,190.83280156435973,37283200
2023-07-26,191.98765563964844,193.11292972833346,190.82290485561143,191.1683748904412,47471900
2023-07-27,190.72422790527344,194.6528150463848,190.06288393124004,193.48806403406496,47460200
2023-07-28,193.3004913330078,194.0901608500724,191.63231843190331,192.15547128634879,48291400
2023-07-31,193.91249084472656,193.95198260711592,192.7378594315981,193.52752900074864,38824100
2023-08-01,193.08334350585938,194.1888718595327,192.75760424557473,193.7052107356477,35175100
2023-08-02,190.0924835205078,192.65889079076135,189.37191700535638,192.52069974591456,50389300
2023-08-03,188.70069885253906,189.885195713569,188.22690312046603,189.09554118067888,61235200
2023-08-04,179.6392822265625,184.95966022717982,179.57017917093492,183.12368481919472,115956800
2023-08-07,176.53982543945312,180.76454006954836,175.05920073091434,179.7774569305225,97576100
2023-08-08,177.47755432128906,177.94148460917899,175.2862285117603,177.36897457174686,67823000
2023-08-09,175.8883514404297,178.59294967088076,174.72358547458126,178.53372709089916,60378500
2023-08-10,175.67120361328125,178.41529378720278,175.30598763799586,177.16169386807627,54686900
2023-08-11,175.73049926757812,176.5508864753638,174.5048729038775,175.2659575562626,52036700
2023-08-14,177.3811798095703,177.60851131506328,175.25607590732963,175.90843422608452,43675600
2023-08-15,175.39442443847656,177.40090780634856,174.99906405268155,176.80786722765603,43622600
2023-08-16,174.52464294433594,176.47180884084688,174.45544657600635,175.07815356283987,46964900
2023-08-17,171.98440551757812,175.4537406821077,171.47042491030345,175.08803154260252,66062900
2023-08-18,172.46875,173.0716844916875,169.96805819399307,170.30411608587545,61172200
2023-08-21,173.80308532714844,174.08973444525807,171.7274205434044,173.0420157807921,46311900
2023-08-22,175.177001953125,175.62178623446252,174.20835828322907,175.00897300604348,42038900
2023-08-23,179.0219268798828,179.44695366375947,176.264252478764,176.45205395893973,52722800
2023-08-24,174.33685302734375,179.00217866700072,173.9711287799832,178.57715186115848,54945800
2023-08-25,176.54100036621094,177.07473842454561,173.78332608108835,175.3252527852027,51449600
2023-08-28,178.10272216796875,178.49808262553688,176.48172016068384,178.00387451255935,43820700
2023-08-29,181.98716735839844,182.75813070921157,177.4206898063463,177.61837000977968,53003900
2023-08-30,185.47628784179688,185.67398314097,182.6000082560471,182.7976884731864,60813900
2023-08-31,185.69371032714844,186.9292303353549,185.30822868786927,185.664059053514,60794500
2023-09-01,187.2653045654297,187.7199674857303,186.09896582677092,187.29495583927402,45766500
2023-09-05,187.50253295898438,187.77928826308653,185.4367469097816,186.09898389331408,45280000
2023-09-06,180.79119873046875,186.66239298088038,179.3678770840619,186.21759365485326,81755800
2023-09-07,175.50315856933594,176.14563807720947,171.5297216636145,173.1507234483217,112488800
2023-09-08,176.115966796875,178.15211655476327,175.7304851357375,176.2840107997074,65551300
2023-09-11,177.2823028564453,178.21141635408188,175.2856982178241,177.98408488615974,58953100
2023-09-12,174.2577667236328,178.043402311121,172.79491507430095,177.4108165912451,90370200
2023-09-13,172.1919708251953,175.24617287306006,171.96462426919445,174.46531572894506,84267900
2023-09-14,173.70428466796875,174.06011513653888,171.56930185654795,171.9844348895405,60895800
2023-09-15,172.98272705078125,174.45547273170345,171.80652435113169,174.43570018321154,109259500
2023-09-18,175.90841674804688,177.30208708635865,174.1292647291417,174.43567131089117,67257600
2023-09-19,176.99566650390625,177.54917706999674,175.07813698421282,175.46361863431386,51826900
2023-09-20,173.45716857910156,177.61839243619755,173.3681996565953,177.1834868845125,58436200
2023-09-21,171.91519165039062,174.25774788080986,171.84601037143327,172.52801984046553,63149100
2023-09-22,172.76524353027344,175.0287248458324,172.03382526857388,172.6466384244914,56725400
2023-09-25,174.0403289794922,174.92001880772483,172.13267784152856,172.18210166869468,46172700
2023-09-26,169.96804809570312,173.1705067749598,169.67152023376326,172.7949188930673,64588900
2023-09-27,168.4557647705078,171.03553164114703,167.0917606780329,170.62039864934732,66921800
2023-09-28,168.71275329589844,170.03722730338785,165.67830850769053,167.37838547451082,56294400
2023-09-29,169.22671508789062,171.06516950648842,168.3667828862352,170.027329658855,51861100
2023-10-02,171.73728942871094,172.28092127496365,168.94994891630552,169.2365980179806,52164500
2023-10-03,170.40292358398438,171.61868620307462,168.84123947337378,170.26454593815689,49594600
2023-10-04,171.64834594726562,172.19197782627828,168.98950418793981,169.10810929534875,53020300
2023-10-05,172.88385009765625,173.4175881136583,170.6796715086417,171.77681389678688,48527900
2023-10-06,175.43399047851562,175.92819856079907,171.17390414032383,171.78673241813826,57266700
2023-10-09,176.91661071777344,176.9759132731787,173.76356081110382,174.76185568517045,42390800
2023-10-10,176.32354736328125,177.6381425852869,175.88864186643335,176.03691333055846,43698000
2023-10-11,177.71722412109375,177.76664794425923,175.54271164011269,176.13575227199846,47551100
2023-10-12,178.61668395996094,180.227791982292,176.96601576479657,177.98409824545533,56743100
2023-10-13,176.77822875976562,179.82253713140665,176.07644667980117,179.31845034069394,51427100
2023-10-16,176.64971923828125,177.00554962273654,174.46531311220224,174.7025383958498,52517000
2023-10-17,175.09791564941406,176.35320838797153,172.77514673671925,174.60370757241088,57549400
2023-10-18,173.80308532714844,175.52293478970745,173.08154578913502,173.54610256783715,54764400
2023-10-19,173.4275360107422,175.77995662188818,173.16065937849837,174.00080421032325,59302900
2023-10-20,170.8773956298828,173.3879661145723,170.64017031492207,173.27923973046956,64244000
2023-10-23,170.99598693847656,171.99428177951037,167.96154224302492,168.93020088937016,55980100
2023-10-24,171.43089294433594,171.65822442721412,169.4639394511676,171.045411263789,43816600
2023-10-25,169.11801147460938,171.0552987076063,168.67321213575732,169.88897487497013,57157000
2023-10-26,164.95677185058594,169.39476582537458,163.75090293239452,168.3964558542296,70625300
2023-10-27,166.2713623046875,167.00279566914165,164.89746448966903,164.97653958977486,58499100
2023-10-30,168.3173828125,169.18719386762373,166.91383366211736,167.06210513671374,51131000
2023-10-31,168.79183959960938,168.92032345051314,165.95507483465602,167.3882903979478,44846000
2023-11-01,171.95474243164062,172.2117251766134,168.14933458405196,169.01914553939386,56934900
2023-11-02,175.5130615234375,175.7206204672586,173.42750286114074,173.4868054165182,77334800
2023-11-03,174.6036834716797,174.77172746685503,171.34192267930985,172.2216123316697,79829200
2023-11-06,177.15380859375,177.35148879200258,174.16880291146146,174.33683183407777,63841300
2023-11-07,179.71380615234375,180.32661925220768,176.89681449142668,177.10437340755996,70530000
2023-11-08,180.7714385986328,181.32494925868284,179.48649451949703,180.23770048559436,49340300
2023-11-09,180.29698181152344,181.98716487212562,179.7039261272927,180.84061367506283,53763500
2023-11-10,184.48348999023438,184.65175539538808,181.6430032262288,182.07848170612579,66133400
2023-11-13,182.89993286132812,184.1172820619318,182.31600272709323,183.9094496896321,43627500
2023-11-14,185.51280212402344,186.17591157835597,184.38452385663774,185.77012344749633,60108400
2023-11-15,186.07693481445312,187.55162053928348,185.84930383072194,185.91859136162876,53790500
2023-11-16,187.75946044921875,188.99660829200764,186.7103463929358,187.62090049490251,54412900
2023-11-17,187.73968505859375,188.42259316852056,186.63120528706287,188.29392494435922,50922700
2023-11-20,189.4815673828125,189.93684445013852,187.92771748948175,187.93760923589429,46505100
2023-11-21,188.67991638183594,189.5508734120303,187.78917585688575,189.442003783256,38134500
2023-11-22,189.34300231933594,190.9463411053134,188.8679417719912,189.52115946327928,39617700
2023-11-24,188.0167999267578,188.93723076179566,187.30420149232032,188.90754041885276,24048300
2023-11-27,187.8386688232422,188.7096259421259,186.9578199559733,187.9673370617789,40552600
2023-11-28,188.44236755371094,189.11538388382388,187.45264920500045,187.82874701011957,38415400
2023-11-29,187.42295837402344,190.11499348364924,187.02707707633283,188.93722623545,43014200
2023-11-30,187.9969940185547,188.36320007044645,186.2550951920731,187.88812439803064,48794400
2023-12-01,189.2737274169922,189.59042941044567,187.2843840288066,188.37308016671426,45704800
2023-12-04,187.48233032226562,188.09596593756666,185.52269231677565,188.02667840765253,43389500
2023-12-05,191.43128967285156,192.4012092663407,188.22459731438218,188.2543027537032,66628400
2023-12-06,190.34263610839844,192.75753614335477,190.1347886146608,192.45072587794942,41089700
2023-12-07,192.27256774902344,192.99505783958267,191.5995514892092,191.63914867608756,47477700
2023-12-08,193.69778442382812,193.9749043529612,191.67875053796885,192.20330005396386,53406400
2023-12-11,191.19375610351562,191.50058143348204,189.45185749474888,191.12448368196934,60943700
2023-12-12,192.70806884765625,192.71796059458774,189.7488055095461,191.09482308550778,52696900
2023-12-13,195.92465209960938,195.96423418895137,192.8466274130704,193.08415015292962,70404200
2023-12-14,196.07308959960938,197.56755876987646,194.14314196862804,195.9840185786185,66831600
2023-12-15,195.5386505126953,196.36010340669733,194.97450383643803,195.4990533238864,128538400
2023-12-18,193.87591552734375,194.60831249977454,192.39133809002112,194.0738561652729,55751900
2023-12-19,194.91514587402344,194.9250376214273,193.87593852424982,194.14316672319833,40714100
2023-12-20,192.82681274414062,195.64750075817219,192.82681274414062,194.87552171417178,52242800
2023-12-21,192.67835998535156,195.05369307239374,191.51049958819766,194.08377332368417,46482500
2023-12-22,191.60948181152344,193.4008696387368,190.98595440796598,193.17322354105164,37149600
2023-12-26,191.06512451171875,191.89648427525853,190.84738527337694,191.6193643540786,28919300
2023-12-27,191.16407775878906,191.51048519395766,189.12526053943682,190.51087517820892,48087700
2023-12-28,191.58969116210938,192.65858885458314,191.18390299052217,192.14393105407996,34049900
2023-12-29,190.5504608154297,192.40122918172025,189.758683164504,191.9063700376295,42672100
