Price,Close,High,Low,Open,Volume
Ticker,META,META,META,META,META
Date,,,,,
2014-01-02,54.28400802612305,54.790039108553316,53.76805647256431,54.403076389632936,43195500
2014-01-03,54.13517761230469,55.216690632329474,54.105408629280106,54.591594978738534,38246200
2014-01-06,56.754615783691406,56.81414617426011,53.62914158902792,53.99625954251406,68852600
2014-01-07,57.46901321411133,58.09410887800986,56.77446668199599,57.25072878330139,77207400
2014-01-08,57.7765998840332,57.955198642283264,56.78438624264161,57.15150423015799,56682400
2014-01-09,56.77446365356445,58.50091320558089,56.208902201869975,58.19332941062098,92253300
2014-01-10,57.48884963989258,57.846047110539914,56.61570447274818,56.685159115930254,42449500
2014-01-13,55.47466278076172,57.796442779438514,54.94879077868783,57.4590900006566,63010900
2014-01-14,57.29042053222656,57.330106203511875,55.66318688969267,56.020384426224624,37503600
2014-01-15,57.1515007019043,58.11394908583559,56.82407218865613,57.52854292215487,33663400
2014-01-16,56.74469757080078,57.56823672130556,56.387503834371486,56.81415222385604,34541800
2014-01-17,55.861629486083984,57.36979473547849,55.63342079364199,56.85384316713341,40849200
2014-01-21,58.05442428588867,58.12388272991269,56.060076333065915,56.15929619310872,48669200
2014-01-22,57.06220245361328,58.848189961077146,56.655395029134176,58.39176882861721,61352900
2014-01-23,56.189056396484375,56.2386663187515,55.25637320388689,55.931078744704216,47951800
2014-01-24,54.026031494140625,55.98068972020053,53.97642157094013,55.71279537791897,55200700
2014-01-27,53.13304138183594,54.512217780400746,51.44627738233429,54.303853817666806,73924100
2014-01-28,54.710662841796875,54.84957215427233,53.579539828788306,53.59938455699835,48191200
2014-01-29,53.113197326660156,54.522142727021844,52.77584452248861,54.1847899228503,92995600
2014-01-30,60.60441207885742,62.01335365715041,59.98923688538228,61.63631140711641,150178900
2014-01-31,62.082801818847656,62.8765719056608,59.701487773413874,59.99915486783885,87794600
2014-02-03,61.00129699707031,63.273467247749615,60.22737153273206,62.5392274542787,74866600
2014-02-04,62.261409759521484,62.64837249744762,61.338650714469225,61.56685941157964,45985500
2014-02-05,61.70576477050781,62.668213210345954,60.79293004055404,62.251485299278706,51685100
2014-02-06,61.67600631713867,62.2911777800314,60.981455937746205,60.981455937746205,42086500
2014-02-07,63.819175720214844,64.06722910960778,61.735528763311926,61.785138684191644,60704300
2014-02-10,63.05517578125,63.98785523605483,62.97580065860441,63.79933979289589,43666100
2014-02-11,64.34504699707031,64.49388054309055,62.85672667684515,63.253613609569584,45675600
2014-02-12,63.94816589355469,64.55341681788379,63.55128649464124,64.41450751426622,47282100
2014-02-13,66.80574035644531,66.80574035644531,63.55128111301636,63.68026614974164,61911700
2014-02-14,66.56759643554688,67.05378647431014,66.20048230544593,66.97440758186049,36694900
2014-02-18,66.7759780883789,67.0141072319988,65.55555203359755,66.41878058795456,43809900
2014-02-19,67.53006744384766,68.54212973863395,66.47832325945323,66.52793697644897,62087100
2014-02-20,69.08783721923828,69.5641031261264,65.21820984447763,67.20263724486351,130928900
2014-02-21,68.0559310913086,69.4152665264205,67.91702178494556,69.1473721698602,70932400
2014-02-24,70.2288818359375,70.88374648692593,68.00632535104764,68.20476505559532,76620300
2014-02-25,69.30612182617188,70.44716903582037,68.90923485281726,70.39755532540502,52077000
2014-02-26,68.7207260131836,70.66546404257613,68.31391474464219,69.64348509769032,55322700
2014-02-27,68.40320587158203,69.46487408764858,68.33375122454922,68.8000852432045,41653700
2014-02-28,67.92693328857422,69.3358746000228,66.85534092353387,68.9290710134724,66783700
2014-03-03,66.88512420654297,67.52014032200431,65.99213042855382,66.43862353255379,56824100
2014-03-04,68.26428985595703,68.36350968909309,67.09347765698026,68.12538057556894,42013500
2014-03-05,71.01272583007812,71.40961277726231,69.07791237128995,69.14736701929802,74567700
2014-03-06,70.28841400146484,71.33024140152189,69.70301155933029,71.320317145048,46026500
2014-03-07,69.25650787353516,70.62575982866657,68.92907558970312,70.52653998901738,38927000
2014-03-10,71.46914672851562,71.58821508959633,69.96098533810633,70.21895543213063,59871600
2014-03-11,69.55416870117188,72.02477833386851,69.41525940905166,71.93548274750066,59408300
2014-03-12,70.3281021118164,70.79444374730079,68.46274313986841,69.31604750054419,46340500
2014-03-13,68.2940673828125,70.79444245135404,67.61936179765218,70.73491205471883,57091000
2014-03-14,67.19271850585938,68.88940316411544,66.93474080302798,67.95671978694914,48227000
2014-03-17,68.20476531982422,68.41312928140334,66.10127719150763,67.64912808894655,52197000
2014-03-18,68.6512680053711,69.05807168408005,67.7681984220868,68.22461581356039,40827000
2014-03-19,67.70865631103516,68.75048365544592,66.94465514312606,68.63141529408806,43981000
2014-03-20,66.44854736328125,67.69873864446735,66.2997138062371,67.48045043680115,44439000
2014-03-21,66.71643829345703,67.3911438235153,65.66469433218543,67.00418113701014,59999900
2014-03-24,63.600894927978516,66.83551362169172,62.8666589295247,66.66683911407212,85696000
2014-03-25,64.3847427368164,65.67462350167669,63.283384986663684,64.3847427368164,68786000
2014-03-26,59.91978073120117,64.44427247829971,59.899936004328595,64.23590852362958,97503900
2014-03-27,60.49526596069336,61.41802493525003,57.528545554915375,60.03884481634664,112650000
2014-03-28,59.54274368286133,61.46764072241563,58.87796230713544,60.86238974750402,67052000
2014-03-31,59.77094650268555,61.04097864792376,59.40382476039472,60.306738948336445,53011000
2014-04-01,62.132423400878906,62.172112858917245,59.77095742252356,59.98924187174432,59291000
2014-04-02,62.23164749145508,63.41238048908493,61.725616360331514,62.71783010842234,66277000
2014-04-03,59.02678298950195,62.67812520024237,58.669585522637504,62.06295388786146,83859000
2014-04-04,56.30812072753906,59.73125833933989,55.881468584865644,59.47328068865648,125214400
2014-04-07,56.50656509399414,57.54838861362114,55.0083204432495,55.46474157436714,108488000
2014-04-08,57.73691177368164,58.25286333341229,56.72485338170936,57.230884470192876,78836000
2014-04-09,61.92405700683594,61.97366693495011,58.729127674350615,59.16570412574308,100215000
2014-04-10,58.69935607910156,62.68805518182381,58.223094008104134,62.588835336405616,114988000
2014-04-11,58.07426071166992,59.84040349087718,56.86376269524067,57.15150176222305,91452000
2014-04-14,58.43146514892578,59.979319908994825,57.33010731820309,59.62212236551774,72325000
2014-04-15,58.62990188598633,59.21530806249029,55.44489713237752,58.82834536335953,108623000
2014-04-16,59.255001068115234,59.72133891516193,57.29041847280531,59.32445572161144,78774000
2014-04-17,58.4810676574707,60.10830112517473,58.26278324137188,58.83826515562538,88040000
2014-04-21,60.76316452026367,60.76316452026367,58.68943787691957,58.997021680600874,60364000
2014-04-22,62.53921890258789,62.946026307060755,61.73552834874807,62.16218047843843,60631000
2014-04-23,60.88222885131836,62.98572068397301,60.78300521747003,62.955955486315816,95908700
2014-04-24,60.39604568481445,63.154402290975376,59.30461215003508,63.104788578944195,138769000
2014-04-25,57.26065444946289,59.542745311300855,57.12174513043724,59.50305963800429,92502000
2014-04-28,55.702877044677734,57.85598276244939,54.23440120884489,57.59800507838711,107758000
2014-04-29,57.69721984863281,57.8262048858359,55.40520516956009,55.65325855878896,75557000
2014-04-30,59.31452178955078,59.383976431716995,56.714923480631136,57.13165511862257,76093000
2014-05-01,60.67386245727539,61.79506108720454,59.741179261588975,59.9594674622806,82429000
2014-05-02,59.98923110961914,61.40809680748593,59.71141252318179,60.82269065392555,54189000
2014-05-05,60.74332046508789,60.87230551354422,58.7192037239885,59.20538628969704,46057000
2014-05-06,58.07426071166992,60.67386306505518,58.03457504432392,60.5051847851053,55901000
2014-05-07,56.94313430786133,58.83826201296459,55.82193195076009,58.3123900493216,78587000
2014-05-08,56.31804656982422,58.36200810445471,56.060072679528524,56.78438820862217,61251000
2014-05-09,56.794307708740234,57.20111513032736,55.94100341346127,56.40734122821099,52584000
2014-05-12,59.36414337158203,59.43359802296657,57.52854588286252,57.52854588286252,48575000
2014-05-13,59.36414337158203,60.415887398259045,59.0466315274025,59.195465086080574,48525000
2014-05-14,58.76881408691406,59.97931595217548,58.49099547586837,59.066477425176544,47429000
2014-05-15,57.46901321411133,58.91764803036766,57.07213002218752,58.79857966629527,56814000
2014-05-16,57.5682373046875,57.994889483490354,56.86376651084828,57.85598017597217,47933000
2014-05-19,58.74897003173828,59.09624708451266,57.121740231294126,57.43924830040544,43034000
2014-05-20,58.10403060913086,59.721336075052406,57.726988375942994,59.03671004386446,53931000
2014-05-21,60.019004821777344,60.028925292791726,57.7964446000846,58.10403219145566,58992000
2014-05-22,60.048763275146484,61.001287355315434,59.92969871137392,60.46549114084756,54200000
2014-05-23,60.87229919433594,60.971522819380326,59.681645973757604,59.93961982888443,38294000
2014-05-27,62.985721588134766,63.01548678621924,61.09059368186508,61.14020360700409,55682000
2014-05-28,63.01548767089844,63.640583334410806,62.13241812204469,62.89642309189432,47795000
2014-05-29,63.33299255371094,63.79933413223403,63.015480736316235,63.34291302378844,42700000
2014-05-30,62.80712127685547,63.67034606491565,62.07288531896346,63.45206164270173,45253500
2014-06-02,62.58884048461914,63.09486779386615,61.5668578247755,62.73767026498835,35996000
2014-06-03,62.38046646118164,62.92618317096404,61.834749751399244,62.13241306719015,32217000
2014-06-04,62.84680938720703,63.09486278646424,61.58669766478105,61.96373989145047,36514000
2014-06-05,62.697975158691406,63.85886702291493,62.330857191541334,63.16431675547289,47352000
2014-06-06,62.01335525512695,62.98572421132796,61.66608197969617,62.87658010047977,42442000
2014-06-09,62.3903923034668,62.84680965162166,61.30887932675533,61.914130229088514,37617000
2014-06-10,65.25788879394531,65.30750250471799,63.005567126669185,63.03533232513701,69338000
2014-06-11,65.26781463623047,65.28766314901767,64.39466932333404,64.81139725198986,44242000
2014-06-12,63.7894172668457,65.95244335377056,63.56120479368849,65.33726815785982,55730000
2014-06-13,63.997779846191406,64.46412146867202,63.332998523501274,64.19621954640093,29419000
2014-06-16,63.69019317626953,64.37481541020331,63.253616771450496,63.66042797957532,31046000
2014-06-17,63.8985595703125,64.37481787563762,63.43221795093925,63.600892451992344,27715000
2014-06-18,65.0892105102539,65.2380440639413,63.55128397545477,63.98785281095174,35570000
2014-06-19,63.839027404785156,65.06937787363599,63.71004234578836,64.95030950149204,34245000
2014-06-20,63.997779846191406,64.30536365251295,62.85673264501338,63.95809039215164,46466000
2014-06-23,64.86100006103516,65.14874288816397,63.7199530072453,63.81917284453391,34560000
2014-06-24,65.20828247070312,66.64698923921196,64.76178178496667,64.85108495010974,57335000
2014-06-25,66.91488647460938,66.95457592633676,65.05944434879596,65.06936860422503,44308000
2014-06-26,66.60729217529297,67.4705206797742,66.37908730042261,67.4705206797742,47714000
2014-06-27,67.07364654541016,67.17286640428111,66.31956199200896,66.78590365569141,46461000
2014-06-30,66.76605987548828,67.39115177281045,66.60730205204727,66.93473438540208,27102800
2014-07-01,67.53006744384766,67.9071135250384,66.86528602805082,67.05380906864619,33243000
2014-07-02,65.93258666992188,67.76818777393599,65.27772967026438,67.51021013407647,41895000
2014-07-03,65.77384948730469,66.47832033167437,65.24797741826747,66.33941101419246,25203200
2014-07-07,64.78162384033203,66.05165597808276,64.61294935297204,65.78376164933385,28745000
2014-07-08,62.27132797241211,65.04952547841296,61.725611213464674,64.55341864573442,68926000
2014-07-09,64.46412658691406,64.61296015888277,62.65829791966899,62.916271821420445,51432000
2014-07-10,64.36489868164062,64.8312327128534,62.559066455176705,62.81704410966919,44422000
2014-07-11,65.82345581054688,66.07150924529266,64.28552905711705,64.77171166962157,39212000
2014-07-14,67.37132263183594,67.6392170433347,66.37910877148487,66.60731372017065,38537000
2014-07-15,66.64698791503906,67.55982264064583,65.74407744535978,67.43083759354572,44213200
2014-07-16,67.1331787109375,67.41099731974595,66.54776872524313,67.0141103485956,29541600
2014-07-17,65.8929214477539,67.32170415819967,65.52579962014447,66.50808915294914,38188000
2014-07-18,67.88725280761719,67.92694226008159,65.64485551829608,66.2798716177485,42456000
2014-07-21,68.85962677001953,69.4152639750491,67.9666329976583,68.27421679758693,49539000
2014-07-22,68.73064422607422,69.22675110897353,68.07578707704208,69.21683442170854,40398000
2014-07-23,70.73491668701172,70.77460614403086,69.06799734215757,69.19698239997733,78435000
2014-07-24,74.39617156982422,76.14246187964463,73.9298300135695,75.36853656074881,124168000
2014-07-25,74.60454559326172,75.08080389858182,74.07867357822569,74.40609832438727,45917000
2014-07-28,74.3366470336914,74.91213278446226,73.27497869967807,74.58470045350751,41725000
2014-07-29,73.13607025146484,74.33664790911457,72.84832737269082,74.13820819892062,41324000
2014-07-30,74.0985107421875,74.60454178953061,73.55279024309307,73.6321691465957,36853000
2014-07-31,72.08432006835938,73.59248142032577,71.87595611927127,73.42380692391956,43992000
2014-08-01,71.79657745361328,72.64988176415011,70.99288685159172,71.65766815375743,43535000
2014-08-04,72.9376220703125,73.30473624853373,71.79657494424396,71.79657494424396,30777000
2014-08-05,72.12401580810547,73.01700207632798,71.6179847047869,72.6300393414343,34986000
2014-08-06,71.90572357177734,73.14599061953122,71.23101799499966,71.45922289259236,30986000
2014-08-07,72.60025787353516,73.4237968714581,72.13391633085618,72.43158340022218,38141000
2014-08-08,72.49111938476562,72.85824112267231,71.99501261083213,72.82847592743448,27202000
2014-08-11,72.86817169189453,73.33451331099947,72.4911256662407,72.88801263377613,24591000
2014-08-12,72.26292419433594,72.75903103476941,71.65767324340794,72.5208943009688,27419000
2014-08-13,73.19559478759766,73.67186065190009,72.48120734612765,72.55066199613123,29266000
2014-08-14,73.72148132324219,73.80085266646473,73.11623035748015,73.39404898373358,22207000
2014-08-15,73.05668640136719,74.0687485369226,72.43159454351651,73.74131622424355,38846600
2014-08-18,74.00922393798828,74.13821657718238,73.38413196724578,73.42382142776776,23974000
2014-08-19,74.70376586914062,74.99150873315915,73.92984044108564,74.22749999111255,26679000
2014-08-20,74.22749328613281,74.59461502499208,74.0389778591412,74.386251087798,22917000
2014-08-21,73.9893798828125,74.60455514006048,73.83062961738769,74.33665318529513,20102000
2014-08-22,73.9893798828125,74.14813771822756,72.99716612143914,73.76116738690092,20897000
2014-08-25,74.43585968017578,74.69383733140226,74.20765479523568,74.35648834671207,19734000
2014-08-26,75.3685531616211,75.39831836198275,74.14813452685382,74.41602890009862,23993000
2014-08-27,74.04890441894531,74.90220879171535,73.88022990967417,74.6839205703105,36323000
2014-08-28,73.28489685058594,73.85045829784924,73.15591180822378,73.42380614851103,21947000
2014-08-29,74.23741149902344,74.23741149902344,73.43372101097485,73.72146382558202,26241000
2014-09-02,76.08293151855469,76.10277245776918,74.23741380208833,74.42593678957316,34979000
2014-09-03,75.23957061767578,76.87672482218481,75.01135812396039,76.53936821016948,32389000
2014-09-04,75.3586196899414,76.3309923461293,74.94189179585617,75.29908929649751,26676000
2014-09-05,76.6584243774414,76.7774851639058,75.01134617812029,75.50745297502584,29476000
2014-09-08,77.28352355957031,77.5613421810366,76.41037823924921,76.6584316612712,28183000
2014-09-09,76.07301330566406,77.56133367456574,75.60667171220999,76.9858479817931,28882000
2014-09-10,76.82709503173828,77.3430427439376,75.91426038785333,75.92417707290375,29909000
2014-09-11,77.31328582763672,77.74986225623907,76.45006479652314,76.5294361353686,32219000
2014-09-12,76.87671661376953,77.69033150059359,76.499670583541,77.41250532095543,26676800
2014-09-15,73.99929809570312,76.64850680538292,72.85825084932733,76.549286951348,49679000
2014-09-16,75.48761749267578,75.63645105650782,72.5010522397402,72.94754536124684,37742000
2014-09-17,75.83489227294922,76.64850719212428,74.981587897962,75.36855062964345,28693000
2014-09-18,76.40044403076172,76.72787632197657,75.92417819172299,76.17223158143325,23031000
2014-09-19,77.3033676147461,77.69033032518661,75.8448123661676,76.79733654340495,76671000
2014-09-22,76.2020034790039,76.92631512951388,75.35861590760472,76.40044316051629,31961000
2014-09-23,77.68040466308594,78.0177536578804,75.44792403403949,75.73566689018195,36814000
2014-09-24,77.928466796875,78.00784571159821,76.90648787228105,77.4918903358873,30680000
2014-09-25,76.6187515258789,78.32536048819435,76.52944834669279,77.98800385681099,37533000
2014-09-26,78.17650604248047,78.22611217768879,76.72787517659607,76.98584524765195,28872000
2014-09-29,78.38488006591797,78.58331977226624,77.30337079733764,77.51173476000018,34031000
2014-09-30,78.42456817626953,79.08934950812431,77.98799174580279,78.73215198683141,35899000
2014-10-01,75.95394897460938,78.20627036358992,75.30900866420019,78.16658091387367,55090000
2014-10-02,76.47982788085938,76.87671484407393,75.05103784128265,75.97379681351109,36488000
2014-10-03,76.8370132446289,77.45218074887822,76.65841451791407,77.15452125101217,23340000
2014-10-06,76.95609283447266,77.28352517518418,76.251622009602,76.58897860699899,25729000
2014-10-07,75.69598388671875,77.34305468808802,75.64637017385043,76.45006841637648,25317000
2014-10-08,76.91639709472656,77.10492010640135,74.51524193229587,75.58683446709591,32976000
2014-10-09,75.31893157958984,77.15452506888676,75.2593936210801,76.67825925075057,32487000
2014-10-10,72.34229278564453,75.9043357582201,72.19345924074835,75.00141780384153,52146000
2014-10-13,72.42166137695312,74.19772445357783,71.95531981990793,72.65979806777723,43938000
2014-10-14,73.01699829101562,73.60240827626889,71.48899594372051,73.42380951788527,50299000
2014-10-15,72.63996124267578,73.22537123929615,69.77246436682971,71.13179980814355,61528000
2014-10-16,72.0644760131836,72.77887106565458,70.0304425348871,70.23880649685954,53529000
2014-10-17,75.3586196899414,75.40823339780398,73.17575280379005,73.65201866130818,76342000
2014-10-20,76.35083770751953,76.48974701358993,74.79306257231055,75.01135078756101,34701000
2014-10-21,78.07730102539062,78.12690717001689,76.54929096908725,76.95609466297873,32252000
2014-10-22,77.75977325439453,79.22824496751986,77.40257579552878,78.20626629298268,41862000
2014-10-23,79.41677856445312,80.00218096305565,78.39479975334083,78.76191394568849,35056000
2014-10-24,80.04187774658203,80.19071131629472,78.70239075914746,79.57553609414418,32248000
2014-10-27,79.6549072265625,80.17086254183555,79.13895948127852,80.11132457777231,30169000
2014-10-28,80.1410903930664,80.52806066750105,78.95043708246315,79.55568799351673,74212000
2014-10-29,75.26932525634766,76.28137981038982,74.19773273795775,74.86251404159276,106120000
2014-10-30,73.53294372558594,74.76328635661373,72.33236628861705,74.46562684603627,83270000
2014-10-31,74.40608215332031,75.11055277224239,73.87028599879064,74.34655177059066,44544000
2014-11-03,73.30474853515625,74.93197846646795,73.12614975879325,74.88237232136107,40727000
2014-11-04,75.17010498046875,75.1800216661459,73.07653366425137,73.65201937306703,39326000
2014-11-05,74.2473373413086,76.20199912959193,73.84052617644272,75.91425630883055,35913000
2014-11-06,74.67400360107422,75.01135261833892,73.73139606403124,74.30688181464826,21383000
2014-11-07,75.01134490966797,75.26932255929333,74.43585921819174,74.80298096688978,20774000
2014-11-10,74.416015625,74.89228145579497,74.02905294934908,74.77321310559908,21575100
2014-11-11,74.02906799316406,74.39618980338126,73.45358220525281,74.3664170322906,18715700
2014-11-12,74.13819885253906,74.55492673340454,72.96738654202026,73.7016224611626,26536600
2014-11-13,73.67186737060547,74.65415681594973,73.06661640681007,74.15804996496922,26448500
2014-11-14,74.29695129394531,74.34656500170796,73.4634955074535,73.69170039518812,19476900
2014-11-17,73.66193389892578,75.070882932644,73.30473640530582,74.29694998314152,28701200
2014-11-18,73.76116943359375,74.21759443808159,73.3246005140691,73.87031355597252,20690500
2014-11-19,72.7590103149414,73.9595876184992,72.540722156115,73.43371572859238,25441200
2014-11-20,73.02691650390625,73.41387918671724,71.94540735707264,72.23315019787879,19154900
2014-11-21,73.17575073242188,73.91991090936176,72.92769734010858,73.91991090936176,23060400
2014-11-24,73.4337387084961,73.77108773589578,72.77887402708753,72.96739705415784,22103800
2014-11-25,75.0411148071289,75.15025891303951,73.55279434833626,73.63217325626931,32250200
2014-11-26,77.01561737060547,77.17436759993245,74.92204620456044,74.94188714448062,32695300
2014-11-28,77.09500122070312,77.66056272513337,76.62866714195412,77.06523602099465,15992000
2014-12-01,74.5152359008789,76.70802693238544,74.21757637863155,76.65842079700518,31789900
2014-12-02,74.87244415283203,75.31894485540833,74.45571621975257,74.7434590983045,16773900
2014-12-03,74.29695129394531,75.14033890597642,73.82069300737541,74.79305809161586,16689900
2014-12-04,74.6541519165039,74.96174329151809,74.07867376032657,74.24734826179252,14362800
2014-12-05,75.76542663574219,76.1623135663462,74.77321309422643,75.2097894748897,24306400
2014-12-08,75.92418670654297,76.64850601652364,74.81291224080546,75.58683769229825,25733900
2014-12-09,76.24168395996094,76.33098711399445,74.1977265119418,74.61445437746227,25358600
2014-12-10,75.58683776855469,76.94617322318233,75.47769365913257,76.05317940517838,32210500
2014-12-11,77.12477111816406,77.90861324792829,75.88450404323532,75.9241859280423,33462100
2014-12-12,77.2239990234375,78.26581893302978,76.42030072747744,76.55921761874667,28091600
2014-12-15,76.39051818847656,77.96814165065105,75.96386606423954,77.84907330086797,29396500
2014-12-16,74.10843658447266,76.78741029014427,74.00920916797521,75.59675699206556,31554600
2014-12-17,75.51737976074219,75.81504687685432,74.31680218040455,74.42594628497972,29203900
2014-12-18,77.78954315185547,77.78954315185547,75.91426016439905,76.29129858489686,34222100
2014-12-19,79.25801849365234,79.37708684912204,77.72009197794395,78.1368198671045,43335000
2014-12-22,80.8157958984375,81.25237231135128,79.37708918495582,79.45646809093817,31395800
2014-12-23,79.98233795166016,81.53018872688006,79.77397400653355,81.38135517464994,19865800
2014-12-24,80.1410903930664,80.79595501289059,80.12124945155165,80.39906805269312,7685500
2014-12-26,80.15100860595703,80.64711537630338,79.88311428076497,80.38913773612647,10647400
2014-12-29,79.39692687988281,80.32961006206475,79.08934309426486,79.86326847097378,14134700
2014-12-30,78.6031723022461,79.9625002571841,78.48410393035789,79.22826422218175,14370800
2014-12-31,77.41249084472656,79.17863716291696,77.25374062746631,78.92065954363261,19935400
2015-01-02,77.83916473388672,78.31543065901892,77.09500443023583,77.96815736464652,18177500
2015-01-05,76.58897399902344,78.63293169384217,76.26154167801188,77.37282369023775,26452200
2015-01-06,75.55706787109375,76.98585032106149,74.77321821125572,76.62866038606137,27399300
2015-01-07,75.55706787109375,76.7576454300895,75.2296355631888,76.16231877843718,22045300
2015-01-08,77.5712661743164,77.62087988654834,75.48761895039947,76.14247604592094,23961000
2015-01-09,77.13469696044922,78.00784992963771,76.59890061208093,77.59111438980213,21157000
2015-01-12,76.12262725830078,77.39265943266423,75.61659621164416,77.23390162587435,19190200
2015-01-13,75.854736328125,77.47204954637152,75.25940960649615,76.62866939323149,25179600
2015-01-14,75.6860580444336,76.59889281016338,75.43800462526856,75.82496735356683,25918600
2015-01-15,73.47341918945312,75.97379409939903,72.96738814018245,75.80511960630511,34134000
2015-01-16,74.59461212158203,74.73352140763805,73.26504207934653,73.46348932370394,21791500
2015-01-20,75.64636993408203,75.71582458988367,74.23742830496896,75.13042214383982,22821600
2015-01-21,76.14246368408203,76.69810840490923,75.25939425364678,75.56698559356548,25096700
2015-01-22,77.0453872680664,77.14460711370039,76.08293886844001,76.56912141103876,19519500
2015-01-23,77.2239990234375,77.58119658386636,76.4401492419403,77.04540024322307,16746500
2015-01-26,76.89656066894531,77.85900915561304,76.68819670327338,77.3728265690452,19260800
2015-01-27,75.18993377685547,76.2813670541862,75.04110024585859,76.11269258505074,20110000
2015-01-28,75.64636993408203,77.03547062010452,75.40824076704638,76.30123460591724,53306400
2015-01-29,77.39266204833984,77.4125029898647,73.63217153528464,76.25161487593701,61293500
2015-01-30,75.31893157958984,77.55141198900218,75.16017378354833,77.39265419296066,42649500
2015-02-02,74.40608215332031,75.54712909889344,73.17573963365273,75.51736390752862,41955300
2015-02-03,74.81291961669922,74.99151839772809,73.28490950567227,74.60455563383059,26957700
2015-02-04,75.0411148071289,75.75550983854767,74.4259471956211,74.50531853356483,20277400
2015-02-05,75.02127075195312,75.38839250841687,74.624383798747,75.12049059775741,15062600
2015-02-06,73.89015197753906,75.11057053198806,73.67186376259973,75.09072958971603,21211000
2015-02-09,73.86038970947266,74.24735244403952,72.87809270327398,73.4734269749058,16194300
2015-02-10,74.60454559326172,74.75337158243096,73.91991576312613,74.26718902116981,15811300
2015-02-11,75.91426086425781,76.15238999676815,74.445781478802,74.50531186943243,20877400
2015-02-12,75.63644409179688,76.27146017368355,75.29908754017586,76.26153591834472,17235000
2015-02-13,75.1502456665039,75.88448908047744,74.91211655466849,75.86464057199817,18621900
2015-02-17,75.01134490966797,76.31114984317311,74.4953971804061,74.71368537855149,25254400
2015-02-18,76.11270141601562,76.30122441515088,74.86251020857155,75.34870030423735,22426400
2015-02-19,78.80159759521484,79.21832546556246,76.35082893818854,76.39051838822002,45851200
2015-02-20,79.27786254882812,79.71443135436894,78.58330853594165,78.93058932737912,36931700
2015-02-23,78.22611236572266,79.56560670937307,77.76969504277062,79.33739426290276,24139100
2015-02-24,77.83916473388672,78.86115124302559,77.49189143951432,77.8887784487928,18897100
2015-02-25,78.94051361083984,79.57552972546785,77.88876959036018,77.88876959036018,25593800
2015-02-26,79.78390502929688,80.73642924637846,79.09927517296121,79.25802542414671,31111900
2015-02-27,78.35511016845703,80.5975150516782,78.00783691817676,80.05179453695986,30739200
2015-03-02,79.12903594970703,79.23818005316782,77.908609870095,78.38487573701386,21662500
2015-03-03,78.98019409179688,79.07941392906277,77.90860168135322,78.99011834651996,18635000
2015-03-04,80.27008819580078,80.51814161570746,78.23604712457012,78.68254782239593,28126700
2015-03-05,80.57766723632812,81.35159264934963,80.41891699339537,80.59751574793796,27825700
2015-03-06,79.38701629638672,80.69673801225184,79.2084175364965,80.27008583973573,24488600
2015-03-09,78.82145690917969,79.28779854848462,78.0177586833605,79.05958607202001,18925100
2015-03-10,76.94617462158203,78.64285912162985,76.94617462158203,77.8887745982787,23067100
2015-03-11,76.96601867675781,77.81932308953014,76.65843484308058,77.19423116528576,20215700
2015-03-12,78.3154296875,78.4344980598035,77.30337501788516,77.49189047821157,16093300
2015-03-13,77.44226837158203,78.76190660182415,77.07514664347619,77.98798126634712,18557300
2015-03-16,77.46211242675781,77.51172613281757,76.75764170664377,77.35296832941731,19305400
2015-03-17,78.74207305908203,79.15880096041043,77.7300109330112,77.74985944449682,22170000
2015-03-18,80.28001403808594,80.60743880563876,78.55355675103759,78.63293566377332,36912400
2015-03-19,82.10568237304688,82.35373579411349,80.36930842558063,80.48837679288887,42099500
2015-03-20,83.14752197265625,83.94128849457262,82.42320254604168,82.74071066880637,44466300
2015-03-23,83.77259826660156,84.2984702867288,82.65139957406593,83.26656718855922,27357300
2015-03-24,84.64574432373047,85.39982881968498,83.86189462938121,84.05041764586719,32576500
2015-03-25,82.27433776855469,84.8540912343197,82.27433776855469,84.83425029603929,37436100
2015-03-26,82.3636474609375,83.11772429532375,81.5004189623774,82.07590462808413,32794800
2015-03-27,82.65139770507812,83.29633050310964,82.23466223082544,82.73076904161225,18372600
2015-03-30,82.55216979980469,83.68329271612494,81.76832770497731,83.15742071099226,24527700
2015-03-31,81.57980346679688,82.84983566458874,81.56987921119222,82.25450901812243,19734300
2015-04-01,81.03409576416016,82.07592323760751,80.24032930009616,81.8576349997431,22058200
2015-04-02,80.92493438720703,81.91714793318059,80.8058736064829,81.60956415632513,19664100
2015-04-06,81.798095703125,82.16520990871837,80.17086592322688,80.17086592322688,19062900
2015-04-07,81.67902374267578,82.77045719527203,81.57980389607413,82.00645604945137,17467000
2015-04-08,81.63933563232422,82.4529504998174,81.20275921611204,81.98660888613426,18966700
2015-04-09,81.53019714355469,82.15529661345485,81.07377975425645,81.85762947826528,15927300
2015-04-10,81.40119934082031,81.96676075311683,81.27221430643287,81.56987382501663,12529700
2015-04-13,82.3636474609375,83.28640634905744,81.28213077400666,81.29205502892947,26883100
2015-04-14,82.86966705322266,83.03834909910142,81.79808224110307,82.52239384698075,19634200
2015-04-15,82.06599426269531,83.00860182019564,81.629417812064,82.89945770753782,22390900
2015-04-16,81.66909790039062,82.42318234589347,81.51034766290992,81.82785570786024,13769700
2015-04-17,80.15100860595703,81.47065443187556,79.74420499066709,80.84556262643504,24215000
2015-04-20,82.4430160522461,82.50255400981705,80.60742259189298,80.905089669783,28796800
2015-04-21,82.96891784667969,83.83213897839501,82.88953892859382,83.3459563526021,27171900
2015-04-22,83.97102355957031,84.08016764728355,82.99865859447353,83.66343980509922,45548000
2015-04-23,81.7683334350586,84.92356568696394,81.7683334350586,83.44516941553834,73728100
2015-04-24,80.8951644897461,82.29418914184073,80.84555835732408,82.12550709563905,29660400
2015-04-27,81.27223205566406,82.28428675185545,80.99440584632686,81.23254259718732,25446000
2015-04-28,80.05178833007812,81.26229005433132,79.60529526719259,81.19283540966049,23775300
2015-04-29,79.84342193603516,80.75625654358058,78.90081456455796,79.38700463226245,26430300
2015-04-30,78.15666198730469,80.32961219498286,77.71016889503693,79.38701230242248,28999000
2015-05-01,78.37493896484375,79.13894756705787,77.50179384658698,78.62299232946091,24136400
2015-05-04,78.19634246826172,79.06949518139291,78.01774373784744,78.71229772056437,14692000
2015-05-05,76.95609283447266,78.18644328381478,76.61874380706551,77.93838985660723,22311300
2015-05-06,77.49188232421875,78.19635308707656,76.45006256364981,77.3628972786214,28663000
2015-05-07,77.8193130493164,78.32534410555395,76.95608449102754,77.39266089797673,19749400
2015-05-08,77.89869689941406,78.61309194886826,77.42243100978143,78.48409932772321,19943600
2015-05-11,77.40259552001953,78.41465019804882,77.32321660449055,77.8689371862647,18874100
2015-05-12,76.85688018798828,77.28353242561164,76.19209875750252,77.26369148036916,21285300
2015-05-13,77.82923889160156,77.91853448394032,77.0453892222305,77.11484387293481,21512300
2015-05-14,80.73641967773438,81.21267794483565,78.0574385378322,78.32534043681675,49438000
2015-05-15,79.7938232421875,80.88525678868301,79.55569407585877,80.7761202470242,27069900
2015-05-18,80.250244140625,80.74635100799532,79.60531126903564,79.70453112851169,21613700
2015-05-19,80.002197265625,81.05394905826728,79.92282591353121,80.61737255679348,17955400
2015-05-20,79.92281341552734,80.46852638704256,78.84129658872426,79.84343450585584,23056900
2015-05-21,79.85334777832031,80.28991658148503,79.45646085454368,79.56560494783196,13402700
2015-05-22,79.91289520263672,80.67689644853048,79.62515231080944,79.72437217040746,19567900
2015-05-26,78.71231079101562,79.97241879763686,78.46425737813834,79.80374429367777,16321300
2015-05-27,79.92281341552734,80.03195752382828,78.81153139009481,78.98020589565463,14160900
2015-05-28,79.52591705322266,80.43875169676335,79.3770835076481,79.6251368936095,11982000
2015-05-29,78.57340240478516,79.4465477031336,78.26581102162542,79.3274793383631,16134600
2015-06-01,79.66483306884766,79.75412866173733,78.04752758104674,78.68254369711515,18119000
2015-06-02,79.81366729736328,80.71657776967372,78.94051445294345,79.1389617221249,18923300
2015-06-03,81.798095703125,81.88739129800251,80.61735903759319,80.71657888856465,31775000
2015-06-04,81.41112518310547,82.30411132625652,80.87532895522165,81.5004207694251,20863900
2015-06-05,81.50041961669922,81.8179276468816,80.87532781133693,81.23252529154068,16143100
2015-06-08,80.04187774658203,81.36152379071682,79.50608143761023,81.18292502105956,16915500
2015-06-09,80.04187774658203,80.55783311225404,78.70239075914746,79.97242309004808,16497500
2015-06-10,81.520263671875,81.9568324582758,80.18076940931584,80.20061791823615,21531200
2015-06-11,81.1928482055664,82.25451655284604,80.72650655928652,81.66910653837031,18656800
2015-06-12,80.8951644897461,81.45080162079682,80.56773222181056,80.73641426801224,11417900
2015-06-15,80.0815658569336,80.29985407951062,79.44654970215844,79.92281560323465,18805100
2015-06-16,80.42884826660156,80.87534901893453,79.82359724254329,80.19071907401832,13693700
2015-06-17,81.15315246582031,81.57980462299929,80.70665179715073,81.12338726857351,18350300
2015-06-18,82.2644271850586,82.54224576151465,80.93485712203378,81.00431176614778,26782600
2015-06-19,81.86756134033203,82.33390302945736,81.48059857063025,82.1850694480358,23353200
2015-06-22,84.0801773071289,84.30838976310868,82.6613115738335,82.76053898860057,29383100
2015-06-23,87.19572448730469,87.28502764364788,84.10002304052936,84.29846272353186,50667900
2015-06-24,88.16810607910156,88.5550687993483,86.76908119052533,86.97745271987921,41370200
2015-06-25,87.29495239257812,88.70389383183598,87.1560355297042,88.56498453895077,27302000
2015-06-26,87.32472229003906,87.65214702947597,86.15390992268864,87.43386639318108,38214600
2015-06-29,85.1319351196289,86.81869531489392,85.06248046617658,85.935625762433,35957900
2015-06-30,85.10216522216797,86.02492426058906,84.90372551132053,85.92570440516533,23016500
2015-07-01,86.23329162597656,87.26518715644755,85.81655614137513,86.0943747511165,25260000
2015-07-02,86.6103286743164,86.75916223281979,85.66772118378785,86.7194727792196,16908800
2015-07-06,86.8683090209961,87.50332515823554,85.71733754100616,85.8165573930768,24635900
2015-07-07,86.54087829589844,87.16597018848893,84.56637519423259,87.11636404653137,33059900
2015-07-08,84.98308563232422,86.07451894062852,84.7846383953674,85.61810165060993,24399300
2015-07-09,85.21131134033203,86.91792014576318,84.98310642448364,86.05469905626457,23307400
2015-07-10,87.26518249511719,87.53308440447861,86.0943701523259,86.66985585318699,23245900
2015-07-13,89.39844512939453,89.5175134882999,87.73152595466489,87.96966267247565,29976700
2015-07-14,88.9817123413086,90.09299425342614,88.95194714571424,89.75563770671653,26627800
2015-07-15,89.06108856201172,90.28150696457587,88.72373202545705,89.29921768958718,30886600
2015-07-16,90.14260864257812,90.1525328986811,89.07101608313782,89.57704716453843,21804100
2015-07-17,94.23052215576172,94.6472500304114,91.81944292387625,91.82936717898372,54001600
2015-07-20,97.14762878417969,97.83225096121129,94.6174812956186,95.10366379785606,54860500
2015-07-21,97.6239013671875,98.46728146389057,96.38363429262725,98.17953859419386,39453300
2015-07-22,96.28441619873047,96.82021249312241,95.17313415443722,95.98674906740509,28299500
2015-07-23,94.6968765258789,96.6912205824855,94.07177705948877,96.20503799639624,29418800
2015-07-24,96.19509887695312,96.99879698527772,95.13343070076046,96.59198580365819,33444900
2015-07-27,93.43675994873047,95.85776373788818,93.09941093285876,95.82799853883945,38585400
2015-07-28,94.54802703857422,94.8159213576392,92.58344094214024,94.1015264134814,35236000
2015-07-29,96.23480224609375,96.52254512032455,94.00232147670717,95.5700209004517,64648300
2015-07-30,94.46865844726562,95.06398510902032,91.08521391813312,94.17099890138289,86211300
2015-07-31,93.27801513671875,95.57995069393108,93.2184771651597,94.21069089792347,46509000
2015-08-03,93.40699768066406,94.33968098673499,92.07743494817045,92.8017467143827,29343100
2015-08-04,93.32760620117188,93.99239504789718,92.60329453248548,93.05971186740854,20136000
2015-08-05,95.6890869140625,96.33401973114836,94.43889559434623,94.50835024710884,29813200
2015-08-06,94.37935638427734,97.97116462028646,93.68480235152133,96.42331389184004,42271300
2015-08-07,93.56575012207031,94.65718362189516,92.88112028191219,94.6373351097225,23199100
2015-08-10,93.41693115234375,95.15330530919032,92.90097573511461,94.93501706113112,21624200
2015-08-11,92.89104461669922,94.0221675718383,92.17664957766624,93.0001887237731,22491000
2015-08-12,93.45661163330078,93.70466506044512,90.47997050756862,91.97820775712779,27050500
2015-08-13,92.70252227783203,93.992403059949,92.62314336847327,93.31769747037833,17451800
2015-08-14,93.68479919433594,93.98246627976978,92.48422173773274,92.81165401771229,15929700
2015-08-17,93.19862365722656,93.72449565350033,92.66282740536583,93.6848062011415,18313500
2015-08-18,94.42896270751953,95.10366823125567,93.30776410968848,93.34745356049517,22278800
2015-08-19,94.56788635253906,95.35173609245814,93.426846641128,93.89318072640555,23251300
2015-08-20,89.85486602783203,94.03208460016941,89.75564617649177,92.81166604570424,44598200
2015-08-21,85.38990783691406,88.48561727845998,84.94341470389797,86.83853891757634,62778700
2015-08-24,81.45082092285156,81.45082092285156,71.43938808702845,76.43022190468774,83710700
2015-08-25,82.35372161865234,86.98735690979619,82.35372161865234,86.27296196889408,52021200
2015-08-26,86.51110076904297,86.77899509341023,82.61170126332657,85.28075053198025,45124300
2015-08-27,89.03133392333984,89.35875867383163,86.51111035022404,88.40623448060501,42431400
2015-08-28,90.3013687133789,90.76771035199266,89.09086681825119,89.18016241543786,33215900
2015-08-31,88.73365783691406,90.34104650871922,88.19786161297901,89.8945458704457,32850700
2015-09-01,86.5508041381836,88.69398178775657,85.82648480842681,86.1737580884514,36097400
2015-09-02,89.19007873535156,89.19007873535156,86.94767390899587,88.1184862445279,27190500
2015-09-03,87.463623046875,89.12061780364449,87.04689518648777,89.06108741501443,27048200
2015-09-04,87.57276916503906,87.70175420005062,86.02491089495773,86.52101766498629,27328700
2015-09-08,88.8328857421875,89.53735651631871,88.13833922402696,88.99164355776094,27012500
2015-09-09,89.73580932617188,91.26381933045536,89.46790738834846,90.07315835010978,32551100
2015-09-10,91.26380920410156,91.34318053799265,88.93210121505682,89.368677616408,26437400
2015-09-11,91.33325958251953,91.36302477758574,90.42041737055405,90.96613784672968,21185000
2015-09-14,91.59123992919922,91.89883130936698,90.88676914363593,91.59123992919922,20127900
2015-09-15,92.17664337158203,92.52391661162252,91.07528568889015,91.65077138380803,18859400
2015-09-16,92.72235870361328,92.87119225891384,91.90874384729118,92.17664576083,16321200
2015-09-17,93.60543060302734,94.76632630806198,92.17664811758277,92.64298973678628,27841800
2015-09-18,93.66496276855469,94.4488123993167,92.32547595952647,92.4743019394272,62300000
2015-09-21,94.80601501464844,95.73869067571567,93.78402862083654,93.88325603945131,28790000
2015-09-22,92.23617553710938,93.94278414381401,91.20427248259055,93.03986613236415,36888900
2015-09-23,93.23831939697266,93.58559266604404,92.0774312246528,92.67275791020225,21701400
2015-09-24,93.67489624023438,94.03208619712764,91.52178682263803,92.33540172942901,29106000
2015-09-25,92.04764556884766,95.1036650488,91.3431748730774,95.0441346595764,28961600
2015-09-28,88.515380859375,91.5714007889933,87.49340198738976,91.36303682606335,41199900
2015-09-29,85.99514770507812,89.35875107870088,85.05254784804094,88.40622696643493,42281800
2015-09-30,89.20001220703125,89.31907300498716,87.32472893932861,87.7513811286466,36169100
2015-10-01,90.24182891845703,90.24182891845703,87.67199918491274,89.34884268470908,29283700
2015-10-02,91.35310363769531,91.48208867737675,87.68191643456419,88.20778841863547,37881700
2015-10-05,93.27801513671875,93.53598525684451,91.93852811148567,92.21634674546112,27292500
2015-10-06,92.07742309570312,93.43675085320292,91.62099818808765,93.34745526474914,22172800
2015-10-07,91.6805419921875,92.93073330012346,90.65856315260078,92.38501276928136,24129300
2015-10-08,91.75,92.49416025837138,89.765572644343,91.17451425006196,27290500
2015-10-09,92.51399230957031,93.01009910080352,91.52177872710391,92.1766433251264,20012900
2015-10-12,93.52605438232422,93.86340336669399,91.94843085015516,92.59337119261436,18449600
2015-10-13,93.38715362548828,94.6274207167055,92.8215921346928,92.93073624431909,19480300
2015-10-14,93.33753967285156,94.4587383952208,92.88112229286081,93.34746392915275,19253400
2015-10-15,95.21282958984375,95.55018619786638,94.16108544775395,94.25038105076605,27557500
2015-10-16,96.780517578125,96.83012371722116,94.60756732400095,95.43110644688687,25412900
2015-10-19,97.7032699584961,97.8024897999846,96.16533592046395,96.423313564325,23729900
2015-10-20,96.2447280883789,98.81455791611272,95.80815164166377,97.96126110569907,30881800
2015-10-21,96.35386657714844,97.41553486244028,95.71885045716019,96.61184424151531,21917800
2015-10-22,98.89392852783203,98.95346649192584,96.79044052291485,97.02856966932283,26392100
2015-10-23,101.3943099975586,102.04916703581553,99.3801176049054,101.11649140132906,42809700
2015-10-26,102.96200561523438,103.0016950690493,100.75929770342515,101.40423051044729,25961200
2015-10-27,102.8925552368164,103.2894422214597,101.60268199921272,102.13847829298271,23795500
2015-10-28,103.38866424560547,103.66649043968101,102.11863192407628,103.0910046783663,24081500
2015-10-29,104.06336975097656,104.30150648850001,102.71395851830268,103.15053496710593,20316700
2015-10-30,101.176025390625,103.90461288197955,100.85851733079421,103.6962489274021,33487100
2015-11-02,102.5055923461914,102.66435016779313,100.39217994354821,100.92797623646965,24003900
2015-11-03,101.7812728881836,102.84294113721073,101.60267413741317,102.41628898648081,21242300
2015-11-04,103.13069152832031,103.32913123479807,101.68206047506186,102.38653127404436,43469300
2015-11-05,107.91315460205078,109.78843772384994,107.10945642843035,107.95284405494468,63232900
2015-11-06,106.26608276367188,107.89331258025179,105.0853536415129,107.19876603780533,35084300
2015-11-09,105.66082763671875,107.40712575003455,105.03573577325417,106.16685870904108,26383500
2015-11-10,107.06977844238281,107.3079075984239,104.42056224771684,105.13495728582949,25031700
2015-11-11,108.16120147705078,109.01450573779537,106.27599421331301,107.42695799781283,25057100
2015-11-12,107.17890930175781,108.53824465338042,107.15906836063434,107.63533421747675,20924700
2015-11-13,103.1406021118164,107.40712367854405,103.0215413229704,106.87132741876971,30278400
2015-11-16,103.22990417480469,103.35888921801148,99.6877019145413,102.51550916937526,49309200
2015-11-17,104.3114242553711,105.37309261869162,103.32913480538048,103.80540071537007,26807200
2015-11-18,106.93085479736328,107.03999889738661,104.56938918865359,104.97620039237488,23836500
2015-11-19,105.43263244628906,106.89118783196739,105.12504104421373,106.52406602884068,25520600
2015-11-20,106.48436737060547,107.03008789972282,105.78982085171913,106.00810149337676,22129600
2015-11-23,106.11724853515625,106.63320388059479,105.25402749065603,106.35538526535382,19897200
2015-11-24,104.91667175292969,105.66083200831454,103.57718480723486,105.17464942772685,23577300
2015-11-25,104.58924102783203,105.76997008476596,104.28164965889216,105.5020757389039,15150800
2015-11-27,104.6289291381836,105.13496023269535,104.04352670275966,104.95636146816118,5913100
2015-11-30,103.42833709716797,105.27385488372622,102.94215458307121,105.0158772442104,20383200
2015-12-01,106.28593444824219,106.31569964809397,103.68633182466667,104.0137641630158,22781900
2015-12-02,105.2441177368164,107.07971175759052,104.96629908329261,106.16687687601504,24429100
2015-12-03,103.5672607421875,106.0180297323132,102.54528186743637,105.44254398362182,23236500
2015-12-04,105.3532485961914,106.89118282455226,103.29936658624545,103.993913132608,21224700
2015-12-07,104.78768157958984,105.99818341372409,103.84508166349603,105.65091015884687,15474900
2015-12-08,105.66082763671875,106.0775631156844,103.14060410102131,103.19021781065675,20401800
2015-12-09,103.7855453491211,105.61122238521095,102.74372556791894,105.35324471891785,23517300
2015-12-10,104.59915924072266,105.57153193061838,103.59702892306241,104.23204504177377,17454300
2015-12-11,101.32486724853516,103.52757533590318,101.11650327689182,103.33905987774392,26427700
2015-12-14,103.84507751464844,103.92444884831416,100.66998949836336,101.49352859130512,24648100
2015-12-15,103.73593139648438,104.97619835450074,103.46802949435914,104.4800915712942,21764300
2015-12-16,105.95849609375,106.25615564535696,103.37874212987623,104.54955453417139,22680500
2015-12-17,105.39292907714844,106.91101466349214,105.30362591736936,106.65303700967242,21675700
2015-12-18,103.22990417480469,105.76004432071338,103.16044952538734,105.25402083352506,35994200
2015-12-21,103.9542236328125,104.33126967495404,102.79333544724844,104.09314051201544,16138800
2015-12-22,104.68846130371094,104.83729486090485,103.99390722680245,104.40071844513318,14597100
2015-12-23,103.81529998779297,105.28377935811028,103.05129889262022,105.0654911680642,19599700
2015-12-24,104.20226287841797,104.49992996909445,103.68631516723245,103.9244442977805,6501800
2015-12-28,105.10517883300781,105.15479253717152,103.7160783862971,104.2022608931499,13069700
2015-12-29,106.42484283447266,106.90110116793494,105.42270488491073,105.59137939592905,17179900
2015-12-30,105.39292907714844,106.4149078669098,105.23417126864739,106.16685446861864,13115000
2015-12-31,103.84507751464844,105.34331457868784,103.80538806282112,105.17464008591342,18391100
2016-01-04,101.42407989501953,101.44392083710306,98.9733109832828,101.15617797196097,37912400
2016-01-05,101.93010711669922,102.90247221178147,100.8783555463182,102.08885735732959,23258200
2016-01-06,102.1682357788086,102.96200211817954,100.11435392607787,100.34255881527626,25096200
2016-01-07,97.15755462646484,100.64022650827431,96.54238703462772,99.71746755052955,45172900
2016-01-08,96.57215881347656,99.71747434671988,96.27449168295321,99.10229914296674,35402300
2016-01-11,96.75076293945312,97.83227227164238,94.64726710649245,97.14764994548212,29932400
2016-01-12,98.59626007080078,99.18166241319415,96.79043176970578,98.22913834371431,28395400
2016-01-13,94.6968765258789,99.79685426156115,94.46866404751638,99.79685426156115,33410600
2016-01-14,97.60404968261719,98.10015645784044,91.73013971078261,95.1036672962984,48658600
2016-01-15,94.23052215576172,95.62953932636809,92.81165647494042,93.24823285980501,46132800
2016-01-19,94.51826477050781,96.66144209934538,93.18869467883113,95.77837264658513,30998300
2016-01-20,93.6153564453125,94.260296832374,88.67413670318844,92.10719502678985,59051400
2016-01-21,93.42684173583984,95.24258697805044,91.89883179305859,94.1710019798573,30518900
2016-01-22,97.17740631103516,97.3063913590218,94.7464783513658,95.65932065323592,30495400
2016-01-25,96.25465393066406,98.70542300057117,96.17527501722816,97.95133846290979,32482000
2016-01-26,96.58207702636719,97.11787332778403,94.91516529305662,96.99881252968453,26877100
2016-01-27,93.71456909179688,97.08809675939224,93.49628846417822,97.02856636731342,58699400
2016-01-28,108.26042938232422,109.48084790360475,103.99390776079983,106.36529772230153,107475300
2016-01-29,111.33628845214844,111.96138030227671,107.99252585577293,108.14135941151464,62739500
2016-02-01,114.19386291503906,114.81896234603114,111.13785069125814,111.39582078437658,46132700
2016-02-02,113.71760559082031,116.6743979911513,112.31858072845691,113.90612860432753,59778600
2016-02-03,111.81255340576172,114.4419133991619,108.89544298894609,114.37245874971339,56919300
2016-02-04,109.62968444824219,111.06839878771405,108.399341637582,110.92948948183255,38890200
2016-02-05,103.25967407226562,108.72677339380951,102.37660453090784,108.65731874123044,76894700
2016-02-08,98.97330474853516,101.88049084495083,96.7011347386413,99.62816934587951,71229700
2016-02-09,98.76493072509766,101.60266188399949,96.06610884782138,96.38361685867811,62709000
2016-02-10,100.21357727050781,102.44605795227655,99.45949278729114,100.75929779849145,45179400
2016-02-11,101.11650085449219,104.29158163678844,98.11008701283048,98.82448208134456,43670600
2016-02-12,101.21571350097656,103.42834563449586,100.30287121733808,102.93223882447047,36176800
2016-02-16,100.81883239746094,103.12076782694282,99.45949693380537,102.9917827740371,45687200
2016-02-17,104.38087463378906,104.89682997929619,99.61825357904733,101.22563487315226,44073400
2016-02-18,102.66434478759766,105.1746440427016,102.2277683710616,104.97620434608841,29593500
2016-02-19,103.75578308105469,104.20227620417998,101.26532465187098,101.75151480015089,32404500
2016-02-22,106.32560729980469,107.40711643213184,104.5197713775904,104.6686049235957,35709700
2016-02-23,104.63886260986328,106.63321439446821,104.30151356380557,106.01803913578676,25319300
2016-02-24,106.04779052734375,106.11724517895733,101.94002668622213,103.39858194009662,34412400
2016-02-25,107.22853088378906,107.22853088378906,104.78768616695409,106.27600667014538,29906300
2016-02-26,107.0796890258789,108.59777461035613,106.32561214639296,107.85361441639758,26686200
2016-02-29,106.08747863769531,108.06198919568611,105.91880413876822,106.76218420339289,32779000
2016-03-01,108.96488952636719,108.96488952636719,106.7621742792853,106.99038672190603,26817300
2016-03-02,109.09387969970703,109.68921390155187,107.92306737672841,108.82598536486792,25670200
2016-03-03,108.72676849365234,109.44116349940559,107.69486543756312,109.39154979123253,21353100
2016-03-04,107.54602813720703,109.19310629532474,107.08961080387037,109.19310629532474,24938900
2016-03-07,104.9067611694336,107.22853766770648,103.90462318095315,107.22853766770648,31436400
2016-03-08,105.10517883300781,106.53396872905181,103.58709335345529,103.96413176713871,25617000
2016-03-09,106.67288208007812,106.67288208007812,104.66860644733806,105.86918394794492,20493300
2016-03-10,106.48436737060547,107.81393758245987,104.94643320308516,107.06977735365766,24854300
2016-03-11,108.55809783935547,108.56801452534977,107.07969406736017,107.63533885260235,20697600
2016-03-14,109.03433990478516,109.47091626315888,107.92305806982846,108.42908906976272,17249400
2016-03-15,109.80827331542969,109.96703111927057,107.99252067644052,108.26042257792481,17618500
2016-03-16,111.30652618408203,111.62403424535815,109.24272000079264,109.62968271391074,24744800
2016-03-17,110.1555404663086,111.81254277994975,109.86780521021537,111.27674657655533,24241200
2016-03-18,110.58219909667969,111.54464746858615,109.41138678394638,110.69134319473024,36256900
2016-03-21,110.97909545898438,111.49505079720348,110.16548056716753,110.79058001270263,18448000
2016-03-22,111.37598419189453,112.00107607730759,110.30439161405253,110.4929146332996,19001100
2016-03-23,111.6637191772461,112.30865952965469,111.12792292616768,111.13784718174014,18562000
2016-03-24,112.16976928710938,112.20945117616246,110.81043370233759,111.25692686909248,17839100
2016-03-28,112.80477905273438,113.69776533527099,112.07053545732937,112.43765725503187,21351800
2016-03-29,115.23568725585938,115.41428600721294,112.75515324816482,112.94367625514609,29825300
2016-03-30,113.80689239501953,116.07906235763531,113.46954341794432,115.82109228222087,33235200
2016-03-31,113.2115707397461,114.11448875327866,112.88413843352072,113.80689738834467,21207500
2016-04-01,115.15630340576172,115.26544750301252,112.46740556528643,112.86429250347221,24760500
2016-04-04,111.67364501953125,113.65807224283708,110.74096180218099,113.18180637844847,48487900
2016-04-05,111.3462142944336,112.43764776877615,111.02870623698868,111.23707019000041,22962400
2016-04-06,112.8246078491211,112.92382769538845,111.54465139330178,111.59426510142997,20814600
2016-04-07,112.75515747070312,113.99542452099685,112.18959599856876,112.90399103073624,20714500
2016-04-08,109.76860046386719,113.43979574797027,109.04428869178054,113.36041683404602,48497800
2016-04-11,108.14136505126953,110.04642103813495,107.92307683412947,109.83804950723616,39762300
2016-04-12,109.7487564086914,110.29447696396058,108.14136751225374,108.48864078833881,26248100
2016-04-13,109.64952850341797,111.77286502985555,105.69059073675174,111.3561371291504,88227400
2016-04-14,109.97694396972656,111.16760474704972,109.40146587584161,109.7586633520397,28473300
2016-04-15,108.78630065917969,110.10594659018865,108.34972424411166,109.92734783584166,20922800
2016-04-18,109.5899887084961,109.94718620884521,108.34972171283638,108.88551796336006,21167200
2016-04-19,111.41568756103516,111.57443783128737,108.31006111869453,110.23495072669914,30210500
2016-04-20,111.5446548461914,112.38803492055453,110.69135051589764,111.55457910212206,21027900
2016-04-21,112.55671691894531,113.15204358458364,111.43551066917068,111.67364739141743,20875200
2016-04-22,109.69914245605469,110.87987916214672,108.1612157881932,110.34408286450807,38458200
2016-04-25,109.24272155761719,109.80828303638728,108.22074270738258,109.01451665687964,21017900
2016-04-26,107.91315460205078,109.6396041679951,107.30790369289983,109.62967991227436,22521500
2016-04-27,108.04215240478516,108.09176611925851,105.48223916575603,107.0995523897114,52213100
2016-04-28,115.82110595703125,119.84949106708139,115.32499911805996,118.64891342516964,87110100
2016-04-29,116.66448974609375,116.92245986009651,114.93803244166998,115.9104052074945,37140600
2016-05-02,117.64677429199219,117.8055321124402,115.662346956329,116.91253829739388,28095200
2016-05-03,116.51563262939453,117.2399518215401,116.10882145723329,116.6049282115831,24117500
2016-05-04,117.14073181152344,117.37886851904005,115.66233570980452,115.70202516105729,23448400
2016-05-05,116.89268493652344,118.05358063292836,116.33704772798038,117.1208974014546,22056700
2016-05-06,118.5595932006836,118.70842674496032,116.19812771211875,116.24774141687384,26395600
2016-05-09,118.31153869628906,119.34344167151527,117.97418973111297,118.60920578202317,21138100
2016-05-10,119.5617446899414,119.5617446899414,118.07342421662264,118.6885994041239,23220000
2016-05-11,118.58937072753906,120.13722915099358,118.49015087769963,119.47244783008114,22038400
2016-05-12,119.34345245361328,119.89908965586172,117.97420038950575,119.04579291097554,22035500
2016-05-13,118.87710571289062,119.70064479496035,118.74812067364634,119.44266714648298,18124300
2016-05-16,117.7459945678711,118.67867784138083,116.4362728244268,118.45046536616414,31247800
2016-05-17,116.43626403808594,118.08334224191039,116.28743048460956,117.89481923617436,21328600
2016-05-18,116.73393249511719,117.34910008728376,115.8210977925552,115.89055244231558,21642300
2016-05-19,115.90047454833984,116.57518013613301,114.9777155469461,116.1386112757888,20544100
2016-05-20,116.43626403808594,117.07128013426214,116.03937708547856,116.04930134104073,18944800
2016-05-23,115.0670166015625,116.68432210337586,115.03725140367472,116.50572334605991,20441000
2016-05-24,116.7835464477539,116.81331921677686,115.21585459540916,115.33491539154268,20183600
2016-05-25,116.97206115722656,117.74598655706407,116.46603009964473,117.21019030256372,20019800
2016-05-26,118.5397720336914,118.82751491529285,117.00183776961225,117.3193458510363,18481300
2016-05-27,118.45045471191406,118.91679630672296,118.08334053131131,118.62905345950068,13493600
2016-05-31,117.88489532470703,119.16485177635766,117.20027308869969,118.52983567832791,23547600
2016-06-01,117.85513305664062,118.15280017185933,116.90260888592563,117.5773144530974,15029500
2016-06-02,118.00395965576172,118.50999069379807,117.29948893260733,117.76583051962233,13228300
2016-06-03,117.54755401611328,118.05358510448309,116.94230307531535,118.05358510448309,14135100
2016-06-06,117.86506652832031,118.50008269178208,117.4384143338079,117.69639201583605,12744700
2016-06-07,116.84307861328125,118.37108850435892,116.7537754506264,118.31155053925929,17103000
2016-06-08,117.46817779541016,117.67654176127621,116.3568957408015,116.84308589781197,14505600
2016-06-09,117.63684844970703,117.75591681343775,116.79346835741875,117.2101962754921,13859200
2016-06-10,115.71195983886719,117.19035607374938,115.35476231540727,116.6247945899361,18510800
2016-06-13,113.062744140625,114.58083740742839,112.427728000389,114.10457151725663,31718200
2016-06-14,114.04502868652344,114.05494537170354,112.69561764313755,113.18180016656684,17618500
2016-06-15,113.70767974853516,114.54114312873868,113.1818077392348,114.4022338270363,19819400
2016-06-16,113.49931335449219,113.60845745633758,112.0606066592416,112.98336561212321,19236300
2016-06-17,112.13997650146484,113.53900129559295,111.68355915890936,113.52907704010575,24644300
2016-06-20,112.48725891113281,113.82674576134966,111.87208375200115,112.88413829639038,20785400
2016-06-21,113.48939514160156,114.31293429210635,113.08259147941776,113.231425041676,19166300
2016-06-22,113.02305603027344,113.84658757397614,112.72538891906295,113.75729198260645,14846300
2016-06-23,114.18395233154297,114.19386901796958,112.65594235299555,113.47948152578228,16176900
2016-06-24,111.20730590820312,112.79484620850086,110.13571336675618,110.14563762269253,40643100
2016-06-27,108.12152862548828,110.70128274402362,107.38729260351825,110.70128274402362,36130400
2016-06-28,111.82246398925781,111.8720776947232,109.68921091404113,109.76858224480168,26813800
2016-06-29,113.27110290527344,113.36039849149712,112.1598210001171,112.48725328958129,20968300
2016-06-30,113.39017486572266,114.28316866594061,112.78492393279657,113.7771375841522,23192700
2016-07-01,113.30087280273438,114.23354843417259,112.92382679195029,113.31078948828944,14980000
2016-07-05,113.31079864501953,113.31079864501953,112.09038006409278,113.05282853993931,14207000
2016-07-06,115.79132843017578,115.88063159391584,112.09037580271186,112.47733851561046,24337600
2016-07-07,114.94794464111328,116.05922660406269,114.46176209419313,115.72187004192182,16630200
2016-07-08,116.32711791992188,116.58509557014204,114.94794165026568,115.52342734306882,18142600
2016-07-11,116.95221710205078,117.77574861816265,116.58509535318944,116.7934592960603,17711600
2016-07-12,117.01174926757812,117.79559891406021,116.65455176867519,117.70629575433999,15217700
2016-07-13,115.87071228027344,117.47810116625224,115.77149242632183,117.46817690986019,16207700
2016-07-14,116.37674713134766,116.72402041637801,115.79133710516233,116.58511110236587,14579700
2016-07-15,115.9500961303711,117.35903779847148,115.67227749947692,116.82324148032275,16646000
2016-07-18,118.44053649902344,118.67866563607161,115.97984351622961,116.40649565385152,20868400
2016-07-19,119.6708755493164,119.9090046790894,117.73606217618216,118.06348689087434,21541300
2016-07-20,120.97069549560547,121.24851412731614,119.62128422444798,120.30591411687067,20046500
2016-07-21,119.6708755493164,121.14927160289048,119.31367806966261,120.97067286306358,17801700
2016-07-22,120.05784606933594,120.06777032497166,118.38100265638425,118.96641261906706,18422400
2016-07-25,120.68294525146484,120.9012334687872,116.86292415829227,120.44481609165388,18487400
2016-07-26,120.27613830566406,121.11951838323769,119.80979668500859,121.05006373143725,17612000
2016-07-27,122.37962341308594,124.02670164451995,120.5638782542019,121.46678870577966,52654200
2016-07-28,124.0267105102539,127.33078389504459,122.66737503786524,126.52708566334518,78955800
2016-07-29,122.9749526977539,124.86015243104137,122.74674024509879,123.67942342640143,35058800
2016-08-01,123.34207916259766,123.60998109327238,121.90337236597567,122.88566178180731,25006900
2016-08-02,122.1315689086914,123.82826083348193,121.11951436319174,123.09401731597396,23968400
2016-08-03,121.55609130859375,122.95510856031865,121.35764404488127,122.13156944838727,18525300
2016-08-04,123.39168548583984,123.81833764211724,121.55609181627024,121.98274397254764,21066000
2016-08-05,124.175537109375,124.86015936538449,123.64966509751655,124.0068626093429,20184000
2016-08-08,124.2846908569336,124.4732063133649,123.58022003450442,124.27476660028252,15233900
2016-08-09,124.08622741699219,125.10820618927846,123.56035543280517,124.36404600712956,19621000
2016-08-10,123.90763092041016,124.50296513293051,123.57028193197166,124.09615392570754,10670100
2016-08-11,123.927490234375,124.40374856192045,123.77865666827094,124.2251497965935,11729500
2016-08-12,123.90763092041016,124.02669927691203,123.21308443245505,123.72903217065185,12159000
2016-08-15,122.93526458740234,123.94731911241733,122.73681732858348,123.93740242696806,19295100
2016-08-16,122.3399429321289,122.95511053454233,121.82398760818111,122.53838262903855,14222400
2016-08-17,123.401611328125,123.41152801398773,121.89344237817724,122.6971405624216,13794200
2016-08-18,122.9451904296875,123.2924636746166,122.67728851932148,123.0444102753831,12400800
2016-08-19,122.59791564941406,123.19324989286983,122.3200970397957,122.63760510364374,11688300
2016-08-22,123.18333435058594,123.85803998023917,122.15143117758745,122.36971940629732,14386400
2016-08-23,123.401611328125,124.11599877969114,123.28254296786938,123.5405206300953,13309500
2016-08-24,122.5185317993164,123.71910927970066,122.13156155259192,123.50082108872378,12243700
2016-08-25,122.92534637451172,123.40161224909949,122.14149669612117,122.16134520797318,10730800
2016-08-26,123.98701477050781,124.21522723707574,122.94519499701761,123.08410430014963,17504800
2016-08-29,125.55470275878906,125.74322575453435,123.38175267516026,123.38175267516026,15925900
2016-08-30,124.86016082763672,125.61424531365566,124.17553856360955,125.61424531365566,17804300
2016-08-31,125.13798522949219,125.23720507808893,124.12592309183341,124.62202990480637,14200600
2016-09-01,125.18758392333984,125.6440012557311,124.62202249298667,125.39594786399745,13536100
2016-09-02,125.52494812011719,125.87222137570421,125.01891705055368,125.86229711983339,12118800
2016-09-06,128.71987915039062,128.92825068912504,125.48526793655721,125.68370764869786,26278400
2016-09-07,130.0295867919922,130.95233811236915,128.93814584748253,129.02744143203958,27990800
2016-09-08,129.2556610107422,130.05935154900416,128.79923612458094,129.90059375034136,15676600
2016-09-09,126.1103515625,128.9381589097769,126.1103515625,128.70003732683477,27100700
2016-09-12,127.68797302246094,127.75742010298642,124.77086256086798,124.97922651241188,21252800
2016-09-13,126.21949768066406,127.35062820760075,125.67378471441162,127.03311257197683,18016200
2016-09-14,126.77513122558594,127.79711761562889,125.90198596291623,125.90198596291623,15691100
2016-09-15,127.3506088256836,128.09476895094477,126.67589577265903,126.98348710535899,15077200
2016-09-16,128.06500244140625,128.17413139094592,127.20176640978808,127.20176640978808,24119200
2016-09-19,127.64826965332031,128.92823363629392,127.26130696683522,128.89846844040872,14958800
2016-09-20,127.63835144042969,128.16422341474453,127.03310056471183,127.64826812561354,11083800
2016-09-21,128.92825317382812,128.99770026142494,127.39031888013477,128.12456248318304,14068300
2016-09-22,129.06715393066406,129.71208674978027,128.5511985913838,129.4838818485516,15538300
2016-09-23,126.96365356445312,127.59867724393087,126.30879651341327,126.56676660352547,28326300
2016-09-26,126.31871032714844,127.16209793868995,125.81268684421029,126.37824829042684,15064900
2016-09-27,127.68797302246094,128.00547350768,126.43778174320836,126.61638049738731,15637100
2016-09-28,128.22377014160156,128.46190687614944,127.40023096710026,128.20393676870705,12047600
2016-09-29,127.09263610839844,128.28328939776088,126.55684742717764,128.17414529640394,14532200
2016-09-30,127.27123260498047,127.58873305898017,126.45761025039823,127.03309590949807,18402900
2016-10-03,127.767333984375,128.08483442500244,126.80488569813748,127.38037133299943,13156900
2016-10-04,127.19186401367188,128.27337320583962,126.55684791423616,128.16422910406263,14307500
2016-10-05,127.46968841552734,127.79712073576863,126.83467228717484,127.25140020203317,12386800
2016-10-06,127.73760223388672,128.05510275763825,127.08273753242518,127.43000325715407,11682700
2016-10-07,127.98564910888672,128.24361921746157,127.33078444098975,128.03524768132004,12804400
2016-10-10,129.2258758544922,129.6822855301749,128.19396546256013,128.67022364500394,15138700
2016-10-11,127.87648010253906,129.62277040364998,127.23153224669151,129.21595923703518,17537900
2016-10-12,128.04513549804688,128.6503862455035,127.45973325672917,128.00543848576905,11073000
2016-10-13,126.82474517822266,127.25139733954859,125.76307690282871,127.2117154561599,17139300
2016-10-14,126.88427734375,127.94594563395772,126.58661779424621,127.48953583871644,13345300
2016-10-17,126.54692077636719,127.46967970765357,126.32863257778499,127.20177780212492,11351700
2016-10-18,127.56890869140625,128.3825159634249,127.013256362737,127.67803765206259,13504000
2016-10-19,129.096923828125,129.45412136217018,127.59868660642464,127.73759591744334,16752300
2016-10-20,128.98776245117188,129.64262703259547,128.4916556725135,129.0572246673732,13167500
2016-10-21,131.04165649414062,131.1011868873239,128.69009998355565,128.76947888779267,19088800
2016-10-24,132.2422332763672,132.37122589489525,131.12102701372473,131.6865960580597,17470200
2016-10-25,131.25994873046875,132.4605340149672,131.19050164160262,132.4605340149672,13336800
2016-10-26,130.01966857910156,131.23017042975073,129.92045629919932,130.6150028184295,13084700
2016-10-27,128.68017578125,130.7737469457756,128.26344791333202,130.71421655606977,16741400
2016-10-28,130.26771545410156,131.93464215661328,128.91830436729794,129.48387338028624,24545500
2016-10-31,129.97007751464844,131.09126869615991,129.86093340246808,130.98212458397956,15669000
2016-11-01,128.4916534423828,130.91265690261247,127.64826587731068,130.38678493755995,22077800
2016-11-02,126.17980194091797,129.21597314043396,125.29673244079744,129.21597314043396,39640900
2016-11-03,119.06562805175781,122.320087340641,118.56952126820883,121.05005518595378,63766300
2016-11-04,119.8097915649414,120.980603909535,118.32147117283033,118.65882016144747,30545500
2016-11-07,121.19889831542969,122.25064235729438,120.40512437101032,121.87360389718934,23008900
2016-11-08,123.25277709960938,123.63973980584795,120.59364429495068,121.07982684920108,19460800
2016-11-09,122.22087097167969,122.84596281152176,119.5716624890298,120.5539518287785,31916000
2016-11-10,119.85940551757812,123.21308474945816,114.37245796865996,122.96503135026614,67846700
2016-11-11,118.09326171875,119.76018090310927,117.23004071416393,118.59929278453474,32840100
2016-11-14,114.18395233154297,118.20241320130378,112.6658666094118,118.20241320130378,51377000
2016-11-15,116.28744506835938,117.56740167679484,114.92811711543958,115.82111097830035,34681400
2016-11-16,115.43413543701172,116.96214540651357,113.32072303224069,113.58862496396593,32397900
2016-11-17,116.87284851074219,116.87284851074219,115.10670939821038,115.90047578823022,18597800
2016-11-18,116.10884857177734,118.20242016963795,115.93024979570426,117.46818412133307,22879300
2016-11-21,120.82184600830078,121.00044475801697,116.88276439898598,117.2796437805873,35415400
2016-11-22,120.52420043945312,122.02244525959087,119.95863892814137,121.44695949159228,26089200
2016-11-23,119.89909362792969,120.36543525383269,119.0061074004441,120.28606391515999,15672100
2016-11-25,119.44268035888672,120.19676487708743,119.13509653974772,120.0677798235752,8658600
2016-11-28,119.47245025634766,120.74248252805876,118.88704026142457,119.18470738697725,18101300
2016-11-29,119.92886352539062,121.14928204440169,119.46252191065061,119.63119641002787,18891000
2016-11-30,117.49794006347656,120.84170283035934,117.03159843103413,119.38314753569537,30188900
2016-12-01,114.20378112792969,117.52769509482208,113.11234770790382,117.45824044727466,43277000
2016-12-02,114.50145721435547,115.57304977774207,113.41002370867923,114.21371434622446,25070400
2016-12-05,116.51563262939453,116.65454191501341,114.17400814326439,115.04715330572425,20201500
2016-12-06,116.39657592773438,116.88276604602834,115.42421083112458,116.7736219435533,19131200
2016-12-07,117.03160095214844,117.03160095214844,115.66234879398228,116.08900098072813,21913700
2016-12-08,117.98413848876953,118.56954095697023,116.7240228101161,117.06137941534246,22442800
2016-12-09,118.74812316894531,119.00610082284368,118.02380391491917,118.29170582434912,17464700
2016-12-12,116.85299682617188,118.31155208535132,116.73393603439514,118.29171114338497,17805500
2016-12-13,119.37322235107422,120.57379996462628,116.69424851190706,116.94230192553326,29768000
2016-12-14,119.27400970458984,120.74248933275852,117.92459844735049,119.06564573295596,25913100
2016-12-15,119.6312026977539,121.54617539659785,118.69851941925272,119.1450201157646,20139600
2016-12-16,118.93665313720703,120.55395866404703,118.34131889028194,119.95863198711135,25324300
2016-12-19,118.31153869628906,119.42282057037616,117.5872270616517,118.91678955262356,15918100
2016-12-20,118.1627197265625,118.83742531011535,117.87498443018485,118.56953095590569,13684400
2016-12-21,118.11310577392578,118.2718560107379,117.55746859009997,117.99403741882502,10767600
2016-12-22,116.48587799072266,118.06349397891663,116.01953638817807,117.93450893629347,16258600
2016-12-23,116.35688018798828,116.64462302714881,115.39443939905794,116.08898585910842,10890000
2016-12-27,117.09112548828125,117.75590676323056,115.95007836904676,116.04929821202612,12051500
2016-12-28,116.00961303710938,117.32925895034616,115.7417186941913,117.26972855636194,12087400
2016-12-29,115.44405364990234,116.61486602913854,115.15631079051498,116.08899401956442,9934900
2016-12-30,114.1541976928711,115.92033699886932,113.87637147744154,115.6921245001212,18684100
2017-01-03,115.9500961303711,116.92246133850067,114.61060911999425,115.12655692451342,20663900
2017-01-04,117.76583862304688,118.72828705907143,116.37673802167089,116.63471568606668,19630900
2017-01-05,119.73040771484375,120.00822629869702,117.39870737751674,117.9345036049432,19492200
2017-01-06,122.44908142089844,122.9154154442489,119.09539467900576,120.03800212107151,28545300
2017-01-09,123.927490234375,124.45336227395168,122.08197218265973,122.58800327941769,22880400
2017-01-10,123.38175964355469,124.52280679752985,123.31230499435563,123.84810124674368,17324600
2017-01-11,125.10820007324219,125.13797283786329,123.09400782322312,123.38175065465276,18356500
2017-01-12,125.63409423828125,125.74323834464204,123.82826571029726,124.63195633896369,18653900
2017-01-13,127.3406982421875,128.26346482422142,126.37825734509971,126.49731814020898,24884300
2017-01-17,126.87435913085938,127.34069317646869,126.40801751526084,127.04302606055795,15294500
2017-01-18,126.92396545410156,127.42998895389817,125.85237291925715,127.41015558212624,13145900
2017-01-19,126.5568618774414,127.35063587430882,126.45763445034058,127.23155993379189,12195500
2017-01-20,126.05081939697266,127.4796018644898,125.79284173575864,127.10257098346555,19097200
2017-01-23,127.92607879638672,128.24359438235572,125.96150031312702,126.31869777735392,16593600
2017-01-24,128.3626708984375,128.88854290470783,127.38038910633698,128.37260272420227,15162700
2017-01-25,130.45623779296875,130.71422301441004,128.7595610426143,128.98776592775425,18731300
2017-01-26,131.74612426757812,132.10332177912966,130.41656164012792,130.60508465177713,20020100
2017-01-27,131.1508026123047,131.91481141805383,130.05937660121438,131.6469094737039,19539500
2017-01-30,129.96014404296875,130.5554783091399,128.59089945474207,130.5554783091399,18956100
2017-01-31,129.3052978515625,129.6426468790991,128.51152385619778,129.15645671119304,19790500
2017-02-01,132.19261169433594,132.4505969160295,129.6624640245142,131.22024662020044,50139800
2017-02-02,129.8212432861328,134.43504630299117,129.38466681417404,132.18271685355683,54366400
2017-02-03,129.96014404296875,131.81559392654714,129.7418558213713,130.2181292902999,24804900
2017-02-06,131.03173828125,131.03173828125,129.28544762655085,129.9601456726916,17058500
2017-02-07,130.81346130371094,131.9644329237086,130.6348700902531,131.21035590025193,14596400
2017-02-08,133.1550750732422,133.39321181085015,131.40878441738906,131.56754224246103,22390600
2017-02-09,133.0955047607422,133.4527021900469,132.2719658226237,133.44278550644606,16470600
2017-02-10,133.14515686035156,133.88931712436874,132.6391181912331,133.05586126226453,15061900
2017-02-13,133.0062255859375,133.65115831892598,132.6589447974195,133.65115831892598,13526200
2017-02-14,132.8078155517578,133.1848464788977,131.51793465790823,133.05586898749888,14364900
2017-02-15,132.40098571777344,132.6589558043777,131.62706031798254,132.41090240341967,13226500
2017-02-16,132.7978515625,132.8276167563817,131.98424436310611,132.03385806623444,12831100
2017-02-17,132.4903106689453,133.04594798782648,132.13311308681006,132.4605454654325,12276500
2017-02-21,132.67881774902344,132.8673407752355,131.8651952443144,132.460529522881,14759100
2017-02-22,135.0601348876953,135.72491630349214,132.4208577393024,132.55976706290204,27360100
2017-02-23,134.30601501464844,135.0600917964592,133.28403635851998,134.831886939065,18422500
2017-02-24,134.38543701171875,134.56402822522847,133.1154045823802,133.1154045823802,12625700
2017-02-27,135.34786987304688,136.11186349542285,133.96869348229066,134.20681507265033,14306700
2017-02-28,134.48464965820312,135.74476540341914,133.70080743022234,135.72491688853913,16112100
2017-03-01,136.34999084472656,136.40952123822072,135.23871645956095,135.40739095445372,16257000
2017-03-02,135.69512939453125,136.74688855065958,135.2486362929553,136.02256170634786,12294800
2017-03-03,136.1019287109375,136.26068651005244,135.02041959192405,135.56614006389594,11160600
2017-03-06,136.34999084472656,136.75680205357398,135.44707283679048,135.81420216330113,12748200
2017-03-07,136.23094177246094,137.29260254101604,135.92335795297282,135.9630398387219,13527100
2017-03-08,136.64764404296875,136.91554592640102,135.98286281665463,136.08207508238687,10184500
2017-03-09,137.1636199951172,137.49105231538513,136.33014902535393,136.64766465954543,15535300
2017-03-10,137.7093048095703,138.40386637057384,137.14375098815415,137.8283807245867,16314100
2017-03-13,138.5130157470703,138.59237950680802,137.590249285366,137.62994630521194,10955500
2017-03-14,138.23521423339844,138.37412354005357,137.4414402782352,138.37412354005357,12944000
2017-03-15,138.632080078125,139.00912607643505,137.411661636197,138.20542037372508,19344800
2017-03-16,138.90000915527344,139.15797928144502,138.64202388912145,139.10836556564809,13612900
2017-03-17,138.75112915039062,139.2472358894638,138.6122198690492,139.2472358894638,20592800
2017-03-20,138.85037231445312,139.0984257121451,138.16574251442682,138.6221674277703,12099500
2017-03-21,137.43148803710938,141.20190240906908,137.32234394523766,140.05093110205397,29894800
2017-03-22,138.5030975341797,138.70153723298068,136.52860209213853,136.85601926817202,17055400
2017-03-23,138.4435577392578,139.29686201214992,138.0069813475487,138.39394403293133,13022800
2017-03-24,139.24722290039062,139.9219358753801,138.6717373199503,138.98925287052762,16664700
2017-03-27,139.2274169921875,139.55483415082898,137.6894829132103,137.96730150477003,12800500
2017-03-28,140.6562042236328,140.84472724308128,138.91983030341876,139.2671111434532,14679400
2017-03-29,141.5392608642578,141.74763237725531,140.32875908774096,140.88441140907503,16527600
2017-03-30,141.3011474609375,141.83693616250096,140.74551024747063,141.29121563499652,12404000
2017-03-31,140.94393920898438,141.5194248905122,140.78518140580894,141.20190928416136,11478300
2017-04-03,141.17218017578125,141.3607032227462,139.7235564864382,140.82489928505834,13564000
2017-04-04,140.62643432617188,140.98363184056612,140.17002453221056,140.75542694358546,12948600
2017-04-05,140.7454833984375,142.32309914428987,140.18983115098996,141.15227940499503,17158100
2017-04-06,140.07077026367188,141.11259740928756,139.81280021827138,141.0034533246997,15103400
2017-04-07,139.683837890625,140.44784664827628,139.14804917563535,140.1005658111678,11818300
2017-04-10,139.9418182373047,140.328780987566,139.53502211316948,139.9021363495769,9039400
2017-04-11,138.83050537109375,139.93186291621936,137.72914782596814,139.70365805983502,16638100
2017-04-12,138.49317932128906,139.30678661939646,138.35427001966204,138.63208862291611,11612500
2017-04-13,138.30465698242188,139.4853936219771,138.24512658714656,138.53286187763672,10965600
2017-04-17,140.31884765625,140.44784027102958,138.66185273552802,138.67176942128867,11519700
2017-04-18,139.86244201660156,140.805041951058,139.5151611849698,140.17002582405777,14807500
2017-04-19,141.16221618652344,141.92620966614012,140.17000270548508,140.24938160076528,15563900
2017-04-20,142.6803436279297,143.12683679791667,141.57898573397216,141.836955864636,15968200
2017-04-21,142.56124877929688,143.04743891414617,141.16223905081466,142.77953699167992,12382000
2017-04-24,144.33734130859375,144.53578103868844,143.21613488058642,143.83131772585517,14407200
2017-04-25,145.34938049316406,146.0042299843108,144.65481883834596,144.65481883834596,17767500
2017-04-26,145.41883850097656,146.44081740816708,144.95249684740656,145.94471055458024,12395000
2017-04-27,146.54994201660156,146.5995557233529,145.0020912618174,145.52796324543056,11275100
2017-04-28,149.08009338378906,150.35012558045273,147.90928860310584,148.33593318386997,30652200
2017-05-01,151.27288818359375,151.3820322823545,150.2409775880419,150.55849319897402,25218300
2017-05-02,151.5903778076172,152.24524235332322,150.47910352882627,152.14601494701265,21870400
2017-05-03,150.6180419921875,152.4040296719327,150.16161703070503,152.4040296719327,29782500
2017-05-04,149.67544555664062,150.34022693152642,147.56202549052537,149.00073235497845,36225500
2017-05-05,149.07017517089844,150.44935145501913,148.62366694353923,150.27074513607988,17148500
2017-05-08,149.88380432128906,149.90365283517482,148.5740900644503,149.53653859817868,15827500
2017-05-09,149.3083038330078,151.40187521234662,149.04041705184466,150.310449295806,17453900
2017-05-10,149.11978149414062,149.34800153243154,147.70092325422613,149.0602510980573,12080700
2017-05-11,148.87171936035156,149.47697025169705,148.24663509812626,149.13962126700685,11841900
2017-05-12,149.15948486328125,149.28847748693477,148.46493831279952,149.22893194833978,9598200
2017-05-15,149.02056884765625,150.30051778023696,148.60384093611884,149.0007203356844,15064700
2017-05-16,148.61375427246094,149.04041400035698,147.86959406006446,148.9411865827128,14550800
2017-05-17,143.72215270996094,147.5124009657061,143.29549296930034,146.84761963954074,28300100
2017-05-18,146.51028442382812,146.9964594666478,143.3848020600809,143.59317360698944,23031600
2017-05-19,146.9071807861328,148.22682702861852,146.8079684847319,147.29414358355478,16187900
2017-05-22,147.08575439453125,147.43302008206632,146.54003386842925,146.92699657966912,12586700
2017-05-23,146.9170684814453,147.65129682318653,146.1034460984617,147.36356155358095,12817800
2017-05-24,148.87171936035156,149.06024236355427,147.26433820037542,147.35363378926792,17862400
2017-05-25,150.7767791748047,151.40186342215313,148.7824202304708,149.12970103231345,19891400
2017-05-26,150.94544982910156,151.06451060843378,149.97306966463162,151.04466209855275,14996200
2017-05-30,151.19351196289062,151.70945212984122,150.45926845456844,150.78670075665897,13226000
2017-05-31,150.28067016601562,152.15595316020108,149.9135408592331,151.51100527205605,18023900
2017-06-01,150.35011291503906,151.10418973704193,149.129694529173,150.56840109982508,14530600
2017-06-02,152.4139404296875,152.43378894201797,150.1219293048304,150.66764984407706,16854400
2017-06-05,152.4337921142578,153.50538470272116,152.21550389401645,152.44370880064,12520400
2017-06-06,151.62014770507812,153.3168395097737,151.29271542206752,152.2154818814569,13457100
2017-06-07,151.927734375,152.55283375811868,151.15380901493748,152.07657549192112,12066700
2017-06-08,153.50537109375,153.52520446475603,151.9079066090495,152.88027168756958,17799400
2017-06-09,148.43516540527344,154.37851537145056,145.46844119515956,153.56490806598796,35577700
2017-06-12,147.28419494628906,148.0382718612845,143.43440118346368,147.01629302465466,33170200
2017-06-13,149.50674438476562,150.0028512060158,147.74060531231325,148.98087236543873,20483400
2017-06-14,149.08009338378906,151.21334656756588,147.88944009191414,150.082223669288,20808800
2017-06-15,148.63360595703125,148.87172754049547,145.2303053068953,146.52018606391468,18994200
2017-06-16,149.46707153320312,149.65559455906757,147.44296224177268,148.4252441176226,22882400
2017-06-19,151.6796875,152.3742491288356,150.5287312355979,150.5287312355979,19026500
2017-06-20,151.06451416015625,152.64213008330813,151.02483227943821,151.6896135463014,14743900
2017-06-21,152.71160888671875,152.88028339305185,150.69741635700458,151.17367467723804,15039800
2017-06-22,152.20555114746094,153.34660580370257,151.71937620191142,151.8185884720343,13005500
2017-06-23,153.86256408691406,153.99154155458854,151.46139394743332,151.5308561638543,18027000
2017-06-26,152.3940887451172,155.28143405995465,152.00712603261167,155.0333806509132,18049700
2017-06-27,149.40753173828125,152.11627073647367,149.2190087242717,151.6499291144433,19360800
2017-06-28,152.0468292236328,152.2750341300132,148.6931421525699,149.744886227169,16719100
2017-06-29,149.86395263671875,151.31259132012877,147.7604644087341,151.094303091944,23973500
2017-06-30,149.80441284179688,150.73709609646355,148.8915780993513,150.71724758424244,17666000
2017-07-03,147.27426147460938,150.96529738040775,146.6491771844189,150.5386527877377,13862700
2017-07-05,149.1693878173828,149.67542643898943,146.9766042570139,147.83982523743282,14334300
2017-07-06,147.66122436523438,148.87171093947683,146.8476020058509,147.8695807275313,14951800
2017-07-07,150.26084899902344,150.8065695759969,148.02836811684298,148.08789851797098,13615900
2017-07-10,152.30479431152344,152.78105262131658,150.3302837101218,150.5088900387809,13378700
2017-07-11,154.0609893798828,154.20981534405794,151.71936499034592,152.17577470713368,13667700
2017-07-12,157.66275024414062,157.92073549469688,154.9837762928391,155.2715267430781,22739400
2017-07-13,158.01992797851562,158.53588327499324,157.18647221188243,157.5039878220156,13929200
2017-07-14,158.72439575195312,159.07167653501298,158.08937971376847,158.88315354649345,16371200
2017-07-17,158.4862823486328,159.52810971092532,157.573447605856,159.00223768671668,12858800
2017-07-18,161.59190368652344,162.4551246533504,158.1786865607107,158.41682326948055,23722900
2017-07-19,162.8619384765625,164.4097892585536,161.89949008058483,162.31621797266106,26273600
2017-07-20,163.24888610839844,163.71522766506675,161.54227767547962,163.51678799286196,18523100
2017-07-21,163.14968872070312,163.7648714996967,162.4749906830719,162.8818019269268,14744000
2017-07-24,164.7074432373047,164.8761177177987,163.03059997713103,163.3580322533759,17367000
2017-07-25,163.99307250976562,164.25104261096718,162.58413092939605,163.72517058237779,15383200
2017-07-26,164.3204803466797,164.71735969553433,162.82224339378024,164.71735969553433,35236900
2017-07-27,169.11288452148438,174.1235661143731,166.19577418210062,173.3397089099924,68910700
2017-07-28,171.1072235107422,172.07958854964633,167.73370349986322,167.75355201003845,24557600
2017-07-31,167.93215942382812,171.3751419833318,167.23761290029253,170.66074694770126,25478900
2017-08-01,168.5373992919922,169.14265018134674,167.73370871464778,168.4977174103853,14385000
2017-08-02,167.98175048828125,169.22201737738555,165.6103608019129,168.9739639995647,17433800
2017-08-03,167.2772979736328,168.37865574622896,166.93994896148095,167.98177633663607,10793800
2017-08-04,168.29925537109375,168.73583174995153,167.37650404848924,167.65432262776653,10777700
2017-08-07,170.64089965820312,170.72027856717287,168.33897185799546,168.62670715552937,12787800
2017-08-08,169.896728515625,171.70256451384145,169.29147762105526,170.5416764321214,14393500
2017-08-09,169.84713745117188,170.11503939496933,168.23975606834685,168.6564840142652,10815000
2017-08-10,166.09654235839844,169.2617060080463,165.55083701740585,168.73583403728733,20832700
2017-08-11,166.77127075195312,167.50551429737172,165.55085221157645,166.6422781337094,13791200
2017-08-14,169.4204864501953,169.74791878253347,167.97184781075796,168.76562178551902,12954200
2017-08-15,169.6685333251953,170.1646401477836,168.68623636607816,170.15472346172416,8729200
2017-08-16,168.6763153076172,170.04557494726032,167.92223840722238,169.91658233193792,15779900
2017-08-17,165.61038208007812,168.537409286443,165.55085168414874,168.0214539550905,17216000
2017-08-18,166.1064910888672,167.35667483979876,164.91583773464967,165.54092204012605,15093600
2017-08-21,166.4735870361328,166.69187522679465,164.5288569702074,165.8584194842552,11907500
2017-08-22,168.31912231445312,168.54732721385616,165.84850488533564,166.96971115019286,11391000
2017-08-23,167.39634704589844,168.04127976798736,166.8903084688972,167.5253245063303,9856500
2017-08-24,166.4339141845703,167.9718331476921,165.11426828397387,167.5650370793704,14030400
2017-08-25,165.02496337890625,167.06892085063052,164.8860389488113,166.5529655702026,12614500
2017-08-28,165.93783569335938,166.39424554737738,165.03491753261085,165.6104033337479,8553700
2017-08-29,166.74151611328125,167.11854702590475,163.71526128576068,163.9633147119512,11121000
2017-08-30,168.59695434570312,168.85492446382642,166.32479157690278,166.860580326845,11138300
2017-08-31,170.63099670410156,170.80958790867206,168.73586484237677,169.07321387766328,17226500
2017-09-01,170.6805877685547,171.5735739528636,169.97610945072762,171.05761864149633,11677600
2017-09-05,169.3907012939453,171.04769613329952,168.22981323787,169.9364217835476,13210900
2017-09-06,170.75001525878906,171.13697791292637,168.24964817358324,169.5792106119036,13906300
2017-09-07,171.86134338378906,171.9605556708088,168.94423265376997,170.6012277327987,18049500
2017-09-08,169.61891174316406,172.13914276334026,169.47008575928587,171.74224823970172,10998500
2017-09-11,172.15899658203125,172.5360426392755,170.85919903519007,171.05763875058923,12372000
2017-09-12,171.61328125,172.64517679453752,170.4126960601254,172.40704006580782,11186300
2017-09-13,171.70257568359375,171.82163647716328,170.7202787167088,171.6628786590847,9119300
2017-09-14,169.6288604736328,170.93857468221861,169.17243551095655,170.91872616906412,15615700
2017-09-15,170.30352783203125,170.9980742674846,168.93426833072544,169.5494510078214,15660500
2017-09-18,168.6862335205078,170.7302063126739,168.02145220625115,170.65082740560135,12954000
2017-09-19,171.17666625976562,171.2163481356261,169.0334816038875,169.29145164691937,13168600
2017-09-20,170.8294219970703,171.70257485229624,169.37086672299006,171.15685431778004,12264100
2017-09-21,169.77769470214844,170.92866628122903,168.68625352543748,170.35318049168873,11161400
2017-09-22,169.2121124267578,170.3928491151046,167.90239825664426,168.88469523921373,12097100
2017-09-25,161.60183715820312,167.9817789910787,160.30203966027116,167.92224859269697,41251600
2017-09-26,162.93138122558594,164.2113299454443,161.5125080849918,163.21911647145373,23363300
2017-09-27,166.37437438964844,167.02923901974563,164.28081816248243,164.60823533755251,19242500
2017-09-28,167.41619873046875,167.75356286536928,165.8584312303992,166.63235663756362,12178700
2017-09-29,169.53952026367188,170.32337742723297,167.49556282346248,167.51541133316672,15340400
2017-10-02,168.15045166015625,170.5317584092481,167.43605660743287,170.05550008742557,13392300
2017-10-03,168.63662719726562,169.40062075525117,167.8825351847385,167.98176259901135,8190300
2017-10-04,167.10862731933594,169.34110811470646,166.97963469525448,168.50765225136317,12127900
2017-10-05,169.90667724609375,169.9761243314083,167.2872337174915,167.86270433288422,14580600
2017-10-06,170.88893127441406,171.0278405623986,168.4282459701265,168.92435273292512,13124500
2017-10-09,171.15684509277344,173.51831829304928,170.6607382954031,171.35528478372598,14570400
2017-10-10,170.25392150878906,171.85138594957223,169.47007945622047,171.6529462651225,11341100
2017-10-11,171.39498901367188,171.43467089753997,170.0654112344226,170.61113176247508,11283700
2017-10-12,171.20645141601562,172.4963320615389,170.94846620292458,171.2659818067359,10351000
2017-10-13,172.38719177246094,173.29009461828863,171.85138796419022,172.09944135765468,13658300
2017-10-16,173.16111755371094,173.63737583108244,172.70469264707907,173.13135235762383,11498800
2017-10-17,174.73875427246094,174.75860278553705,173.00238030779676,173.34966115672137,15990100
2017-10-18,174.6593475341797,175.3638258063429,174.38152895529262,175.27451508171865,12752400
2017-10-19,173.2008056640625,174.65936088469644,171.28584066036026,173.56791985565803,14048400
2017-10-20,173.6175537109375,174.5105551492238,173.27028799047613,174.1335090881709,12602200
2017-10-23,169.93643188476562,173.97473346790886,169.91658337306094,173.83582416593296,13852700
2017-10-24,170.46231079101562,171.89110089198473,170.16464366331724,170.95841762385328,12267900
2017-10-25,169.27166748046875,170.9088140701414,167.57497534973425,170.5615332105236,15868200
2017-10-26,169.30142211914062,170.94848529291494,169.06328538968916,170.0455823662001,11833100
2017-10-27,176.4949493408203,176.8223816258191,172.54592855081827,172.79398193581943,30285300
2017-10-30,178.46946716308594,179.2830896359603,176.2270697295188,177.86421622155078,24353200
2017-10-31,178.65798950195312,179.39223306199798,177.5467150456508,179.16402815900284,20174200
2017-11-01,181.23776245117188,181.47588405533386,179.16403940170161,180.94009530598947,40918300
2017-11-02,177.52684020996094,180.523329263154,175.95914104014406,179.22353198146436,35529900
2017-11-03,177.52684020996094,178.45952333605246,175.33405682114952,177.89395436555907,17822100
2017-11-06,178.7671356201172,179.04495423731612,176.92161758302188,177.16967100123372,13312700
2017-11-07,178.8465118408203,179.34261866978235,177.56656288368893,179.09456525530132,12928200
2017-11-08,178.16188049316406,178.94573775470707,177.71538737885638,178.39008539336953,10494100
2017-11-09,177.90391540527344,178.00312768903675,175.71111651638876,176.92161841414747,12610300
2017-11-10,177.07044982910156,177.7054659422473,176.57434301758215,176.96130572496816,11070200
2017-11-13,177.37803649902344,177.6459232807927,175.91948123836522,176.11792093818718,9523400
2017-11-14,176.6834716796875,177.57645780638467,175.80038709798475,176.74300206947038,9585900
2017-11-15,176.5644073486328,177.179590076712,175.02647323840188,175.28445846436279,10253700
2017-11-16,178.191650390625,178.4297871231925,177.11014111767508,177.3681112229722,15607600
2017-11-17,177.606201171875,178.5785660787626,177.50697377444814,177.90386822418046,13018000
2017-11-20,177.3482666015625,178.10234349689537,176.71325049497216,177.47724407604082,10052400
2017-11-21,180.4439697265625,180.4737349239952,177.5963214789924,177.75506415197404,14504000
2017-11-22,179.46168518066406,180.31498955925983,179.03504056135588,179.88834493995165,10376300
2017-11-24,181.35678100585938,181.72389515340916,178.88616395835402,178.9953080481629,9426300
2017-11-27,181.6048583984375,182.2994049072759,180.57296289101734,181.13851678393632,12344500
2017-11-28,180.9995880126953,182.8153405661879,180.67215573518254,182.08109711297956,14379700
2017-11-29,173.76637268066406,180.55311007372015,172.64516646743317,180.4737311688918,41933500
2017-11-30,175.80039978027344,176.8918408049531,173.83582107582822,175.4729826128477,25307600
2017-12-01,173.7366180419922,176.0980762592376,170.99809864891415,174.65936947923964,20182500
2017-12-04,170.13487243652344,175.19516800816865,169.4601592949808,174.91733426284273,24459400
2017-12-05,171.48428344726562,174.01443123113526,167.6940201144138,169.12281016365682,20184900
2017-12-06,174.68911743164062,175.39359572276817,170.56150537709414,171.1568395707224,20255800
2017-12-07,178.7373504638672,178.98540385438216,174.4311472381219,174.4311472381219,20404500
2017-12-08,177.606201171875,180.86065995980408,177.34823113453038,180.11649989902807,19883800
2017-12-11,177.64590454101562,178.8167243844196,177.40778298234005,177.9038897495502,13168600
2017-12-12,175.58213806152344,177.78483848461795,175.22494053399856,177.20936787803035,16854100
2017-12-13,176.9116973876953,177.7650017350182,175.86987002387406,175.91948373452817,14615700
2017-12-14,177.00100708007812,178.95566934369418,176.2965286686308,176.90177965086696,13591000
2017-12-15,178.77703857421875,179.0846375067566,176.9712177011345,177.62608230850725,28463100
2017-12-18,179.41209411621094,179.88835246792203,178.35041815679372,179.6006020075278,17265400
2017-12-19,178.11227416992188,178.67784324081975,176.83232517049,178.54885061623332,14920600
2017-12-20,176.5048828125,178.4099311736932,175.97901079748212,178.4099311736932,11860500
2017-12-21,176.06829833984375,177.28871681511848,175.67141896023537,176.5544884488452,11600700
2017-12-22,175.82025146484375,176.14768377815716,174.85780303661357,175.76072106969193,8509500
2017-12-26,174.61968994140625,175.6218203017753,173.30996062450808,175.25470608718072,8897300
2017-12-27,176.2369842529297,177.05060671581896,174.88757307885342,175.17532351669627,9496100
2017-12-28,176.53465270996094,177.54671488315512,176.29651598098025,176.56441790858617,12220800
2017-12-29,175.08599853515625,177.45738816291222,175.08599853515625,176.61400064317618,10261500
2018-01-02,180.00738525390625,180.16614305976034,176.16752355717324,176.29650102694924,18151900
2018-01-03,183.23208618164062,183.34123028472084,179.9180963462649,180.46381686166586,16886600
2018-01-04,182.8947296142578,184.76009597513172,182.66652473180332,183.46028347772807,13880900
2018-01-05,185.39512634277344,185.4447249132327,183.49006281380875,184.1449274556417,13574500
2018-01-08,186.81399536132812,187.42916301427718,184.87918166255315,185.7424027420113,17994700
2018-01-09,186.40716552734375,187.32993205476637,185.64317195063535,187.23070463806178,12393100
2018-01-10,186.37738037109375,186.4269940741329,184.18459701254298,185.4843942762953,10529900
2018-01-11,186.30796813964844,186.93305246691168,185.92100540754097,186.93305246691168,9588600
2018-01-12,177.9733428955078,180.0669141301532,176.0186809548209,176.6735455434726,77551300
2018-01-16,177.00100708007812,180.33484582584146,176.653726217819,180.0867923927935,36183800
2018-01-17,176.2171630859375,177.92377189900247,174.43117535831368,177.86422635809845,27992400
2018-01-18,178.4000244140625,179.57082930057405,175.70120196721285,176.74302936926532,23304900
2018-01-19,179.87838745117188,180.94997989978438,178.76711312223028,179.44182620764286,26826500
2018-01-22,183.92665100097656,183.94649951441653,179.00527946644502,179.3922422086359,21059500
2018-01-23,187.87567138671875,188.07411110002806,184.10525627392343,184.60136312718652,25678800
2018-01-24,185.0974578857422,189.17545655869773,185.06769268768969,188.41144781540044,24334500
2018-01-25,186.02020263671875,187.1513255420997,185.14706495851576,186.48654424279474,17377700
2018-01-26,188.52056884765625,188.52056884765625,185.35540529565984,186.28808842709188,17759200
2018-01-29,184.53189086914062,187.36962252114174,184.1846251747221,187.28032692600374,20453200
2018-01-30,185.6630096435547,186.7147536692003,180.42412288714675,186.15911645866893,20858600
2018-01-31,185.43482971191406,188.3519405998976,183.7778345431574,186.9033018431509,43275100
2018-02-01,191.58653259277344,193.7991799624837,186.42702457215398,186.7544568978059,54211300
2018-02-02,188.7984161376953,192.697823738155,188.5007490083506,190.5447067485497,26677500
2018-02-05,179.84861755371094,189.1258200407309,179.20368482037878,185.47446640685337,33128200
2018-02-06,183.86709594726562,184.32352085530795,176.35604702517875,177.17958611274838,37758500
2018-02-07,178.77703857421875,183.63889428170924,178.5488336861869,182.71612776405163,27601900
2018-02-08,170.24400329589844,180.42410890259703,170.14477588457524,179.60056983654195,38478300
2018-02-09,174.73875427246094,175.5225964292041,165.87827811141383,173.3992597294425,39887600
2018-02-12,175.0364227294922,176.1675457436953,170.50199884607702,175.68135557952797,32092100
2018-02-13,171.8018035888672,174.59985361204096,171.75220501368852,174.2525727459091,21809400
2018-02-14,178.12217712402344,178.40991238610002,171.8613121728498,172.0994337304368,28929700
2018-02-15,178.55877685546875,179.0945655700988,175.4630599421185,179.0945655700988,20922100
2018-02-16,175.97901916503906,178.47940188173544,174.92727508499433,177.59633231075645,20645300
2018-02-20,174.63951110839844,176.5644079238638,173.74652492018245,174.40138953286248,21204900
2018-02-21,176.5247344970703,179.8585729740723,175.026482192657,175.3340811424222,23200800
2018-02-22,177.59632873535156,178.80683061366898,176.02862933326867,177.30857829510717,18464200
2018-02-23,181.86285400390625,181.96208143622312,178.11228719003194,178.49924995209895,19007300
2018-02-26,183.4900360107422,184.21436276937902,181.7933593974443,183.1427703683599,17599700
2018-02-27,180.04710388183594,183.26186656629068,180.04710388183594,183.01381314236772,15849800
2018-02-28,176.93153381347656,181.4560253404468,176.75292749531835,180.88053964412475,18783000
2018-03-01,174.57005310058594,178.71749844130207,173.05196759166571,177.6161408034602,23201600
2018-03-02,175.24473571777344,175.73092576150444,171.64301116842006,171.940663093178,20025900
2018-03-05,178.99534606933594,179.73950634701885,174.5204677165954,174.82805154230758,16189300
2018-03-06,178.38015747070312,180.95991885305395,177.71537618416932,180.36458464482595,15086800
2018-03-07,182.27957153320312,182.38871563744618,176.68348729924048,177.34826861054702,19097300
2018-03-08,180.9202423095703,182.96420010787622,180.03717272273,182.13074423400033,17225900
2018-03-09,183.78770446777344,184.0655230397527,181.78344407563392,182.4779905055821,18526300
2018-03-12,183.32139587402344,184.65097372471777,182.78560714313122,183.78773751942006,15301200
2018-03-13,180.46383666992188,184.54183567447245,179.6998278645006,184.16478961517728,18067500
2018-03-14,182.75582885742188,182.81535925214953,180.4340526231739,181.17821283722608,16821700
2018-03-15,182.42840576171875,182.56731506975962,180.7714107515244,181.81323813182047,15614300
2018-03-16,183.6488037109375,183.88694041511232,181.98189220164593,183.05348466046652,24403400
2018-03-19,171.21640014648438,175.79050608265,168.73586580235943,175.63174825103079,88140100
2018-03-20,166.84071350097656,168.87475444209613,160.68899210879263,166.1660155091787,129851800
2018-03-21,168.07106018066406,172.04983124454625,162.02848302325373,163.5168034151269,106598800
2018-03-22,163.60609436035156,168.94420819244993,162.44520630444487,164.83644463309642,73743000
2018-03-23,158.14892578125,165.302792529729,157.78181159245784,164.15182111516467,53609700
2018-03-26,158.81370544433594,159.84561606055564,147.85967402740113,159.5677974654145,126116600
2018-03-27,151.03475952148438,161.5819952218703,149.5762042785155,155.0929096225438,79117000
2018-03-28,151.8384552001953,154.66627018758905,149.62582297727474,150.4691955044073,60029200
2018-03-29,158.5458221435547,160.16313533650757,152.93982073506774,153.94195113230754,59434300
2018-04-02,154.18006896972656,157.9604003209448,152.91003678716447,156.58122403800732,36796000
2018-04-03,154.89447021484375,156.16450244865112,149.6357349536215,155.331046633961,42543900
2018-04-04,153.89234924316406,154.34875906178462,149.33807690358103,150.8462459502833,49885600
2018-04-05,158.0993194580078,160.3119667997005,155.43026231541282,160.30203497360776,41449600
2018-04-06,155.97596740722656,160.1631098094975,155.58900472739475,156.50183937879345,41644800
2018-04-09,156.70030212402344,159.28006379590303,154.82501883961191,156.59117315157778,34915200
2018-04-10,163.75491333007812,164.6875964649815,155.78743994400838,156.70027456923935,57889300
2018-04-11,165.02496337890625,167.3368076058725,161.97886054135304,164.0724317181145,56144600
2018-04-12,162.5940399169922,166.1461664683181,161.83004633576897,165.67982485901135,38263000
2018-04-13,163.239013671875,164.40981865322894,162.4948533444102,163.2985440756753,19990600
2018-04-16,163.54660034179688,164.48920041153016,162.11781006599946,164.4296700067021,18119400
2018-04-17,167.3467559814453,167.68410498509857,164.37011506455008,164.5387895663767,22743000
2018-04-18,165.0646514892578,166.8109419366492,164.4792491116637,165.58060678916027,20969600
2018-04-19,166.79110717773438,167.01931205964715,163.913678740666,164.9058923106942,22235000
2018-04-20,164.9852752685547,167.11852844056128,164.5189336679802,166.48351234573315,19119400
2018-04-23,164.54867553710938,167.13835325700853,163.80451544679323,165.9675486487662,23088100
2018-04-24,158.44659423828125,164.80668712943643,156.95827381919534,164.14189068573054,35079900
2018-04-25,158.44659423828125,159.80592204292,154.97384659374748,158.89308733601138,41083600
2018-04-26,172.80392456054688,174.8974958663979,169.47008625217697,171.87124135225616,77556900
2018-04-27,172.2383270263672,175.72100588247304,171.25604541257368,175.43325550713766,29804700
2018-04-30,170.66075134277344,174.35178740859453,170.37301603989096,172.4368071515522,20750500
2018-05-01,172.5062713623047,172.66502918502357,168.90453085176392,170.66075330814073,26025900
2018-05-02,174.69906616210938,176.69341016579082,172.84361632507387,172.89323003600683,30424500
2018-05-03,172.66500854492188,174.7486479441099,170.77979369044417,173.76636620591322,24026100
2018-05-04,175.23486328125,175.6019775078001,171.71250159576832,171.73235010908928,17677800
2018-05-07,176.58425903320312,178.10234465949247,175.7904851097891,175.96909143404696,18697200
2018-05-08,177.52684020996094,177.6459009869167,175.73093617098658,176.86205897199665,15577200
2018-05-09,181.23776245117188,181.58502817056808,177.38796835743383,178.27103796615435,23282800
2018-05-10,184.08541870117188,184.68075301646135,181.0790122029191,181.72394509449893,21071400
2018-05-11,185.53402709960938,186.8536730085692,182.7458941572334,183.41069059451098,21207800
2018-05-14,185.18673706054688,186.39723880728243,184.75016067451406,186.2484128302155,15646700
2018-05-15,182.8848114013672,183.84724462976104,181.77352191439496,183.44044857486458,15429400
2018-05-16,181.77352905273438,182.8848185833475,181.23774036867192,182.26963585426475,16975500
2018-05-17,182.3291778564453,182.6268449843108,180.8011754720384,181.25758528011698,14840700
2018-05-18,181.25758361816406,182.75583593002384,181.18813653495366,182.0612893980254,13130500
2018-05-21,183.05349731445312,183.85718792913116,181.7040861774695,182.3391022925219,13532900
2018-05-22,182.36886596679688,183.97624718272667,182.00173663305148,183.4900570596467,12731400
2018-05-23,185.44471740722656,185.45464923289944,180.76146796303533,181.07898358500404,16628100
2018-05-24,184.48228454589844,185.345520753403,183.58929827880206,184.432685973266,12354700
2018-05-25,183.48016357421875,184.87918858571436,183.0138219037202,184.57160474772175,10965100
2018-05-29,184.29376220703125,185.35542290175417,182.27956978080095,182.90465406274876,16398900
2018-05-30,186.20870971679688,186.53614199560766,183.80755481216127,185.08750359298813,13736900
2018-05-31,190.2867431640625,191.21942646930808,186.02022120388585,186.4071839432984,30782600
2018-06-01,192.47952270507812,193.0351599015415,190.57447440007027,191.56668800517716,17307200
2018-06-04,191.7750701904297,192.46961677947183,189.9791657459135,190.34627998441147,18939800
2018-06-05,191.43771362304688,193.48167142182427,191.12019797198496,192.78712486010082,15544300
2018-06-06,189.85015869140625,191.03089537306258,187.6375264615675,189.54257487819743,22558900
2018-06-07,186.71475219726562,189.48303668216764,185.315742496056,189.26474847403995,21503200
2018-06-08,187.62759399414062,188.0046248592757,184.9783704129229,186.0698114066822,12677100
2018-06-11,190.048583984375,191.10034310523886,187.32992844283444,187.33984512832245,12928900
2018-06-12,190.90188598632812,191.7750387780921,190.0684302159958,190.67368110301805,11562700
2018-06-13,190.9118194580078,192.98554221635234,190.41571266567786,191.23925175774292,15853800
2018-06-14,195.27755737304688,195.74389897906175,191.4079303656662,191.5964533732013,19120900
2018-06-15,194.32504272460938,195.535544547172,193.12445758781328,194.26549719007528,21860900
2018-06-18,196.765869140625,198.02598460408896,192.61842371690886,193.28320498693134,16826000
2018-06-19,195.95228576660156,196.41862740895397,192.2810830263839,194.71201866246838,19994000
2018-06-20,200.42715454101562,201.96508870534092,197.26199061868914,197.54974105161622,28230900
2018-06-21,199.93106079101562,201.8063440806771,198.532035838734,201.18124460413006,19045700
2018-06-22,200.16917419433594,200.66528098709875,197.75808730872015,199.59368849793373,17420200
2018-06-25,194.8211669921875,198.44274095869176,191.606389138264,198.44274095869176,25275100
2018-06-26,197.45050048828125,197.54972790130157,194.70206465937628,196.06140754586227,17897600
2018-06-27,194.3151092529297,199.1868816991921,194.27542737022137,197.62909906827792,18734400
2018-06-28,194.7020721435547,195.80342985451412,191.75519651531133,193.6602448267047,18172400
2018-06-29,192.80697631835938,196.061436091557,192.4497787754484,195.78361746262402,15811600
2018-07-02,195.8232879638672,195.91258355940806,190.72331037215432,191.86435002178706,13961600
2018-07-03,191.22935485839844,193.878563796494,191.02099844595327,193.03519117948636,13489500
2018-07-05,196.90478515625,197.1032248475129,192.51920287743454,193.22368119239252,19684200
2018-07-06,201.6475830078125,202.05439425234724,196.16064253975117,196.90480280366523,19740100
2018-07-09,203.14581298828125,204.19755695638088,200.5462031241345,203.33432085012856,18149400
2018-07-10,201.9551544189453,203.3144973793578,200.68512219109925,202.90768615981906,13190100
2018-07-11,200.96295166015625,202.90769713042994,200.17910951620655,200.64545115601763,12927400
2018-07-12,205.308837890625,205.4675957014534,201.60788537305933,201.8460069493238,15454700
2018-07-13,205.7057342529297,206.80707683293494,204.84249811133506,206.19190923545924,11486800
2018-07-16,205.61642456054688,207.09482830709123,205.22946185373033,205.88432647756704,11078200
2018-07-17,208.35496520996094,208.82130687111882,203.24505545088476,203.30458585188705,15349900
2018-07-18,207.72984313964844,209.34715617765175,206.81700843021673,208.18626806435344,15334900
2018-07-19,206.46975708007812,208.3549723025448,206.1423247234395,207.14447030769182,11350400
2018-07-20,208.30532836914062,209.85317918327323,206.87653834379418,207.22381916439136,16163900
2018-07-23,209.26776123046875,209.97222436506237,207.17419005671545,208.94032894566632,16732000
2018-07-24,212.99850463867188,214.51659032772451,210.94463023465084,213.4350810715982,28468700
2018-07-25,215.8064727783203,216.91774724162687,212.6016268700479,214.04033366057422,58954200
2018-07-26,174.8875732421875,178.7274503791993,172.39712242049106,173.52824538070118,169803700
2018-07-27,173.5282440185547,178.52899413497158,171.65296083240102,178.46946373858236,60073700
2018-07-30,169.72805786132812,173.93504902201485,165.26309661219472,173.93504902201485,65280800
2018-07-31,171.23623657226562,172.8833148940868,168.6763234930443,169.34110483354291,40356500
2018-08-01,170.31346130371094,173.71676188284266,169.56930109095373,172.57570713929462,34042100
2018-08-02,174.9967041015625,175.41343198798833,168.94421035302224,169.35100641407132,32400000
2018-08-03,176.39573669433594,177.4574125381873,174.77842364397407,176.3064411018564,24763400
2018-08-06,184.24417114257812,184.3433834322344,176.99109115157344,177.57649362247983,49716200
2018-08-07,182.37876892089844,186.83381317946927,182.28947333562078,185.04782577403012,33398600
2018-08-08,183.7381134033203,185.3951234946176,182.3291718604022,183.31146880806094,22205200
2018-08-09,181.66439819335938,185.11731268449776,181.05914724577298,184.40291762701943,19732100
2018-08-10,178.85643005371094,180.68211470625917,178.0229742075353,180.62256916869316,21500400
2018-08-13,178.64805603027344,181.18812034314962,177.50700134255118,178.69766973669223,17423300
2018-08-14,179.69981384277344,180.572966695124,177.22919641645174,179.3029344407843,19102000
2018-08-15,178.1321258544922,179.46168859012798,173.41911073968112,177.94360282750299,33020200
2018-08-16,173.3397216796875,179.09456387943234,172.65509183858282,179.01518497061076,31351800
2018-08-17,172.4467315673828,174.84788673024775,170.70042589258762,173.1412780789589,24893200
2018-08-20,171.15684509277344,173.21073450107613,169.5792291107304,172.68484736708385,21518000
2018-08-21,171.27589416503906,172.8138281596967,170.05547576617158,171.46441715754236,19578500
2018-08-22,172.28797912597656,172.88331337730875,170.7897419514284,170.86912086093795,16894100
2018-08-23,171.55374145507812,174.18311682538354,171.48429436936092,171.74226447913534,18053600
2018-08-24,173.29010009765625,173.4587897337263,171.57357479979996,172.34750020068213,14631600
2018-08-27,176.0782470703125,177.27881714987828,174.42123689441704,174.61969174325242,17921900
2018-08-28,174.8875732421875,176.8521671783252,174.46092863806334,176.71325787233374,15910700
2018-08-29,174.53036499023438,175.41343448259514,173.38932541403022,174.92725951150646,18494100
2018-08-30,176.25682067871094,178.39007383101338,174.33192390092404,174.53036358997903,24216500
2018-08-31,174.36170959472656,176.236992885708,173.6175493183057,175.7706512346192,18065200
2018-09-04,169.8272705078125,172.5360091908357,167.48564598410667,172.1490465218324,29809000
2018-09-05,165.87828063964844,169.79753690303795,165.37225709834064,168.17030702552182,31226700
2018-09-06,161.26451110839844,165.6798595836459,158.7542113525842,165.6798595836459,41514800
2018-09-07,161.77047729492188,163.34810821672843,158.91291279990224,159.06173876423492,24300600
2018-09-10,162.90164184570312,163.72518105294841,160.89738102515815,162.236860467802,20197700
2018-09-11,164.64791870117188,165.88818563710336,162.4452034117594,162.6634916036815,20457100
2018-09-12,160.73861694335938,163.20923446899246,160.54017723438812,161.97888404940383,24078100
2018-09-13,160.10357666015625,162.04832185091652,159.60746989251075,160.7385927171434,25453800
2018-09-14,161.05612182617188,161.57206200702052,159.09152796070794,160.46078759906553,21770400
2018-09-17,159.3296661376953,160.79813806735754,158.52597552173137,160.6592287650919,21005300
2018-09-18,159.0518341064453,160.50045740207267,157.63296086595798,158.1489161479513,22465200
2018-09-19,161.7903289794922,162.1673749498379,158.2382028745878,158.83353702355723,19629000
2018-09-20,164.727294921875,165.15393947370515,163.18936091834559,163.21912611312553,18936000
2018-09-21,161.66136169433594,165.94773190213695,161.54230090188992,165.3424809739052,45994800
2018-09-24,164.12203979492188,164.40977505030688,159.62731382027383,159.7761397903046,19222800
2018-09-25,163.62594604492188,164.30064401598187,159.89521327325136,160.7286841915896,27622800
2018-09-26,165.6500701904297,167.98177838516528,162.93141440760854,163.02071000485904,25252200
2018-09-27,167.52532958984375,170.4325231197313,165.90803182322878,166.245380791482,27266900
2018-09-28,163.17945861816406,167.47573026988258,161.29424365604567,167.01932048303863,34265600
2018-10-01,161.17515563964844,164.58837233849957,160.0043358929608,161.7605579430044,26407700
2018-10-02,158.0894012451172,161.01642845821567,157.43453660843005,160.3218819374772,36031000
2018-10-03,161.1652374267578,162.3856709771353,158.2878242276083,158.75416580084644,23109500
2018-10-04,157.61312866210938,160.20280663630757,156.12480833532828,160.20280663630757,25739600
2018-10-05,156.10498046875,159.64717544212786,154.98377416284492,157.9703470364549,25744000
2018-10-08,156.02560424804688,157.10711354691838,153.1878724618473,154.3289121602927,24046000
2018-10-09,156.67051696777344,159.33957389893445,156.19425869239208,156.4621605960343,18844400
2018-10-10,150.20132446289062,156.46219089232483,150.13186223220896,155.59896976230195,30610000
2018-10-11,152.15597534179688,153.60459885008774,147.99859756036838,148.96104605038795,35338900
2018-10-12,152.5429229736328,155.66838973017065,150.12191938851547,155.5096319219713,25293500
2018-10-15,152.3246307373047,154.358671573541,151.36218236806084,152.1261910523011,15433500
2018-10-16,157.54367065429688,158.21838375991396,153.80302122721474,154.18998391691443,19180100
2018-10-17,158.1786651611328,159.24034081162552,156.72011018969417,158.31757443746147,17592000
2018-10-18,153.71376037597656,157.42464544553434,152.0865303464341,157.2758042912583,21675100
2018-10-19,152.8505096435547,156.1248175844445,152.3544028385707,154.6464138552001,19761300
2018-10-22,153.57484436035156,156.1149091602261,153.25734383035746,153.55499584598303,15424700
2018-10-23,153.18783569335938,153.56488165346744,149.6754067017438,150.04252083765374,19095000
2018-10-24,144.90286254882812,153.44582195956076,144.4663012972735,153.07870778485304,27744600
2018-10-25,149.77464294433594,151.0248417954003,145.8554021724594,146.57971387602666,22105700
2018-10-26,144.2380828857422,147.83982301609493,142.6803154421865,144.68459110750447,31303300
2018-10-29,140.983642578125,147.67116844140386,137.947471044523,147.34373609993975,31336800
2018-10-30,145.08148193359375,145.4982098521499,138.65194168447485,138.85038138759987,50528300
2018-10-31,150.60809326171875,155.18219848979928,147.800142142031,153.79310552811708,60101300
2018-11-01,150.56842041015625,151.56063405371577,148.1871137216049,150.3402155113316,25640800
2018-11-02,149.17935180664062,152.92991878258846,147.80017522172838,150.61805879752328,24708700
2018-11-05,147.5223388671875,149.02059137802166,146.29200345853323,148.93129577061563,15971200
2018-11-06,148.77249145507812,149.7944701271911,146.8475948835329,148.14739211855178,16667100
2018-11-07,150.35011291503906,151.81858467998225,148.66335296530983,150.3898099340784,21877400
2018-11-08,146.71864318847656,149.76474668520757,145.59745193989104,149.31825352320587,24145800
2018-11-09,143.831298828125,146.60948496439167,142.94822927624475,145.60735461809398,17326900
2018-11-12,140.4478302001953,143.91064577963837,139.39608626580937,143.35500861731956,18542100
2018-11-13,141.0531005859375,143.7519230106303,140.51729671957594,140.8943427633134,15141700
2018-11-14,143.0970458984375,144.44645699339068,140.44783741628237,142.58109058978476,22068400
2018-11-15,142.7299346923828,143.71221648246322,139.73344533339812,141.22176575713524,30320300
2018-11-16,138.4435577392578,140.666121578878,136.69726731239894,139.97157511023966,37250600
2018-11-19,130.52569580078125,136.67741679552446,130.18834682667722,136.53850750383592,44362700
2018-11-20,131.39881896972656,133.11535912664328,125.8622737118021,126.04087243431502,41939500
2018-11-21,133.77024841308594,136.12178986346993,133.08561858829606,133.353505366709,25469700
2018-11-23,130.7042999267578,133.4527359775338,130.23795829987594,132.6093483187103,11886100
2018-11-26,135.31808471679688,135.93325225446978,131.74610998842593,131.9643981740473,24263600
2018-11-27,133.94882202148438,135.5462863563767,132.6688732726465,134.69298214382596,20750300
2018-11-28,135.69512939453125,135.7248945919711,130.82337202047773,135.21887109551545,29847500
2018-11-29,137.6001739501953,138.8999864759306,134.60369979706752,134.86166988111822,24238700
2018-11-30,139.5151824951172,139.87238006736337,136.2904876573323,137.18347401795725,25732600
2018-12-03,139.99142456054688,142.56125435967442,139.66399222915538,141.8865563240647,24819200
2018-12-04,136.85601806640625,142.2735111219751,136.09202447573222,139.63421924516007,30307400
2018-12-06,138.5428009033203,138.61224798809107,132.62920071233876,132.77804184824052,28218100
2018-12-07,136.34999084472656,139.77312473044262,135.59591396050388,138.16574354618837,21195500
2018-12-10,140.7454833984375,141.93613650587372,137.92758570486845,138.51300314450373,26422200
2018-12-11,140.9737091064453,142.75969660179285,140.00134402452528,142.75969660179285,20300300
2018-12-12,143.37486267089844,146.04391963021334,141.40035219133628,141.96592120054922,23696900
2018-12-13,143.88087463378906,144.7143454827732,142.07505393093925,144.43652691310402,18148600
2018-12-14,142.93829345703125,144.87310701215983,141.40035929885983,142.22389843052554,21785800
2018-12-17,139.09844970703125,143.7916165617544,137.3422271092248,141.96594687340288,24334000
2018-12-18,142.54139709472656,144.79371087135365,138.74121751824583,139.98148441109294,24709100
2018-12-19,132.20252990722656,143.78165943545542,131.46828647951557,140.11047257685289,57404900
2018-12-20,132.3612823486328,134.5143990888896,128.98776231335148,129.68230877473562,40297900
2018-12-21,123.97709655761719,133.84961966709113,122.45901083511416,132.35138245742544,56901500
2018-12-24,123.0940170288086,128.72979816036587,122.06211397443818,122.14149287938721,22066000
2018-12-26,133.13519287109375,133.19473839541274,124.90975006818492,125.01889415280624,39723400
2018-12-27,133.47256469726562,133.93890625499435,128.6603231504807,131.4087587936948,31202500
2018-12-28,132.162841796875,134.86166386335583,131.17062824713872,134.2861781877115,22627600
2018-12-31,130.0692901611328,133.59165182038424,128.93816714993446,133.4031287951879,24625300
2019-01-02,134.62351989746094,136.43927241230728,127.55896464929714,127.98562432545164,28146200
2019-01-03,130.71421813964844,136.10193043297755,130.09903544528873,133.6412450754704,22717900
2019-01-04,136.87586975097656,136.92548346138585,132.70857545623448,132.96654555439258,29002100
2019-01-07,136.97508239746094,137.78868962849725,134.8517460247865,136.488892311857,20089300
2019-01-08,141.42018127441406,142.02543208218964,138.45345761991155,138.8007383820687,26263800
2019-01-09,143.1069793701172,143.57332102571948,140.17003526247268,141.8369470305985,22205900
2019-01-10,143.07717895507812,143.43437640890122,139.74334109938806,141.96590471650677,16125000
2019-01-11,142.6803436279297,144.2281946918742,141.45992492597048,142.03539559129902,12908000
2019-01-14,144.25791931152344,145.42873910742972,140.17000456034268,140.89431617189211,20520300
2019-01-15,147.7902069091797,149.5067321308206,144.85326324648588,144.87309661692566,24069000
2019-01-16,146.3911895751953,148.4847609010033,145.85540088659008,147.83982810953688,18025700
2019-01-17,147.14529418945312,147.83984074886803,145.3593065081152,145.8057996434548,15787900
2019-01-18,148.87171936035156,151.24310921857838,147.39333081098312,148.58398408281647,31029600
2019-01-22,146.42098999023438,150.35014795206536,145.23032138121383,148.03828810352215,22378700
2019-01-23,143.1764373779297,147.64139894809395,141.94608696153634,147.12544359412522,20098400
2019-01-24,144.69451904296875,145.2997699777729,141.41029426918743,143.51378237179517,20955500
2019-01-25,147.8497314453125,148.66335380044498,145.3989628350647,146.3316459680305,22237200
2019-01-28,146.32177734375,147.80018142734005,145.07159334593692,146.89726319226193,15508500
2019-01-29,143.06729125976562,146.9468503365544,142.31319918224366,146.93691851028444,17632100
2019-01-30,149.248779296875,149.7746513338501,144.5655295359058,145.0814848865154,44613200
2019-01-31,165.39212036132812,170.34325752227278,163.71527662081493,164.3106109554285,77233600
2019-02-01,164.4197235107422,167.78332703355187,164.37010980238654,164.54870098449308,30806500
2019-02-04,167.93215942382812,167.9817731340761,162.34599175743284,164.40979795592344,20036000
2019-02-05,169.8272705078125,170.64087772521418,167.37650189079923,167.83291163373806,22557000
2019-02-06,169.1625213623047,171.1271002746476,167.95201942137123,169.8669846200733,13281200
2019-02-07,165.0845184326172,167.9222501889627,163.96331211917226,166.8903394739392,17517600
2019-02-08,166.027099609375,166.06678149085363,162.93139809480107,163.18936817435636,12561400
2019-02-11,164.49911499023438,166.98958125347593,163.79465168882504,166.59268665974187,12811200
2019-02-12,163.75491333007812,167.0292209870877,163.21912468873836,165.56074921084456,16292300
2019-02-13,162.7925262451172,164.92577986976434,162.45516204504898,164.09232390720294,14205100
2019-02-14,162.6734619140625,163.58629686302672,160.98670135315075,161.91938481882656,12755200
2019-02-15,161.23471069335938,163.41757759475078,159.6074809879609,163.22905458754357,15504400
2019-02-19,161.0263214111328,162.87183911707857,159.08159143969192,159.25026591701246,14345400
2019-02-20,161.29421997070312,162.4451912345631,159.99442274167853,160.98663621604553,11770700
2019-02-21,158.79385375976562,160.97673573507552,158.3473606793532,160.66913680947994,15607800
2019-02-22,160.62945556640625,161.14541086625505,159.06175629608018,159.3296582013833,15858500
2019-02-25,163.33819580078125,164.7769176135051,161.63158722042746,161.80027685335008,18737100
2019-02-26,162.8520050048828,164.94557607497825,162.52457273629238,163.0603613594554,13784100
2019-02-27,161.5423126220703,162.65358713880127,159.16100576050974,161.6316082228834,12697500
2019-02-28,160.19290161132812,162.22694275955087,159.60749915178485,161.10573641433965,11114200
2019-03-01,161.01644897460938,161.85983673295516,160.43104648539457,161.33396464739198,11097800
2019-03-04,166.06680297851562,166.19579560497266,162.55437312403737,162.6238202106053,18894700
2019-03-05,169.92649841308594,170.54168115014525,165.25318076046253,166.06678805273313,28187900
2019-03-06,171.16677856445312,172.21853779560456,169.936443275903,171.55374129875187,21531700
2019-03-07,167.81309509277344,170.40277325733447,166.304926144912,170.16463653715266,18306500
2019-03-08,168.27943420410156,168.29926757550456,164.67769395731773,164.90589884827753,13184800
2019-03-11,170.7301788330078,172.9428106291012,170.24398878293462,170.26383729150268,18884000
2019-03-12,170.58135986328125,172.446726271351,169.8868133730355,170.75003435805678,12155300
2019-03-13,172.02008056640625,172.67494522769573,170.77981346850004,170.97826831614842,11973300
2019-03-14,168.84498596191406,169.81735104764905,166.8506420826052,168.43817475360422,18037400
2019-03-15,164.68760681152344,166.27515460556222,161.2446244559344,165.85842671612204,37135400
2019-03-18,159.22052001953125,162.6238054519901,158.0397833952159,162.2963882822019,37524200
2019-03-19,160.3119659423828,162.5444466443645,159.5678057083889,160.2226552079197,25611500
2019-03-20,164.15182495117188,164.8265229506624,159.98453074379006,160.24250083654022,20211500
2019-03-21,164.78684997558594,165.0944337943334,162.47499028180155,163.60611327266807,16223000
2019-03-22,163.06039428710938,166.11641427109546,162.81234086444795,164.36019179945845,16389200
2019-03-25,164.99517822265625,165.2432316006168,160.7385889184428,161.73080243028502,12631200
2019-03-26,166.37437438964844,168.13059675582596,165.05474358351418,166.04695721457836,15437900
2019-03-27,164.5784912109375,167.62459471548925,163.5068985353939,166.54308535275763,10620300
2019-03-28,164.26097106933594,165.42185921090982,162.0582555781511,163.28860594168904,10443000
2019-03-29,165.39212036132812,165.88822726017906,163.5267535768546,165.09445319402133,13455500
2019-04-01,167.38645935058594,167.58489907585428,165.97751761920586,166.52323821867927,10381500
2019-04-02,172.84359741210938,173.5381438692349,168.22981045979668,168.8152128208041,23946500
2019-04-03,172.18873596191406,176.5743332564893,171.6033335902772,173.14126764896554,27391100
2019-04-04,174.64944458007812,176.614023296656,174.16325445881316,174.64944458007812,17847700
2019-04-05,174.35177612304688,175.62180832800595,173.73660853188866,175.5027475400342,9594100
2019-04-08,173.5679473876953,174.13351650335844,172.8734007772165,173.84578117186743,7297400
2019-04-09,176.19729614257812,177.79476067353207,174.1831037087638,174.2525507892514,19751000
2019-04-10,176.43545532226562,177.39788872569292,175.1654078004656,176.79263773592098,11701500
2019-04-11,176.1278533935547,177.01092300580865,175.62182984270578,176.85218031572546,8071000
2019-04-12,177.70545959472656,178.2313315849551,176.5644048850026,176.61401859237805,12329800
2019-04-15,178.2511749267578,179.0945625793835,175.49282221014067,177.11013529318535,10834800
2019-04-16,177.4772491455078,178.76712990698255,176.91169524284823,177.60624176364888,11215200
2019-04-17,177.38795471191406,179.33270012285755,176.97122679670733,178.20157717015965,9973700
2019-04-18,176.891845703125,177.4871799403403,175.95916246347767,177.40780103271302,11655600
2019-04-22,180.02723693847656,180.255441825929,176.8620731508558,176.8620731508558,13389900
2019-04-23,182.34901428222656,182.78559068882757,180.06691997316187,181.31711879933349,19954800
2019-04-24,181.15835571289062,183.6984200336972,180.23558921854809,183.05348726817184,37289900
2019-04-25,191.75518798828125,196.93454400518095,190.62406513056624,195.446223658715,54148800
2019-04-26,189.99899291992188,191.39800262786818,187.6176711306924,191.00112323298583,22075000
2019-04-29,193.2633819580078,193.88848142954217,189.16553456013492,189.46320169610266,19641300
2019-04-30,191.89410400390625,195.85304171458267,190.7828296177422,192.67796122555828,23494700
2019-05-01,191.52700805664062,194.65247513536207,191.5071595435752,193.2633820203702,15996600
2019-05-02,191.0308837890625,192.48943899678275,188.2725311837089,191.49722539370654,13209500
2019-05-03,193.94801330566406,194.63264318160958,192.2017226426569,192.86650400539224,14575400
2019-05-06,192.37039184570312,192.76727125907584,189.06631849644725,189.75094835349745,13994900
2019-05-07,188.29238891601562,191.39800735054732,186.38734052161269,191.04080983034808,16253000
2019-05-08,188.0641632080078,189.2349831544809,187.08188141204525,187.9153372207342,12505700
2019-05-09,187.1810760498047,188.2923654966375,184.80968632286812,185.74236946182657,12967000
2019-05-10,186.87351989746094,188.52059823139336,183.15271861657817,186.78422430031475,12578500
2019-05-13,180.12646484375,183.98617545416812,179.4319182955988,182.07121031855266,16833300
2019-05-14,179.32273864746094,182.06125755171496,176.71322748084043,181.0988092614483,17628100
2019-05-15,184.8196563720703,185.82178679247903,178.6183205379023,179.01519997529704,16746900
2019-05-16,185.53402709960938,187.1116430949908,183.6091302871413,183.6091302871413,12953100
2019-05-17,183.8572235107422,186.11946980467405,182.84516117714696,183.40079849285215,10485400
2019-05-20,181.29730224609375,182.79553959650352,179.95780759335722,180.4638463083816,10352000
2019-05-21,183.3809356689453,184.25407339341956,182.45816909356114,183.1328822542692,7502800
2019-05-22,183.87704467773438,185.28598627299698,182.1803526396487,183.291627105776,9213800
2019-05-23,179.46168518066406,182.4680914487444,178.27103178122283,180.99961942743286,12768800
2019-05-24,179.6501922607422,182.20018848372345,179.42198737159669,180.91030777380982,8807700
2019-05-28,182.87489318847656,183.2717877276444,180.03716157833563,180.12645717215642,14843300
2019-05-29,180.77139282226562,183.12293413943388,179.93793705668415,182.07119017715573,12797700
2019-05-30,181.58502197265625,182.0513636181961,179.4815337944626,181.65448419815255,8581500
2019-05-31,176.08815002441406,179.1342379247509,175.78056622867737,178.87626783735388,15226500
2019-06-03,162.87184143066406,173.68697776170785,159.75629161830335,173.63736405826728,56059600
2019-06-04,166.19580078125,166.9697262841374,159.58765366584507,162.43531738337296,46044300
2019-06-05,166.8605499267578,167.40627040411377,163.34812064155474,166.17592015880012,19758300
2019-06-06,167.01930236816406,168.37863003543336,165.9278614484741,166.98953717398857,12446400
2019-06-07,172.000244140625,172.51618434341103,167.52535084122192,168.84499682676795,16917300
2019-06-10,173.45883178710938,176.47515521670005,172.44676942521502,173.38936955071324,14767900
2019-06-11,176.7132568359375,178.57860819974294,175.41344423895202,177.09028772714373,15266600
2019-06-12,173.67706298828125,177.8741374437899,171.53389310501814,176.99106793976617,17699800
2019-06-13,176.08815002441406,176.64378722187107,173.25041850313457,174.16325320466794,12253600
2019-06-14,179.9180908203125,180.42411429724524,178.59844493813893,179.10446841507166,16773700
2019-06-17,187.53829956054688,188.02448970728005,182.9741257809275,183.56944489654097,29459900
2019-06-18,187.0025177001953,193.01533031426763,185.8217809719573,192.48945826320056,37571400
2019-06-19,186.02020263671875,186.63538536770005,183.1130240379683,185.54394434497365,21417100
2019-06-20,188.0542449951172,189.6715580302563,186.17896187080584,189.46318650978696,14635700
2019-06-21,189.65170288085938,190.50500716438228,187.28031303269353,187.28031303269353,22751200
2019-06-24,191.10035705566406,192.4696016118779,190.07837819661492,190.9217507239968,15509000
2019-06-25,187.36959838867188,191.63611957328527,186.66513526445456,191.3781495072303,16750300
2019-06-26,186.19883728027344,189.2746908431183,185.85155640931626,188.0641888483275,12808600
2019-06-27,188.0244903564453,197.3314594204653,186.80407178224405,188.40153639562095,11159000
2019-06-28,191.49722290039062,191.69566259042654,188.46105173690523,189.0663026325004,16378900
2019-07-01,191.49722290039062,193.75946867475142,190.43554709173276,193.6900215962289,14181800
2019-07-02,193.48165893554688,193.48165893554688,191.20949637168923,191.49723166441305,9050000
2019-07-03,195.66453552246094,195.86297523133166,192.64821258367968,192.64821258367968,10246100
2019-07-05,194.87075805664062,195.53555453641823,192.65812581940315,194.65246983879882,11164100
2019-07-08,194.23573303222656,195.14856774691674,192.13224500011347,193.67017914094146,9723900
2019-07-09,197.65887451171875,197.90692790744453,193.372504566388,193.45188346981755,14698600
2019-07-10,201.15145874023438,201.37967876885,198.1152875488734,198.4427198534289,20571700
2019-07-11,199.6631317138672,202.21312784653057,198.651084776992,201.67732404232368,13678500
2019-07-12,203.27479553222656,203.70145525331952,197.60926435057237,198.12520452215628,15366300
2019-07-15,202.32229614257812,203.731237758485,200.24857317451668,202.65964516188413,16030300
2019-07-16,202.2528076171875,203.8701205582262,201.5185792753485,202.30242132298193,12132700
2019-07-17,200.22869873046875,202.7687630127222,200.0203272220129,202.59015669976327,12083700
2019-07-18,199.21665954589844,200.8935030713905,197.8275664632312,198.59156008870863,11937900
2019-07-19,196.8155059814453,200.7545954984619,196.52777067611243,200.60575436261726,12098300
2019-07-22,200.74465942382812,200.99271281963257,197.26198005714764,198.3534210546784,13589000
2019-07-23,200.78436279296875,202.64972937383774,199.39526968379784,201.26062112468742,14583700
2019-07-24,203.0664520263672,203.2152780199159,195.68437994677214,196.0911911824439,32532500
2019-07-25,199.1471710205078,207.03526503129197,196.71623592173341,205.09051998026763,39889900
2019-07-26,198.19467163085938,201.30030512248393,194.72192394270914,198.63124804833765,24434000
2019-07-29,194.41433715820312,198.07560780135663,193.77932105342705,197.45050838228804,16530800
2019-07-30,195.5057830810547,197.16279330268497,191.9933532034204,193.86863651283136,11903600
2019-07-31,192.7176513671875,197.2123779524002,191.17971719472445,195.4164736835156,14593500
2019-08-01,191.22935485839844,196.92466732492895,189.39376847551318,192.6581451036591,17777000
2019-08-02,187.5482177734375,191.1201776277815,186.60561788715137,189.61202386571483,15297000
2019-08-05,180.31500244140625,184.22432707984652,177.9436121596086,183.2519618338323,23086700
2019-08-06,183.07333374023438,184.34336599152593,181.66439218458214,182.25972642611572,18035700
2019-08-07,183.70835876464844,184.91886067841867,179.80896622765212,182.1704396561513,15833200
2019-08-08,188.67933654785156,188.85792772368168,182.61691101531667,185.1668920234162,14828900
2019-08-09,186.38735961914062,189.49297837187868,185.66303267842343,188.52061313280922,11058800
2019-08-12,183.92665100097656,186.12936665344165,183.02374802918428,185.39513819593978,10930900
2019-08-13,186.98265075683594,189.88984449107085,183.92663103790386,184.0754721625791,13577000
2019-08-14,178.31069946289062,184.5417991965045,177.9138049684069,184.35327620412184,18903700
2019-08-15,181.1682891845703,181.77354012490346,178.62822462841115,179.54105938203216,12925900
2019-08-16,182.2696533203125,183.65876158169613,180.94009059840005,182.3192670332154,12654600
2019-08-19,184.7204132080078,186.0400591779072,183.41069906418429,184.56165539058108,9691200
2019-08-20,182.37876892089844,184.55171900251798,180.9698275066012,184.00599852585918,10083400
2019-08-21,182.1208038330078,184.4524966389247,181.7139926356428,183.55951048176124,8398200
2019-08-22,180.62255859375,182.67644803012516,178.50915390325136,182.001734903691,10821400
2019-08-23,176.365966796875,181.70408079141302,175.2844576101682,179.43190317679557,17323400
2019-08-26,178.9556427001953,179.09455199642167,176.85215474591666,178.00311099751607,8773600
2019-08-27,179.8883514404297,182.60700735839944,179.60060098167907,180.51343579223635,14399600
2019-08-28,180.34474182128906,180.5332648311725,177.52685877876382,179.12432330990987,9386100
2019-08-29,184.12509155273438,184.63111505629817,182.0414368628062,182.3391039813643,10128700
2019-08-30,184.22430419921875,185.3455104540302,182.03152053942938,185.3256619420925,10774500
2019-09-03,180.9698486328125,184.22430822265585,180.69203001953164,182.56731322916687,9779400
2019-09-04,185.682861328125,186.28811225850544,182.45816697478202,183.21224389624834,11308000
2019-09-05,189.41358947753906,189.8700144416205,186.47664540077176,187.0620478508057,13876700
2019-09-06,186.03012084960938,188.72894287197545,184.89899802699838,188.72894287197545,15226800
2019-09-09,187.2902374267578,187.5085256343164,184.40290729946628,186.26825860954187,14722400
2019-09-10,184.7204132080078,186.63539342326803,183.1130319415039,185.98052878136687,15455900
2019-09-11,187.02235412597656,187.96495405432762,184.63111562417566,185.00816165150752,11761700
2019-09-12,186.01028442382812,189.4433349944387,185.77214770992174,188.38167431739254,11419800
2019-09-13,185.73245239257812,186.50637773181933,185.0875045165592,185.87136168064765,11441100
2019-09-16,184.77000427246094,186.3277716375968,184.3235112131533,185.4744673984853,8444800
2019-09-17,186.61553955078125,186.85367627008114,184.0953084764538,185.20659802654154,9671100
2019-09-18,186.67507934570312,187.60776261828698,184.56165938293236,186.6254656341867,9681900
2019-09-19,188.65951538085938,189.61204720994286,186.68500463535224,187.19104332016965,10392700
2019-09-20,188.45114135742188,191.5964721193446,186.6552369772569,189.1754682614503,19934200
2019-09-23,185.36537170410156,188.6198314465113,183.76790703285937,187.8657393408444,13327600
2019-09-24,179.8684844970703,186.57584314303674,178.98541497755713,186.51631274800997,18546600
2019-09-25,181.3766326904297,181.99180022195395,176.48501221241315,180.03713839568474,18068300
2019-09-26,178.7075958251953,179.9875447342743,176.2865921683542,179.91809765361586,16083300
2019-09-27,175.72103881835938,179.35252917482316,174.2922487777934,179.0846423972008,14656200
2019-09-30,176.69342041015625,177.2788228691604,175.4730017783385,176.48504886814843,10740000
2019-10-01,174.44107055664062,178.43969015259512,173.5183191760256,177.7550603463437,17073000
2019-10-02,173.24050903320312,175.1554741070558,171.7422567348218,173.47863061918676,16151700
2019-10-03,177.9832763671875,178.4396861344255,172.2780482968688,174.20294505951188,16086300
2019-10-04,179.04493713378906,179.57080911896514,176.7132443093235,178.15195096952186,10430200
2019-10-07,178.2809295654297,179.7692499419264,176.70331359993784,178.598445179605,9178300
2019-10-08,176.365966796875,178.9655615751921,176.33620160017503,176.87199028075244,9466900
2019-10-09,178.4496307373047,179.31285176669965,176.55449903508978,177.7650008974485,7556900
2019-10-10,178.6282196044922,180.19591896552552,177.7749152722836,178.91597003720196,8605000
2019-10-11,182.75582885742188,185.03792320851088,180.72178791101695,180.73170459681214,14930500
2019-10-14,181.85289001464844,183.18245247796935,181.14842690437123,182.76572462259904,7006000
2019-10-15,187.41925048828125,188.89765439348838,182.2299769297045,182.36888624603415,15039100
2019-10-16,188.0740966796875,188.22292266826352,185.44472147500937,186.85367815342866,10516900
2019-10-17,188.9075469970703,189.35404008978063,187.30016580732195,188.81825140652387,9603000
2019-10-18,184.40292358398438,189.99900828835493,182.48794325583296,188.74880932739174,16874200
2019-10-21,188.28244018554688,188.43128130392094,185.29588281256093,185.58361808412022,8122600
2019-10-22,180.9202423095703,189.16553572894009,180.08678643569442,188.52060288034127,19537600
2019-10-23,184.7005615234375,184.92878155956058,180.58288100701617,180.59279769294298,12300400
2019-10-24,184.9287872314453,185.2760529292764,181.37666050347596,183.182481496143,11413500
2019-10-25,186.42701721191406,187.52837494017774,183.64881603665648,184.38305956882508,8061200
2019-10-28,187.92526245117188,188.05425507265963,183.6389072830373,185.74239541203062,13657900
2019-10-29,187.83596801757812,191.03089725591036,187.00251216583382,190.19744140416606,13574900
2019-10-30,186.78421020507812,188.96707709714187,184.53188109382305,188.084007598717,28734600
2019-10-31,190.15771484375,196.54757232794816,186.78419493543538,195.1683961422577,42286500
2019-11-01,192.11241149902344,192.59860166178294,188.4313071552058,191.34841785180365,21711800
2019-11-04,193.203857421875,195.83321773276006,192.3009393000315,193.03518290570312,16371300
2019-11-05,192.80697631835938,194.22583466326856,192.09258123253747,193.84878860686817,9942000
2019-11-06,190.0585174560547,192.85655192566824,189.860077764731,192.51920293642016,10973000
2019-11-07,188.93731689453125,191.93380628501296,187.99471697758543,190.41572064804228,13473000
2019-11-08,189.35401916503906,190.84233940292395,188.2228963898456,188.52056346541787,10760800
2019-11-11,188.13365173339844,188.59999341203036,187.0719757424762,188.45115226396757,8631200
2019-11-12,192.95579528808594,193.54119772486354,188.26262882751317,188.52059893355604,17615500
2019-11-13,191.6857452392578,194.17619589151252,191.23925215323305,193.18398230480068,10860700
2019-11-14,191.6460418701172,192.51919464229783,189.95928185656783,191.42775367707202,9040500
2019-11-15,193.5808868408203,193.7793265404359,191.8742781721648,192.74741587846907,11524300
2019-11-18,195.86297607421875,197.08340981198546,191.5468556127838,193.04509283218158,16167200
2019-11-19,197.7680206298828,198.44271860595367,195.3271685294393,195.8629572080851,19056800
2019-11-20,195.9720916748047,198.03589766364595,193.90828568596345,197.0337674343433,12355400
2019-11-21,196.3888397216797,197.5398111848461,195.32717899305354,195.88281621251903,12131000
2019-11-22,197.27191162109375,197.7481699012133,196.08124321082823,196.8353352226601,9959800
2019-11-25,198.23435974121094,199.4051797284967,197.69857102837094,197.96647295478036,15272300
2019-11-26,197.4207305908203,198.5915353086941,196.49796411963518,198.44270933268547,11735500
2019-11-27,200.42715454101562,201.55827748084596,197.8672415424567,198.3434998487067,12736600
2019-11-29,200.0699462890625,202.2131312621358,199.64330171552228,200.03026440732904,7985200
2019-12-02,198.14505004882812,200.60573550232598,196.50790368831068,200.55613693502008,11503400
2019-12-03,197.27191162109375,197.3810405807244,193.56102737438547,196.06140983997417,11595300
2019-12-04,197.1627655029297,198.47247954484402,196.50790091198374,198.4427143488899,8456300
2019-12-05,197.80770874023438,199.72267376788747,196.66666912831428,198.3038155523698,9740400
2019-12-06,199.4845428466797,200.0004981463346,198.5022459542559,198.9388223508887,12270600
2019-12-09,199.7722930908203,201.55828069269086,198.6511019590734,199.08766324843836,11954800
2019-12-10,199.30592346191406,200.47674327975056,198.59152852153372,200.08978061537593,9475700
2019-12-11,200.6851348876953,201.05226424708127,198.72055602657602,198.72055602657602,8036800
2019-12-12,195.21804809570312,202.07424848833924,192.58868781139714,200.77445094628683,23734800
2019-12-13,192.59860229492188,195.2676595756169,191.6659189926737,194.8707650108413,18798000
2019-12-16,196.37892150878906,197.56957484695494,193.29313648755445,193.74956142284032,14911500
2019-12-17,196.84524536132812,197.45049623175822,194.60284819119846,197.29173843033917,10175700
2019-12-18,200.92324829101562,202.70923574826463,198.53200994936498,198.53200994936498,23274400
2019-12-19,204.4555206298828,204.69365733103916,200.93315951766147,201.20106141396522,16514600
2019-12-20,204.69366455078125,206.09268933196256,201.84600128143063,205.8644693078134,27306900
2019-12-23,204.5745849609375,206.96582327912705,204.07847817990123,205.09054025240894,13348900
2019-12-24,203.52285766601562,205.17985263350567,203.40379687361448,204.69367763788193,6046300
2019-12-26,206.17205810546875,206.20183844236743,203.71137260683932,203.96935783345515,9350700
2019-12-27,206.47967529296875,207.30319933387474,204.98142292895696,207.04522922443257,10284200
2019-12-30,202.81838989257812,206.28120574011763,202.31235125630602,206.24152385687,10524300
2019-12-31,203.65184020996094,203.9594240017671,202.0146938355188,202.41157321720846,8953500
2020-01-02,208.14657592773438,208.15649261372965,204.66391150608143,205.1401698134919,12077100
2020-01-03,207.04519653320312,208.7617217095724,205.3385880417922,205.59657325047942,11188400
2020-01-06,210.94461059570312,211.12320177073943,204.9119502859545,205.0905414609908,17058900
2020-01-07,211.40103149414062,212.9092004360152,210.1012340740953,211.16290991488245,14912400
2020-01-08,213.544189453125,214.55625145649813,210.95451162741892,211.34147428459448,13475000
2020-01-09,216.60023498535156,216.67961389127672,214.59595924568188,215.84614294905182,12642800
2020-01-10,216.3621063232422,218.16794243532362,215.72709019217615,217.4932292798279,12119400
2020-01-13,220.18212890625,220.24165930128555,217.50315514980076,217.89011785751035,14463400
2020-01-14,217.3542938232422,220.64845001554536,216.92764927181693,219.8844413569729,13288900
2020-01-15,219.42803955078125,219.95391156667583,218.42590922878898,218.8922508489187,10036500
2020-01-16,220.043212890625,220.89651718671533,218.6739532866718,220.83698679349612,10015300
2020-01-17,220.41033935546875,220.55916534680847,218.81287477518103,220.30119524849337,15905900
2020-01-21,219.71580505371094,220.63855653131444,217.4138619930568,220.43020013184636,14275800
2020-01-22,219.59671020507812,221.0155683147243,219.5570131846815,220.5789919302248,12212800
2020-01-23,218.04885864257812,219.7653990977893,217.56268366067917,219.03115557209316,11195000
2020-01-24,216.24305725097656,220.05315424389215,214.4273043543575,219.08078905236238,11905800
2020-01-27,213.19692993164062,214.3776665299758,210.84538856048835,211.440722772415,13810700
2020-01-28,216.09420776367188,217.03682285882238,211.85746630853654,214.45706126995194,13413800
2020-01-29,221.49185180664062,222.45430027118508,216.74907170753525,219.71579601102562,33181300
2020-01-30,207.89852905273438,209.7837289696415,203.15574892158747,204.92188804289427,48775500
2020-01-31,200.33786010742188,207.0650673895748,199.49447245565628,206.8070821530458,31359900
2020-02-03,202.60009765625,203.54269754941683,200.92325424778556,201.85593745533228,15495600
2020-02-04,208.1962127685547,208.96022159447583,203.60225826591113,205.0111999726873,19628900
2020-02-05,208.4739990234375,211.07359379720026,207.08490604661267,210.85530559513091,12538200
2020-02-06,209.208251953125,209.54560095697394,207.7099996678324,208.83120592530642,10567500
2020-02-07,210.67672729492188,211.1629174365227,208.29540543766888,208.66253478539966,12242500
2020-02-10,211.40103149414062,212.13527502346943,209.01972486168884,209.87302918064674,11856400
2020-02-11,205.5767364501953,209.21815851429,204.90202333517067,208.55337722476645,25030800
2020-02-12,209.11895751953125,209.57538249088782,205.78511882521056,206.23162710979105,13813700
2020-02-13,211.4804229736328,212.66115967424702,207.55125014251132,207.88861429981483,15396600
2020-02-14,212.51231384277344,213.2564740857115,210.99422815837812,212.33372265165818,10741700
2020-02-18,216.1041259765625,216.28271715809083,211.73837703502883,211.88721815961387,15609200
2020-02-19,215.79653930664062,216.62007840377584,214.42727970658711,216.2926461020249,12135100
2020-02-20,212.90921020507812,217.06658788680414,211.2918970851758,214.83410713895424,13109200
2020-02-21,208.54344177246094,212.57184160157027,207.2039625311857,211.8177495955409,14092300
2020-02-24,199.15711975097656,202.0642984010924,196.62697198266386,200.22871228132,23080100
2020-02-25,195.2378692626953,201.91546237883097,194.42424686454467,200.67519541090203,21433500
2020-02-26,195.66453552246094,199.6433220862228,193.96785860064,195.65461883601014,16524500
2020-02-27,188.2725372314453,194.3548116584717,188.02448382270822,190.32642672297806,21682600
2020-02-28,190.9713592529297,191.23926117317146,180.4042901120362,181.27742781433986,32568900
2020-03-02,194.9104461669922,195.03943878253864,187.37954841583093,192.51920770635363,24949000
2020-03-03,184.44261169433594,195.70424370978932,182.5375631285639,194.69218145485473,27984100
2020-03-04,190.2668914794922,190.33635370488574,184.93870881639302,187.6970616595599,23062500
2020-03-05,183.7281951904297,187.5184585064804,182.4581629611719,185.32565973285247,19333400
2020-03-06,179.67994689941406,182.34900375294296,174.8875536690963,176.94144297065125,24559600
2020-03-09,168.1802215576172,173.63739688839533,163.90378294807687,168.2794489832595,29949000
2020-03-10,176.8025360107422,176.90174828238088,168.1801977845256,173.3099400535454,24517800
2020-03-11,168.9144744873047,174.51055943955427,166.35456119191662,172.6551094292653,20373900
2020-03-12,153.26724243164062,165.30279874923735,153.13824981343737,158.29775772184547,43266300
2020-03-13,168.95413208007812,169.4601555701285,156.3728707888146,162.25669022128017,35028600
2020-03-16,144.87307739257812,157.89092788295184,141.98574781908107,151.13395685037483,39120400
2020-03-17,148.2565460205078,152.7413554813894,138.90989624697303,149.56627516659688,34255600
2020-03-18,145.8157196044922,147.0262062866971,136.03249274945776,138.66185277470413,37553100
2020-03-19,151.93768310546875,158.68472390390542,143.67254147340694,145.47836246781847,39862300
2020-03-20,148.56417846679688,158.02990726185797,146.8476527114593,154.8052121854239,32568400
2020-03-23,146.94683837890625,151.12404910429632,141.1423828354806,148.494689153159,29830800
2020-03-24,159.72653198242188,160.05396426855154,151.38202758854493,154.00147073760522,30440400
2020-03-25,154.9936981201172,161.72090533404412,151.86821609525333,157.68258858451526,35184300
2020-03-26,162.0681915283203,162.72305624191355,155.79740845325102,157.01782713587085,26556800
2020-03-27,155.56918334960938,158.84349167154605,153.54507401130994,156.96820833607012,24879900
2020-03-30,164.65785217285156,165.45162612076703,156.82928708074246,157.94056152383686,22515200
2020-03-31,165.50123596191406,169.59906794500858,162.9214744764971,164.19150670747757,23676300
2020-04-01,158.3572998046875,162.87185966361065,156.80943383993798,160.36156041626128,19507600
2020-04-02,156.95826721191406,160.0936657297294,154.70593816665038,157.86118519507858,20886300
2020-04-03,152.9794921875,156.68045997611702,149.65558556793806,155.92636791796428,25983300
2020-04-06,164.26097106933594,164.90590387910632,157.27577856792746,158.90300833132738,28453600
2020-04-07,167.5154266357422,172.03991830310687,164.71737697093712,170.45237046123444,31411900
2020-04-08,172.92300415039062,173.6373992327179,166.43393314922756,169.91659782058824,21664200
2020-04-09,173.8258819580078,175.7011648293327,170.23407400572893,174.53034505031744,23534300
2020-04-13,173.4290008544922,173.63737236291774,168.13058409712687,172.31772651616228,19355400
2020-04-14,176.78268432617188,179.81885533138671,175.24475031360217,177.5863748699079,21011800
2020-04-15,175.592041015625,176.80254281201508,171.47436065477507,173.82590202875645,17423000
2020-04-16,174.87765502929688,176.66364261929394,171.16677054452398,176.56441519874684,23593200
2020-04-17,177.84437561035156,178.87627111884785,175.28446264083883,177.8046785869603,20974800
2020-04-20,176.8521728515625,179.0945703316381,175.3936175218738,176.02863367534525,16110700
2020-04-21,169.4700927734375,174.01443306233168,167.02924055696525,173.88544044431308,24850500
2020-04-22,180.86068725585938,183.34122116614927,176.75292370601838,177.06050748849793,33242000
2020-04-23,183.6885223388672,185.59357077642403,181.72392836327927,182.64669495302132,21426600
2020-04-24,188.5900421142578,188.9273910973202,179.42198319942162,181.80328973159789,28792000
2020-04-27,186.04005432128906,192.24138946533202,185.95075872880966,191.15988024980575,29197800
2020-04-28,181.48580932617188,187.7268267628058,181.13852847934092,187.19103803281624,21731000
2020-04-29,192.67796325683594,195.37678548595312,188.52058581051287,189.4433372001853,45954500
2020-04-30,203.11605834960938,208.0572779754261,200.00050816482027,205.30884198802337,46230100
2020-05-01,200.69505310058594,205.6660378850065,197.50012403387927,200.03027179216886,30415600
2020-05-04,203.66175842285156,204.30670634790636,197.21237001217202,198.64116002093442,19250700
2020-05-05,205.45770263671875,208.74192763342248,204.89213354811233,205.40808892263365,21071200
2020-05-06,206.84678649902344,209.95242015348194,205.05088216567125,206.4995056560085,21857000
2020-05-07,209.6150665283203,209.9524307019055,207.41235084304853,209.51585423960228,15152000
2020-05-08,210.69654846191406,211.54985270052043,209.20822817178512,210.5874043683722,12506000
2020-05-11,211.5200958251953,213.32593191135558,208.73197792819232,209.24793325852076,12911900
2020-05-12,208.464111328125,213.60377119710614,208.3648838988478,211.62926041833853,14704600
2020-05-13,203.5030059814453,209.13877170097768,200.53628200459266,207.79927734708642,20684600
2020-05-14,205.19969177246094,205.31875255942361,199.1273493977165,200.98278398111552,17178900
2020-05-15,209.23802185058594,209.6944316566375,202.53064780705802,203.6717026021449,19383200
2020-05-18,211.530029296875,212.96873605342822,209.2975485967128,210.49811862818973,20151900
2020-05-19,215.19129943847656,218.77319129030954,211.17283116193593,211.60940758664356,31843200
2020-05-20,228.1793670654297,229.53869487802802,221.4521599429684,221.75974374231737,50162900
2020-05-21,229.58831787109375,235.35307680549553,229.39979485355224,232.89239117121974,47782600
2020-05-22,233.08090209960938,234.1524946121766,226.95894596001787,229.70736675116186,33925600
2020-05-26,230.3920135498047,239.02426954087372,229.86614151041633,237.90307837726152,33178300
2020-05-27,227.3558349609375,228.76477652593493,219.4082090816277,227.28638787828586,34697600
2020-05-28,223.70449829101562,229.82645475219894,222.25585968682327,222.5535268126139,29377200
2020-05-29,223.33737182617188,225.71869372327163,221.14458808915265,223.44651593570535,23241500
2020-06-01,230.1042938232422,230.6301658982346,221.75977257292092,222.84128192413317,18223800
2020-06-02,230.907958984375,231.1857775917419,224.79591934234608,229.1418199204089,20919000
2020-06-03,228.36790466308594,230.83850704146684,226.75059151677158,230.30271831482378,15380300
2020-06-04,224.52804565429688,229.8264786524265,222.86113380048928,227.772588896863,17041500
2020-06-05,228.97314453125,229.54863025570177,223.55565142863753,224.94475960006616,16750400
2020-06-08,229.5982208251953,229.74706194907915,225.63929825351963,227.24667943961484,15466500
2020-06-09,236.8115997314453,237.9030406627998,228.61592148137825,229.71727909757166,27462900
2020-06-10,234.88671875,239.3318465307384,233.44801207354607,239.08379313341953,20720700
2020-06-11,222.68252563476562,231.07666065865504,221.8093878260726,228.1496331111453,26708200
2020-06-12,226.8002166748047,229.8562367861279,222.75198283149265,228.10993092824035,22091400
2020-06-15,230.68968200683594,231.94979762731478,223.04963965223982,223.33737495960366,15340300
2020-06-16,233.81515502929688,236.60328827584084,231.1857947501476,235.29355890963686,15236700
2020-06-17,233.69607543945312,235.7400330981517,229.925660611379,233.17020342590362,19578100
2020-06-18,234.1029052734375,234.3013449875379,230.3424068323234,233.1603052764759,15782500
2020-06-19,236.93069458007812,238.95481893657268,233.71593199267232,235.93848091433975,30081300
2020-06-22,237.3573455810547,238.82581751303113,235.0653345200704,236.7024809522082,18917800
2020-06-23,240.35382080078125,243.28084780615615,237.9923476578794,239.40128911138243,24017900
2020-06-24,232.1978302001953,241.3261922642483,230.86825247388322,239.32191655919164,20834900
2020-06-25,233.8448944091797,235.45229073930926,230.92779913741757,232.79315041364956,18704300
2020-06-26,214.39752197265625,231.2750702886985,213.7228088346602,230.828577185307,76343900
2020-06-29,218.92201232910156,219.03115643280992,205.49736327286647,208.1168066218885,58514300
2020-06-30,225.3019561767578,225.7286007703649,216.76891290483175,218.8724009551295,33927100
2020-07-01,235.7003631591797,237.1390699699134,225.78814302678114,226.72082631014734,43399700
2020-07-02,231.60250854492188,238.13127618375734,230.7988179101983,237.1390625329917,30633600
2020-07-06,238.40908813476562,238.52814892473828,230.46146246454367,231.93985107329897,26206200
2020-07-07,238.9845733642578,245.72169718938696,236.96046423896934,237.5458666417758,27887800
2020-07-08,241.6833953857422,245.0668474636678,234.74781673128183,236.25598567293406,29791300
2020-07-09,242.59620666503906,244.61039890795146,237.3771689781788,243.09231342713525,22174900
2020-07-10,243.16180419921875,243.57853211152505,237.45657576506048,241.79254453022762,22982700
2020-07-13,237.13905334472656,248.2022290661148,236.563567632783,245.08667892902588,24674900
2020-07-14,237.8633575439453,238.45869174856148,230.22331599791937,234.9164819970531,23378100
2020-07-15,238.40908813476562,242.91374646179125,236.1964559945626,239.66920367523048,19133600
2020-07-16,239.0540008544922,239.8775399092465,234.48982765582485,236.1468224503388,18880700
2020-07-17,240.14547729492188,242.25889729163046,236.00794803966005,239.1234984091847,18152400
2020-07-20,243.50906372070312,244.13416314331633,233.80521577145498,238.19079813555464,20872200
2020-07-21,239.86766052246094,244.98748681705248,238.21066547029258,244.3028569458016,19364200
2020-07-22,238.0022735595703,240.01646597475658,236.26589974372158,238.38923626150319,15427900
2020-07-23,230.78887939453125,240.53240865065303,229.94549181516214,237.76413948844888,21771800
2020-07-24,228.9136199951172,231.6719727567298,225.13327323566094,228.39766465309515,18325800
2020-07-27,231.68186950683594,233.12057616100276,229.03266108130668,229.65776047765974,13163100
2020-07-28,228.3282012939453,233.13052688737727,228.04046599577487,232.8030945646447,14170100
2020-07-29,231.47349548339844,231.88030667788055,228.5167033044342,229.3402423786379,13588300
2020-07-30,232.67408752441406,233.06105022002825,227.2169127637135,228.4274145581944,20615300
2020-07-31,251.69482421875,253.85785775778805,247.0611884844534,253.82809256073517,53005100
2020-08-03,249.99813842773438,253.41134040008626,248.38082545951394,250.68275307528512,23124900
2020-08-04,247.88470458984375,250.8315799444032,245.5033830667779,249.6012297338203,17183500
2020-08-05,247.18026733398438,250.30574951271805,245.84078794879503,248.24194323970724,13050100
2020-08-06,263.21441650390625,264.52414569277806,246.73374838380215,247.10086256251122,45241600
2020-08-07,266.349853515625,276.71849900536273,261.37885308703824,262.0237859492798,72766400
2020-08-10,260.9521484375,271.7275724279563,257.6679242008539,265.95291291636204,30248800
2020-08-11,254.13568115234375,263.84946103998055,253.1434675252499,258.16406605594824,28238300
2020-08-12,257.8664245605469,261.84518077653547,256.10025516377686,256.9535746633376,21415700
2020-08-13,259.2654113769531,263.09537176343133,257.5489011631833,259.51346478633786,17374000
2020-08-14,259.20587158203125,260.60489639382604,256.66580718443333,260.2675474028903,14792700
2020-08-17,259.1264953613281,262.04360563209156,257.3801898169379,260.45605788991446,13351100
2020-08-18,260.29730224609375,263.08541993318096,257.24129779802496,258.9181411403599,18690400
2020-08-19,260.5453796386719,265.82396354247567,259.31504439791973,259.35474142244783,23291500
2020-08-20,266.9154052734375,267.53057289532575,259.4241740031318,259.4638710277575,20299700
2020-08-21,264.9309387207031,268.3838223527622,264.3455363840029,266.59785014859045,15538600
2020-08-24,269.27685546875,275.091212458287,266.6772304785265,268.9593398589579,23685600
2020-08-25,278.6334228515625,280.8857367616059,268.15564994253316,270.28890306860325,42127200
2020-08-26,301.5436706542969,302.2977627595192,281.78869215846566,281.78869215846566,69015200
2020-08-27,290.9369201660156,298.8845620799674,289.74625154101784,297.82288608867316,30301300
2020-08-28,291.37347412109375,294.9156842406994,288.71434871476174,292.70303682425975,17157400
2020-08-31,290.9170227050781,294.56836127343684,289.2798461363718,291.6611828617794,17345100
2020-09-01,293.13958740234375,299.1424675498005,290.43083338283753,292.4152605760405,17295900
2020-09-02,300.1446228027344,301.2360638507357,290.76819189575707,296.5528143101857,24341400
2020-09-03,288.8532409667969,295.2827964981779,281.42157021145084,293.6853167317261,32294100
2020-09-04,280.528564453125,286.74973287810445,269.0288123633383,285.0133590630986,30333700
2020-09-08,269.0487365722656,277.1253423273497,267.32229400004167,269.1677974006995,24864000
2020-09-09,271.58868408203125,276.3116300951045,269.23714290021314,273.62270967239243,22918800
2020-09-10,266.00250244140625,276.98631269360067,264.9507585978488,273.3647396262602,24814700
2020-09-11,264.5340881347656,269.2768988349684,260.595028693732,267.95723761672286,18913900
2020-09-14,264.07763671875,274.4859777025332,263.63115877833076,268.8402800429086,24093800
2020-09-15,270.298828125,272.3824523522655,267.2030964194408,268.56245441564243,18478500
2020-09-16,261.4681091308594,270.3186675006481,259.7515990335024,265.20877366986406,29183400
2020-09-17,252.83587646484375,259.4638560363653,248.24192265848913,256.2689270376447,31281400
2020-09-18,250.563720703125,257.18179930634693,248.10303500311386,256.388010190241,28130800
2020-09-21,246.21778869628906,248.00377613111147,242.22910108849263,245.6125378194875,24709400
2020-09-22,252.7664031982422,253.33197219192002,246.28724989370133,251.33761325629538,30293100
2020-09-23,247.08103942871094,255.9811816546573,246.21780328574286,253.2724427163258,19641300
2020-09-24,247.58705139160156,250.2759568331123,243.70749269177463,244.58064547986274,20006800
2020-09-25,252.83587646484375,253.7586278443611,244.68979615867002,247.45806543720002,18351300
2020-09-28,254.8202667236328,257.5786189167215,252.83583981407403,257.38016411378493,18826300
2020-09-29,259.7515869140625,261.27957393938357,254.89964824755418,255.80256618794593,20200200
2020-09-30,259.8607177734375,264.0081630667946,258.0747455292031,259.9401118127102,20142500
2020-10-01,264.5539245605469,266.2406695606963,262.7381566639674,263.28389232751096,20009800
2020-10-02,257.9159851074219,263.0854090741721,257.16189314177063,259.1760853784858,16367600
2020-10-05,262.5892639160156,262.8075520699449,258.80893337565567,260.1583593126592,12822300
2020-10-06,256.64599609375,263.62125710707375,256.2292530217347,259.7416979545767,18696900
2020-10-07,256.1102294921875,258.1541875638792,252.83593595830246,257.1917389355612,23133400
2020-10-08,261.7062683105469,262.5595574704887,257.1321478779716,257.7274820927912,16312800
2020-10-09,262.390869140625,262.6885210751881,260.12862359808776,262.4603010720546,14107800
2020-10-12,273.6028747558594,277.99837332790344,265.78422747017413,268.096101899953,31019300
2020-10-13,273.9898681640625,276.92681183583034,271.261280862398,275.4186278390119,18063300
2020-10-14,269.7034912109375,276.57952376322527,269.385975611536,275.45831762030724,15577800
2020-10-15,264.6431884765625,266.94513108589155,261.616949384437,265.5163412097531,15416100
2020-10-16,263.8593444824219,269.25698866587527,263.2342450954479,265.2980662549797,16622700
2020-10-19,259.36468505859375,266.4590077763935,257.85653096131534,263.4625329573405,13587000
2020-10-20,265.47662353515625,267.5999748147456,260.8330719389817,261.0116630896151,18763200
2020-10-21,276.5597229003906,280.8460628763154,274.2180829295083,277.3832469106849,28998600
2020-10-22,275.9544677734375,280.2507700259032,272.89846291862375,277.6908417382077,16720000
2020-10-23,282.5725402832031,283.01901826787457,274.6645961018009,276.6291597942717,17535200
2020-10-26,274.9523010253906,283.00910103507454,272.1245164393334,280.9552115795528,21322900
2020-10-27,281.084228515625,282.2947304449759,274.15856596508183,276.5895016504046,16287200
2020-10-28,265.5858154296875,276.61922530983355,265.17900423878854,276.61922530983355,23121800
2020-10-29,278.643310546875,281.3917613867869,271.6482173165359,274.39663787649414,32368100
2020-10-30,261.0613098144531,274.54551949414935,257.08255380705526,272.36263742827884,47247800
2020-11-02,259.3249816894531,268.36406506435355,255.33629315337143,262.53977496028796,27165700
2020-11-03,263.2342834472656,267.9472985392612,258.84871583422796,261.1109618671874,17961900
2020-11-04,285.1423645019531,286.69021537855144,276.4505632103181,278.81203654973183,35364400
2020-11-05,292.3854675292969,295.0644560969266,286.7001035414794,289.6271152046791,23823600
2020-11-06,291.1253967285156,292.3061333378279,285.8170478994157,291.6612005522265,13891000
2020-11-09,276.5993957519531,290.3018642047378,276.3612741591326,287.61297361927814,25117700
2020-11-10,270.30877685546875,271.86655966526666,261.9444224512058,270.97357337199315,29067700
2020-11-11,274.3272399902344,276.23227323546826,270.3583854027134,271.34066722353845,14957000
2020-11-12,272.9381103515625,277.57176129856583,272.2931775519897,275.021765017838,12899500
2020-11-13,274.7935791015625,275.5972697257865,270.97355054002895,275.55757270188633,10391200
2020-11-16,276.7878723144531,277.2343805060042,272.4916011386614,272.90831385615263,12970400
2020-11-17,272.8587646484375,275.5178900694576,271.1620877175575,275.5178900694576,15040300
2020-11-18,269.8523254394531,275.23013630396935,269.7233328307537,272.3824579271771,12152900
2020-11-19,270.81475830078125,271.3406302507744,267.0939576319751,268.90969503517306,12963700
2020-11-20,267.5999755859375,270.8742678101234,267.31222521134265,270.4376914762385,18114700
2020-11-23,266.3398742675781,268.84027177686704,262.4702475031481,268.7807413866415,20990800
2020-11-24,274.7638244628906,275.65681071523977,265.78427252771075,266.39944016199667,16930400
2020-11-25,273.44415283203125,277.99840979634354,270.5270423142432,275.97431577662064,12467000
2020-11-27,275.6468505859375,276.9565797708799,272.68014168909747,275.2301378416092,7808400
2020-11-30,274.81341552734375,275.5377423917736,268.89983065871155,273.880732275048,16693300
2020-12-01,284.3188171386719,287.04740475144206,276.7879189610211,276.9863738084787,20738900
2020-12-02,285.2812805175781,289.50812069353924,278.6433682468617,283.1380952289201,17361600
2020-12-03,279.6554260253906,284.4180394796772,278.88150058207015,284.021160071813,12921700
2020-12-04,277.5221862792969,281.25288923153835,277.1252765720726,278.11749028021455,10880300
2020-12-07,283.3563232421875,286.24366821412923,276.0338129120554,277.01609460561934,13007700
2020-12-08,281.1933288574219,284.1997348614235,279.3577276370347,283.7830221052009,10747700
2020-12-09,275.7560119628906,285.39039736328687,269.6340408403183,281.4513082325447,25189700
2020-12-10,274.9622497558594,276.55972952390835,269.743196117083,273.3945654669271,20065100
2020-12-11,271.4200439453125,274.3272530821825,268.14575086632885,272.3924242664456,14391400
2020-12-14,272.0550537109375,275.06145975530757,269.4455270568558,271.24143127887464,16376900
2020-12-15,273.4044189453125,273.93029089129226,265.38734715528943,272.69002401115574,23979500
2020-12-16,273.5235290527344,275.69644892052736,270.3881305277646,272.62061106750957,15885000
2020-12-17,272.3427734375,278.25635744205846,271.47952225398996,274.9126027788768,16377800
2020-12-18,274.24786376953125,275.83541176373166,269.02884023804313,273.62276428656816,26693200
2020-12-21,270.6659851074219,272.5313517179054,265.70491658165054,270.85450813379794,16553700
2020-12-22,265.0103759765625,269.38604239828476,262.56953854592865,269.38604239828476,17312900
2020-12-23,266.02239990234375,270.050815371756,264.15706358620935,264.8119282601544,14329000
2020-12-24,265.3179931640625,268.2946348905403,264.12735464145067,266.78648064991245,6702000
2020-12-28,274.8431701660156,275.1408221372453,263.59147145418575,266.6474760519845,23299700
2020-12-29,274.6249084472656,278.3258764729374,274.1288015940637,274.79359810053637,16383000
2020-12-30,269.75311279296875,275.9147509123316,269.59435497972174,275.78578857652786,11803800
2020-12-31,271.0330505371094,274.93244242913414,267.709129167285,269.88207921275466,12900400
2021-01-04,266.8459777832031,272.85879089842234,263.13510791657234,272.6405026545051,15106100
2021-01-05,268.860107421875,270.27896553417906,266.1215883285125,266.2009823694545,9871600
2021-01-06,261.2597961425781,265.66522754841077,257.98550292903553,259.9599985721144,24354100
2021-01-07,266.6474609375,269.49510899402355,262.7183037402035,263.82957807641225,15789800
2021-01-08,265.48663330078125,266.85589308419407,261.13080051963345,266.2208617666856,18528300
2021-01-11,254.8401641845703,261.4185458890213,253.9074808801105,258.4518366026843,30412300
2021-01-12,249.13491821289062,257.6977267357879,248.3510761020939,254.63179023434895,26383500
2021-01-13,249.68063354492188,251.97264457383557,247.25962990122798,249.59133795314094,19528900
2021-01-14,243.7273712158203,253.04425719792317,242.70539232208438,251.42694403172888,29739400
2021-01-15,249.40283203125,251.88336623941407,245.23553758953017,245.96976602555998,24942900
2021-01-19,259.0669860839844,260.15842713817875,250.75223098015417,254.8996767061357,28028500
2021-01-20,265.39727783203125,268.21516053791925,261.54748460794593,266.83596923879514,25199900
2021-01-21,270.745361328125,271.4696882669738,265.40724650418264,267.16348422222234,20838700
2021-01-22,272.3627014160156,276.30179160579917,269.88216679474044,269.8920986228139,21954000
2021-01-25,275.8453063964844,277.9190291400611,269.3959181421236,275.97429900636445,19087000
2021-01-26,279.85382080078125,283.16784071758497,275.6468450213006,275.9742924509034,19373600
2021-01-27,270.02099609375,281.2429283426131,266.03227844946406,280.3300786005515,35346200
2021-01-28,262.9366149902344,284.55695871630996,262.6389630097755,275.02176987618066,37758800
2021-01-29,256.3184814453125,264.4844088557711,252.86559809620962,263.23421024732994,30389500
2021-02-01,259.96990966796875,262.1130947982749,252.92518665519498,257.49927707444425,22914300
2021-02-02,265.0003967285156,266.75663419137607,261.22006530975233,261.9443921433572,17320800
2021-02-03,264.5736999511719,267.1038623168479,261.78558268903714,263.55172134917893,14223400
2021-02-04,264.4150085449219,266.07201868018495,261.9444062212849,264.93097902725805,16060000
2021-02-05,266.012451171875,267.07412690707577,263.60137958180314,264.7225554259444,12454400
2021-02-08,264.5043029785156,267.75876255758504,262.93661872589735,266.6574199342827,13755200
2021-02-09,267.3519592285156,271.2612831266557,263.6807568981955,264.3653866856333,14613400
2021-02-10,269.75311279296875,271.6680778178337,265.6354323142313,270.3286136509837,14687200
2021-02-11,268.28466796875,271.44980170908656,266.39943777738347,269.772988469329,12828600
2021-02-12,268.3937683105469,269.0684662649887,266.2505833847128,268.4136016809876,9097600
2021-02-16,271.8367919921875,274.44631890054274,267.9473009164723,268.69146120075794,15417200
2021-02-17,271.43988037109375,271.83675975298524,267.48092753784414,269.1280057386519,12763200
2021-02-18,267.2924499511719,269.8325144750873,263.95859633855946,267.4710411411446,15249100
2021-02-19,259.5233459472656,268.16551656468806,258.12432135786315,267.7587054191213,25622600
2021-02-22,258.302978515625,261.021664636817,255.524792274946,255.94153535102737,17434900
2021-02-23,263.7898864746094,265.3774342503566,252.97477970473903,257.47942267295707,21924600
2021-02-24,262.251953125,264.3058423791856,256.3780660416674,260.2873594540459,15736100
2021-02-25,252.70689392089844,264.8615109881435,252.06194597211868,260.25762517278304,19053100
2021-02-26,255.61404418945312,263.4822901977924,254.47300468846313,254.47300468846313,26619500
2021-03-01,262.84735107421875,264.5737933288639,255.89192291964775,258.7892004251062,22157300
2021-03-02,256.9833068847656,264.63326480051563,256.6360260897413,263.7105134754157,15191700
2021-03-03,253.42127990722656,258.95781848728717,253.1136961127763,258.26328713334885,15513500
2021-03-04,255.63397216796875,264.41503987482264,251.52619259476157,254.47306872511757,31626500
2021-03-05,262.2221984863281,263.3831016749771,253.61970873593322,258.64032206827693,26820100
2021-03-08,253.3220672607422,263.5120906541324,253.06409715938335,263.48232545551326,18391800
2021-03-09,263.67083740234375,266.43912187751977,257.78701790933485,259.14634572246285,22039700
2021-03-10,262.83734130859375,266.87565738580054,260.8231491821168,266.5482402649239,14210300
2021-03-11,271.74749755859375,275.7361857987075,265.73468485814243,266.0224050343976,21834000
2021-03-12,266.3101501464844,267.6397128665082,261.96424931001116,267.0444088724371,20600200
2021-03-15,271.6184997558594,273.8112835494725,266.4093778427333,266.9848484642395,16844800
2021-03-16,277.1053771972656,279.9431234722313,272.6602499427521,273.9302819754771,22437700
2021-03-17,281.798583984375,284.0012993075215,273.26554127849425,273.5631932356945,21315000
2021-03-18,276.4505920410156,282.96944368958503,276.1132429973402,277.69085923686396,18728300
2021-03-19,287.8511047363281,290.52016203735093,279.01050723081204,279.03034060421714,38930500
2021-03-22,291.2543640136719,297.3763044516404,284.51722576051964,288.1884278823142,28273100
2021-03-23,288.3670349121094,295.67964408375025,287.5534125169044,290.86740220961764,23000900
2021-03-24,279.9432067871094,289.44860135285086,278.9708263945545,288.7342062293324,18675000
2021-03-25,276.56964111328125,285.8170802003852,275.5873592254311,278.7922204243197,24505600
2021-03-26,280.8162841796875,282.2847712189747,275.6071627424305,276.1330347429934,17629200
2021-03-29,288.55560302734375,290.89721288603766,282.4832598697574,283.5449055436785,21718800
2021-03-30,285.75750732421875,290.19270318034495,284.46764179897343,287.57324482882785,17474500
2021-03-31,292.2367248535156,294.19138722095454,286.3628059237623,287.7320657917094,19498200
2021-04-01,296.3345031738281,300.04537216997386,294.29054567841536,296.07651796063567,17616000
2021-04-05,306.5047302246094,308.3502331272152,298.33880077200007,298.54718744548785,28237000
2021-04-06,303.8753662109375,308.9257301235245,302.8732207214209,306.4352641390623,17335200
2021-04-07,310.65216064453125,311.8031320847076,303.12126285402763,303.9547186665781,22855200
2021-04-08,310.5826721191406,313.4204185957787,307.63579668722434,312.3984398583777,20894100
2021-04-09,310.02703857421875,312.28928426591995,307.9136188596121,308.9752946294777,15988600
2021-04-12,309.1142578125,309.71949362187615,305.53235068829883,308.62805251976675,10881900
2021-04-13,307.3480529785156,311.9816729088787,306.91147663099315,309.7789578027251,14036900
2021-04-14,300.462158203125,305.6315830725214,299.59893713379694,304.9072561748296,17421400
2021-04-15,305.4232177734375,307.72516074452744,301.7321817266754,303.95473064775086,14558300
2021-04-16,303.7959899902344,306.54444137804103,302.2382071802452,305.77051588644764,13059200
2021-04-19,299.88665771484375,305.30416629522637,298.2197459731686,302.6351090312537,14553500
2021-04-20,300.29345703125,302.72439260123326,294.89581231843675,299.6385923844795,16796400
2021-04-21,299.12261962890625,299.6286582281445,295.0744016748638,299.5988930328925,14863500
2021-04-22,294.2112121582031,300.5614044233748,293.73496893428785,298.9837579042729,16375400
2021-04-23,298.78533935546875,300.2339629907367,294.8363176243021,296.43379755001087,17536800
2021-04-26,300.680419921875,303.41890888662624,299.2119328828372,300.97807189197096,16172600
2021-04-27,301.2062683105469,302.96247535635484,298.7654012272768,301.9107314378546,15309300
2021-04-28,304.70880126953125,308.49906447197213,302.9922608483322,304.9667562140213,33907200
2021-04-29,326.9443359375,329.2264152654433,319.1058237242205,327.5495717415354,56526800
2021-04-30,322.54876708984375,327.2518799010745,321.97329655477483,323.60054130902915,26332400
2021-05-03,320.0682678222656,325.99178455965375,319.33403940642825,323.6303414935902,18719500
2021-05-04,315.88104248046875,319.6812367471001,310.68185397066276,317.5281203528008,24032600
2021-05-05,312.567138671875,318.56011770266906,312.04126663923637,315.712469321402,15577600
2021-05-06,317.5281982421875,317.746486454234,310.8307561707074,312.0710232209815,19012200
2021-05-07,316.5954895019531,320.42544959034336,316.2680723502295,319.8698124189637,15916700
2021-05-10,303.58758544921875,312.1305297025952,302.4564474516533,311.9023399620006,24239200
2021-05-11,304.14324951171875,304.45083332141724,297.3565117661836,298.40825581482176,18920100
2021-05-12,300.1942138671875,302.5854522871309,295.86817708684436,298.78528750586537,24645500
2021-05-13,302.8831787109375,306.45512398338803,300.4125458855412,303.69677097235177,18079200
2021-05-14,313.4800109863281,314.3829291220224,306.67340899415586,307.1298491154696,19245700
2021-05-17,313.0036315917969,313.22191975162684,309.1538387438593,311.10850035871624,15401300
2021-05-18,307.5465393066406,314.03562515796114,307.39771331279434,313.13270708868293,14522400
2021-05-19,311.14825439453125,312.2099301973566,301.2062851765557,301.8214527542808,19106200
2021-05-20,316.129150390625,316.7641816085727,310.7216046125785,311.138317354396,17320200
2021-05-21,313.7677001953125,317.43887214336223,313.35095718328677,316.80387122022114,13600900
2021-05-24,322.1023254394531,323.4120547384483,315.5537092244351,315.73230041612777,16445400
2021-05-25,325.2377014160156,326.6168625616901,322.27096218906894,324.53320796495933,16437000
2021-05-26,325.1087341308594,327.2618208339103,323.2830646151076,325.7933639842611,9686900
2021-05-27,330.1590881347656,331.18106697098676,324.215738131107,325.44607335297707,20477700
2021-05-28,326.1703796386719,330.27812809646827,325.77346998443005,328.42269355471336,12037400
2021-06-01,326.5672912597656,328.839469050858,324.0966889019142,327.57933830612393,11765900
2021-06-02,326.5870666503906,329.2858885748239,324.57287446163747,327.8075001531146,11654300
2021-06-03,323.5013732910156,324.8309360567853,320.96130856238705,323.2433880314024,12610800
2021-06-04,327.7778015136719,329.871357884137,322.64804336676895,323.36243844123214,13289400
2021-06-07,333.959228515625,335.060601318784,326.36880079638615,326.9145364253234,20136700
2021-06-08,331.08184814453125,335.66587042753156,329.65305804593925,334.0783527890586,14580500
2021-06-09,327.6784973144531,334.1774834081034,327.43044394782595,333.1257395560005,13727900
2021-06-10,329.871337890625,331.33982497689396,325.9917789291626,328.2143580705369,13240200
2021-06-11,328.68072509765625,330.23847761827665,326.3688501836827,329.9904241893929,13587900
2021-06-14,334.14776611328125,334.1973949616918,327.24196787486557,329.3156906835293,12250800
2021-06-15,334.1279296875,337.27326012162166,332.42132108487635,334.3660512618339,15795200
2021-06-16,328.5020751953125,334.9216985906193,326.16046556361823,334.0783412293465,17232200
2021-06-17,333.8898620605469,335.3484174989163,327.5793668014927,327.9167158462907,17794100
2021-06-18,327.09320068359375,333.5326584721789,326.43833595052314,331.9252769818973,23039500
2021-06-21,329.70263671875,330.3277360767431,325.09875148397424,328.51196839114846,11337500
2021-06-22,336.3902282714844,337.2733130481438,330.0103010916536,330.09959669604154,15345300
2021-06-23,337.9380187988281,340.7460001805239,335.56664409367676,336.70768365205276,14817800
2021-06-24,340.5078430175781,342.2144515558053,339.12868191166035,339.1882123029975,12329100
2021-06-25,338.7119445800781,341.4405319220191,337.0351012093616,339.9224463575193,14594400
2021-06-28,352.87091064453125,355.3514450058949,339.10888057251884,339.793510478652,29156100
2021-06-29,349.1500549316406,353.9622666221002,346.33214168796724,353.49592502331853,21417300
2021-06-30,345.0025634765625,350.172017850921,344.46678996348334,349.42785769169,15107500
2021-07-01,351.6305847167969,351.90840330765593,343.80200504587583,344.1195206582734,17137000
2021-07-02,351.93817138671875,353.66461333834536,349.8743501691839,352.3350507654891,11521300
2021-07-06,350.0331115722656,355.9963249803974,346.46113656672946,353.7241473646603,13488500
2021-07-07,347.7608947753906,353.7141756872279,347.2747198571754,352.4937724794709,14218900
2021-07-08,342.9586486816406,345.61777404774114,339.89271207759845,343.0380427319482,14406500
2021-07-09,347.6914978027344,347.97921794083607,342.5815736156693,342.63120246289606,13018700
2021-07-12,350.4101867675781,351.4321656465033,346.91760551570826,348.49522163288634,10018600
2021-07-13,349.3485107421875,355.69867223428014,346.084119258612,348.7631083049435,11456000
2021-07-14,344.9231872558594,352.43425079221873,344.03020115303184,351.7992196115705,13894200
2021-07-15,341.7778625488281,346.5107404450972,337.57088688988114,346.5107404450972,14781600
2021-07-16,338.50360107421875,343.29597951923523,337.491554086067,342.2244021364838,11026100
2021-07-19,334.3263854980469,337.1442684957518,331.9351470822577,334.9415530868475,14372300
2021-07-20,338.99969482421875,340.77576560791334,331.8954419693958,336.16194824446416,11024300
2021-07-21,343.53411865234375,343.82183878893244,338.59288412390543,338.84093751886803,9279700
2021-07-22,348.45556640625,348.80284729180573,342.5221169889243,343.98067248428885,12385400
2021-07-23,366.9106750488281,372.40751658266703,354.40877765238,358.09981344980844,33694300
2021-07-26,369.5599060058594,371.5245000314871,365.3529296099251,366.70232570674966,14925200
2021-07-27,364.94610595703125,370.24452329824976,361.71147971727765,369.01418804237403,15705400
2021-07-28,370.37347412109375,374.61021509469094,364.0729119989861,371.6435062586561,29676900
2021-07-29,355.52996826171875,362.6738876890814,353.96225388818993,358.18909332168226,33413200
2021-07-30,353.52569580078125,357.92122508930873,350.19187261810475,351.24361661835076,15976200
2021-08-02,349.2095947265625,356.6015680075973,348.00899444804065,355.3117024170683,13180400
2021-08-03,348.5050354003906,351.01533416663716,344.99262166039244,349.983454001189,12406100
2021-08-04,356.1253356933594,357.67318656110393,348.7730289315938,349.6759469844377,14180600
2021-08-05,360.1437683105469,361.06651968292107,354.121024546421,356.8397103759352,10247200
2021-08-06,360.6795654296875,362.3067799430136,358.58597904613214,358.58597904613214,8925000
2021-08-09,358.79437255859375,362.9319169074044,357.94108333229246,360.92765618426364,7798900
2021-08-10,358.3181457519531,361.2650217132256,356.24442270957024,359.01267718837187,7469900
2021-08-11,357.1572265625,359.53853333042804,355.0239732137303,359.2805783648751,8400300
2021-08-12,359.82623291015625,360.1735137038781,354.32936144025535,355.6589542253566,7170700
2021-08-13,360.3521728515625,361.8206600632015,358.66542768950404,360.1438164480058,7195700
2021-08-16,363.7057800292969,364.09275783068705,354.5972673191107,359.69722899006086,11222100
2021-08-17,355.6589660644531,361.8305356773374,352.3052793550785,360.1536923226501,12328700
2021-08-18,352.6823425292969,357.05797793706466,352.384660276008,353.4761013114874,10042400
2021-08-19,352.3548889160156,354.7858243488867,348.2669737273142,348.61425454343237,12004500
2021-08-20,356.57183837890625,357.1870060382135,350.5590256805761,351.83898985298094,8697700
2021-08-23,360.5208435058594,362.842619862997,356.3039354030331,356.6412844176642,10942000
2021-08-24,362.6640319824219,365.09493733122457,359.02259445247506,360.82843061784286,9235100
2021-08-25,365.5215759277344,367.97231440598324,362.5548367278309,362.75329155616987,9684500
2021-08-26,361.54278564453125,366.56338388860024,361.2947322519193,365.5116399263221,7888700
2021-08-27,369.7285461425781,370.8298886670531,361.2451019807343,362.2571791977708,11219100
2021-08-30,377.696044921875,378.5195689135399,367.63498415552175,369.65910844389265,13547300
2021-08-31,376.4260559082031,379.7797432154205,375.85055497858326,376.9916250107728,12345400
2021-09-01,379.0752258300781,381.3374718182199,375.86046318376043,376.63438864602057,11567200
2021-09-02,372.3579406738281,378.77756425764454,371.14743879885947,378.5295108429375,14832900
2021-09-03,373.330322265625,374.22330850570114,370.2048250054217,371.8320699459693,7509600
2021-09-07,379.20416259765625,379.9780879459185,370.2444755627935,372.95322942168843,10793800
2021-09-08,374.6300964355469,377.90438920545546,371.8717438371521,377.1999260274363,11067200
2021-09-09,375.0567321777344,376.8724697008113,373.6378740295423,374.6995498243246,9098900
2021-09-10,375.7413330078125,380.80162791744493,375.31468846969415,378.3905260979454,11549600
2021-09-13,373.5783386230469,378.7775280081508,371.43515369148867,378.7080657914906,13026300
2021-09-14,373.59820556640625,375.64216326926356,372.1892488559139,374.46142659975425,8711600
2021-09-15,371.0085144042969,374.62015608259486,364.8071795418745,374.06451890131825,17940300
2021-09-16,370.15521240234375,370.65131921468594,366.8312907036599,369.8873256244635,11934200
2021-09-17,361.8801574707031,368.518069098452,358.77452395434756,368.518069098452,26299000
2021-09-20,352.9303894042969,358.2188745657045,347.0763049441087,356.50233413802766,19822800
2021-09-21,354.696533203125,357.2365976294864,352.4243555514342,355.70858018739267,11751900
2021-09-22,340.53759765625,347.1159782146659,338.0372304577377,344.5263154319161,43692900
2021-09-23,343.2662353515625,346.9473698962506,340.32929134487557,342.67090108913663,21806300
2021-09-24,350.211669921875,351.5908612269244,339.7041325472566,340.5673534510142,18801900
2021-09-27,350.8269348144531,352.38471771537905,344.3775452480335,347.0862997667159,15205800
2021-09-28,337.9975280761719,346.87785115390363,336.2810180731356,345.2605382784772,21710300
2021-09-29,336.9656677246094,342.5419339486069,336.2413711294323,340.4781125717642,14452200
2021-09-30,336.74737548828125,340.13079708981513,335.5170100804958,337.7991194420631,16547100
2021-10-01,340.33917236328125,342.3335009667382,336.00320408517933,338.950049198345,14905300
2021-10-04,323.68988037109375,333.32426674467087,320.1873672849246,332.9174555014666,42885000
2021-10-05,330.3674621582031,332.5701777639631,323.6204211697277,326.02156134576114,35377900
2021-10-06,331.04217529296875,331.77640370121645,323.26319366414805,327.17251785068817,26443000
2021-10-07,326.65655517578125,336.20164494595497,326.4184336067815,334.3759755970612,28307500
2021-10-08,327.48004150390625,330.80396266249693,326.15047909646034,328.9286949621272,15946100
2021-10-11,322.9159240722656,327.8868935538608,322.7769996356763,325.07894242521274,14708200
2021-10-12,321.2489929199219,321.8542589738375,314.89883180646416,320.51476453054045,31658700
2021-10-13,322.0129699707031,324.4538066432104,320.1476037910813,324.42404145012927,14761500
2021-10-14,325.971923828125,327.9464191482135,324.5530656863524,325.8032341975856,14302200
2021-10-15,322.2313537597656,326.5077926877274,319.99887277639976,326.1208147828959,21596400
2021-10-18,332.7289123535156,333.2746480135661,324.94996119096635,326.38868305478695,21585000
2021-10-19,337.34271240234375,339.79348135249637,334.6538218634987,337.00536339171015,18786300
2021-10-20,338.1265563964844,341.3016520941956,336.8069256043469,340.77578008650755,13639500
2021-10-21,339.218017578125,339.6446621931022,335.1697688091569,337.63046963499943,16354400
2021-10-22,322.0823974609375,327.0633284208235,318.60965034290786,323.80886947569667,35224500
2021-10-25,326.1307067871094,326.9939278171444,317.23054914233694,317.8060197357078,38409000
2021-10-26,313.35101318359375,327.638884727191,307.18937444715965,325.70408613688915,65654000
2021-10-27,309.7889404296875,316.7642010297312,309.63018261546694,311.74360248983976,29971800
2021-10-28,314.4523620605469,322.98537519345757,305.7109319804182,310.5529394184158,50806800
2021-10-29,321.050537109375,323.46160870461625,317.1114482093507,317.6968505547002,37059400
2021-11-01,327.41070556640625,330.85368850525396,323.46168392324455,323.5013809518082,31518900
2021-11-02,325.5254211425781,332.1831961301534,321.27874819042154,328.7997441561289,28353000
2021-11-03,329.0378723144531,329.56374431625284,320.6834506798263,324.94002526271333,20786500
2021-11-04,333.2349548339844,334.64388123663895,330.0598590951158,331.40928538211995,22495300
2021-11-05,338.473876953125,344.08981033823187,336.99548817455815,337.66025442158127,26872800
2021-11-08,335.9833984375,342.1053702931129,335.7055798125427,341.73825606870065,18342500
2021-11-09,332.7586669921875,338.6524181419945,331.8656808167528,337.3526207608711,17556700
2021-11-10,325.08892822265625,330.59570243398394,322.9755080862131,329.901140695636,21872600
2021-11-11,325.1880798339844,329.8713292985275,324.4538514499528,327.2519011057933,12376600
2021-11-12,338.2357482910156,339.1981665270857,327.21223815711136,327.60911758764775,25414300
2021-11-15,344.853759765625,350.8963370151153,340.5277229617034,341.65883073118636,25076600
2021-11-16,340.2895812988281,343.95085205070313,338.2158584260246,341.15280232033473,18181100
2021-11-17,338.1166687011719,344.5958232777505,337.4519024454214,341.5596516250175,13602800
2021-11-18,336.0528869628906,339.7935220059401,332.68926772039174,337.07486594324405,17487200
2021-11-19,342.6113586425781,349.35842957953895,337.2534110290804,339.53552057480016,26488500
2021-11-22,338.3547668457031,351.07492208794804,337.8586600494858,346.332142327309,27116800
2021-11-23,334.6240234375,338.74170365953904,330.9032225838584,336.29093495274225,17225000
2021-11-24,338.4043884277344,339.1187834740705,330.2186257334472,333.3837897309682,13566200
2021-11-26,330.52618408203125,335.12013781830825,329.31568229899483,333.18530921855194,14750700
2021-11-29,335.39794921875,338.0174075573323,332.69912711837196,334.26684150342027,16650900
2021-11-30,321.93359375,333.195223381446,320.91161502439473,332.39153284383184,25390000
2021-12-01,308.1815490722656,327.9265935829965,307.87396527980366,327.7182372061574,30329600
2021-12-02,307.97320556640625,312.1504165030923,304.80804163947613,308.975320750198,24396200
2021-12-03,304.4508056640625,311.30700500958125,297.167961754166,311.2871716391293,27471000
2021-12-06,315.39495849609375,317.60760590944744,303.954735944998,305.73080691553787,21758300
2021-12-07,320.29644775390625,323.9974151280257,318.5005436838794,319.0661126641519,18794000
2021-12-08,327.98614501953125,330.15909535727707,320.55447439589165,322.46943949245696,19937700
2021-12-09,327.25189208984375,333.5127573929671,325.4460560967517,326.9740734970569,16879200
2021-12-10,327.1824645996094,332.42135167676867,323.8287774793143,329.97058264885754,14528000
2021-12-13,331.885498046875,338.4341134815039,327.0236577459982,328.3730839089908,22948700
2021-12-14,331.141357421875,333.08611788089667,325.09878022695415,325.4956596112595,20461000
2021-12-15,338.99969482421875,339.44617276651826,321.4573660255817,329.9010829872585,24681300
2021-12-16,332.2923583984375,341.7779188431185,331.1413868855736,336.3406072064359,22635000
2021-12-17,331.19097900390625,334.4851050733317,328.1746412454397,330.20866697035297,40012600
2021-12-20,322.9159240722656,327.3312563674149,320.0186470744069,327.2121955817415,17901800
2021-12-21,331.5978088378906,333.3837812684171,321.2291642430061,323.86845614497594,16116800
2021-12-22,327.87701416015625,331.90539917403015,325.7040638349438,331.2009056779404,16764600
2021-12-23,332.6296691894531,334.04855761445225,325.8032349487416,327.5297071595906,13987700
2021-12-27,343.4845275878906,345.16137114468296,335.3781587056069,336.2116145707647,17795000
2021-12-28,343.5242004394531,349.9636571382656,342.51215344868643,343.9310116569067,16637600
2021-12-29,340.2697448730469,346.9671868790593,338.97987926535325,344.20883419741097,10747000
2021-12-30,341.6786804199219,344.52635905092467,340.54757259642133,341.3214980377505,10593300
2021-12-31,333.73101806640625,340.7658081749075,333.6516240293268,340.349065180123,12870500
2022-01-03,335.904052734375,338.4242538677894,334.56455811057526,335.6659008430581,14537900
2022-01-04,333.9096374511719,340.4185561639644,329.2859184989826,337.30302124422224,15998000
2022-01-05,321.6458740234375,333.1456252268606,321.3184266010709,330.426939558543,20564500
2022-01-06,329.871337890625,336.529113208816,320.2071867379019,320.3064141577774,27962800
2022-01-07,329.20654296875,334.37596709741774,326.3191978982015,330.1491276753842,14722000
2022-01-10,325.5155029296875,325.78338968437043,312.97390926532506,322.7769838731119,24942400
2022-01-11,331.7664794921875,332.0244647355846,322.7472608791002,324.235581381853,16226800
2022-01-12,330.66510009765625,333.75086972930177,327.46023940386385,332.57013317263903,14104900
2022-01-13,323.93792724609375,333.0166761967169,323.22353219830933,332.37174337245716,14797100
2022-01-14,329.3157043457031,330.1392586318961,318.70893800587925,319.2844388795973,16868500
2022-01-18,315.6727600097656,321.6855721790978,315.1667516493473,320.7727525971954,22645600
2022-01-19,317.1015625,324.5530968357373,316.84357725675176,317.09163067373413,20814700
2022-01-20,314.0951843261719,325.2675209136267,313.5197136706013,321.3780296650762,16925000
2022-01-21,300.8094787597656,315.8315803302447,300.6804861176738,312.3588319414594,28710700
2022-01-24,306.3062438964844,307.1198662942084,286.7596546601461,295.52088719382215,38878100
2022-01-25,297.81292724609375,303.8456033215666,295.2629308448496,297.614502679901,25108500
2022-01-26,292.3359069824219,305.1156233960731,288.58534066797705,304.61951658051186,28348800
2022-01-27,292.3457946777344,299.3607209780765,291.96874871003104,295.43156407033877,21629900
2022-01-28,299.3607177734375,299.549240755271,290.7483121147507,293.31814137032893,21871600
2022-01-31,310.82086181640625,311.34673384669173,296.9894009293225,298.3387969768634,21579500
2022-02-01,316.5161437988281,317.1710084195929,309.6897092695964,312.110712917288,18023800
2022-02-02,320.48504638671875,325.44611521623455,314.4027711569386,325.2675240055626,58458300
2022-02-03,235.90870666503906,246.06897966279848,233.91436272380943,242.74505795410397,188119900
2022-02-04,235.24391174316406,240.72093489028182,228.31826526183067,233.14042381897158,89342200
2022-02-07,223.15878295898438,236.4445235617217,222.26578156076954,235.84918929624516,88613800
2022-02-08,218.46559143066406,224.01207717049772,214.46697168286357,219.13038789094924,94729700
2022-02-09,230.1935577392578,231.55288554145955,220.47979314969592,222.45428854589056,86563300
2022-02-10,226.29417419433594,233.1702075147075,224.93483120002207,226.49261389613994,49310400
2022-02-11,217.84051513671875,228.62587292741537,217.06658968226097,226.6811426049242,46156900
2022-02-14,216.00489807128906,219.27920598503405,213.1076361709991,217.60236257569318,38184000
2022-02-15,219.27920532226562,219.42803130608593,213.38545412333406,218.75333332612993,42685500
2022-02-16,214.8539276123047,215.76677745313566,210.70648200582244,210.75609571412514,45817500
2022-02-17,206.0926971435547,215.8064617968669,205.54697662595777,212.35356264731095,38747500
2022-02-18,204.55474853515625,209.10900508345037,203.58236835806525,207.759594053588,37128400
2022-02-22,200.50653076171875,205.86447827017005,198.50225500397403,200.76450085331822,39852400
2022-02-23,196.90478515625,205.32868403916535,196.5079057737242,202.57033145267047,44481400
2022-02-24,205.98355102539062,206.72771123120492,188.73887367786082,189.5723294747781,49957200
2022-02-25,208.8411102294922,209.67458114367503,201.59794806228433,203.34425365392673,37627600
2022-02-28,209.3868408203125,211.49032886803136,205.21954660842596,206.06291910870078,34239800
2022-03-01,201.90554809570312,210.10122686689581,200.64543260210104,208.23586048014417,27094900
2022-03-02,206.48956298828125,207.52145842115084,200.4469860879729,203.18549004210848,29452100
2022-03-03,201.3896026611328,207.45202857519675,199.85166849923849,207.39249817950693,27263500
2022-03-04,198.5022430419922,204.28684993255428,197.24212757746724,200.79425395071016,32130900
2022-03-07,186.01028442382812,199.32578909187365,185.82176141781613,199.2265616760848,38560600
2022-03-08,188.80833435058594,195.16842766775892,184.66088843878129,186.3873456909563,37508100
2022-03-09,196.9544219970703,197.54975628076116,192.41008137550406,194.21591760004782,31894700
2022-03-10,193.69003295898438,194.7516936899463,189.5822690603511,193.32290361390366,24853000
2022-03-11,186.14918518066406,192.05285278974358,185.2165020189651,191.14001813828725,34694500
2022-03-14,185.17686462402344,190.7927831736334,184.37317387586273,185.57374408435584,31010500
2022-03-15,190.53477478027344,190.7828281781689,184.46243244458515,189.3143563018215,31721700
2022-03-16,202.04444885253906,202.1436611229739,193.00538285917506,193.18397402994407,40640300
2022-03-17,206.22169494628906,206.42013466134534,199.54410088177565,200.1295033401846,29499700
2022-03-18,214.80435180664062,215.11193563474245,204.39602452486062,205.09057109476467,52128000
2022-03-21,209.84326171875,213.03819075246523,206.01331658056841,212.82981923288457,30142300
2022-03-22,214.9630889892578,217.7512221641548,208.54346523043534,209.72420193902565,31998800
2022-03-23,211.79791259765625,215.11190224536244,210.5080319452024,211.66891999041766,23717300
2022-03-24,217.8603515625,218.95177745927012,213.1175565355208,213.325928057074,31502300
2022-03-25,220.0928192138672,223.7441578485975,217.1856256093876,218.79300673228764,40039000
2022-03-28,221.84902954101562,222.29552262165006,217.83056153535037,220.40040620029254,26224100
2022-03-29,228.07020568847656,229.09218442696672,223.5357825280101,224.30972302063074,31417900
2022-03-30,226.07586669921875,229.35015934967984,224.94474384142845,227.12761065506166,25588000
2022-03-31,220.62863159179688,226.71090621508176,220.5294041691088,226.6712091900149,24192300
2022-04-01,223.09922790527344,225.5102996200444,220.9659596397171,222.80156080543097,19544800
2022-04-04,232.06884765625,232.52527259224502,224.10137333817107,224.22043413017906,28054800
2022-04-05,230.03480529785156,235.01572198026443,229.2211979906724,232.2573692886443,29727200
2022-04-06,221.56130981445312,227.20700787328028,219.68602663220452,225.14320167620593,28995100
2022-04-07,221.21400451660156,223.76400056777624,216.8581877051978,222.18636954134027,21037200
2022-04-08,220.59886169433594,223.37706293065762,218.31676728092958,220.6484754046232,18375700
2022-04-11,214.77456665039062,218.8922471136339,213.54421631232353,216.7192968654244,20516600
2022-04-12,212.47262573242188,220.30119065314656,211.4704954183544,218.5251349202986,20128800
2022-04-13,213.31602478027344,214.92340609908956,209.68451907333844,210.17070922753877,19231800
2022-04-14,208.54344177246094,213.3160017822713,208.36485059628197,213.21677436885344,18379500
2022-04-18,209.1288604736328,211.71853852275748,206.6780917200943,208.36485177792,16580800
2022-04-19,215.61793518066406,216.7292095688352,207.3726425799073,208.88081149240958,20089900
2022-04-20,198.85946655273438,212.49248814621333,197.37114601309614,211.94676758701675,43036500
2022-04-21,186.60562133789062,201.38959810560033,184.13500399279943,200.03027030150272,49954100
2022-04-22,182.67645263671875,191.21941262522995,181.84299681832218,188.88770453092923,36426800
2022-04-25,185.53402709960938,185.72253496662242,180.24552677813085,181.307187460691,29281100
2022-04-26,179.54104614257812,185.73246439664177,178.10233946459232,185.17682720845232,31747400
2022-04-27,173.5877685546875,179.79903546123612,167.68410058572994,173.07181323676826,71062900
2022-04-28,204.1280975341797,206.90629861285063,191.39799536375196,201.3399797700055,100890600
2022-04-29,198.90904235839844,210.82552109106607,198.34347339392878,202.86797968975637,49193400
2022-05-02,209.48605346679688,210.23021363572835,199.42500858844238,199.60359976179677,49915300
2022-05-03,210.37904357910156,213.22669170109717,206.46971966222895,208.81134431020465,41556300
2022-05-04,221.6704559326172,222.55352547851587,205.34854436270368,209.00980002605064,41375900
2022-05-05,206.65826416015625,218.45568421552025,204.55477600232203,217.03682591961714,41129200
2022-05-06,202.18333435058594,207.74965228417688,199.4547474250997,205.7255284137936,34747200
2022-05-09,194.6822509765625,200.99273052738982,194.05715151927018,198.2839763057758,36303200
2022-05-10,196.11102294921875,201.37969017738874,192.67797217965332,197.95654095400684,34452500
2022-05-11,187.2703857421875,199.10748580190932,186.80404417527703,194.8012827465857,31153400
2022-05-12,189.75096130371094,196.50793445839577,183.3412538744328,185.60349999300624,38262200
2022-05-13,197.07345581054688,198.3335712924769,189.79061178927196,191.0804924673125,24549800
2022-05-16,198.48240661621094,203.7709070471389,194.4044080173516,195.5156975710409,27112600
2022-05-17,201.0423126220703,203.8602107221061,196.81548818198343,200.54620582741316,24872700
2022-05-18,190.74314880371094,199.43493452984333,190.1378978992899,198.44272092521723,23960000
2022-05-19,189.80050659179688,193.7693604420428,188.12367855764774,189.71121101376056,24446900
2022-05-20,192.03302001953125,196.36900389432037,186.4071705328154,193.45189338862062,31465600
2022-05-23,194.7020721435547,195.45616417554956,189.75093592706153,193.67017665237506,25059200
2022-05-24,179.8684844970703,182.24979113801103,174.73874187922655,179.14417279094744,50406300
2022-05-25,182.3986358642578,184.0060171216073,177.92375778337643,178.99533519495697,28030200
2022-05-26,190.13790893554688,191.32856230221216,180.84085662538251,181.4560393911431,23056500
2022-05-27,193.61065673828125,193.80909644271358,188.3221561022746,189.87000699281722,22562700
2022-05-31,192.1322479248047,196.06142058608745,190.5149348528655,193.37251497016206,26131100
2022-06-01,187.1711883544922,197.97639474515785,183.55953115785042,194.979905186522,36623500
2022-06-02,197.3115997314453,199.3754058637499,186.26825737146237,186.98265238418233,31951600
2022-06-03,189.2945098876953,195.07911700749378,188.30229628512222,194.45401759307975,19465000
2022-06-06,192.73751831054688,195.3867271701413,186.9330618961677,192.47954818945584,30574200
2022-06-07,194.1265869140625,194.99973973643614,189.99898979915574,190.43555107036437,18828700
2022-06-08,195.10888671875,200.45691755476113,192.8962545730106,193.15422466525632,22267200
2022-06-09,182.56729125976562,197.89698741635377,182.24977565995093,192.7672452341674,23501600
2022-06-10,174.2029571533203,181.6743246989857,173.65723661984313,181.6147791626238,27450800
2022-06-13,162.9810028076172,171.23622734441977,162.75279791555977,169.2617168018966,31749300
2022-06-14,162.45513916015625,165.45162866818345,160.10359761848122,164.73723361805804,27244300
2022-06-15,168.0313720703125,170.8194897453489,162.70317496971361,165.89810383704474,30008300
2022-06-16,159.6173858642578,163.7946114907579,158.36720226576904,162.44520048319256,26944100
2022-06-17,162.46505737304688,164.60822720386258,158.65494571164365,160.42108467647037,31374200
2022-06-21,155.82717895507812,166.4537801817448,154.7555862436529,164.6380271268283,50724900
2022-06-22,154.63650512695312,159.53802789484112,154.22969389233737,157.14680447815155,47267800
2022-06-23,157.51388549804688,158.5060989500031,153.04892496424398,155.0532003763887,40499200
2022-06-24,168.8350830078125,168.92437860519823,160.04406921900008,160.4707138331624,68736000
2022-06-27,168.17027282714844,170.41266990358127,166.70178593534752,169.98602536256894,29174600
2022-06-28,159.42886352539062,169.9661815615334,159.35941645073356,168.57707352864495,27744500
2022-06-29,162.66348266601562,165.03487231161975,159.07167466170534,162.296368517944,28595200
2022-06-30,159.9944305419922,163.943436123308,157.2559266696186,160.8874166564684,35250600
2022-07-01,158.783935546875,159.3693379164502,153.79310252765947,159.06175413379128,31423900
2022-07-05,166.88043212890625,166.9399625311862,155.7974064183734,156.90868096754664,28618600
2022-07-06,168.44810485839844,170.25392571345915,164.17166672198726,166.8903222600425,23085900
2022-07-07,170.84925842285156,171.3751304080076,166.4735929101582,168.13058776866583,24083400
2022-07-08,169.54946899414062,171.05762280254982,166.84071489855444,168.65646764813104,19249200
2022-07-11,161.6117401123047,166.18584496387152,160.64929180379883,165.76911710966948,21885600
2022-07-12,161.9987335205078,164.61817705836836,160.83784531918116,163.51681925608725,16639700
2022-07-13,162.21701049804688,163.6953991051211,158.3672168002053,158.91293732025682,16555100
2022-07-14,156.81935119628906,161.32399395376947,156.05534254020475,159.96466626461358,23765200
2022-07-15,163.41758728027344,163.6954058947358,158.57559489965857,159.2899748082911,23342800
2022-07-18,165.92788696289062,170.35316657049168,164.35027086909628,165.4516286428729,23574300
2022-07-19,174.4113006591797,175.11577895763392,168.19011731697498,169.04342159539536,25933700
2022-07-20,181.66439819335938,182.17043685739438,175.32415341322346,176.108010695169,24784300
2022-07-21,181.7437744140625,182.4184875761292,177.47725264504635,179.22355837746912,27195800
2022-07-22,167.9520263671875,174.23274124637183,167.09872193320714,171.72244166012345,42583900
2022-07-25,165.35240173339844,169.24189263554436,163.52673221768362,167.68410990943246,26166300
2022-07-26,157.91079711914062,164.70746671110234,156.720143761273,164.6479363142058,28468400
2022-07-27,168.25958251953125,169.53953138988183,160.75845019660002,161.32400407048306,43846600
2022-07-28,159.46856689453125,160.25240895674543,153.64427805738555,159.80591587624482,73214300
2022-07-29,157.86119079589844,158.8930862847135,153.96178345090468,156.4621659776194,42065400
2022-08-01,158.6847381591797,163.9037921865568,154.0213365507477,156.02561256985382,40596700
2022-08-02,158.9427032470703,160.97674420933518,156.77966966857088,157.0773367845084,27374500
2022-08-03,167.48568725585938,168.21991575542236,160.3119859442989,161.4232605209222,31721900
2022-08-04,169.24188232421875,170.80956650112654,165.50123278418064,166.98955319565712,23938200
2022-08-05,165.808837890625,170.27379969891064,164.5090403199431,165.68977708719768,25832700
2022-08-08,168.92437744140625,176.12784324049753,165.82867563352886,166.69189668226872,27299100
2022-08-09,167.2177734375,168.20998713624027,165.30280826612145,167.63450137417337,18655100
2022-08-10,176.95138549804688,179.07472218493237,172.59556801298828,174.6196924150537,30262100
2022-08-11,176.10800170898438,181.67432074948522,174.99671215406823,178.3107171671491,24079100
2022-08-12,179.0945587158203,180.04709045423732,177.51694269092118,179.402142516149,21274000
2022-08-15,179.4815216064453,180.02724212693158,176.81246453895838,177.56655658180426,15878700
2022-08-16,178.0725860595703,179.58075505593564,175.66149900261934,178.0428208610876,21156700
2022-08-17,173.48855590820312,176.75293202621683,172.81384278005555,175.38367239848955,20118100
2022-08-18,173.300048828125,174.39147481635746,170.52184743447762,172.9825331762889,18844500
2022-08-19,166.65220642089844,170.9782584134384,165.74928839232285,168.87475524203418,26240800
2022-08-22,161.78045654296875,164.2014605389721,160.9965991944366,164.2014605389721,19499700
2022-08-23,159.8555145263672,163.76483806382655,159.4487033655709,161.21484215051808,18111800
2022-08-24,161.98878479003906,164.17166679378263,158.52596906042174,159.3495081545654,20891500
2022-08-25,167.4658203125,167.565047734485,162.74288874160553,163.89384508074522,15550500
2022-08-26,160.52032470703125,169.58915695402584,160.41118059882976,167.1681532011775,24023600
2022-08-29,157.93064880371094,161.78044270679146,157.77189098214532,159.4090526295797,20052700
2022-08-30,155.93630981445312,160.40127149563065,154.6960426807927,159.10147396195126,19567900
2022-08-31,161.66136169433594,166.53313431830148,160.87751957743515,165.76914071346795,40953000
2022-09-01,164.0724639892578,166.05689146124206,159.10147862233006,162.30632475039022,30145700
2022-09-02,159.07168579101562,166.62241647598805,157.98024481501335,166.14615820463135,22634200
2022-09-06,157.3055419921875,160.43102400577848,156.46216949199575,158.85340797014467,19339800
2022-09-07,159.14114379882812,159.7067128361439,155.58901718018615,156.5316171024006,16831200
2022-09-08,160.7981414794922,160.96681598296698,156.51178639006864,157.47423484046743,22530800
2022-09-09,167.8329315185547,168.21989423340526,161.75067218718405,161.97887708569115,22086800
2022-09-12,167.64443969726562,170.05551181144762,165.97751274599625,166.08665686268637,23220400
2022-09-13,151.93768310546875,160.3714992434936,151.48125815876136,160.2821885074128,44444100
2022-09-14,150.2906036376953,152.34447803217273,147.88944840773684,152.1361216428672,43064200
2022-09-15,148.3855438232422,152.99933091133602,147.54215622478398,148.63359721808547,34606300
2022-09-16,145.15093994140625,147.4231178621415,143.16651248084165,146.8972457962903,40122800
2022-09-19,146.8674774169922,147.42311467152805,143.97021520406963,144.1091245177036,22169500
2022-09-20,144.95249938964844,147.68108713223123,144.08927829406127,144.6449155574268,23217400
2022-09-21,141.01339721679688,148.43516612082303,140.89433642517437,145.25015368511407,38338600
2022-09-22,141.70794677734375,143.45423717863846,139.77311823877739,140.44783132698993,34418500
2022-09-23,139.31671142578125,141.509494943838,137.80854255554897,140.3188416841715,31710700
2022-09-26,135.30816650390625,141.13247074803093,135.12957531950997,139.028967578612,30497000
2022-09-27,133.35350036621094,138.33441682444828,133.0756817723629,136.84609644027194,30826500
2022-09-28,140.5073699951172,140.92409789474942,133.22452572729918,133.57179140700362,32658500
2022-09-29,135.34786987304688,138.7511554817555,134.1472846750604,138.2748971610571,38985400
2022-09-30,134.62351989746094,139.8921862798723,134.44492873533332,134.99064918623955,33166400
2022-10-03,137.53073120117188,138.53286151227974,135.04028045219258,136.0721759608596,27723100
2022-10-04,139.18772888183594,141.28130027797047,138.25504563332407,139.3961004088353,34670700
2022-10-05,137.89784240722656,139.11827604059891,133.73054829955544,137.1636140300522,27979300
2022-10-06,137.98716735839844,140.34862568345443,135.53639829341935,136.64767279932806,36231100
2022-10-07,132.41091918945312,137.2132300072064,131.4087887729323,135.6951442120901,33214800
2022-10-10,132.74826049804688,135.05020348397787,130.84321206485183,132.51013890638444,24024000
2022-10-11,127.53913879394531,131.6270694195871,126.00121214365586,130.59515872186037,38481400
2022-10-12,126.50723266601562,128.6603343385144,125.2669656790939,127.32085507662566,34605200
2022-10-13,129.2755126953125,130.11890037271309,121.5759400490777,122.56815372132348,34325700
2022-10-14,125.77301025390625,130.76383636476277,125.53487351641806,129.97999420633082,23559400
2022-10-17,132.996337890625,133.74049827867455,129.16639182119732,129.2854677784729,29612200
2022-10-18,131.7659912109375,136.76674193219262,130.37688285393622,136.02258160736426,25445000
2022-10-19,132.19261169433594,135.93326114909232,131.19048142384776,131.85526270902045,30691000
2022-10-20,130.505859375,135.70506431958893,130.28757116213697,131.89495242051143,26356300
2022-10-21,128.9976806640625,129.106824762259,124.46327252621275,125.32649348650858,46348600
2022-10-24,128.70994567871094,132.44066325636285,123.60004427257866,126.25917694643074,63563400
2022-10-25,136.43930053710938,137.27277155210777,129.5731835448493,129.8609339964498,38433200
2022-10-26,128.80917358398438,134.49455312999504,127.5292095937446,130.65467629925334,82791500
2022-10-27,97.17740631103516,101.70189808643511,95.62954788524887,97.21709576502857,232316600
2022-10-28,98.42759704589844,100.06475118209325,96.75076102287782,98.80464310065243,95928300
2022-10-31,92.43462371826172,98.54665563117554,91.87897894800474,97.45522217208263,121361400
2022-11-01,94.45873260498047,96.73090267934045,92.8215862051481,93.5955116094301,110189600
2022-11-02,89.83502960205078,94.45874152287298,89.7754992022516,93.47645207623735,71821100
2022-11-03,88.21772766113281,89.75565442318421,87.72162078886008,89.37861592545339,60664000
2022-11-04,90.08307647705078,90.67840314172008,87.40409513105502,89.64650005696497,55638100
2022-11-07,95.96690368652344,96.12565393122965,92.37508761392576,94.04200681828185,81987300
2022-11-08,95.71885681152344,97.03850284878779,94.05193749339736,95.17313624874802,52088300
2022-11-09,100.67992401123047,104.0832172597688,99.95560468906787,100.92797743293154,107677300
2022-11-10,110.99893188476562,111.87207707822908,103.7954594362292,106.285917551093,80671000
2022-11-11,112.13997650146484,114.00534289363566,107.9627582000439,108.37949366062841,59961700
2022-11-14,113.33062744140625,115.36466057908345,109.93725908041222,110.12577449825304,53395000
2022-11-15,116.16837310791016,117.81544379009492,113.51916454422182,115.16623522640658,50670500
2022-11-16,112.34835815429688,115.1761656241988,111.78279666031649,113.60846619527436,33287800
2022-11-17,110.58219909667969,111.45535188108411,108.94505276589892,109.55030364781972,35093800
2022-11-18,111.17755126953125,113.42987310168331,109.75868533544744,112.9139252938301,33357700
2022-11-21,109.00459289550781,111.4950512926187,108.33981156253067,110.65166362870413,24351100
2022-11-22,110.57228088378906,110.75087962631447,107.47657187001144,109.00458165162027,29029000
2022-11-23,111.36605834960938,111.79271052341535,109.86782118321183,110.85011058058302,21343100
2022-11-25,110.54252624511719,111.85224795871838,110.15555595769946,110.43338213815132,12007600
2022-11-28,107.93299865722656,111.1676172464969,107.53611168682706,109.91742593923475,23309400
2022-11-29,108.60769653320312,110.07617594853657,107.69486186501712,108.68707543565115,23899200
2022-11-30,117.18043518066406,117.23997314960913,108.52833059963122,108.65732322402079,43348600
2022-12-01,119.50220489501953,120.25628175847012,117.4780883020962,118.27185461677927,36551400
2022-12-02,122.52845001220703,123.07417049645396,116.6942370232965,116.91252521699526,39950500
2022-12-05,121.4767074584961,123.699263731685,120.40511498803421,120.80200192931514,35474900
2022-12-06,113.2314224243164,119.61135638173694,112.8543763993124,118.97634026277038,43689200
2022-12-07,113.04290771484375,114.97772141162169,112.00108029658497,112.87423320178922,29461100
2022-12-08,114.43201446533203,116.4263586674454,113.69777083441436,115.48375862584894,30619400
2022-12-09,114.99755859375,116.62478830403349,112.9833661822399,114.40223194340052,26033400
2022-12-12,113.81683349609375,114.81897146041706,112.25905827788338,114.28317514988747,24747100
2022-12-13,119.21446990966797,122.33994437785942,117.71622519933055,121.1790486702528,44701100
2022-12-14,120.64325714111328,123.17340504101887,118.46039008353992,118.46039008353992,36922000
2022-12-15,115.24560546875,117.70629083616666,113.12226907509665,117.40863131284408,34531000
2022-12-16,118.50007629394531,122.34986252333044,117.8948253630125,119.29385024041143,67064000
2022-12-19,113.58861541748047,116.8827642422822,113.43978186458503,115.9203158462125,29769900
2022-12-20,116.17829132080078,116.41642804447906,111.58434489885498,112.37811883780395,28742500
2022-12-21,118.82750701904297,119.40298517401476,114.71974317671537,115.79132814906961,20392800
2022-12-22,116.20806121826172,117.69638163953562,113.48939046500924,116.28743255420459,23618100
2022-12-23,117.12089538574219,117.25980468548725,114.64036136173881,115.12654391084652,17796600
2022-12-27,115.96992492675781,117.67653356062343,115.14639337715077,117.01175225347482,21392300
2022-12-28,114.71974182128906,117.23004107638656,114.61059771715533,115.34483367860929,19612500
2022-12-29,119.3236083984375,120.08760953159305,114.86856393098249,115.49366333718959,22366200
2022-12-30,119.40298461914062,119.48236352635037,116.823230694738,117.23996617259452,19583800
2023-01-03,123.76873016357422,125.38604327854202,121.32788546177093,121.86368174801889,35528500
2023-01-04,126.37825775146484,128.04517701826012,124.87008873532221,126.38817443776281,32397100
2023-01-05,125.95160675048828,127.51930617905816,123.5702924084817,125.14790852344242,25447100
2023-01-06,129.00762939453125,129.3152132188516,125.0586155413681,127.96580198249362,27584500
2023-01-09,128.4618682861328,131.91476662993804,128.27334532041223,130.1387113307319,26649100
2023-01-10,131.95449829101562,132.4009914039198,126.15996665938663,126.27902745216674,28684400
2023-01-11,131.8552703857422,132.80780214441828,129.32512256861318,129.94030532233305,25423000
2023-01-12,135.64553833007812,136.6079716671771,130.7340685210791,132.40099536982513,30757700
2023-01-13,135.9134063720703,136.3202175567717,133.79007000359942,133.91906260849916,22423800
2023-01-17,134.30601501464844,135.6851911232085,133.20465746464896,135.1196221818685,21147600
2023-01-18,131.9842529296875,136.1813120791631,131.7659647337358,134.75252212019842,20215500
2023-01-19,135.0898895263672,136.37977036748882,131.1111180301182,131.45839888195158,28625200
2023-01-20,138.28482055664062,138.85038964114324,133.56188872561822,134.8319210690861,28688600
2023-01-23,142.15443420410156,142.6406091357408,137.5803293049433,138.20541352276183,27470100
2023-01-24,142.02545166015625,143.87096953007216,140.25931269367496,140.58674499285107,21970200
2023-01-25,140.39822387695312,142.05521876598272,139.21748727495543,140.12040528118638,26622000
2023-01-26,146.15309143066406,146.36144784409134,142.18423634844635,143.27566241206785,25482100
2023-01-27,150.5585174560547,151.99722434243992,146.24238165691892,147.08576938685857,35771900
2023-01-30,145.91493225097656,149.9433171179442,145.80578814738973,148.24664030943237,28040100
2023-01-31,147.81007385253906,148.71299193940402,146.3713670374125,146.7980116547346,29842100
2023-02-01,151.927734375,152.38415927092325,145.91492266683247,146.87737102434204,55661000
2023-02-02,187.3001708984375,195.62484263627775,178.75721095112047,181.95214004621323,150475700
2023-02-03,185.07760620117188,195.23787916833177,181.46594921292,182.04143493203435,76809700
2023-02-06,184.61126708984375,189.215137765212,184.075478386839,185.0776087109676,42483800
2023-02-07,190.12799072265625,192.27117602009497,182.96420635731428,184.13502643535176,47080700
2023-02-08,182.0017547607422,189.3441453472471,181.49573121569117,188.52060614570775,36139100
2023-02-09,176.53465270996094,185.19667372941453,175.88971988644266,184.6807335265915,37118800
2023-02-10,172.7939910888672,177.4970889680082,172.00023232679908,174.97687310448828,33433600
2023-02-13,178.0328826904297,179.59066534207818,174.45100605417406,176.83231268780145,31463200
2023-02-14,178.08250427246094,180.096696800279,174.51054416410403,175.78057644351702,24034600
2023-02-15,175.78053283691406,176.80251144666556,173.9647804644494,175.04628945690874,25308900
2023-02-16,171.09732055664062,174.4807726641265,170.45237261399396,171.40490435914325,25827500
2023-02-17,171.53387451171875,171.83152644936783,168.37862771285032,168.89458297140283,24171300
2023-02-21,170.7401580810547,176.78273668623947,170.5417183425886,172.95279068791572,34592600
2023-02-22,169.78759765625,171.41482746265243,168.36873938126783,169.7379990849405,22433200
2023-02-23,170.70042419433594,172.33758574816875,168.06114747660433,170.66074231120285,20017800
2023-02-24,169.0632781982422,169.39071050981784,166.35453925336142,167.32690436229686,19791300
2023-02-27,168.21987915039062,171.7720054876957,167.74362088404132,170.54167037129523,19277000
2023-02-28,173.5778350830078,176.16751296792663,170.53173231868809,170.56149751299935,46051100
2023-03-01,172.06967163085938,176.4651855200996,171.7025574629913,173.23055966490836,30998400
2023-03-02,173.17105102539062,173.64730934892816,170.0951825850901,171.03779768581322,17352000
2023-03-03,183.8075714111328,185.16689921321293,175.67142283010665,177.52685743761492,45877700
2023-03-06,183.46031188964844,188.18325891520774,183.20234177126963,186.5361804963786,33209400
2023-03-07,183.07333374023438,188.87778960526148,182.57722691894926,187.52837844576686,36701500
2023-03-08,183.52975463867188,183.81748992709475,179.92801435060838,181.44609997913568,19432400
2023-03-09,180.27528381347656,187.45890028532764,178.89610757316447,184.8990026283273,26582800
2023-03-10,178.11227416992188,183.3313278726715,177.40781092790243,179.60059470599492,25665000
2023-03-13,179.49142456054688,182.34900442013023,173.4587795191688,176.57432945052895,24728000
2023-03-14,192.50930786132812,192.80697500171783,185.10738693821187,186.119449159545,41642600
2023-03-15,196.21022033691406,196.23998553082393,189.3540213934432,191.4475924916384,42123600
2023-03-16,203.33433532714844,204.1578744706101,194.563170324946,196.71627212123454,50447100
2023-03-17,194.0869140625,200.32793130379721,193.90830773144071,198.99836863693588,50141100
2023-03-20,196.26979064941406,197.807724920832,192.1322613145537,196.93457201525698,25186300
2023-03-21,200.5858917236328,201.9650679306829,196.40866608272424,201.61778713769408,31827000
2023-03-22,198.2541961669922,205.75532852932008,198.1152868691705,200.92325316226015,28477800
2023-03-23,202.68939208984375,206.26136708985172,200.57597228650752,201.26060208984055,27389700
2023-03-24,204.40591430664062,205.96369689550627,201.96507737654167,203.58237521787427,27716400
2023-03-27,201.2605743408203,204.25706322546185,199.79210266105213,203.21523606577108,18527200
2023-03-28,199.11741638183594,199.46469719503838,196.3590638071846,198.5915443892571,19127300
2023-03-29,203.75108337402344,204.1181975874608,200.96295024122955,201.97501242473533,18851100
2023-03-30,206.22169494628906,206.46974837510436,201.24079299646337,201.7964302546129,22608300
2023-03-31,210.28976440429688,210.51796930568898,205.1600216261787,205.62636325509658,25440300
2023-04-03,211.41098022460938,211.82770816161158,206.57888921274505,207.21390537484075,17924600
2023-04-04,213.04812622070312,214.55629527926422,210.8850924885587,211.72848018695962,21026400
2023-04-05,209.83334350585938,213.51446289742063,208.3053411097266,212.48255219823199,19396600
2023-04-06,214.41737365722656,215.25082948122093,207.02536992733897,207.62070416732274,26104400
2023-04-10,213.07786560058594,213.98078358899562,209.0197157053964,213.0381837191073,16106100
2023-04-11,212.1848907470703,214.33799250651626,211.74831432764745,213.80218866814147,16710100
2023-04-12,212.33370971679688,215.15159269813535,210.92476822612764,213.16716550452043,18972200
2023-04-13,218.63426208496094,219.42802081401916,214.01054330230806,214.05022518277008,23310400
2023-04-14,219.76541137695312,220.38057900800283,215.85608709194122,216.1835194200745,21591200
2023-04-17,217.15586853027344,219.25935651194632,215.4393432459834,218.0786199086563,15481900
2023-04-18,216.19342041015625,218.7235681147785,214.52650883156815,218.19769611867787,12281000
2023-04-19,214.02044677734375,215.6377596109294,211.2720111706919,211.80781493370955,15898100
2023-04-20,211.41098022460938,215.06231937166476,211.11331308675648,211.81777633502944,16475400
2023-04-21,211.2323760986328,211.74833146698396,207.94815114120425,208.57325062324549,17717200
2023-04-24,211.13314819335938,212.25435452781917,209.06935700458934,212.01621778758587,15750900
2023-04-25,205.9339141845703,209.61501777744775,205.51718633292248,209.17845655665698,19198200
2023-04-26,207.76956176757812,212.44289538451366,207.2536214970738,210.84543057549539,41992700
2023-04-27,236.70248413085938,239.8081176766573,234.9264283723866,238.02213009217323,71196500
2023-04-28,238.44879150390625,238.5579204709665,233.91436785871295,237.1489789055397,39554000
2023-05-01,241.28651428222656,242.10013676312872,234.61885231326877,236.76202234544346,29143900
2023-05-02,237.37721252441406,243.01297910850474,237.12915909786122,241.2865218093042,24350100
2023-05-03,235.1844024658203,239.86765214917628,230.93772921497737,237.60540621704422,34463900
2023-05-04,231.7017364501953,236.34528907829275,231.11631888863627,234.22195246681608,17889400
2023-05-05,230.9674835205078,232.85268332838044,228.0603049028967,230.43169483131584,27000500
2023-05-08,231.4536895751953,233.7853826412468,228.4770485325923,229.61808820959843,16400500
2023-05-09,231.55287170410156,234.04333740833212,229.2807093324098,229.65775532683008,16865600
2023-05-10,231.26516723632812,234.9065896390676,228.92354233696676,234.3311038856675,19119000
2023-05-11,233.9540252685547,236.35519537222126,230.49120968380188,231.2353698430436,20449000
2023-05-12,231.98947143554688,235.11495352176897,229.64784661240037,234.89666530723997,16161400
2023-05-15,237.00015258789062,238.38924563922228,233.4976396213384,235.07525568820336,20653200
2023-05-16,236.96046447753906,237.77407177480512,233.68615649688385,233.9540432740443,18163800
2023-05-17,240.60189819335938,241.94137756334118,236.2857626745779,236.5933464897594,21193100
2023-05-18,244.9279327392578,245.16605431320838,239.31200014059405,239.42114424198073,22943300
2023-05-19,243.7273712158203,246.75362601085467,241.5147389171471,245.54312409284094,21733600
2023-05-22,246.38648986816406,251.5956112987984,243.21139421750922,243.49914464158914,27738500
2023-05-23,244.8188018798828,249.65087751904687,244.72949114484263,244.8882489627154,17748100
2023-05-24,247.2695770263672,247.64660792831876,243.04273707413475,243.3701694042358,17724300
2023-05-25,250.72247314453125,253.62965191246678,247.2298768085311,251.4269363674874,22371400
2023-05-26,259.9996643066406,260.2675510820646,250.7423094564224,250.9605825230714,25727200
2023-05-30,260.47589111328125,266.55816503984386,259.255487821885,263.1846450145921,23816500
2023-05-31,262.6587829589844,262.93660155320083,256.43761464566063,257.9755335993669,25473700
2023-06-01,270.4873352050781,271.8665266446984,263.81968887583463,263.8295904214734,25609500
2023-06-02,270.4873352050781,273.2060210618952,269.0089466293334,270.5369640530964,19416900
2023-06-05,269.27685546875,273.42430092681104,267.46108767771483,268.1953160303984,20742900
2023-06-06,269.0090026855469,274.4165800492298,267.5901442077969,268.0366525332248,19419000
2023-06-07,261.54754638671875,272.11461659977925,260.753757231396,269.5547184887687,26163600
2023-06-08,262.5198974609375,265.56600090360325,256.8642973226566,258.59073953708463,20899400
2023-06-09,262.88702392578125,265.86366493518454,259.6623294989277,260.43625495017426,16949800
2023-06-12,268.939453125,269.63401467681086,263.2639907769064,265.08969023653174,15442500
2023-06-13,269.2073974609375,273.5731311839987,266.9947502630428,272.73967540522887,16164000
2023-06-14,271.2215881347656,272.8488026603034,266.2307550388256,269.7729647864291,19175100
2023-06-15,279.6355285644531,281.77871344375353,269.3066122627581,270.1797347425138,25973500
2023-06-16,278.81201171875,285.60868069386356,277.948790762136,282.53281258688276,43127700
2023-06-20,282.1161193847656,282.58246105378674,274.06928048735443,276.5597466644631,20701600
2023-06-21,279.4470520019531,281.78866155656544,276.1925623349365,281.32231995476303,20556200
2023-06-22,282.6618347167969,283.0388807556065,275.6270434409826,276.90697727173125,17563100
2023-06-23,286.48187255859375,287.41455585917544,276.7780237818679,279.31808843197484,51092000
2023-06-26,276.3017272949219,287.5335927129634,275.4385062924321,286.45208350341085,24232700
2023-06-27,284.8149108886719,287.0970204097257,278.4647497013113,279.81417598610125,26108300
2023-06-28,283.0686340332031,287.29544349247846,281.84820037160534,282.60229241746646,16722100
2023-06-29,279.33795166015625,284.3387177220062,278.50449569650834,282.28482787589394,15395700
2023-06-30,284.7454528808594,286.799311897848,282.2053886384394,282.5427376087658,19694900
2023-07-03,283.7929382324219,287.1466252255622,282.6320652147703,284.4676665294726,8629300
2023-07-05,292.0779113769531,295.79871236153565,284.13027078429906,285.41023480138307,33865500
2023-07-06,289.7164306640625,295.79870469399134,289.0417327035368,293.58608781168573,47600500
2023-07-07,288.2678527832031,293.893717936311,286.4124179592206,289.9049993761313,25586000
2023-07-10,291.81005859375,295.8086786396994,284.8149337600443,293.2487503073784,37058300
2023-07-11,295.9674072265625,297.84267521035605,289.6271477024056,291.6115749292531,27585900
2023-07-12,306.93133544921875,307.0404946851265,297.76329195096815,299.40043824994797,36677100
2023-07-13,310.9696350097656,313.77758587660765,307.8739337510717,311.1779913652673,30281000
2023-07-14,306.46502685546875,312.4282406131699,304.9667745464392,309.36230405201036,23054100
2023-07-17,308.2013854980469,309.2828946951575,302.3373994520956,305.1453809142804,25323100
2023-07-18,309.6202087402344,311.7534919766378,305.2247102283001,308.4593359088423,20731900
2023-07-19,313.5494689941406,316.19866268368173,308.10219505234863,310.5926611922204,21763700
2023-07-20,300.1644592285156,313.0831001900084,299.86680724874,311.05897588766237,23836900
2023-07-21,291.9687805175781,303.081554551309,288.9326093562947,302.19850020228625,42139300
2023-07-24,289.3393859863281,295.2033718464492,286.0551614764398,293.4769299160423,24915700
2023-07-25,292.1771545410156,295.97731949491924,289.5874611705835,292.89154957975995,19585600
2023-07-26,296.24517822265625,299.42024310742835,289.6271011614162,298.84477262729735,47256900
2023-07-27,309.2828674316406,322.8166743609135,307.4274329964879,322.58845435083214,64229200
2023-07-28,322.9456787109375,323.66007368157807,311.80310958996205,314.41263608382906,39220300
2023-07-31,316.1192626953125,323.1242883704477,315.11711725806254,321.1696263444991,25799600
2023-08-01,320.197265625,321.6161541887826,312.2099576770772,315.06753789734006,22817900
2023-08-02,311.8626403808594,315.9108886463333,308.2311351321081,315.5239108250941,20461100
2023-08-03,310.7514343261719,313.4899540322173,307.516807733087,307.516807733087,15180200
2023-08-04,308.310546875,315.9307401558167,307.7846748712968,312.50759107890946,17612800
2023-08-07,314.0951843261719,314.6012230315597,308.0426743557045,310.791125840305,16236500
2023-08-08,310.2056884765625,315.41481011229837,307.6953588862012,311.95196390121913,15183500
2023-08-09,302.83349609375,311.1879477003987,300.4918865961825,310.4437875207549,19955800
2023-08-10,303.359375,309.90799078632176,301.5039404211993,305.54225702209254,14358900
2023-08-11,299.29132080078125,302.34732532437346,298.02125834115725,300.2140721691434,14046300
2023-08-14,303.8058776855469,303.82571105631087,295.9276994586192,298.63645342569663,15641900
2023-08-15,299.5989074707031,304.8377940471984,297.6938440429067,303.75628486098515,11623600
2023-08-16,291.9985656738281,298.735674605063,291.988633847669,297.8625520218376,18547700
2023-08-17,282.87017822265625,293.7448310552386,282.73128406097686,290.76819018544745,23950100
2023-08-18,281.0445251464844,283.4655289505489,272.2435946407065,276.85738220141786,35347900
2023-08-21,287.6427001953125,288.23803437738405,279.6553932823788,281.24294100791803,20181500
2023-08-22,285.3606872558594,290.6194081423425,284.5172994925657,290.2721272656967,12980200
2023-08-23,291.9489440917969,295.08434296040133,285.4301232140553,286.25364724690445,18287000
2023-08-24,284.5172424316406,297.1282684826556,284.40811347284574,296.17575192971134,18360900
2023-08-25,283.2770080566406,286.1445201506835,273.8807432156826,283.90210752516674,23701400
2023-08-28,287.9999694824219,289.1807062538626,283.57467440628267,285.7575567433899,14239300
2023-08-29,295.6697082519531,296.8206796120224,285.93609567718016,286.3329750441115,20844500
2023-08-30,292.8022766113281,295.96744081980256,291.1452663656537,294.8561662914278,17717000
2023-08-31,293.5861511230469,298.7555764600179,293.3579310519089,293.4968252361082,17229900
2023-09-01,294.0722961425781,299.39054694781646,292.17716437490265,297.03900536445764,12842300
2023-09-05,297.81292724609375,299.0432927883047,293.20907155898277,294.70729361157686,14956000
2023-09-06,296.8405456542969,300.93836224382807,293.3578663505046,299.36074630859395,15418100
2023-09-07,296.3444519042969,304.6591765120229,289.9446620146728,295.67965546312854,33748700
2023-09-08,295.57049560546875,302.87317246953774,294.4691228690948,296.8901262442369,17548000
2023-09-11,305.16522216796875,306.6337092437882,298.93412177158643,299.063114388511,19489300
2023-09-12,299.3111877441406,306.2566836294878,297.89232942332416,303.94480875658803,13480400
2023-09-13,302.6846618652344,304.7881497375785,298.97379289345565,300.0056731795405,13210900
2023-09-14,309.2928771972656,310.4339169753038,302.65496466211755,304.3516417282433,19343100
2023-09-15,297.97161865234375,309.5705963015512,296.42376809323207,309.18361852179754,28131100
2023-09-18,300.1942138671875,301.23605631967,295.4811992467907,295.86817708684436,14234200
2023-09-19,302.69464111328125,303.7860822406688,297.47558735502014,300.12481126059,15924400
2023-09-20,297.336669921875,305.66132647870694,297.09851806182877,302.67475378193933,19379500
2023-09-21,293.4273376464844,297.92206402517564,290.98647039875095,293.39757244980257,21319600
2023-09-22,296.75128173828125,303.00224667263234,295.94759100500147,296.9695699794166,25369600
2023-09-25,298.48760986328125,298.6067009327977,291.41315219064484,293.3380490350795,18987000
2023-09-26,296.6321716308594,297.9617342313641,293.7051596565991,295.34230605304384,19417200
2023-09-27,295.4216613769531,298.95393929645525,284.55694085285074,298.11058197811235,36429800
2023-09-28,301.5932312011719,303.9447725402208,294.38978120306416,296.61232993196177,22167100
2023-09-29,297.8724365234375,308.22124738927045,297.0290489070334,304.98662136210095,25373700
2023-10-02,304.4310302734375,304.7882126893277,299.281438484629,300.38278121358445,16265600
2023-10-03,298.5968322753906,304.3814255782551,297.30696640901175,301.89098945655775,17362300
2023-10-04,303.20068359375,304.5104130938435,296.17582312227455,296.4040432000062,16880500
2023-10-05,302.41680908203125,303.8257355185984,297.1679903566098,302.25805126327083,19130000
2023-10-06,312.9739074707031,313.8470602246019,298.5669778712355,299.0928498325672,21803900
2023-10-09,315.88104248046875,317.8357040834221,309.3919886667635,310.06668650942004,22503700
2023-10-10,319.3340148925781,322.1320644548327,315.68267618606524,316.6351927442957,19038000
2023-10-11,325.2674865722656,326.2795335962298,320.4354109332088,320.4949413299151,22036300
2023-10-12,321.635986328125,327.9663143762472,320.1774310246236,325.44608318054617,20530500
2023-10-13,312.2397155761719,322.5190344437851,309.93777264367094,321.0108805983314,21341000
2023-10-16,318.6493835449219,319.3141799633307,313.0632162730603,316.15894806212225,16536100
2023-10-17,321.47723388671875,321.87411330466125,314.8293900863371,315.7025429737858,16387800
2023-10-18,314.501953125,323.4021105297396,313.1029282837248,318.8875506594912,16851000
2023-10-19,310.37432861328125,319.38364490768606,309.3225846372319,317.3892859153871,18709200
2023-10-20,306.24676513671875,312.84498045908896,304.0837464482957,311.6940391657698,22312300
2023-10-23,311.5650634765625,314.88895546604584,304.8676203599035,307.0901695712514,17796800
2023-10-24,310.1163635253906,315.8712208509296,308.2113302782834,314.31343815660597,19525500
2023-10-25,297.19775390625,308.4593849099364,296.5131240641257,307.5862320515774,42192500
2023-10-26,286.1048278808594,292.7030429628435,277.2245031094945,292.7030429628435,66684100
2023-10-27,294.4195556640625,296.9794534570117,290.6888227974808,292.18707503953055,29596300
2023-10-30,300.3033447265625,306.99085409785965,296.72143820802165,296.76113522682925,28435100
2023-10-31,298.9241638183594,301.3154020955398,294.5484984510661,300.94828792866167,19434200
2023-11-01,309.42181396484375,310.3048683139882,299.4996780690973,299.4996780690973,20434600
2023-11-02,308.449462890625,316.3375737850467,305.92923165658965,314.82938960721833,21631800
2023-11-03,312.1503601074219,313.09294472504797,308.5982189691355,310.11630434947807,16764300
2023-11-06,313.3410339355469,315.8513330615882,312.0015698372686,313.5196553912785,12887700
2023-11-07,316.3375549316406,318.50057336518654,312.6663524101526,314.59124926347897,14055600
2023-11-08,317.2900695800781,318.8279885761275,312.4282289074521,315.66285499199586,13609700
2023-11-09,318.0540466308594,321.6557867220615,316.3176728894775,316.93287073587214,16103100
2023-11-10,326.2100830078125,326.53753048133314,316.9725760032875,317.4488494738817,19096200
2023-11-13,326.6268005371094,329.7423355253946,323.1639847295043,323.66009153425944,16908900
2023-11-14,333.69134521484375,335.46741599370006,330.7345378585308,331.9351380866725,17179400
2023-11-15,330.1194152832031,335.76511372075856,327.45035797842024,335.29877206542585,14531200
2023-11-16,331.58782958984375,331.97477710647036,323.83864463327063,326.8053532872348,18932600
2023-11-17,332.4312744140625,332.88768422104437,326.78557624437,327.6884943120668,14494400
2023-11-20,337.32281494140625,339.2080144802842,331.5878222903206,332.2823838319898,16960500
2023-11-21,334.35614013671875,337.25338680796017,333.2845325230063,335.69560423392653,12027900
2023-11-22,338.8310241699219,340.2499126792458,335.9436788615161,336.5687782957013,10702700
2023-11-24,335.5964660644531,339.1981765257003,334.1478121943514,337.4816661250414,5467500
2023-11-27,332.09393310546875,337.25342610918796,331.59782626203656,333.56238998285437,15684500
2023-11-28,336.35052490234375,336.73750279402384,330.8040537479839,330.8040537479839,12637200
2023-11-29,329.6133728027344,337.25339941898335,328.20441615570996,337.04504303961954,16024500
2023-11-30,324.6026611328125,330.9032233148891,319.88964670778785,329.3057740125749,23146400
2023-12-01,322.29083251953125,324.31492648520225,318.2624476796763,322.9456971366447,15276400
2023-12-04,317.5281982421875,318.3616540663768,311.2177340247724,314.81947438356156,19037100
2023-12-05,315.8116760253906,319.37371922485295,312.93426263406553,316.49630583352786,16952100
2023-12-06,314.9782409667969,319.74085446043057,314.5714297293888,319.42333881953283,11294300
2023-12-07,324.0470275878906,325.6841739294483,315.29569659562253,315.29569659562253,15905100
2023-12-08,330.1590881347656,330.57583118602076,320.48500516162073,320.5743007554703,14087400
2023-12-11,322.7472839355469,327.3214050196853,317.5083966027991,326.8351996970143,25802500
2023-12-12,331.61767578125,331.86572921504364,322.0328874658682,322.07258449366407,18485500
2023-12-13,332.13360595703125,335.73534655135336,330.0499814002796,331.32991527829347,16353300
2023-12-14,330.5758361816406,332.0939218599385,326.08110954354635,331.2505341986713,19607300
2023-12-15,332.31219482421875,336.02306402754414,328.64099236363404,329.40498594080213,31776900
2023-12-18,341.93670654296875,344.85381746597506,334.3958757915235,334.8523159299258,18993900
2023-12-19,347.6319885253906,350.84678160666897,342.4327982605504,342.8892080987716,17729400
2023-12-20,346.56036376953125,352.1961297303839,345.0819752003526,345.93526435895194,16369900
2023-12-21,351.33294677734375,353.63488983756224,346.4909390575598,350.23160410040464,15289600
2023-12-22,350.6383361816406,354.41866711750606,348.48521960716823,352.811255844975,11772800
2023-12-26,352.067138671875,354.2004221377004,350.6979093378439,352.2258964816082,9898600
2023-12-27,355.0438232421875,356.20472662149,352.54345556056035,353.297547679764,13207900
2023-12-28,355.52996826171875,359.0820794651083,355.0239296591303,356.89922781228415,11798800
2023-12-29,351.2039489746094,357.1969281361714,349.08062742515625,356.19478262042475,14987100
