Price,Close,High,Low,Open,Volume
Ticker,MSFT,MSFT,MSFT,MSFT,MSFT
Date,,,,,
2014-01-02,30.694440841674805,30.89268404274723,30.644879253664506,30.851381143920918,30632200
2014-01-03,30.487930297851562,30.74399370343831,30.23186689226481,30.72747317879066,31134800
2014-01-06,29.843652725219727,30.47141705705095,29.82713219662303,30.43837599985756,43603700
2014-01-07,30.074941635131836,30.14102376668242,29.90973945722484,30.008862654550715,35802800
2014-01-08,29.53803253173828,29.85191632477314,29.3893540518472,29.736275756541655,59971700
2014-01-09,29.348047256469727,29.661931007883005,29.240668543618636,29.63715178968179,36516300
2014-01-10,29.76931381225586,29.860175149822712,29.52977085884668,29.653673255704902,40548800
2014-01-13,28.89374351501465,29.75279211712639,28.76984427397868,29.72801289911294,45901900
2014-01-14,29.554548263549805,29.63715090670746,28.60464149950163,28.687240991690633,41623300
2014-01-15,30.36403465270996,30.38881702064537,29.612367945353334,29.653670841589488,44812600
2014-01-16,30.471420288085938,30.56228162951792,29.99233751185682,30.306218135570422,38018700
2014-01-17,30.050142288208008,30.421846151844903,29.86016101367523,30.421846151844903,46267500
2014-01-21,29.8767032623291,30.41360964031777,29.78584504308838,30.41360964031777,31567300
2014-01-22,29.678451538085938,30.00059397858842,29.529769926935757,29.951032391215445,21904300
2014-01-23,29.785829544067383,29.843649813029305,29.339784768388277,29.81060875906011,43954000
2014-01-24,30.405330657958984,31.01657431171287,30.17404646513482,30.93397483989787,76395500
2014-01-27,29.761058807373047,30.47142599044818,29.719759049257657,30.45490545700811,44420800
2014-01-28,29.959293365478516,30.058413386391287,29.529769073564967,29.83539097611106,36205500
2014-01-29,30.281442642211914,30.463165347440142,29.65367816655795,29.719757145114983,52745900
2014-01-30,30.446638107299805,30.463158636041733,29.926252480319373,30.388817832187385,35036300
2014-01-31,31.256126403808594,31.297426151888843,30.198837728303985,30.520980174686244,93162300
2014-02-03,30.132753372192383,31.380026467956437,30.091453627180083,31.173524591926363,64063100
2014-02-04,30.025381088256836,30.71922773899607,29.94278157189461,30.53750817280526,54697900
2014-02-05,29.58759117126465,30.12449735697805,29.5710706415999,29.975815740964148,55814400
2014-02-06,29.88495445251465,29.942774730952085,29.48020935248376,29.571070690305113,35351800
2014-02-07,30.198850631713867,30.223629860955963,29.74454375580781,30.000607344866665,33260500
2014-02-10,30.397075653076172,30.397075653076172,29.975813210576597,30.256655889232505,26767000
2014-02-11,30.702709197998047,30.777050027936266,30.446648790076235,30.4631693246147,32141400
2014-02-12,30.95050621032715,31.057884931121404,30.81008327787231,30.85138302825233,27051800
2014-02-13,31.06613540649414,31.27263723381626,30.834854368203075,30.834854368203075,37635500
2014-02-14,31.074398040771484,31.20655910100832,30.834858285382868,30.88441671361654,31407500
2014-02-18,31.140993118286133,31.440586305835794,31.132672496231205,31.31575792742228,32834000
2014-02-19,31.215877532958984,31.41560729403507,30.96621771256152,30.97454150551299,29750400
2014-02-20,31.415607452392578,31.515470746135573,31.124338189560135,31.265810924479645,27526100
2014-02-21,31.60701560974121,31.91492930528152,31.507152309084343,31.573726784656557,38021300
2014-02-24,31.36567497253418,31.60701418159751,31.24084664600266,31.365674972534176,32085100
2014-02-25,31.2408447265625,31.498825156968806,31.082724411568442,31.29909857695081,30736500
2014-02-26,31.182592391967773,31.40728718635805,30.949573804490687,31.274135068341245,41041800
2014-02-27,31.507160186767578,31.53212522452449,30.982872171687244,31.165957580832288,33903400
2014-02-28,31.88164710998535,32.00647545568551,31.473866894997673,31.607019035169632,41215000
2014-03-03,31.440563201904297,31.731835553359087,31.199227244476646,31.557070872647838,29717500
2014-03-04,31.96487045288086,32.02312432389586,31.68192171883748,31.790108839835856,26802400
2014-03-05,31.715194702148438,31.848346794295367,31.565398201658603,31.831702385952465,20520100
2014-03-06,31.74848175048828,31.82337999656147,31.532107628678578,31.74015795948231,23582200
2014-03-07,31.540435791015625,31.923247690847052,31.365671076226015,31.85667005195643,26591600
2014-03-10,31.473857879638672,31.631975008740167,31.390639006342415,31.615333773758135,19006600
2014-03-11,31.64029884338379,31.815060382298896,31.390639048562704,31.515467358674982,25216400
2014-03-12,31.84834861755371,31.98150071732335,31.4488923182448,31.457212935594445,30494100
2014-03-13,31.532121658325195,31.99815574953359,31.32407123495319,31.973187540002634,32169700
2014-03-14,31.373994827270508,31.740162316899426,31.21587452241077,31.332385390316674,27195600
2014-03-17,31.665266036987305,31.964859081109022,31.448895046564253,31.540437718334417,20479600
2014-03-18,32.91355895996094,33.20483130361119,31.80673294295835,31.840018580424676,64063900
2014-03-19,32.68054962158203,32.91356499958376,32.380956607238986,32.84699053783888,35597200
2014-03-20,33.56267547607422,33.82897960258576,32.655576053083145,32.663896668151054,59269800
2014-03-21,33.421207427978516,34.070323491113434,33.296375950638875,33.88724134550399,80721800
2014-03-24,33.70415115356445,33.82065882245625,33.17154285314717,33.57099907846013,46098400
2014-03-25,33.571006774902344,34.1119389897372,33.25476933355597,33.837310986163516,43193100
2014-03-26,33.113304138183594,33.87892812596717,32.95518379426505,33.687522129021275,41977500
2014-03-27,32.75545120239258,33.26309461997285,32.73880679161655,33.07168865794364,35369200
2014-03-28,33.5377197265625,33.82066836279957,33.02175568681142,33.113298359505286,43472700
2014-03-31,34.1119384765625,34.53635981481363,33.62093949919936,33.64590452656809,46886300
2014-04-01,34.469783782958984,34.61125968537047,34.17851453475402,34.24509217697042,32605000
2014-04-02,34.41154479980469,34.66952851295237,34.26174821469933,34.48644309235736,28666700
2014-04-03,34.12858963012695,34.36160826014186,33.878929760094366,34.36160826014186,30139600
2014-04-04,33.179866790771484,34.444813218201105,32.98846086205859,34.32830553764509,51409600
2014-04-07,33.12161636352539,33.51275205249349,33.07168630933987,33.254768465681,37559600
2014-04-08,33.13825225830078,33.22979490024789,32.62228839184839,33.079998426988205,35918600
2014-04-09,33.679195404052734,33.745769872636146,33.18819639668766,33.22980583637689,27398700
2014-04-10,32.75545120239258,33.86227753492615,32.53075641881131,33.65422716212091,45960800
2014-04-11,32.63062286376953,33.113301299152,32.45586129561949,32.45586129561949,34330200
2014-04-14,32.60566329956055,32.79706931218939,32.37264783629023,32.54740943374296,32006600
2014-04-15,33.08000183105469,33.25476334297608,32.49746028338735,32.73879942342891,33968700
2014-04-16,33.62093734741211,33.63757858152849,33.213157270440924,33.33798874848828,30615800
2014-04-17,33.29637145996094,33.45449173321167,32.88027082441004,33.29637145996094,36688400
2014-04-21,33.238128662109375,33.412893399766574,33.11330033475076,33.39624898786604,22221200
2014-04-22,33.27973556518555,33.404563871111726,33.14658346743977,33.25476736432317,27056700
2014-04-23,33.03008270263672,33.279745740012984,32.847000496384155,33.279745740012984,24602800
2014-04-24,33.17156219482422,33.26310489507189,32.705528072925944,33.07169887391664,42381600
2014-04-25,33.213165283203125,33.85396088755353,33.080013155974285,33.52940277584555,56876800
2014-04-28,34.01206588745117,34.36159208059641,33.362949896090576,33.40455932573749,50610200
2014-04-29,33.71247100830078,34.27836810836777,33.61260774787596,34.2034698694002,29636200
2014-04-30,33.62093734741211,33.704156216379445,33.4295282345138,33.62093734741211,35458700
2014-05-01,33.288063049316406,33.58765612469578,33.24645360542417,33.48779282443502,28787400
2014-05-02,33.03008270263672,33.571015050822105,33.00511766873805,33.54605001692344,43416600
2014-05-05,32.81370162963867,32.98846316266048,32.70551455817908,32.888599883018934,22460900
2014-05-06,32.50578308105469,32.7471190391267,32.41424043248436,32.69718899415812,27112400
2014-05-07,32.80537796020508,32.88027621386476,32.048074806355594,32.63894021838039,41744500
2014-05-08,32.988468170166016,33.20484234592985,32.43089466838403,32.738808345866666,32120400
2014-05-09,32.905250549316406,33.16323100199763,32.76377463287446,32.905250549316406,29647600
2014-05-12,33.26309585571289,33.3047052969004,32.99679162259659,33.071689886572855,22782600
2014-05-13,33.8748893737793,33.941936709243045,33.397188298075314,33.45585311810963,27004800
2014-05-14,33.724037170410156,33.90003161959274,33.56480135706072,33.774319471895055,18818700
2014-05-15,33.18765640258789,33.85811669111823,33.11222977997781,33.59831316946314,37793200
2014-05-16,33.380435943603516,33.38881526361706,32.911114098006806,33.24634124743858,29867100
2014-05-19,33.313377380371094,33.37204219169663,33.07033562088391,33.196047757720024,24537400
2014-05-20,33.25470733642578,33.472604716064176,33.07033041727579,33.25470733642578,21320900
2014-05-21,33.816226959228516,33.816226959228516,33.30500537642033,33.35528768460201,22398700
2014-05-22,33.60670471191406,33.816222829063136,33.39718659476499,33.76594052702272,20201800
2014-05-23,33.62346649169922,33.832984608516625,33.522898690784835,33.832984608516625,18020000
2014-05-27,33.682132720947266,33.740797540356546,33.36366747186628,33.740797540356546,26160600
2014-05-28,33.531272888183594,33.68212616501457,33.372040294636335,33.6402231874487,25711500
2014-05-29,33.8078498840332,33.81622920362191,33.44747839884523,33.64861723590101,19888200
2014-05-30,34.31068801879883,34.33583236850127,33.732419127530065,33.90003427191018,34567600
2014-06-02,34.18498611450195,34.43640728447236,34.09279760621429,34.319077618285746,18504300
2014-06-03,33.765933990478516,34.09278167843975,33.732410330946045,34.02573435937481,18068900
2014-06-04,33.79108810424805,33.83299109624819,33.40557546265732,33.698899603651704,23209000
2014-06-05,34.53696060180664,34.57048426291549,33.85812404780991,34.01735664258854,31865200
2014-06-06,34.76323699951172,34.914090262237494,34.56210144720532,34.76323699951172,24060500
2014-06-09,34.587242126464844,34.763236531612115,34.37772406405373,34.68780990126444,15019200
2014-06-10,34.453155517578125,34.49505849652806,34.2436374258361,34.38610819366434,15117700
2014-06-11,34.24363708496094,34.41963151299415,34.16821044480494,34.302301894305344,18040000
2014-06-12,34.00898742675781,34.26040856576381,33.76594560702162,34.20174373989552,29818900
2014-06-13,34.5537223815918,34.838667106613826,34.24363650927121,34.44477208164424,26310000
2014-06-16,34.78000259399414,34.87219106419578,34.39449007950754,34.39449007950754,24205300
2014-06-17,34.93086624145508,35.123622555913535,33.80784882900644,34.604018438808424,22518600
2014-06-18,34.90571212768555,34.981138761601244,34.51181712868223,34.87218846883589,27097000
2014-06-19,34.78837966918945,35.00628025689663,34.63752959684339,34.83866515796621,19828200
2014-06-20,34.93086624145508,35.056578410316064,34.67944510072636,34.73810992699662,47764900
2014-06-23,35.1906623840332,35.199041701571126,34.93923809999935,34.97276176413621,18743900
2014-06-24,34.9895133972168,35.14874595996378,34.830280834469804,35.05656070594709,26509100
2014-06-25,35.22417449951172,35.240936327605915,34.74647358829859,34.94761232843709,20049100
2014-06-26,34.96438217163086,35.14875592894847,34.72134040403884,35.14037661147644,23604400
2014-06-27,35.4085578918457,35.44208155416941,34.78838292682666,34.872192082635934,74640000
2014-06-30,34.94761276245117,35.37502819468979,34.94761276245117,35.341504538085076,30793100
2014-07-01,35.090091705322266,35.324754159385535,34.939238412350385,35.08171238770943,26917000
2014-07-02,35.115230560302734,35.115230560302734,34.80514150824987,34.97275660722588,20208100
2014-07-03,35.03142166137695,35.19065744518271,34.830286098769434,35.12361012631879,15969300
2014-07-07,35.1906623840332,35.29960949698913,34.955999932067776,34.989523596204634,21952400
2014-07-08,35.01466751098633,35.19904448130707,34.87219672264236,35.09009416275455,31218200
2014-07-09,34.92246627807617,35.19065231746166,34.80513668415283,35.18226980532904,18445900
2014-07-10,34.93923568725586,35.1990392708868,34.40286988607541,34.67105278666563,21854700
2014-07-11,35.27446365356445,35.27446365356445,34.763239032977815,34.94761596420372,24083000
2014-07-14,35.31636428833008,35.576167838107004,35.232558341688204,35.383411603237136,21881100
2014-07-15,35.576175689697266,35.59293752212333,35.22418360273517,35.47560789213351,28748700
2014-07-16,36.942222595214844,37.13497880966913,35.60130521202319,35.62644635395457,63318000
2014-07-17,37.31936264038086,38.308288319963154,37.08470339335878,38.09039090444158,82180300
2014-07-18,37.453453063964844,37.57916519826039,37.08470237208621,37.41993259887943,43407500
2014-07-21,37.579166412353516,37.84734932365548,37.059562421330014,37.344507164212416,37604400
2014-07-22,37.57078552246094,37.83896842253759,37.36964674890728,37.713256289442505,43095800
2014-07-23,37.604312896728516,38.09039649055177,37.394794767734275,38.09039649055177,52362900
2014-07-24,37.21041488647461,37.71325703480843,37.14336756163415,37.654592224069226,30725300
2014-07-25,37.29423141479492,37.42832290548524,37.126616252183695,37.126616252183695,26737700
2014-07-28,36.85004425048828,37.302600914311036,36.81652058739253,37.17689197319068,29684200
2014-07-29,36.782997131347656,36.950612250777446,36.573479031308544,36.799758962989884,27763100
2014-07-30,36.523193359375,36.958988153844395,36.280151618503545,36.93384700719983,31921400
2014-07-31,36.171207427978516,36.61538481097895,36.10416329327691,36.355584393145215,31537500
2014-08-01,35.91978073120117,36.24662842980085,35.70188013413989,36.21310476917723,31170300
2014-08-04,36.347206115722656,36.43101529011147,35.87788752711775,36.01197900914674,34277400
2014-08-05,36.10416793823242,36.422633213774255,35.894649795221305,36.29692424616347,26266400
2014-08-06,35.8192253112793,36.179593597911094,35.375044647163804,35.8192253112793,24634000
2014-08-07,36.2298698425293,36.41424679547107,35.743789507945344,35.90302211467254,30314900
2014-08-08,36.20472717285156,36.30529496250884,35.96168541727011,36.22986832101778,28942700
2014-08-11,36.20472717285156,36.414245266216454,36.05387388986945,36.255009469184,20351600
2014-08-12,36.472904205322266,36.53156900626139,36.03710625763739,36.070629914457434,21431100
2014-08-13,36.942222595214844,37.0260285329805,36.47290103154902,36.60699245016903,22889500
2014-08-14,37.101470947265625,37.22717990741961,36.883570301143315,36.942238318940056,19313200
2014-08-15,37.537261962890625,37.629450434479004,37.21041425234446,37.36126753367228,41611300
2014-08-18,37.80543899536133,37.80543899536133,37.44506767890474,37.66296505311502,26891100
2014-08-19,38.22709655761719,38.23552820966274,37.80544318222036,37.92350561261788,28139500
2014-08-20,37.90664291381836,38.286131633332595,37.86447821541906,38.235532065077265,24770500
2014-08-21,38.13433074951172,38.15962892157955,37.80544164479068,37.81387329649335,22285500
2014-08-22,38.07530212402344,38.345160034283836,38.007836037978315,38.243960905216156,18294500
2014-08-25,38.092166900634766,38.31986012439612,37.98253933201499,38.28613029703013,16910000
2014-08-26,37.957252502441406,38.28614498535956,37.8982212607036,38.210247214987895,14873100
2014-08-27,37.83917236328125,37.94880313976712,37.74640810755935,37.86447375290716,21287900
2014-08-28,37.847625732421875,37.931955160502866,37.61993241624943,37.73799490234741,17657600
2014-08-29,38.31143569946289,38.31986735365503,37.830750986491765,38.024711202518645,21607600
2014-09-02,38.024688720703125,38.33671121270357,37.822293753187864,38.31141304812374,22976800
2014-09-03,37.915077209472656,38.041574530447946,37.552454987434686,37.552454987434686,33684500
2014-09-04,38.16806411743164,38.17649898687736,37.7126808931264,37.72954741505772,26475500
2014-09-05,38.716209411621094,38.73307593119592,38.04156471342645,38.04156471342645,36939400
2014-09-08,39.18846893310547,39.4667585107319,38.78368204576506,38.80898022092377,45736700
2014-09-09,39.43302536010742,39.610122236623994,39.146300913557035,39.18846882798873,40302400
2014-09-10,39.500492095947266,39.58482149227005,39.02823911244297,39.48362557329065,27302400
2014-09-11,39.63542175292969,39.63542175292969,39.188470154079276,39.4161633884824,29216400
2014-09-12,39.38243103027344,39.6522889682871,39.298098414043935,39.559524698914835,38244700
2014-09-15,38.99451446533203,39.390866541065165,38.87644879104825,39.247505904875894,37667600
2014-09-16,39.43302536010742,39.508923102340184,39.03667334352322,39.12100273846619,27910600
2014-09-17,39.23064422607422,39.374004879972595,38.98608441028879,39.01138259228001,38311900
2014-09-18,39.36557388305664,39.49207122904964,39.180045300123204,39.289676118853066,35556600
2014-09-19,40.07394790649414,40.11611261192401,39.29810381534914,39.47520072529189,202522400
2014-09-22,39.68601989746094,39.95587782107721,39.61855380807677,39.88841173169304,38686100
2014-09-23,39.26435470581055,39.618541917899414,39.18845698651162,39.508911164032234,33430300
2014-09-24,39.702877044677734,39.728175213742986,39.078828733072896,39.32338842390178,26582700
2014-09-25,38.82585525512695,39.711326966365725,38.81742038358473,39.53423326751015,33077400
2014-09-26,39.13787078857422,39.31496445504334,38.5897200491675,38.73308388651893,27078800
2014-09-29,39.163169860839844,39.264369001389696,38.5897209322323,38.775249472946626,26091000
2014-09-30,39.095703125,39.19689903860049,38.800543819638435,39.104134777400006,33033100
2014-10-01,38.707801818847656,39.239083039349836,38.6656338852216,39.01982458251807,38088400
2014-10-02,38.589717864990234,38.876442306504174,38.488521949444184,38.648752300765594,25119400
2014-10-03,38.86801528930664,39.0451089668723,38.46322836188776,38.77525101525971,32453200
2014-10-06,38.86801528930664,39.0451089668723,38.72465144297215,38.893313466970156,20604000
2014-10-07,38.3957633972168,38.7330874551554,38.30299912043565,38.67405622756024,25723700
2014-10-08,39.44990158081055,39.542665868229015,38.235540623509436,38.353603092238025,33031000
2014-10-09,38.66563415527344,39.46677664533873,38.572873064748606,39.213785126623826,34422800
2014-10-10,37.13079833984375,38.89330972634129,37.06333546690923,38.45478979290609,51978100
2014-10-13,36.810359954833984,37.577769365397785,36.67543093375557,36.9537206323091,37100200
2014-10-14,36.8778076171875,37.42595834833692,36.734446998955974,36.99587005972177,38115700
2014-10-15,36.44772720336914,36.591087839921435,35.5032211084713,36.262198645985514,60218700
2014-10-16,36.042945861816406,36.329670396478946,35.60442579604068,35.86584893087689,49040400
2014-10-17,36.7934684753418,37.05489146686878,36.08509079079227,36.430846373908146,40683300
2014-10-20,37.1729621887207,37.22355853364757,36.101962255983686,36.312788938405305,34527900
2014-10-21,37.847625732421875,37.931955160502866,37.265741740994024,37.40910562908548,36433800
2014-10-22,37.42595672607422,38.00783726061107,37.29945941915048,37.9488060419027,33570900
2014-10-23,37.96567916870117,38.3283014135424,37.55245734889581,37.62835510286166,45451900
2014-10-24,38.90174865722656,39.55109536393141,38.10060644937198,39.49206413759102,61076700
2014-10-27,38.716209411621094,38.87643652214242,38.547547432832516,38.547547432832516,30371300
2014-10-28,39.2053337097168,39.21376536207416,38.59815179726391,38.67404953632052,29049800
2014-10-29,39.31496810913086,39.38243420755747,39.078843198558985,39.16317260463161,30276100
2014-10-30,38.834285736083984,39.06197900642891,38.59816081141257,39.06197900642891,30073900
2014-10-31,39.593257904052734,39.610124427366216,39.19690264858685,39.5848230339158,35849700
2014-11-03,40.0064811706543,40.023347695951294,39.40773399893441,39.54266298434961,23130400
2014-11-04,40.11610794067383,40.25103691251433,39.84624999699283,39.8884146975129,21530800
2014-11-05,40.360679626464844,40.39441268362688,39.85469341991838,40.31008004072178,22449600
2014-11-06,41.06904220581055,41.20397116645425,40.30163313896943,40.36066435819104,33037800
2014-11-07,41.05217742919922,41.254569270290645,40.72328827470542,41.254569270290645,28000600
2014-11-10,41.22928237915039,41.44854402013331,40.94255784499201,41.02689048266282,36370100
2014-11-11,41.212406158447266,41.27987225271587,41.02688083312947,41.19553963488011,23445200
2014-11-12,41.13650894165039,41.25457139118335,40.91725056636925,40.9509836139388,22722100
2014-11-13,41.836448669433594,41.87018171173557,41.077471302439,41.16180390819394,26210400
2014-11-14,41.8111457824707,42.20749772547498,41.65091545808039,41.94607471950698,29081700
2014-11-17,41.7099609375,41.9207876748108,41.440102971099016,41.667796233429975,30318600
2014-11-18,41.36201858520508,41.86270788426589,41.32807277981956,41.69298209458846,23995500
2014-11-19,40.92073440551758,41.370505013850625,40.67463216285409,41.29412856741197,26177500
2014-11-20,41.32809066772461,41.32809066772461,40.62372946873445,40.73405176536275,21510600
2014-11-21,40.71706771850586,41.6250971151003,40.369131251000056,41.59963937563058,42884800
2014-11-24,40.38610076904297,40.73403720736587,40.21637496656219,40.72555237400452,35434200
2014-11-25,40.284263610839844,40.70857646711665,40.26729070811875,40.44550133081496,28008000
2014-11-26,40.521881103515625,40.72555271565125,40.12302594992737,40.30123982451495,27163600
2014-11-28,40.572792053222656,40.903755527026895,40.40306628179104,40.69159912204984,21534400
2014-12-01,41.260189056396484,41.39596906664426,40.48793964112773,40.63220772296957,31191600
2014-12-02,41.1244010925293,41.62509039046724,40.90375983251859,41.446879768468186,25773500
2014-12-03,40.80192947387695,41.15835075124462,40.57280012246182,41.107432038513316,23534800
2014-12-04,41.446876525878906,41.633575203224055,40.9037566324202,41.064994339150154,30320400
2014-12-05,41.0904541015625,41.55720081797333,41.05651153448269,41.42990567036127,27313400
2014-12-08,40.47944641113281,41.03105117206143,40.26728998679485,40.95467472980976,26663100
2014-12-09,40.38610076904297,40.66614559147339,39.927842073520004,39.97876078543936,24330500
2014-12-10,39.80054473876953,40.44549881581538,39.630818959362735,40.37761044640265,30431800
2014-12-11,40.0296745300293,40.513394179230836,39.61384973103625,39.953301321326734,29060400
2014-12-12,39.84297561645508,40.50490259918948,39.60535822894145,39.698707570045016,34248400
2014-12-15,39.60536575317383,40.453991579337405,39.503531560464374,40.055139642370946,29247800
2014-12-16,38.32393264770508,39.325311132484224,38.2984749151725,38.95191702725718,47801400
2014-12-17,38.81614685058594,38.994357497771304,38.10330102459385,38.23059295661884,34970900
2014-12-18,40.326698303222656,40.326698303222656,39.32531960275676,39.528991218635625,40105600
2014-12-19,40.445518493652344,40.818912800213724,40.02969029365654,40.42006074739294,64551200
2014-12-22,40.71706771850586,40.835874819032135,40.487938351526324,40.54734190178946,26566000
2014-12-23,41.11592102050781,41.412938758230304,40.84436102108995,41.04802940202808,23648100
2014-12-24,40.852848052978516,41.27716097955661,40.80193257362961,41.27716097955661,11437800
2014-12-26,40.632198333740234,41.08196890676914,40.58127962769449,41.08196890676914,13197800
2014-12-29,40.26730728149414,40.54735219852871,40.10606625790462,40.47946379695275,14439500
2014-12-30,39.902381896972656,40.411556036038995,39.74962900780271,40.25880314686905,16384700
2014-12-31,39.418663024902344,40.25880062546919,39.418663024902344,39.65627717661822,21552500
2015-01-02,39.68173599243164,40.24182882049301,39.49504054124459,39.59687471800572,27913900
2015-01-05,39.31684112548828,39.656289557164065,39.24894949680251,39.35078370258014,39673900
2015-01-06,38.7397575378418,39.67324434518154,38.64640820965791,39.35925379903993,36447900
2015-01-07,39.23198318481445,39.42716679422131,38.60400170015791,39.019826665382894,29114100
2015-01-08,40.38610076904297,40.52188076357751,39.64779725108958,39.67325498842405,29645200
2015-01-09,40.04664611816406,40.58128122227692,39.80054712239798,40.403070599989356,23944200
2015-01-12,39.54597091674805,40.34368144092687,39.34230248645867,40.24184398853085,23651900
2015-01-13,39.3422966003418,40.65766607643976,39.08770948194394,39.85995890885959,35270600
2015-01-14,39.00284957885742,39.240467056507306,38.714316613837106,39.00284957885742,29719600
2015-01-15,38.595481872558594,39.35924600903524,38.5360783549714,39.22346607780038,32750800
2015-01-16,39.240447998046875,39.274390560724726,38.33241565485909,38.45122595460538,35695300
2015-01-20,39.367740631103516,39.58838509752569,38.67186790577153,39.29136419845734,36161900
2015-01-21,38.96888732910156,39.15558600339818,38.59549321775821,38.985860230151246,39081100
2015-01-22,39.995731353759766,40.00421618662562,39.104674989334235,39.35926205956292,35898000
2015-01-23,40.03816223144531,40.216372857943526,39.71568354736503,40.19091512194385,26211600
2015-01-26,39.89390563964844,39.99574308741642,39.24046648801872,39.88542080429337,42525500
2015-01-27,36.202369689941406,36.66062831269697,35.73562623517181,36.44847190259716,169164000
2015-01-28,34.95488739013672,36.312690296042646,34.929429657989964,36.270259663381474,84507100
2015-01-29,35.65076446533203,35.744113810901425,34.615443305903725,34.73425038671925,63585300
2015-01-30,34.28447723388672,35.28585575049058,34.24204336198408,35.260394779899016,78004900
2015-02-02,35.03125762939453,35.107634049579225,34.14020155207257,34.445707232811344,50352500
2015-02-03,35.30282211303711,35.582870102604886,34.8360787010071,35.32828308124757,52082400
2015-02-04,35.506492614746094,35.82048315715812,35.09915274525898,35.59135387358734,41614800
2015-02-05,36.024166107177734,36.185403844885286,35.52347675221682,35.82898256029474,36548200
2015-02-06,35.99021530151367,36.31269396940989,35.76957404700579,36.2193446257623,34616600
2015-02-09,35.947776794433594,36.27025539172886,35.820481674192216,35.845942640590124,31381100
2015-02-10,36.151451110839844,36.29571915357543,35.79502989452237,36.27026142019559,29670700
2015-02-11,35.96476364135742,36.193893004306744,35.82049556664831,36.193893004306744,38262500
2015-02-12,36.567283630371094,36.567283630371094,36.075079142387644,36.20237429955586,33268800
2015-02-13,37.229209899902344,37.229209899902344,36.618201575119926,36.81338510471364,40264900
2015-02-17,37.246299743652344,37.60525745441533,36.912977677573544,37.579618549443126,33695700
2015-02-18,37.20356750488281,37.34886225452151,37.083914922997025,37.28903596357861,27111700
2015-02-19,37.17792510986328,37.20356401492274,36.79332523253123,36.90443258826894,27603400
2015-02-20,37.48562240600586,37.502716104073414,36.99846342209384,37.186487580257904,29721100
2015-02-23,37.73346710205078,37.767651229710765,37.306134533557746,37.34886713834929,32518800
2015-02-24,37.68218231201172,37.86166119064787,37.53688755767166,37.733463388888524,25271700
2015-02-25,37.59672164916992,37.68218686065939,37.43433318293555,37.5625342604586,29759800
2015-02-26,37.65654373168945,37.80183522700649,37.51124897608395,37.59671743828968,28957300
2015-02-27,37.4770622253418,37.776196957690736,37.31467703483593,37.71637066327865,33807700
2015-03-02,37.50270462036133,37.76764870855603,37.22066357904478,37.323222475756005,31924000
2015-03-03,36.989898681640625,37.45996702112603,36.827513511819916,37.22920708909359,31748600
2015-03-04,36.8018798828125,36.93007768990842,36.64803990606652,36.759144020158615,25748700
2015-03-05,36.8446159362793,36.95572332106698,36.59676225494094,36.81042854706941,23193500
2015-03-06,36.2036018371582,36.84460044401926,36.02412300970611,36.75058679336696,36248800
2015-03-09,36.622406005859375,36.861714501661076,36.05832705051637,36.05832705051637,32108000
2015-03-10,35.921566009521484,36.50273842347117,35.921566009521484,36.1950585266404,39159700
2015-03-11,35.878841400146484,36.21216027579993,35.75918880481332,36.16088245510783,32215300
2015-03-12,35.0583610534668,35.59680095262758,34.92161477466436,35.323308395022714,59992500
2015-03-13,35.366050720214844,35.44297072695943,34.70795805368657,34.784878060431154,58007700
2015-03-16,35.51988983154297,35.588261357863075,35.28058133869942,35.442969826752055,35273500
2015-03-17,35.63954162597656,35.75064902151004,35.16947638988919,35.357500528150624,31673400
2015-03-18,36.32326126098633,36.60530226630405,35.323304810033946,35.40877000300337,44194800
2015-03-19,36.143775939941406,36.40017473331406,36.08394966349737,36.11813377840286,33879100
2015-03-20,36.648040771484375,36.7335059782332,36.314721900759864,36.37454819754177,71904500
2015-03-23,36.630950927734375,36.86171092255384,36.56257614691869,36.6480446229383,26246100
2015-03-24,36.665138244628906,36.89589497869671,36.53693716100103,36.562576073611005,25513300
2015-03-25,35.43442153930664,36.690780537568116,35.417327842562145,36.68223205905122,43469900
2015-03-26,35.22073745727539,35.56260469917006,34.97288386991614,35.229285931480966,37495600
2015-03-27,35.015625,35.40877010525566,34.89597242538203,35.14382278982434,34401400
2015-03-30,35.007083892822266,35.50279124662001,34.96435128721976,35.12673649262481,35049700
2015-03-31,34.75067901611328,35.06690415547591,34.64812012826643,34.853237903960135,34887200
2015-04-01,34.801971435546875,34.83615556911427,34.451558799238796,34.69940925397671,36865300
2015-04-02,34.434471130371094,34.81907122786357,34.28917631118954,34.750696428180504,37487500
2015-04-06,35.51133728027344,35.70790987879656,34.34044690633619,34.477193203582225,39223700
2015-04-07,35.49424743652344,35.81902115032738,35.30622329509106,35.562622222709216,28809400
2015-04-08,35.40023422241211,35.63099423852815,35.07546376443186,35.43442161597507,24753400
2015-04-09,35.451507568359375,35.57116015940228,35.25493498874766,35.25493498874766,25723900
2015-04-10,35.65662384033203,35.85319639356819,35.391676524080786,35.57970386208413,28022000
2015-04-13,35.69081115722656,35.94721328120267,35.374586000688055,35.383134476974426,30276700
2015-04-14,35.596805572509766,35.92157598913514,35.374590802935685,35.725003391612766,24244400
2015-04-15,36.11814880371094,36.28908249049772,35.62244469834706,35.690816216888436,27343600
2015-04-16,36.032684326171875,36.18652432139217,35.74209803078787,35.85320541851119,22509700
2015-04-17,35.571163177490234,35.67372534447641,35.17801798490981,35.613895783590046,42387600
2015-04-20,36.67368698120117,36.89589851915161,35.62244907956048,35.665181691440644,46057700
2015-04-21,36.44292449951172,36.878805587956315,36.34891080356135,36.75060450069871,26013800
2015-04-22,36.7420539855957,36.861706577630606,36.36599925601331,36.468558154859146,25064300
2015-04-23,37.04119110107422,37.27195110380127,36.579671095620114,36.65659109652913,46309500
2015-04-24,40.91281509399414,41.1435750490862,39.01546089705123,39.02400611303756,130933700
2015-04-27,41.0495719909668,41.13504047438221,40.35729520689297,40.36584042508987,59248200
2015-04-28,42.01532745361328,42.05806004767451,40.767517449412814,40.83588894785319,60730800
2015-04-29,41.92987060546875,42.143536878561726,41.451256980036604,41.639284343650765,47804600
2015-04-30,41.5709114074707,42.34011132869568,41.53672401979654,41.622192488981945,64725500
2015-05-01,41.58799743652344,41.77602477378863,41.365785978173044,41.519625934064905,38937300
2015-05-04,41.22904586791992,41.767482533634784,41.177764788204335,41.34014998353743,34039500
2015-05-05,40.68206787109375,41.160681623329836,40.43421740645973,40.8700952845239,50369200
2015-05-06,39.55391311645508,40.82736597920261,39.33170155008509,40.656432249531235,52433000
2015-05-07,39.91286087036133,40.246179738118535,39.45134093333351,39.54535461609347,32971700
2015-05-08,40.810264587402344,41.00683719836875,40.61369197643594,40.63933088995226,35364900
2015-05-11,40.48548889160156,40.94700887386868,40.48548889160156,40.6393288856906,24609400
2015-05-12,40.46839904785156,40.75044015061827,39.67356008951354,40.041066414779046,29928300
2015-05-13,40.70771026611328,41.297428165550585,40.65642917300546,41.18632076062838,34184600
2015-05-14,41.639286041259766,41.72475124986588,41.04956501689589,41.04956501689589,32980900
2015-05-15,41.28032302856445,41.80166925300937,41.066656756925624,41.767481867077905,28642700
2015-05-18,41.032470703125,41.21195285494787,40.690606613577295,41.00683179298831,24136500
2015-05-19,40.92924499511719,41.127095084454744,40.58515588580503,40.912040211503886,28574800
2015-05-20,40.92924499511719,41.23032050465762,40.662575771326416,40.765801191529285,25047900
2015-05-21,40.79159927368164,40.94643901643556,40.43890947773689,40.671169091867775,22410700
2015-05-22,40.34431838989258,40.73141475585634,40.27549921635665,40.68840441313579,25720600
2015-05-26,40.07762908935547,40.32709354717932,39.733539955703456,40.28408322584211,29581900
2015-05-27,40.95505142211914,41.09268641254738,40.103432662828965,40.27547722123352,27335600
2015-05-28,40.817405700683594,41.3077304302688,40.765791362288674,40.86041600860795,19283700
2015-05-29,40.30988693237305,40.92064199947518,40.07762726992357,40.80021179260738,36519600
2015-06-01,40.6281852722168,41.09270480335911,40.10345061090548,40.48194946508596,28837300
2015-06-02,40.361507415771484,40.731402155401355,40.103442157803094,40.370111450541174,21498300
2015-06-03,40.301307678222656,41.06690627248415,40.27550212702115,40.74862249409669,28002200
2015-06-04,39.87977600097656,40.56795093529274,39.74214101411333,40.24967064344843,27745500
2015-06-05,39.69052505493164,40.0174093660379,39.4324598752064,39.83676406837791,25438100
2015-06-08,39.33784103393555,39.93999539675624,39.286226677758705,39.82816593244505,22121600
2015-06-09,39.26901626586914,39.51847739377502,39.1055724824575,39.36363764184639,24406100
2015-06-10,40.094825744628906,40.28407505791337,39.30342221028375,39.389446116993284,28417400
2015-06-11,39.94860076904297,40.36150582178116,39.68193476831408,40.13785014876876,27347800
2015-06-12,39.544288635253906,39.974398354474936,39.4840735370811,39.75934349486442,23931000
2015-06-15,39.12278366088867,39.2690226867223,38.727083466359915,39.096978125173294,33254500
2015-06-16,39.423866271972656,39.77655618055022,38.96794764760845,39.010957971780854,27070300
2015-06-17,39.544288635253906,39.63030926650742,39.019554252767975,39.33783452617804,28704100
2015-06-18,40.189453125,40.25826897355492,39.71632980972422,39.75934340673237,32658300
2015-06-19,39.6561164855957,40.28407959005623,39.56149509978464,40.24967002350118,63837000
2015-06-22,39.76795196533203,40.18946101584363,39.707736855469996,39.85397589476163,20318100
2015-06-23,39.49267578125,39.81095606669761,39.243211347112506,39.68192511493732,25896500
2015-06-24,39.26042556762695,39.78516009609293,39.18300566537005,39.28623110788671,34890900
2015-06-25,39.26901626586914,39.62170608271181,39.139982045436426,39.595897269739346,20616000
2015-06-26,38.933528900146484,39.81095308868453,38.73567883039917,39.26901722517187,49835300
2015-06-29,38.16794967651367,38.90773919212895,38.159348922799104,38.74429861972849,34081700
2015-06-30,37.97868728637695,38.469012074936025,37.798038721005284,38.46040804343061,35945400
2015-07-01,38.23676300048828,38.90773325814261,37.935684162749894,38.24536375289111,28343900
2015-07-02,38.19374465942383,38.494820152495095,37.90126991695027,38.262560508635794,21752000
2015-07-06,38.18515396118164,38.26257386950225,37.80665845465751,37.8152592082585,23034000
2015-07-07,38.107723236083984,38.27116704141101,37.26470851892371,38.14213280367672,36435800
2015-07-08,38.05610275268555,38.62384735162161,37.875454208247035,38.228143985139496,39785900
2015-07-09,38.296966552734375,38.89912076498811,38.279761771644104,38.494816613057836,32424700
2015-07-10,38.3743896484375,38.83030490043629,38.33998008336827,38.71847545469964,25465800
2015-07-13,39.17439651489258,39.243212367992875,38.66686688255468,38.69267241728267,28178300
2015-07-14,39.24319839477539,39.53567304963416,38.97653254693189,39.0969627080839,22880300
2015-07-15,39.3636474609375,39.47547692777613,39.07977669924235,39.29483159929036,26629600
2015-07-16,40.13784408569336,40.16364962212964,39.54429377731881,39.57870006540813,26271700
2015-07-17,40.10343551635742,40.24107051657897,39.79375594548962,40.04322040885282,29467100
2015-07-20,40.361507415771484,40.54215604967936,39.94860234672651,40.12925098063439,30631900
2015-07-21,40.67118453979492,40.7141981480458,39.98300946698946,40.24107470910681,42781900
2015-07-22,39.17439651489258,40.37010108561823,38.88192175589316,39.088372596671014,59152400
2015-07-23,39.66472244262695,39.76794786582403,38.79589889307688,38.94213791729335,33934000
2015-07-24,39.51848602294922,39.84537037967375,39.39805580770261,39.49268048581845,32333200
2015-07-27,39.010955810546875,39.578700590010406,38.924935166967664,39.51848548320952,39701400
2015-07-28,39.002349853515625,39.260415031289014,38.52922981401828,39.2088039646204,34328900
2015-07-29,39.81953811645508,40.24104358691204,38.933510319081684,39.05394373497301,40945900
2015-07-30,40.32710266113281,40.774417323382984,39.509893245127266,39.79376405528958,39777900
2015-07-31,40.17225646972656,40.74860203369661,40.00021189131789,40.67978617121958,31201500
2015-08-03,40.26688003540039,40.430320575544165,39.95720045914709,40.41311579003261,24125900
2015-08-04,40.89483642578125,41.04107216784726,40.155047119742086,40.2152622231195,33403900
2015-08-05,40.92924499511719,41.64322546694604,40.894835427890584,41.2733308229524,26959700
2015-08-06,40.10343551635742,41.09268933646541,39.853974334471474,41.04107498082836,27368000
2015-08-07,40.206661224365234,40.24106751074268,39.79375297306583,39.90558242785429,19163000
2015-08-10,40.71418762207031,40.85182260104817,40.29267865311995,40.38730331644412,23079900
2015-08-11,39.92278289794922,40.378698137587534,39.48407244037907,40.275472726655146,29237400
2015-08-12,40.206661224365234,40.344296214306034,39.32063290023663,39.73353787005904,30181400
2015-08-13,40.19804382324219,40.51632401635483,39.99159304772758,40.481917741419664,22627200
2015-08-14,40.43031692504883,40.516337563362384,40.01741195448515,40.0260127057257,21473400
2015-08-17,40.705589294433594,40.81741875598609,40.060424624786215,40.26687876292335,21099700
2015-08-18,40.930721282958984,41.06926389130088,40.43716303429622,40.55838740370584,23574100
2015-08-19,40.35923767089844,40.76620807904207,40.09080988846716,40.50643776560424,31485500
2015-08-20,39.536624908447266,40.23799855229648,39.536624908447266,39.891640463283544,36238200
2015-08-21,37.29397201538086,39.380771818104336,37.29397201538086,39.22491097780829,70053100
2015-08-24,36.09038543701172,36.964935063882564,34.39323759879483,35.0253384782394,88753700
2015-08-25,35.04264450073242,37.441165340376514,34.97337156669498,36.86101607871646,70616600
2015-08-26,36.98225784301758,37.09482476233304,35.55353758772981,36.37613259693328,63408000
2015-08-27,38.012672424316406,38.05596637770563,37.1727558554744,37.43252287892667,50943200
2015-08-28,38.03864288330078,38.229140215649544,37.57106032378097,37.579721095133074,28246700
2015-08-31,37.683616638183594,38.038632192160584,37.319940315288704,37.718253107624164,34441700
2015-09-01,36.211612701416016,36.87835011317888,36.07307007709624,36.51467365989154,49688900
2015-09-02,37.54509353637695,37.56241178007938,36.2635732304526,36.6792011699591,37671500
2015-09-03,37.66630935668945,38.081937201492735,37.47581202248593,37.58837892934406,28285200
2015-09-04,36.89564514160156,37.267978829545505,36.54062968369159,37.06882413882671,37138800
2015-09-08,38.00401306152344,38.09926174438312,37.40654855510865,37.49313646509907,32469800
2015-09-09,37.29397201538086,38.445610079444265,37.155429413241734,38.281088468511676,33469500
2015-09-10,37.484466552734375,37.91741256520823,37.016884066514784,37.337263190872974,31366600
2015-09-11,37.64899826049805,37.7442469456724,37.181415607705986,37.354594735012355,27132500
2015-09-14,37.26802062988281,37.61437570969521,37.11215968787581,37.6057182365252,23656000
2015-09-15,38.0819206237793,38.350348268477056,37.30261999268476,37.39786531520811,28882200
2015-09-16,38.35901641845703,38.42828936662372,37.96070687584647,38.07327376505936,23372200
2015-09-17,38.31573486328125,38.96515409825212,38.16853475551737,38.35037134856112,32768200
2015-09-18,37.64899826049805,38.09060520028514,37.51911639235611,37.66631650354039,63143700
2015-09-21,38.19450378417969,38.506225490915575,37.752896931931694,37.770215171541075,26177200
2015-09-22,38.012672424316406,38.14255428448408,37.50179584684296,37.56240804221125,28085900
2015-09-23,37.986690521240234,38.24645752493953,37.674968795554406,38.03864524322676,17145200
2015-09-24,38.021324157714844,38.21182148762862,37.4671537104563,37.62301456163732,27905600
2015-09-25,38.04730224609375,38.73135787984812,37.891441385159425,38.51488482889673,29384600
2015-09-28,37.484466552734375,38.17717951206936,37.415193605242905,37.952049038953966,27613800
2015-09-29,37.61436080932617,37.7269277346547,37.27666333645761,37.55374861179166,32763600
2015-09-30,38.324378967285156,38.359015440485436,37.80484508174449,37.995342381230145,34958900
2015-10-01,38.627437591552734,38.748661927184,37.88277004054302,38.748661927184,28657900
2015-10-02,39.45869445800781,39.45869445800781,38.02997147137375,38.333035624688975,41839000
2015-10-05,40.376548767089844,40.601679255365234,39.57126886541267,39.61456280895223,34369300
2015-10-06,40.480445861816406,40.852779638805345,40.02152421706441,40.11677285347304,27017200
2015-10-07,40.523738861083984,40.99997872902798,39.78773209272647,40.783505761497494,27711500
2015-10-08,41.086570739746094,41.147182907647306,40.26397278565269,40.31592748804605,33772700
2015-10-09,40.792179107666016,41.16451299087185,40.62765748762098,41.08658256640746,28600600
2015-10-12,40.696922302246094,40.75753447546827,40.26397632030731,40.679604066594656,19769100
2015-10-13,40.60167694091797,40.809492482424204,40.31593428735236,40.31593428735236,19987800
2015-10-14,40.419837951660156,40.783510998313524,40.2899528332178,40.39386224921799,24697800
2015-10-15,40.70558547973633,40.72290371781761,40.289957675134055,40.70558547973633,27189400
2015-10-16,41.13853073120117,41.16450973938153,40.61033934390355,40.71424546727664,26450300
2015-10-19,41.23377227783203,41.45890602662551,40.7142384474272,41.06059323332524,29387600
2015-10-20,41.363670349121094,41.39830682949959,40.71425120604887,41.07792434067336,30802200
2015-10-21,40.870113372802734,41.554169018148656,40.792182941015014,41.49355352398782,25144300
2015-10-22,41.588802337646484,42.38542489897053,40.7748648386368,41.15585622693814,56637100
2015-10-23,45.779720306396484,46.81879162103009,45.24286806003051,45.28616200999094,135227100
2015-10-26,46.974632263183594,47.03524442766106,45.45932154501638,45.485297243188086,64633300
2015-10-27,46.489749908447266,47.07855685450599,46.39450454336068,46.74952020467993,50999900
2015-10-28,46.740867614746094,46.740867614746094,45.771069129236245,46.359876178360786,47000800
2015-10-29,46.20399475097656,46.610965022451914,46.082770407077255,46.35985556545156,30202100
2015-10-30,45.5805549621582,46.74951115968857,45.56323672555228,46.169361794295895,46619800
2015-11-02,46.100101470947266,46.20400760847337,45.5632459369765,45.76240074353344,30285000
2015-11-03,46.88805389404297,47.0958661277232,45.80568887620371,45.83166457963476,36596900
2015-11-04,47.104530334472656,47.520158135274244,46.81012689601534,46.914033020436705,37087800
2015-11-05,47.08723449707031,47.36431982942081,46.758194426234965,47.182483199400366,31468500
2015-11-06,47.55477523803711,47.60672993424905,46.723519917336226,46.83608677423792,32851200
2015-11-09,46.896724700927734,47.511507413192014,46.377190665826035,47.23442215405552,32513100
2015-11-10,46.333885192871094,46.870740677462585,46.126072936933184,46.818785961919986,55283700
2015-11-11,46.455108642578125,46.931348597551064,46.29058704319616,46.498402583372766,36516300
2015-11-12,46.169368743896484,46.740857425451054,46.05680184057193,46.307911354481945,35361100
2015-11-13,45.75373458862305,46.143386659265616,45.48530687259907,45.952889357370154,36848200
2015-11-16,46.55901336669922,46.66291948211763,45.76239100684912,45.961549074148536,32165200
2015-11-17,46.17546081542969,46.663626658882144,46.07085099864953,46.349803859302476,31551300
2015-11-18,46.94257736206055,47.055902995673755,46.18417451485272,46.20160948351477,29710000
2015-11-19,47.02104187011719,47.64868755805114,46.881565420063076,47.06463096263106,28149200
2015-11-20,47.238975524902344,47.33486621085561,46.436986743076794,47.291280442344394,37147600
2015-11-23,47.238975524902344,47.474342665320094,46.85541610647025,47.291280442344394,28235900
2015-11-24,47.291255950927734,47.45688311564698,46.707199639513064,47.0035840420488,24600000
2015-11-25,46.8031120300293,47.27384631932339,46.8031120300293,47.151804835146635,21005100
2015-11-27,47.01232147216797,47.14308208622378,46.89028000591884,46.898995828344965,9009100
2015-11-30,47.378448486328125,47.910203468951195,47.07334480386279,47.544079049992796,56241400
2015-12-01,48.13684844970703,48.145564271470086,47.334856506913866,47.43074717320895,39952800
2015-12-02,48.128135681152344,48.78193213758112,47.99737838509503,48.22402636015615,47274900
2015-12-03,47.24768829345703,48.61630185725238,47.01232118482349,48.372218926245985,38627800
2015-12-04,48.73834991455078,49.017302823537676,47.160519821221634,47.177954793705936,43963700
2015-12-07,48.65117263793945,48.79064907597831,48.19787338296801,48.63373766751202,30709800
2015-12-08,48.63372802734375,48.90396170195179,47.93634597538439,48.35477520656001,32878000
2015-12-09,47.927642822265625,48.70348082179736,47.517929275167766,48.26761647820596,36373200
2015-12-10,48.18043899536133,48.520412609357294,47.9537877024436,48.28504549381071,31775800
2015-12-11,47.12564468383789,48.03223981149088,47.08205559781521,47.69226622294846,39549500
2015-12-14,48.06710433959961,48.128125062706246,46.79438164997546,47.36100645068567,46768900
2015-12-15,48.11941146850586,48.7296220531906,48.02352080622081,48.520405760443204,39843000
2015-12-16,48.93012619018555,49.03473268881511,47.73585563975724,48.41580619430097,37503300
2015-12-17,48.555274963378906,49.50545909971817,48.407079398800434,49.13061560301864,41280900
2015-12-18,47.1866569519043,48.81678805033596,47.09948212087225,48.61629092703194,84684200
2015-12-21,47.7968864440918,48.25018244390839,47.27384722638009,47.840472214222494,37246300
2015-12-22,48.25016784667969,48.36349347503974,47.5092000024811,47.93634840145047,28322200
2015-12-23,48.659881591796875,48.71218649569599,48.3286238511961,48.55527510937878,27279800
2015-12-24,48.52912902832031,48.781931117611705,48.3199160288507,48.694759588729475,9558500
2015-12-28,48.773216247558594,48.773216247558594,47.92763843428558,48.25017708790674,22458300
2015-12-29,49.29624557495117,49.55776345756757,48.86910047593313,49.06959763011837,27731400
2015-12-30,49.0870246887207,49.496734752822874,49.06958972263852,49.226501091998415,21704500
2015-12-31,48.363494873046875,48.98242128553937,48.31118996797335,48.851664010925845,27334100
2016-01-04,47.77070617675781,47.77070617675781,46.54156950964551,47.352277026823764,53778000
2016-01-05,47.98865509033203,48.285042924652224,47.54407500154197,47.88404859744857,34079700
2016-01-06,47.11692428588867,47.42203125304724,46.75951573749971,47.352291377566324,39518900
2016-01-07,45.47806930541992,46.62875385969215,45.390897795047465,45.94008762145785,56564900
2016-01-08,45.61757278442383,46.445712540109845,45.4606613237844,45.65243941149127,48754000
2016-01-11,45.591400146484375,46.070850159158944,44.859148069268194,45.774462334443335,36943800
2016-01-12,46.009830474853516,46.288783336759266,45.382188198255776,45.992395505311855,36095500
2016-01-13,45.01606750488281,47.134368416338795,44.71967962724013,46.89900127891247,66883600
2016-01-14,46.29750061035156,46.5677343138587,44.955037938402874,45.32988145492595,52381900
2016-01-15,44.44943618774414,45.303729690053395,43.88281135159137,44.72838903236021,71820700
2016-01-19,44.074588775634766,45.0509236453179,43.63872457885373,44.8765773015295,43564500
2016-01-20,44.275081634521484,44.78940147010595,42.801858663325845,43.56898050673887,63273000
2016-01-21,44.00484848022461,44.96375169904995,43.84793710487828,44.45814763951624,40191200
2016-01-22,45.582679748535156,45.617549683325876,44.68479721726418,44.81555781003937,37555800
2016-01-25,45.146812438964844,45.89649935857439,45.02477100095953,45.27756969737921,34707700
2016-01-26,45.47806930541992,45.713436373881514,44.93759862527476,45.14681490570061,28900800
2016-01-27,44.649940490722656,45.50423412990557,44.47559410355904,45.338603565678795,36775200
2016-01-28,45.382198333740234,45.512955646434904,44.67609687381684,45.20785192476618,62513800
2016-01-29,48.02352523803711,48.02352523803711,47.07334099965841,47.70970243264518,83611700
2016-02-01,47.6922721862793,48.02352999426512,47.50920997346377,47.84046778144958,44208500
2016-02-02,46.20161056518555,47.29998701356789,45.89650691990721,47.221531315441986,56313800
2016-02-03,45.46937561035156,46.5416016715117,44.68481833370679,46.419560167451756,57559800
2016-02-04,45.32987976074219,46.0359810079983,44.780689901765214,45.41705127628386,46987100
2016-02-05,43.72589874267578,45.329879217223514,43.20286300493679,45.27757431329756,62009000
2016-02-08,43.072105407714844,43.21158183585156,42.008595564809674,43.194146866661924,59290500
2016-02-09,42.95878601074219,43.795648026502995,42.427031012048396,42.732138029115426,46740500
2016-02-10,43.3336181640625,43.92639374480351,43.16799096444191,43.490529542810414,38237000
2016-02-11,43.316192626953125,43.682320365531595,42.28755262028217,42.43574821041986,48878600
2016-02-12,44.02229690551758,44.179208328835045,43.368500416821774,43.80436474261898,34243300
2016-02-16,44.85637664794922,44.85637664794922,44.01350954311108,44.68956024675922,37291200
2016-02-17,46.024112701416016,46.33141039979466,45.17246692702638,45.20758723814232,40789000
2016-02-18,45.82215881347656,46.48943107830302,45.74313981762227,45.945079856448984,27176000
2016-02-19,45.49729537963867,45.90116867843968,45.24267829372945,45.62899479628284,33559100
2016-02-22,46.22603988647461,46.533334149647125,45.901182123399344,45.901182123399344,25008300
2016-02-23,44.935401916503906,45.9802058682899,44.75980374118731,45.95386731423223,28895300
2016-02-24,45.093441009521484,45.2163587303832,44.07497558762292,44.505187610638934,33014500
2016-02-25,45.74314498901367,45.74314498901367,44.43494555884315,45.418290569000746,26939500
2016-02-26,45.04075622558594,46.252379863488905,44.86515806296493,46.18213925873795,35975900
2016-02-29,44.6720085144043,45.34805934544231,44.478850177177215,45.084660394948365,31654000
2016-03-01,46.16458511352539,46.17336351499626,44.707122624375174,44.751024679499224,33024500
2016-03-02,46.48943328857422,46.49821168886163,45.795822441904946,46.01531929090742,29289900
2016-03-03,45.962642669677734,46.506997312007975,45.462190080209524,46.506997312007975,24427800
2016-03-04,45.68168640136719,46.050442875610024,45.400730682542346,46.0065441725292,33034200
2016-03-07,44.80370330810547,45.47975411904034,44.40861159262662,45.269038984019176,38407800
2016-03-08,45.348052978515625,45.769486551176605,44.426163479734896,44.60176163899105,33835100
2016-03-09,46.392852783203125,46.40163118323396,45.53242556217198,45.55876411152052,28251600
2016-03-10,45.69924545288086,46.48065373638951,44.917837169372206,46.47187533568711,38387800
2016-03-11,46.59479522705078,46.59479522705078,45.988985072475124,46.533336371481795,32275700
2016-03-14,46.68258285522461,47.05133926064057,46.20847226148371,46.27870950345225,24083600
2016-03-15,47.05134963989258,47.05134963989258,46.30506161441446,46.31384001562609,21104800
2016-03-16,47.71862030029297,47.938117179961765,46.884534836956824,46.92843354303927,31691700
2016-03-17,47.99079513549805,48.28931101025899,47.41132353734519,47.59570010283555,28223900
2016-03-18,46.96355056762695,48.26297160260256,46.9284302655112,48.2190695503297,67625500
2016-03-21,47.28840255737305,47.34986140828707,46.471873996079644,46.752829700045524,23925700
2016-03-22,47.472774505615234,47.630812492424575,46.937201700234226,47.06890113899396,23124100
2016-03-23,47.38498306274414,47.6220400727254,47.18304635407632,47.50790076808488,20129000
2016-03-24,47.595699310302734,47.701060216762606,47.17426573223232,47.27084488852569,19950000
2016-03-28,47.007450103759766,47.66594070844698,46.82307353826888,47.5957001029706,17025100
2016-03-29,48.034698486328125,48.1663979597088,46.92843563710603,47.11281222043359,23924300
2016-03-30,48.33320236206055,48.85121502625472,48.2015062707097,48.227844819128684,23008300
2016-03-31,48.49126052856445,48.80733663813693,48.16640601561821,48.24542504301132,26360500
2016-04-01,48.78976821899414,48.82488852505576,47.91178066299388,48.333214287963195,24399200
2016-04-04,48.666839599609375,48.86877629036118,48.28930476712591,48.666839599609375,18928800
2016-04-05,47.90300369262695,48.5527126278991,47.815202924849075,48.45613345797185,19272300
2016-04-06,48.3946647644043,48.464905364358124,47.59569636083829,47.72739581112364,21188700
2016-04-07,47.81519317626953,48.21028817757579,47.613256475436586,48.17516787762498,19225100
2016-04-08,47.78006362915039,48.535133185678866,47.69226624552147,47.99956043747818,22167200
2016-04-11,47.68349838256836,48.421007955473286,47.674716632711835,47.84153638742343,21414200
2016-04-12,47.982017517089844,48.096153478965725,47.200605840075355,47.736178743169674,24944300
2016-04-13,48.596595764160156,48.675614755209835,48.19272240957545,48.394659086867804,20818000
2016-04-14,48.60538101196289,48.798539303824846,48.35076387255504,48.4824633168711,20877100
2016-04-15,48.860015869140625,49.09706959606109,48.38590171678526,48.55271817072191,28793800
2016-04-18,49.5711669921875,49.68530629011879,48.47368276007607,48.719521505563165,23786000
2016-04-19,49.509700775146484,49.84333686984867,48.88633062789796,49.72041919002565,29596800
2016-04-20,48.80731201171875,49.606280285893,48.71951462525127,49.42190376475793,36195700
2016-04-21,48.974124908447266,49.369219818009604,48.6580489807974,48.99168505434508,38909100
2016-04-22,45.46217727661133,46.03287031052831,44.57541165619611,45.57631655324582,126834100
2016-04-25,45.75193405151367,45.76949420530154,45.33050040837549,45.46219653789918,33226900
2016-04-26,45.1636848449707,45.962653496112004,44.8563904980922,45.88363447130651,33532600
2016-04-27,44.724674224853516,45.216348344624286,44.38225969560042,45.19878819578362,43369300
2016-04-28,43.81157684326172,44.575425017455814,43.51306096437743,44.44372555499704,43134800
2016-04-29,43.78522872924805,44.118864864021376,43.32867489988875,43.32867489988875,48411700
2016-05-02,44.434940338134766,44.55785803130569,43.706209229684355,43.899367518527775,33114500
2016-05-03,43.70621109008789,44.259344082157725,43.54817309235365,44.1978852329562,26460200
2016-05-04,43.78522872924805,43.95204847126271,43.42525404542229,43.75889018019562,24257600
2016-05-05,43.84668731689453,44.16276330067588,43.6623107761074,43.78522846996549,25390700
2016-05-06,44.24177932739258,44.24177932739258,43.600849002964914,43.829124226344405,24787300
2016-05-09,43.96083068847656,44.417384557480126,43.89937183584688,44.329587153510936,17951600
2016-05-10,44.7949104309082,44.86514767013261,44.06617939707837,44.18910042691838,22891000
2016-05-11,44.821250915527344,45.46218124147809,44.77735222045648,44.89149150704533,24039100
2016-05-12,45.22513198852539,45.48853090242199,44.7071192600551,44.95295802307484,24102800
2016-05-13,44.84760284423828,45.567552322069254,44.81248254062299,45.163675529006404,22592300
2016-05-16,45.506103515625,45.62023950369746,44.55787520413009,44.60177391871621,20032000
2016-05-17,44.65732192993164,45.735959607189734,44.52470469968842,45.72711980757967,27803500
2016-05-18,44.92256164550781,45.21432224050957,44.47165430866611,44.63079767782413,24907500
2016-05-19,44.48934555053711,44.75458342421415,44.04728130351454,44.6219661737169,23842400
2016-05-20,44.75457763671875,45.28505668815579,44.56007168660574,44.63080020318807,23905800
2016-05-23,44.23293685913086,44.80762159137271,44.18873111957727,44.73688970994158,26118700
2016-05-24,45.61217498779297,45.71826942980281,44.56006362054846,44.825301411913806,34757900
2016-05-25,46.080780029296875,46.40791002785587,45.789019355591876,45.9039536411239,24040200
2016-05-26,45.87742614746094,45.95699784532522,45.4088391337504,45.91279209599673,24335200
2016-05-27,46.257598876953125,46.257598876953125,45.771328918257126,45.90394615825661,17721400
2016-05-31,46.858795166015625,46.858795166015625,46.04539883107755,46.204538806132916,37653100
2016-06-01,46.7261848449707,46.814599709060715,46.363692333907174,46.363692333907174,25324800
2016-06-02,46.39905548095703,46.628930741043796,45.83321387563885,46.54051588228658,22840800
2016-06-03,45.789005279541016,46.346003677936544,45.621018744710355,46.310641109319064,23368300
2016-06-06,46.089622497558594,46.284128486154366,45.87743016046538,45.96584503953871,18243300
2016-06-07,46.06309509277344,46.62009701137341,46.06309509277344,46.18687592010441,20866800
2016-06-08,46.01003646850586,46.3636857566498,45.85973290721635,45.99235349819641,21149400
2016-06-09,45.63870620727539,45.974675937322196,45.523771945763215,45.974675937322196,20305700
2016-06-10,45.51493453979492,46.018887512372984,45.12591921597332,45.13475901694725,25833200
2016-06-13,44.330196380615234,44.84299245929007,43.375339485150576,43.83508664692323,83217800
2016-06-14,44.056121826171875,44.29483353723944,43.82624654285017,44.11801054721641,42577100
2016-06-15,43.932334899902344,44.312510346393275,43.932334899902344,44.011906583416305,33757600
2016-06-16,44.551231384277344,44.62196327809863,43.773197415654856,43.78204058872368,31188600
2016-06-17,44.32136154174805,44.58659941058316,44.04728049943168,44.568916436303155,45710500
2016-06-20,44.26830291748047,44.9402423021348,44.23293697667093,44.77225576963034,35607900
2016-06-21,45.25853729248047,45.4707296192347,44.34788600483432,44.383251954740466,34097800
2016-06-22,45.08170700073242,45.497245040567556,45.046341056543284,45.16127868881695,28816800
2016-06-23,45.89512252807617,46.02774318748374,45.22318617303036,45.33812048032122,29028800
2016-06-24,44.056121826171875,45.037501562456164,43.782040795344415,44.0384388526331,133503000
2016-06-27,42.81834030151367,43.45491385285178,42.473530752099634,43.410704733033725,50216300
2016-06-28,43.7113037109375,43.73782985443714,43.030524487600594,43.251556571566525,38140700
2016-06-29,44.68385696411133,44.843000370210866,44.02960036429291,44.12685504276293,31304000
2016-06-30,45.2408447265625,45.35578235304962,44.648480368286414,44.84298967885201,28527800
2016-07-01,45.23200607299805,45.72711916121413,45.15243438690407,45.20548330186072,21400400
2016-07-05,45.2408447265625,45.3380993818453,44.86067265005632,44.9402443341348,24806400
2016-07-06,45.426509857177734,45.56797024048869,44.55122141672258,44.89603089025045,28167500
2016-07-07,45.426509857177734,45.62985894739464,45.15242888896456,45.46187242349429,19585200
2016-07-08,46.23991394042969,46.29296285778642,45.576817650540114,45.735961029928184,28391000
2016-07-11,46.496315002441406,46.708507312970575,46.390220533518004,46.416743307578265,22269200
2016-07-12,47.04446792602539,47.212454468299384,46.67313564397499,46.80575287070073,27317600
2016-07-13,47.30971145629883,47.61915843466618,47.01795082417902,47.35392057655299,25356800
2016-07-14,47.513057708740234,47.734089790172874,47.37159731153062,47.60146919224052,24545500
2016-07-15,47.47769546508789,47.742933308934425,47.04447106774889,47.69872756374036,32024400
2016-07-18,47.70756530761719,48.04353502744041,47.345072816357025,47.47769341890573,31433900
2016-07-19,46.93838119506836,47.65452647890312,46.796920773004,47.48653990898247,53336500
2016-07-20,49.431602478027344,50.253841889856304,49.09563285199331,49.64379470833334,89893300
2016-07-21,49.33436965942383,49.71454518450013,49.29900370995566,49.49351305934798,32776700
2016-07-22,50.01513671875,50.06818562991585,49.316674565467494,49.581915748614996,32157200
2016-07-25,50.15660095214844,50.16544412436118,49.741059547881754,49.92672906484725,25610600
2016-07-26,50.18312072753906,50.65171101906179,49.96208865296401,49.97093182464883,28079000
2016-07-27,49.67918395996094,50.2185029362554,49.60845542698028,50.0505197193288,32327500
2016-07-28,49.696868896484375,49.838329340707965,49.263647761598456,49.51120269581898,37550400
2016-07-29,50.11240005493164,50.18312857606289,49.555398195537826,49.74106435777499,30558700
2016-08-01,50.02399826049805,50.17429850497313,49.63497951445339,50.04167786469736,26003400
2016-08-02,50.02399826049805,50.3069191452489,49.78528313161146,50.262710016701654,35122000
2016-08-03,50.36880111694336,50.49257856582172,49.94441984678219,50.11240304559102,22075600
2016-08-04,50.74011993408203,50.855057551399995,50.10354651223684,50.2184841295548,26587700
2016-08-05,51.24408721923828,51.46511934496586,50.79318316673435,50.97000954185293,29335200
2016-08-08,51.33250045776367,51.359023232747575,51.08494219141145,51.33250045776367,19473500
2016-08-09,51.45627212524414,51.72150996334023,51.29712874785007,51.429745980557065,16920700
2016-08-10,51.29713439941406,51.56237226673223,51.12030803030779,51.42091184598371,15756900
2016-08-11,51.5446891784668,51.67730979817358,51.30597408660406,51.30597408660406,18162300
2016-08-12,51.22640609741211,51.447438231134825,50.94348523606164,51.305977800459594,21655200
2016-08-15,51.38554382324219,51.72151357371309,51.24408340820428,51.28828915552569,19283900
2016-08-16,51.100868225097656,51.26100353316133,50.94963120842853,51.2521086354706,20523500
2016-08-17,51.20761489868164,51.314370613511414,50.914032440771045,51.18982171392618,18856400
2016-08-18,51.24318313598633,51.33214903417536,50.94960415621755,51.08304791294808,14214300
2016-08-19,51.260990142822266,51.35885096037629,50.887343450746485,51.091959981221734,17271000
2016-08-22,51.305477142333984,51.376649888039594,50.940725304851014,51.24320268669323,15221900
2016-08-23,51.501197814941406,51.759193922638005,51.46561144276879,51.51009610483618,18732400
2016-08-24,51.5545768737793,51.63464451354043,51.34996032632379,51.421129676276344,18151500
2016-08-25,51.75029754638672,51.857056666852344,51.40333888913184,51.49230482285319,18552600
2016-08-26,51.625736236572266,52.22179597141845,51.323258921956864,51.84814592691587,20971200
2016-08-29,51.688011169433594,52.1328305543468,51.688011169433594,51.75918389999695,16417200
2016-08-30,51.501197814941406,51.76808881882954,51.25209999713958,51.581265455478174,16930200
2016-08-31,51.118656158447266,51.421133554390295,50.976314054103696,51.28768974052639,20860300
2016-09-01,51.23429870605469,51.4389152231231,50.718306572288746,50.718306572288746,26075400
2016-09-02,51.305477142333984,51.76808980831051,51.083067402558925,51.305477142333984,18900500
2016-09-06,51.252098083496094,51.42112825444993,50.896241162463355,51.40333506902798,16278400
2016-09-07,51.29658508300781,51.45672037599865,51.07417533093204,51.127554893163484,17493400
2016-09-08,51.09196090698242,51.412231445252196,50.86955118803986,51.26988936087707,20146100
2016-09-09,50.0066032409668,51.172031456342474,50.0066032409668,50.522595447282235,35113900
2016-09-12,50.753902435302734,50.896244534405554,49.472823543377345,49.819782197834016,29303000
2016-09-13,50.291290283203125,50.39804940390823,49.86426398149281,50.26460219987854,30130200
2016-09-14,50.05107116699219,50.38023992550016,49.84645467569663,50.16672514683829,24062500
2016-09-15,50.878448486328125,51.02079057742542,49.80198621029836,49.953226591047255,26847000
2016-09-16,50.93182373046875,51.26988744083792,50.48700430924195,51.26988744083792,44607000
2016-09-19,50.64714431762695,51.37664796529155,50.575971574584955,50.949621688149094,20937100
2016-09-20,50.54038619995117,51.02078861788945,50.48700664520113,51.02078861788945,17384000
2016-09-21,51.38553237915039,51.465600001888,50.78058115521371,51.163122693068416,33707300
2016-09-22,51.43892288208008,51.59905816166426,51.2698927063871,51.527885417980976,19822200
2016-09-23,51.09196090698242,51.51898716010779,51.04747964193451,51.48340079058826,19955300
2016-09-26,50.62045669555664,50.83396813921532,50.558182241680925,50.780591975152255,21688700
2016-09-27,51.5545768737793,51.65243769945437,50.4247350210181,50.647144754387554,28065100
2016-09-28,51.625736236572266,51.65242770713123,51.30546573948507,51.492292458587634,20536400
2016-09-29,51.065277099609375,51.75029610481319,50.89624352709914,51.43002893344787,25463500
2016-09-30,51.24318313598633,51.39442346605668,51.011878588098874,51.21649506338063,29910800
2016-10-03,51.083072662353516,51.198726689181846,50.76280545481172,51.074177765076094,19189500
2016-10-04,50.92292785644531,51.243194982862114,50.68272496635562,50.94961593522101,20085900
2016-10-05,51.27877426147461,51.563458374736044,50.94071060433828,50.967402073126884,16726400
2016-10-06,51.36774444580078,51.47450014873877,50.95850802941702,51.36774444580078,16212600
2016-10-07,51.42112350463867,51.58125876494127,51.08305980025511,51.465604767233216,20089000
2016-10-10,51.634639739990234,51.946011980440254,51.4833993705553,51.518985739093274,18196500
2016-10-11,50.878448486328125,51.61685041706627,50.611557489733585,51.50119640751748,26497400
2016-10-12,50.80727767944336,50.949619766455385,50.175634880433925,50.80727767944336,22177500
2016-10-13,50.63825607299805,50.97631988210285,50.1044739691095,50.4425377782143,25313700
2016-10-14,51.083072662353516,51.36776028078564,50.81618162588352,50.81618162588352,27402500
2016-10-17,50.9051399230957,51.11865136272866,50.59376426588485,51.02968882849879,23830000
2016-10-18,51.29658508300781,51.55458120990455,51.07417533093204,51.18093106169144,19149500
2016-10-19,51.18092346191406,51.45671273526975,51.06527285147396,51.12754730131186,22878400
2016-10-20,50.93182373046875,51.17202662517556,50.40693667767301,51.15423344108215,49455600
2016-10-21,53.075870513916016,53.778686243142396,52.92463349035549,53.6274458258779,80032200
2016-10-24,54.26795959472656,54.26795959472656,53.316046476610325,53.32494137020014,54067000
2016-10-25,54.25907897949219,54.59713932410233,54.09004541348398,54.134526680542876,35137200
2016-10-26,53.938812255859375,54.44590620247633,53.79647015494415,54.09894754360193,29911600
2016-10-27,53.46730041503906,54.116739845656724,53.45840551862252,53.92101818745944,28479900
2016-10-28,53.26266860961914,53.840935128514914,53.00467596297092,53.38721748600842,33574700
2016-10-31,53.30716323852539,53.75198270504327,53.30716323852539,53.520678075683385,26434700
2016-11-01,53.20042419433594,53.39614590694466,52.71112330651839,53.3516646250893,24533000
2016-11-02,52.87123107910156,53.316050453219056,52.75557709159432,53.21818964792081,22147000
2016-11-03,52.67551803588867,53.05806303134476,52.586555504076905,52.960202210129985,21600400
2016-11-04,52.23069381713867,52.737787668279616,52.06166366465928,52.17731766040978,28697000
2016-11-07,53.75198745727539,53.8409533946664,53.18261903278695,53.18261903278695,31664800
2016-11-08,53.79646682739258,54.07225272189908,53.51178264317111,53.867636176596356,22935400
2016-11-09,53.52956771850586,53.90321779843732,52.66662034586718,53.3783307437094,49632500
2016-11-10,52.221797943115234,53.81425220058907,51.26988470400019,53.80535391216593,57822400
2016-11-11,52.50648880004883,52.59545133343984,51.60795160176532,51.80367324766927,38767800
2016-11-14,51.70581817626953,52.559874202859376,50.9585212740681,52.506494640665174,41328400
2016-11-15,52.72684097290039,53.282145658052784,52.2342348435668,52.24319324438185,35904100
2016-11-16,53.425453186035156,53.43440817086913,52.67310804470474,52.789539930691895,27332500
2016-11-17,54.312156677246094,54.58980910676141,53.71207346663449,54.106157810172114,32132700
2016-11-18,54.05240249633789,54.7599658523978,54.007620740671975,54.43753174499688,27686300
2016-11-21,54.50918960571289,54.60771152596042,54.11510192472279,54.18675547276798,19652600
2016-11-22,54.7420539855957,54.86744427159074,54.46440504278643,54.61666369960067,23206700
2016-11-23,54.09719467163086,54.724146165371806,53.962845970612435,54.64353762808663,21848900
2016-11-25,54.213623046875,54.213623046875,53.855365561810736,54.00762422422149,8409600
2016-11-28,54.285274505615234,54.6524903782418,53.9270136177034,54.0434489187691,20732600
2016-11-29,54.71519470214844,55.001802093917995,54.20467507201956,54.3211103926227,22366700
2016-11-30,53.971797943115234,54.79579665787588,53.93597458592241,54.50918930055806,34655400
2016-12-01,53.02240753173828,53.87327454117879,52.789536939699964,53.8374477706146,34542100
2016-12-02,53.067203521728516,53.264247396059005,52.66416078633879,52.914944830931184,25515700
2016-12-05,53.93596649169922,54.2673555582481,53.34483847886371,53.47022875179417,23552700
2016-12-06,53.694156646728516,54.15093611991413,53.55980793404645,54.12406774402959,19907000
2016-12-07,54.96596908569336,54.97492748752493,53.55980066150881,53.74788610042106,30809000
2016-12-08,54.64353942871094,55.15406245942618,54.49128075139356,54.90327843703652,21220800
2016-12-09,55.50334930419922,55.52126268763691,54.751004282958675,54.79578603323865,27349400
2016-12-12,55.68248748779297,55.79892279520692,55.27944823770406,55.36901175625065,20198100
2016-12-13,56.40796661376953,56.80205089490485,55.745188349286074,55.978055557086634,35718900
2016-12-14,56.1392822265625,56.82893239890635,56.00493350360891,56.425889646675536,30352700
2016-12-15,56.04970932006836,56.560228915348574,55.798925306916594,56.15718623048804,27669900
2016-12-16,55.798927307128906,56.3811004746442,55.63771022740558,56.3811004746442,42453100
2016-12-19,56.981178283691406,57.11552697643632,55.906398991619625,56.031792699275165,34338200
2016-12-20,56.9095344543457,57.1424016753745,56.45275158173946,57.043879745336696,26028400
2016-12-21,56.9095344543457,57.052838148047165,56.53336012298588,56.811012524307905,17096300
2016-12-22,56.918487548828125,57.41109376601655,56.793097248085196,57.17822655272674,22176600
2016-12-23,56.64085006713867,56.90954411134501,56.24676228011459,56.82893555642009,12403800
2016-12-27,56.676658630371094,57.38422204805043,56.6139634836531,56.6139634836531,11763200
2016-12-28,56.41692352294922,56.7841394210205,56.27361984118065,56.7841394210205,14653300
2016-12-29,56.3363151550293,56.60500913206136,56.18405307084591,56.30048838032388,10250600
2016-12-30,55.65561294555664,56.416916435321276,55.55709103610002,56.39004464943293,25579900
2017-01-03,56.04970932006836,56.28257652874923,55.64666663520782,56.237794767460144,20694100
2017-01-04,55.798927307128906,56.20197000643723,55.63771022740558,55.960144386852235,21340000
2017-01-05,55.798927307128906,56.121361466575564,55.55710168754392,55.7004053787836,24876000
2017-01-06,56.2825813293457,56.56023373962727,55.56606283771708,55.798930066260255,19922900
2017-01-09,56.10343933105469,56.49752698299408,56.01387581922972,56.21091622857045,20382700
2017-01-10,56.08553695678711,56.488579672387864,55.78101617351428,56.18405888911503,18593000
2017-01-11,56.59605026245117,56.63187703686057,55.915358631818805,56.07657570003186,21517300
2017-01-12,56.07658004760742,56.78414352221834,55.48545189053957,56.47962274938766,20968200
2017-01-13,56.15719223022461,56.309450918200426,55.84371303445067,56.085538671203224,19422300
2017-01-17,56.00491714477539,56.15717921408959,55.55709275457791,56.13926582848622,20664000
2017-01-18,55.97805404663086,56.157184502905935,55.63770652137114,56.13031271365564,19670100
2017-01-19,55.798927307128906,56.407968849054924,55.70936378134017,55.74519055830747,18451700
2017-01-20,56.19300842285156,56.26465855174416,55.861615899757346,56.13030986220552,30213500
2017-01-23,56.390052795410156,56.53335647987688,56.04075027806185,56.15718558938773,23097600
2017-01-24,56.89162063598633,57.088664494574125,56.372142614847434,56.60501325074747,24672900
2017-01-25,57.0349235534668,57.411094460244335,56.82892471166536,57.27674917209357,23672700
2017-01-26,57.563350677490234,57.80517970241468,56.918485805332665,57.429008811708535,43554600
2017-01-27,58.915794372558594,59.03223312423611,58.118667251772855,58.56649178404619,44818000
2017-01-30,58.33360290527344,58.92473438331898,58.038043999508616,58.83517087147333,31651400
2017-01-31,57.903709411621094,58.351533913128975,57.55440684710571,58.09179488226325,25270500
2017-02-01,56.94536209106445,57.87683782249194,56.84684015954025,57.643967181320264,39671500
2017-02-02,56.57813262939453,56.79308984309043,56.201961776212954,56.649786172836166,45827000
2017-02-03,57.0349235534668,57.05283694187946,56.48857716508367,56.87370647438228,30301800
2017-02-06,56.999107360839844,57.00806576502442,56.55128281725483,56.87371703529686,19796400
2017-02-07,56.81100082397461,57.12447652168891,56.63187038958264,57.0886531681136,20277200
2017-02-08,56.73039627075195,57.151352308547864,56.62291936924438,56.93639508890361,18096400
2017-02-09,57.3752555847168,57.71560647615829,56.712477436355385,56.89160786607939,22644400
2017-02-10,57.3215217590332,57.590219125581825,57.30360837348803,57.54543395340443,18170700
2017-02-13,57.966392517089844,58.09178280478221,57.437956161879285,57.53647807838874,22920100
2017-02-14,58.18264389038086,58.3178070529095,57.68704791933716,58.03847489178525,23108400
2017-02-15,58.146610260009766,58.18265423473797,57.81321552447305,58.11957899763492,17005200
2017-02-16,58.137603759765625,58.78638162482592,58.06552267729246,58.335842204610266,20546300
2017-02-17,58.22772216796875,58.2907974172542,57.939377189137176,58.09255895530376,21248800
2017-02-21,58.11057662963867,58.52507210077017,58.07453264849422,58.21870857307203,20655900
2017-02-22,57.993438720703125,58.02046998783101,57.71410646079971,57.966407453575236,19292700
2017-02-23,58.22772216796875,58.32684139894397,57.840257958161956,58.04750225951991,20273100
2017-02-24,58.22772216796875,58.389916648229416,57.7952012623781,58.14662149049513,21796800
2017-02-27,57.87628936767578,58.15562157173534,57.714094922647796,58.15562157173534,15871500
2017-02-28,57.6510124206543,57.84924738903348,57.4527740149328,57.74112234931966,23239800
2017-03-01,58.51605224609375,58.56110205571941,57.68705462770072,57.78617383343592,26937500
2017-03-02,57.67805480957031,58.34485118390297,57.56091360535515,58.290788656836554,24539600
2017-03-03,57.894309997558594,57.92134126025372,57.32662941956239,57.660031033734654,18135900
2017-03-06,57.912322998046875,58.173636636866874,57.497831072852726,57.64200352231508,18750300
2017-03-07,58.02947235107422,58.37187979809642,57.84024664024469,57.84024664024469,18521000
2017-03-08,58.56111526489258,58.64221594000772,57.89431880973928,57.90333152357127,21510900
2017-03-09,58.32683181762695,58.75033306486863,58.10156212508576,58.7413272269405,19846800
2017-03-10,58.507049560546875,58.804407228710154,58.34485509379291,58.66924402730085,19538200
2017-03-13,58.308807373046875,58.74132821486177,58.182656893077024,58.579133758516875,20100000
2017-03-14,58.038490295410156,58.16464078066861,57.80420787649337,58.14661535438263,14280200
2017-03-15,58.344852447509766,58.49803419397249,57.89431304637069,58.16463943692841,24833800
2017-03-16,58.24571990966797,58.353851816100615,57.93935648680164,58.34483910522687,20674300
2017-03-17,58.452980041503906,58.786374773810344,58.28177288187508,58.489024015882876,49219700
2017-03-20,58.507049560546875,58.73231927133372,58.31782382844825,58.48903100854577,14598100
2017-03-21,57.85826873779297,59.02066121103362,57.78618078409921,58.741328983827366,26640500
2017-03-22,58.59714889526367,58.69626810584856,57.77717082323475,57.77717082323475,20680000
2017-03-23,58.452980041503906,58.786374773810344,58.36286666821388,58.51605527799581,19269200
2017-03-24,58.55211639404297,58.975617748938156,58.35387791426508,58.89452393885839,22617100
2017-03-27,58.66022872924805,58.76836066054814,57.984419626665265,58.23672059167979,18614700
2017-03-28,58.83142852783203,58.993622967109765,58.254738715885594,58.53407091004204,20080400
2017-03-29,58.993629455566406,59.02066071930494,58.525064635146464,58.67825325414083,13618400
2017-03-30,59.20988845825195,59.45318358956236,58.894512246077184,58.94857477539691,15122800
2017-03-31,59.34504699707031,59.64240463435496,58.97560140989509,59.155821284621524,21040300
2017-04-03,59.06571578979492,59.417135958135404,58.7413268844521,59.299991318898314,20400900
2017-04-04,59.227901458740234,59.29998252448232,58.82241194985467,58.92153114926996,12997400
2017-04-05,59.07472229003906,59.786575347262634,58.96659723683605,59.7415255333232,21448600
2017-04-06,59.227901458740234,59.52525218230173,59.002631800920824,59.11075683687614,18103500
2017-04-07,59.182838439941406,59.435139329733,58.966581516503425,59.336020140931495,14108500
2017-04-10,59.047698974609375,59.309012679498835,58.89451721216306,59.119786936238135,17952700
2017-04-11,59.002647399902344,59.11978517805067,58.43496331231644,59.11077246444351,18791500
2017-04-12,58.77737808227539,59.029679067502286,58.669246142312616,58.94857839385865,17108500
2017-04-13,58.52507019042969,59.34505526665593,58.52507019042969,58.831440582813926,17896500
2017-04-17,59.002647399902344,59.01165323882331,58.579139231286256,58.606170497421544,16689300
2017-04-18,58.92154312133789,59.20988806694719,58.714298843858025,58.86748059237545,15155600
2017-04-19,58.606163024902344,59.24592811571436,58.47099983677354,59.15582161519026,26992800
2017-04-20,59.02066421508789,59.2459339258325,58.69627528164077,58.984620236406435,22299500
2017-04-21,59.83163833618164,60.1019578723394,58.97560928496657,59.17384773629398,32522600
2017-04-24,60.84984588623047,60.96699052160137,60.462381755119004,60.80479607428296,29770000
2017-04-25,61.20126724243164,61.3093991676582,60.912922316512784,61.18324869223653,30242700
2017-04-26,61.120174407958984,61.55268836624154,60.93094869187468,61.34544409968106,26190800
2017-04-27,61.516632080078125,61.61575127457524,60.89489253013194,61.40850704948785,34971000
2017-04-28,61.687870025634766,62.30060404555954,60.99404219225945,62.093359716949855,39548800
2017-05-01,62.543888092041016,62.67003858472433,61.72390301491321,61.88609748760408,31954400
2017-05-02,62.44475173950195,62.81419040255566,62.29156314781201,62.81419040255566,23906100
2017-05-03,62.246524810791016,62.51684432448948,61.91312318174205,62.51684432448948,28928000
2017-05-04,62.00322723388672,62.246522348746446,61.85004549471451,62.201465660902684,21749400
2017-05-05,62.174434661865234,62.20146592481204,61.71488256771345,62.08432816048077,19128800
2017-05-08,62.120384216308594,62.2195034495125,61.65181931849255,62.147415484512074,18566100
2017-05-09,62.21046447753906,62.42672140657629,61.8860756466413,62.04827006209018,22858400
2017-05-10,62.453773498535156,62.67904321321715,62.10235329360614,62.16542853872966,17977800
2017-05-11,61.687870025634766,61.93116521536132,61.38150645301611,61.59776349690501,28789400
2017-05-12,61.61576461791992,61.82301576257309,61.30940113199017,61.82301576257309,18714100
2017-05-15,61.660823822021484,61.70588051281868,60.88589548817333,61.39951013970657,31530300
2017-05-16,62.90238571166992,62.92957191951681,61.769580957439516,61.83301774711276,34956000
2017-05-17,61.1533317565918,62.62144221772216,61.10801680311124,62.43113185846789,30548800
2017-05-18,61.361778259277344,61.742399066552395,60.84521947394899,61.080844841635205,25201300
2017-05-19,61.343631744384766,61.71518802655936,61.108006471487464,61.1714432471802,26961100
2017-05-22,62.03239059448242,62.07770555395425,61.17146167725419,61.52489623603985,16237600
2017-05-23,62.240821838378906,62.30425862514268,61.96894594419635,62.27707241854266,15425800
2017-05-24,62.32236099243164,62.42204832822286,62.03236335579059,62.41299087157932,14593900
2017-05-25,63.09269332885742,63.32831172931479,62.44926108620928,62.50363349953157,21854100
2017-05-26,63.40079116821289,63.63641640203448,63.00204183622078,63.25579581099957,19827900
2017-05-30,63.80859375,63.80859375,63.22859167996407,63.24672041776175,17072800
2017-05-31,63.292049407958984,64.10767002694607,63.264863206341076,63.91735970153074,30436400
2017-06-01,63.52766418457031,63.98985027799546,62.93860456182671,63.65453771388878,21603600
2017-06-02,65.03206634521484,65.12268935538584,63.654571699882574,63.83582463431707,34770300
2017-06-05,65.50328063964844,66.05608974099087,65.07734507821188,65.22234736044108,33316800
2017-06-06,65.72079467773438,65.81142458534482,65.49423373689069,65.52142685762855,31511100
2017-06-07,65.60296630859375,65.94733634897949,65.20421695671295,65.82952718323708,22301800
2017-06-08,65.20423889160156,65.72079758299657,64.79643194569186,65.7117401231081,24588300
2017-06-09,63.72705841064453,65.32204930121863,62.159253725542506,65.28579872255888,49187400
2017-06-12,63.23770523071289,63.38270758951644,61.74240124749307,62.7573970168389,47761700
2017-06-13,64.0261001586914,64.1801598834842,63.40078997512353,63.45516236879423,25258600
2017-06-14,63.68175506591797,64.43393915350187,62.92051351758645,64.2617575160986,25510700
2017-06-15,63.34645080566406,63.627384205759405,62.34958388569097,62.775512716318886,26068700
2017-06-16,63.43706130981445,63.464247515549815,62.73019230433108,63.192378544105196,48345100
2017-06-19,64.2254867553711,64.2889235311377,63.754236209027816,63.89017413255338,23798300
2017-06-20,63.35550308227539,64.2254962416128,63.31925250304162,64.18018128904784,21512200
2017-06-21,63.68175506591797,63.99894595848161,63.38269983712611,63.627382645063484,19891100
2017-06-22,63.67267608642578,63.97173121414931,63.174239350070174,63.92642318344688,22965700
2017-06-23,64.53361511230469,64.56986569115554,63.36455987220548,63.51861964675343,27617300
2017-06-26,63.91737747192383,64.98674548877179,63.83581884439505,64.70581210849463,19607000
2017-06-27,62.72113800048828,63.60019566887672,62.69395179038836,63.53675887394622,25215100
2017-06-28,63.25582504272461,63.2920687132102,62.34051679589261,62.72113756281965,25806200
2017-06-29,62.068626403808594,62.974870064777406,61.70612755660298,62.8751827089436,28918700
2017-06-30,62.46737289428711,62.875179756940284,62.29518439427839,62.33143496870602,24161100
2017-07-03,61.77863693237305,63.07456581662644,61.64269898231459,62.8298830377943,16165500
2017-07-05,62.60331726074219,62.92956555006647,61.82394711558872,61.86019769374596,21176300
2017-07-06,62.14113235473633,62.33144270854509,61.733325441444826,61.86925646981469,21117600
2017-07-07,62.94770050048828,63.292070693613,62.25895320014659,62.25895320014659,16878300
2017-07-10,63.41893768310547,63.66362044189216,62.712061783530054,62.94768708338853,15014500
2017-07-11,63.42800521850586,64.05331568843162,63.21050863013285,63.43706959296487,17460000
2017-07-12,64.47925567626953,64.59706489567343,63.93551071227042,64.0623843067338,17750900
2017-07-13,65.04109191894531,65.28578153194582,64.62422074526236,64.7964092200339,20269800
2017-07-14,65.95641326904297,66.40047073188707,65.21329373538751,65.46704085701272,25868100
2017-07-17,66.47297668457031,66.56359967539545,65.90204561969004,65.97454677798655,21803900
2017-07-18,66.42768859863281,66.50924724064535,65.84769298623343,66.2373712724174,26435300
2017-07-19,66.9351577758789,67.09828191244924,66.56359455376688,66.60890950273826,22416200
2017-07-20,67.26141357421875,67.3339147350482,66.40954221970084,67.22516299380402,42361000
2017-07-21,66.8717269897461,67.32484886371313,66.30985337695417,66.56360052012114,46717100
2017-07-24,66.69955444335938,66.83549242093237,66.27361867354062,66.63611764237102,21394800
2017-07-25,67.23420715332031,67.34295194777889,66.60889692882688,66.88077274315162,22018700
2017-07-26,67.10736083984375,67.40641606000878,66.88985733451577,67.37016547578745,16252200
2017-07-27,66.30079650878906,67.44265866322178,65.53954815840943,66.84454137957957,36844200
2017-07-28,66.1920394897461,66.43672224215486,65.73891764787824,65.85672683769127,18306700
2017-07-31,65.8839111328125,66.55453641748926,65.62110655654423,66.42766285856996,23600100
2017-08-01,65.77517700195312,66.53641847910762,65.6936114642057,66.24642073817856,22132300
2017-08-02,65.48516845703125,65.75703740512179,64.74204893637247,65.74797994671539,26499200
2017-08-03,65.38549041748047,65.64830194460805,65.11361451656465,65.421740998542,18214400
2017-08-04,65.86579895019531,66.19204726780401,65.46704946998659,65.61205179518664,22579000
2017-08-07,65.6120376586914,66.06515945617672,65.48516410852271,65.97453647949764,18705700
2017-08-08,65.9654769897461,66.27359651607705,65.0229827515313,65.33110227786226,22044600
2017-08-09,65.67548370361328,65.71173428221952,65.29486299938408,65.47610897832439,22213400
2017-08-10,64.71485137939453,65.42172020014338,64.66047206804443,65.15890875656692,24734500
2017-08-11,65.70268249511719,65.88392850877717,64.59706383515149,64.89612598037347,21443700
2017-08-14,66.69047546386719,66.80829157854099,66.11048000638321,66.21016737383432,20096600
2017-08-15,66.70869445800781,67.04578665702347,66.54470121626878,67.04578665702347,19181400
2017-08-16,67.1004867553711,67.51046657397127,66.66316892472395,66.81804957166791,18150400
2017-08-17,65.96160888671875,67.30088573118621,65.96160888671875,67.03667403831813,22977500
2017-08-18,66.0436019897461,66.3624757737585,65.53340393532623,65.84316505381624,18761500
2017-08-21,65.73384094238281,66.03449634660291,65.32385440455708,66.02538368107065,17734800
2017-08-22,66.65403747558594,66.72691796011833,65.91606435566999,65.91606435566999,14343700
2017-08-23,66.253173828125,66.64493516595137,66.08006787973466,66.47182921756102,13766500
2017-08-24,66.22582244873047,66.38070301242638,65.66095533587043,66.27137187579713,17098300
2017-08-25,66.34428405761719,66.82715126046286,66.03452281463316,66.38072778342648,12794300
2017-08-28,66.35336303710938,66.5902367082066,66.0982640368961,66.56290566545896,14569700
2017-08-29,66.55381774902344,66.65403623318191,65.64274567553059,65.82495730985785,11478400
2017-08-30,67.42842102050781,67.61063258704807,66.35335609569854,66.51734928595506,16897800
2017-08-31,68.120849609375,68.29395551170954,67.23711561817228,67.44665828327739,27652800
2017-09-01,67.3646469116211,68.0935001355728,67.09132260831059,68.0661690954269,21736200
2017-09-05,67.06401824951172,67.31911732693199,66.4900453253161,66.81802488847892,21556000
2017-09-06,66.87268829345703,67.45577383572194,66.8271319116531,67.18244944675429,16535800
2017-09-07,67.72909545898438,67.96597614733219,67.05490406237887,67.12779149739795,17471200
2017-09-08,67.40111541748047,67.8202077394271,67.27355893165222,67.71998925473027,14703800
2017-09-11,68.11174774169922,68.27574098714109,67.70176115263051,67.70176115263051,17910400
2017-09-12,68.03887176513672,68.54906996977316,67.75644160913143,68.1117592089217,14394900
2017-09-13,68.52172088623047,68.53994621784577,67.92041701054617,68.26662185103547,13380800
2017-09-14,68.120849609375,68.77682255408733,67.89308161195697,68.33039922540775,15733900
2017-09-15,68.61283111572266,68.68571854502888,67.48310376518754,68.17552044174099,38578400
2017-09-18,68.47618103027344,69.21414719251176,68.36684987808214,68.53995579798628,23307000
2017-09-19,68.73127746582031,68.97726386015866,68.33951620748289,68.52172783655365,16093300
2017-09-20,68.27574920654297,68.83150377461581,67.7017693029336,68.64928517389502,21587900
2017-09-21,67.61065673828125,68.54905984792985,67.51955092246716,68.43062298246437,19186100
2017-09-22,67.79288482666016,67.88399065524897,67.2826796748903,67.41022922510048,14111400
2017-09-25,66.74514770507812,67.64710718799125,66.4353795593639,67.50133230743658,24149200
2017-09-26,66.74514770507812,67.2462332173948,66.49915433187435,67.11868367237392,18019600
2017-09-27,67.28266906738281,67.57421184346109,66.66313979935047,67.00935162470647,19565100
2017-09-28,67.3008804321289,67.39198622744486,66.79067546669164,67.0002250517523,10883800
2017-09-29,67.86575317382812,67.91130955543441,67.30999868268538,67.36466773079852,17079100
2017-10-02,67.9750747680664,68.33950491692754,67.69264470438934,68.06618056754995,15304800
2017-10-03,67.65620422363281,68.22106437794767,67.59242946585768,68.02974010462226,12190400
2017-10-04,68.0479736328125,68.0753046821616,67.15511996548265,67.50132484211808,13317700
2017-10-05,69.21414184570312,69.35080403765298,68.29395716756378,68.53083783688167,21195300
2017-10-06,69.24146270751953,69.26879375170316,68.8223704778747,68.94080731964603,13959800
2017-10-09,69.50569152832031,69.7425722212115,69.11393024623926,69.21414873358059,11386500
2017-10-10,69.50569152832031,69.81545270670004,69.36902932277046,69.54213524652884,13944500
2017-10-11,69.6241226196289,69.66056633481215,69.19591765488569,69.56946052231801,15388900
2017-10-12,70.2618637084961,70.41674425506945,69.57855981969135,69.68788399330708,16876500
2017-10-13,70.5989761352539,70.94518798700959,70.41676449290884,70.69008195642645,15335700
2017-10-16,70.74473571777344,70.89050360995476,70.4714113624087,70.53518611853686,12380100
2017-10-17,70.69004821777344,70.71738620691318,70.38028718344255,70.58072406491561,16824000
2017-10-18,70.70829772949219,70.92695306092372,70.48964239806065,70.76295982461815,13300700
2017-10-19,70.98162841796875,70.999846800988,70.47142333136252,70.67186029921551,15092800
2017-10-20,71.80158996582031,71.9473648382439,71.26406076334746,71.35516658314795,22866400
2017-10-23,71.81980895996094,72.28445068520263,71.7560341966379,71.96557686858739,20627200
2017-10-24,71.84717559814453,72.156936901747,71.48274521966474,71.88361933108564,17517200
2017-10-25,71.6375961303711,72.06580112599124,71.07273588161979,71.59204669630353,20410800
2017-10-26,71.75603485107422,72.35733877490019,71.746922184537,72.15690181664888,32120700
2017-10-27,76.35696411132812,78.53442626307077,76.17475243916303,76.86716930506392,71066700
2017-10-30,76.42984771728516,76.83072171700607,75.71921250027401,76.25674177178215,31756700
2017-10-31,75.78298950195312,76.85805502745629,75.71921472293724,76.85805502745629,27086600
2017-11-01,75.78298950195312,76.31141307147307,75.50966504849671,76.23852562376074,22307400
2017-11-02,76.57560729980469,76.94914321956327,75.7283100294645,75.93785270493375,23992900
2017-11-03,76.65760040283203,77.02203060670391,75.98340904377228,76.60293830507605,17633500
2017-11-06,76.95825958251953,77.16780226805324,76.60294202798121,76.71226622880634,19860900
2017-11-07,76.7760238647461,77.3500035947156,76.46626276362275,77.23155980234638,17939700
2017-11-08,77.0402603149414,77.0858167037208,76.37518152470805,76.657611672539,18034200
2017-11-09,76.61205291748047,76.77604618072046,75.52788179749328,76.6302782528009,21178400
2017-11-10,76.41160583496094,76.62114848788706,75.82852035153492,76.33871841180087,19397800
2017-11-13,76.46627044677734,76.47538311270448,76.03806551025974,76.22028407416482,14196900
2017-11-14,76.57560729980469,76.62115673098461,75.6007605006759,76.07451490032952,18801300
2017-11-15,75.9804458618164,76.63055486178436,75.71490720225137,76.42911125895314,19383100
2017-11-16,76.18186950683594,76.38331307536608,75.94380618569674,76.09030615364117,20962800
2017-11-17,75.44937896728516,76.10864649097175,75.3028719683156,76.10864649097175,22079000
2017-11-20,75.5683822631836,75.62331887423086,75.3120020971822,75.44935061063597,16315000
2017-11-21,76.65801239013672,76.76788562288867,75.76067473625703,75.76067473625703,21237500
2017-11-22,76.0994644165039,76.822826781065,76.03536937082563,76.75873173538673,20553100
2017-11-24,76.23681640625,76.39247481200017,75.79730251172649,76.00790452043984,7425600
2017-11-27,76.79536437988281,76.8960861716715,76.27344554326716,76.28259698918498,18265200
2017-11-28,77.72016143798828,77.88497827622852,76.9327039870445,76.9784891588254,21926000
2017-11-29,76.31005859375,77.75678330702189,76.16355862773445,77.56449817209375,27381100
2017-11-30,77.070068359375,77.39054367021019,76.31007906093882,76.4657444854912,33054600
2017-12-01,77.15245056152344,77.65605243141589,76.20017644349726,76.54811993465032,29532100
2017-12-04,74.24071502685547,77.30813333520541,73.89276444006983,77.29897490243808,39094900
2017-12-05,74.70767974853516,75.70573920395341,74.14914117376347,74.47876786257568,26152300
2017-12-06,75.79728698730469,76.12692059422432,74.56116445427354,74.67104465185838,26162100
2017-12-07,75.53176879882812,75.81562430606475,75.08310342949109,75.57755397330278,23184500
2017-12-08,77.0608901977539,77.44546043744039,76.30090116277675,76.57559119719478,24489100
2017-12-11,78.0406494140625,78.16883952148255,77.02428000106289,77.17993841923911,22857900
2017-12-12,78.36111450195312,78.79146994345314,77.90329075326562,78.11388576559371,23924100
2017-12-13,78.15054321289062,78.74571571722343,77.98572631916521,78.50764531832256,22062700
2017-12-14,77.54619598388672,78.626660410482,77.39968901751064,78.22377323878445,19306000
2017-12-15,79.52397918701172,79.74373261773887,77.7201526029472,78.06810310292042,53936700
2017-12-18,79.09363555908203,80.11916336505594,78.95629401055412,79.77121979905746,22283800
2017-12-19,78.59004211425781,79.06617583447259,78.07727466267565,79.06617583447259,23524800
2017-12-20,78.30619049072266,79.02040158544358,77.56451806778057,78.92883122413014,23674900
2017-12-21,78.28785705566406,78.837244129063,78.19629370773686,78.79146594801722,17990700
2017-12-22,78.29702758789062,78.40690082805116,77.75679187569997,78.19630579385232,14145800
2017-12-26,78.19630432128906,78.31533599116699,77.85751220355503,78.11389240688388,9891200
2017-12-27,78.48014068603516,78.72736940514505,78.03147539965953,78.42520407549318,14678000
2017-12-28,78.48934173583984,78.68162696298245,78.33368326422524,78.65415864279626,10594300
2017-12-29,78.32449340820312,78.79147562155148,78.2878666673683,78.4068983357041,18717400
2018-01-02,78.69991302490234,79.02954673903314,78.28787437515744,78.86472988196773,22483800
2018-01-03,79.06616973876953,79.21267670959426,78.71822616181606,78.80063109352733,26061400
2018-01-04,79.76204681396484,80.2656556861351,79.26759637197095,79.28590624648834,21912000
2018-01-05,80.75096130371094,80.95240488652034,80.0550671955975,80.2656692101264,23407100
2018-01-08,80.83334350585938,81.10804049352214,80.21070305488043,80.76009004437137,22113000
2018-01-09,80.77842712402344,81.24540932561654,80.44879345064436,81.17215584579088,19484300
2018-01-10,80.41219329833984,80.75098551517499,80.0367813153202,80.448820050363,18652200
2018-01-11,80.65023803710938,80.69601622319637,79.88109046098184,80.69601622319637,17808900
2018-01-12,82.0420150756836,82.20683190606695,80.98901904744741,81.19046261634222,24271500
2018-01-16,80.89744567871094,83.13162755045599,80.58612891866001,82.49982861456591,36599700
2018-01-17,82.5364761352539,82.66466624354001,81.26372649881547,81.56589189084856,25621200
2018-01-18,82.49983978271484,83.02175858732727,82.09695962610064,82.22514971945554,24159700
2018-01-19,82.4083023071289,82.96684802607763,82.09698540717105,82.5364924407396,36875000
2018-01-22,83.88247680664062,83.89163523863255,82.17021328766411,82.40828361859657,23601600
2018-01-23,84.14802551269531,84.51428599197611,83.81839177992634,84.14802551269531,23412800
2018-01-24,84.07473754882812,85.54893030877857,83.8549841456941,84.74316317339732,33277500
2018-01-25,84.54173278808594,85.37496835518543,84.17547240202465,84.669922875332,26383200
2018-01-26,86.12580871582031,86.12580871582031,84.77065421615262,85.26510474522162,29172200
2018-01-29,85.99760437011719,87.39854381085325,85.81447767968409,87.1146953449313,31569900
2018-01-30,84.91716766357422,85.75956887587364,84.33115368118018,85.42993513754728,38635100
2018-01-31,86.99567413330078,87.35277611257865,85.62220283274401,85.84195628479893,48756300
2018-02-01,86.3089370727539,87.96625684621124,85.68629648057518,86.79422913995393,47227900
2018-02-02,84.03813171386719,86.04340210036129,83.78175151548805,85.74123672977026,47867800
2018-02-05,80.57699584960938,85.3749877373471,80.57699584960938,82.92105167522095,51031500
2018-02-06,83.62610626220703,83.76345481461205,78.05896655997934,79.560628231709,67998600
2018-02-07,82.05118560791016,84.02898087836529,81.67576672217729,82.85695301649008,41107600
2018-02-08,77.83920288085938,82.29840213306117,77.61029098542112,82.14274372076396,55628700
2018-02-09,80.7417984008789,81.42853403924457,76.7587330955253,79.02038358227666,63499100
2018-02-12,81.61165618896484,82.20682843946436,80.51288202330096,81.2545542358323,35720300
2018-02-13,82.25261688232422,82.40827528125483,80.39385356871412,81.42853273234446,26407700
2018-02-14,83.54055786132812,83.70614894506195,81.33268610308124,81.42467958989934,34960900
2018-02-15,85.24246978759766,85.29766447649932,83.36577315975562,83.90853965036392,27823900
2018-02-16,84.6352767944336,86.01519978564718,84.45128986973229,85.04925088433716,30596900
2018-02-20,85.29765319824219,85.61043241886618,83.72454160466629,84.15691866030133,30911700
2018-02-21,84.16608428955078,85.88639047017692,84.16608428955078,85.53681257524028,26922500
2018-02-22,84.38691711425781,85.30686602983668,84.04653348877846,84.68130048649692,24392800
2018-02-23,86.53038787841797,86.53958933227827,84.96647761750297,86.107212243331,26329200
2018-02-26,87.78150177001953,87.80909910756385,86.70516349388218,86.84315720025525,30199800
2018-02-27,86.65917205810547,88.16788749214969,86.65917205810547,88.07589401810351,25869100
2018-02-28,86.26360321044922,88.04830627991602,86.13481092900862,87.2479482292612,31167300
2018-03-01,85.41722869873047,86.99954146173867,84.48807861930801,86.46596957306828,37135600
2018-03-02,85.60124206542969,85.69323554537242,83.58655186701644,84.24891615244834,32830400
2018-03-05,86.14401245117188,86.72357771811313,84.87448552511593,84.94807610124526,23901600
2018-03-06,85.8496322631836,86.9259708067008,85.50005420302891,86.78797706604786,22175800
2018-03-07,86.34638977050781,86.4199873545871,85.03086278436122,85.70242845644385,26716100
2018-03-08,86.8707504272461,87.48711433207572,86.26358095539521,86.72355527577275,25887800
2018-03-09,88.81184387207031,88.81184387207031,87.3951221031081,87.66190805492415,36937300
2018-03-12,89.0234375,89.42821719619918,88.35187884256258,88.77505442556539,26073700
2018-03-13,86.85238647460938,89.45583675095057,86.44760667788827,89.23505096121801,35387800
2018-03-14,86.33717346191406,87.77229802991253,86.01519286028486,87.50551209751956,32132000
2018-03-15,86.6407699584961,87.00875084694823,85.39884060129032,86.04280189209283,27611000
2018-03-16,87.02715301513672,87.74471193915784,86.40158756520638,87.10075060187022,49081300
2018-03-19,85.45403289794922,86.3831830362154,84.73647404571153,86.23598787747358,33344100
2018-03-20,85.67481994628906,86.26358655308559,85.555229141945,85.60122938442818,23075200
2018-03-21,85.07685089111328,86.52116993401089,84.82846083494661,85.49082495985651,24457100
2018-03-22,82.6021957397461,84.40529437405445,82.4826049338326,83.9637159038363,38604700
2018-03-23,80.20113372802734,83.21856455855394,80.10914025512633,82.33541458513045,44068900
2018-03-26,86.27278900146484,86.47517884088522,83.16336488475187,83.35655327183905,56396800
2018-03-27,82.30781555175781,87.52392326496935,81.4246655965039,87.3399363229526,56569000
2018-03-28,82.23424530029297,83.92695520780374,81.75587488085874,82.62982367389705,52501100
2018-03-29,83.96372985839844,84.90208163156933,81.3234811065896,82.96098896404732,45867500
2018-04-02,81.43387603759766,83.60495606968301,80.50473267352847,83.2277806588136,48515400
2018-04-03,82.52861022949219,82.84139648719949,80.85430360854896,82.40901940608649,37213800
2018-04-04,84.9388656616211,85.33444388572438,80.70710302013464,80.81749237285543,35560000
2018-04-05,84.98485565185547,85.61962248045232,84.08330988523379,85.04005734476695,29771900
2018-04-06,83.00697326660156,85.05845491188343,82.31701175010156,84.16610356089251,38026000
2018-04-09,83.50374603271484,85.71162446509142,83.3657593333461,83.75213612888268,31533900
2018-04-10,85.4448471069336,85.81282805258338,84.30411249220671,84.99407413330529,26812000
2018-04-11,84.50650024414062,85.82202735425955,84.15692221479844,84.64449397263053,24872100
2018-04-12,86.08882141113281,86.62239346792697,85.0308787519453,85.0308787519453,26758900
2018-04-13,85.62882995605469,86.64077216103442,85.0400633270246,86.52118135217425,23346100
2018-04-16,86.63156127929688,87.08234116390595,85.9415998030005,86.53956781952091,20288100
2018-04-17,88.37948608398438,88.81186316815777,87.2847447022392,87.39514109138541,26771000
2018-04-18,88.71983337402344,88.97741782461739,87.87347544095061,88.51744358608536,21043300
2018-04-19,88.4162826538086,89.29943268877997,87.70791812393453,88.71986745232604,23552500
2018-04-20,87.3951416015625,88.41628539650456,86.521192993008,88.23229843217293,31154400
2018-04-23,87.71712493896484,88.58187913839089,87.05476061758769,88.07590444326863,22331800
2018-04-24,85.66563415527344,88.74746120897072,85.01247135429568,88.53586989831345,34524800
2018-04-25,84.92045593261719,85.83121013128265,83.05296133355034,85.83121013128265,33729300
2018-04-26,86.7143783569336,87.53313225108135,85.64723434916874,86.06121553231306,42529000
2018-04-27,88.14947509765625,90.06296988155927,86.39237691086181,89.78698249245082,48272800
2018-04-30,86.03362274169922,88.68308021043526,85.69324612203495,88.618684064662,41523600
2018-05-01,87.3951416015625,87.66192761290034,85.36205546549081,85.74843230177893,31408900
2018-05-02,86.0244140625,87.55152541741505,85.73003072789876,87.38593435303609,27471000
2018-05-03,86.53956604003906,87.33072241141606,85.04924675516939,85.51842251462574,31142500
2018-05-04,87.54232025146484,87.7355086331162,85.48163014321415,85.84961102101974,22531300
2018-05-07,88.5174789428711,88.96825191146401,87.48713371029172,87.55152984866214,24242000
2018-05-08,88.14030456542969,88.46229230522438,87.45034286927533,88.17710336479632,23484600
2018-05-09,89.1798095703125,89.20740690224628,87.44110747198388,88.32425718711508,27327400
2018-05-10,90.07218170166016,90.10897347370249,89.28102524836812,89.6582005703413,22388100
2018-05-11,89.87899017333984,90.03538679519943,89.27182764732414,89.9709906633697,16778300
2018-05-14,90.18257141113281,90.78974093200358,89.52020721332894,90.08137649098768,19454100
2018-05-15,89.52941131591797,90.01698302633103,88.62785846029713,89.45581373206078,24594000
2018-05-16,89.76038360595703,89.99136760543244,89.27069865492074,89.9544093196277,17384700
2018-05-17,88.86418151855469,90.12073527942137,88.540805267392,89.40006619138063,17246700
2018-05-18,89.03050994873047,89.55715340223175,88.70713362624286,88.70713362624286,17865800
2018-05-21,90.17619323730469,90.55501055329246,89.43704833029817,89.62183279478093,19422500
2018-05-22,90.08377075195312,90.70280625406079,89.80658709924094,90.25007953376581,15441200
2018-05-23,91.1555404663086,91.22021571237924,88.99352629223954,89.35386081307219,21251200
2018-05-24,90.83216094970703,91.41424523752954,89.4462567201463,91.22021949127985,26649300
2018-05-25,90.87837219238281,91.45121521815086,90.41640405681726,90.82293827181873,18363900
2018-05-29,90.55499267578125,91.35881269157285,89.83432353786847,90.39791815799778,28671000
2018-05-30,91.42349243164062,91.7006761363172,90.4626048999972,90.83217377413341,22158500
2018-05-31,91.32185363769531,92.38438171256918,91.10935225216495,91.73762917085848,34140900
2018-06-01,93.1235122680664,93.18818750748015,91.62673337854075,91.72836690462985,28655600
2018-06-04,93.93656921386719,94.1121193054321,93.17894199368953,93.55775912831442,27281600
2018-06-05,94.41703796386719,94.54638846168065,93.80723671782648,94.24148783866029,23514400
2018-06-06,94.69419860839844,94.79583213226212,94.14907975228621,94.68496432373611,21122900
2018-06-07,93.2066879272461,94.87901736119444,92.74471979448978,94.84205906468503,28232200
2018-06-08,93.89964294433594,94.19530227620982,92.89255576825987,93.40071650009727,22165100
2018-06-11,93.3637466430664,93.86266593879012,93.01264641020583,93.32678835281408,23490900
2018-06-12,93.60397338867188,93.73332389167138,93.08657137667386,93.40994763417261,18325200
2018-06-13,93.178955078125,94.25072434691567,92.91101276092733,93.98278202971801,29492900
2018-06-14,93.70559692382812,94.26919850486617,93.31754545628249,93.91810532695435,25691800
2018-06-15,92.51373291015625,93.80724505228856,92.45829899161777,93.78876942913377,65738600
2018-06-18,93.1882095336914,93.41919359320401,91.85773909519509,92.40286514116336,23586000
2018-06-19,93.1882095336914,93.31756004309254,91.9316556860169,92.07024753153928,28653100
2018-06-20,94.12138366699219,94.7219365605108,93.42843151378717,93.65941556485551,26180800
2018-06-21,93.4468994140625,94.66649482095606,93.20667404706239,94.31540163001222,23198200
2018-06-22,92.77245330810547,93.10506391261723,92.0517770259508,92.77245330810547,38923100
2018-06-25,90.90607452392578,92.49524578239142,89.89898753401046,92.39361224499606,35433300
2018-06-26,91.5435791015625,92.46751508672384,91.23867853468194,91.30335377168035,26897200
2018-06-27,90.12073516845703,92.412092930223,89.99138466815123,92.00556580743628,31298400
2018-06-28,91.1278305053711,91.57132301039738,89.86204234447847,89.97291018392937,26650700
2018-06-29,91.10934448242188,92.31046429925279,90.85064348779945,91.40500376900086,28053200
2018-07-02,92.40284729003906,92.44903986357328,90.54573383658906,90.63812603273023,19564500
2018-07-03,91.51588439941406,92.97569825358748,91.41425085241116,92.83711346137795,14670300
2018-07-05,92.17186737060547,92.31969348118511,91.49739091556795,91.93164201070638,18977400
2018-07-06,93.46540069580078,93.71486039842212,92.08873051572955,92.29199763220045,19234600
2018-07-09,94.10289764404297,94.472473522405,93.54853735103673,93.91811322939876,18212000
2018-07-10,94.35237884521484,94.71271344345048,94.11215343003286,94.24150394995978,19293100
2018-07-11,94.22303771972656,94.55564834050513,93.40996917160567,93.45616881150357,19644600
2018-07-12,96.26490783691406,96.46817491378073,94.91596193024918,94.95291317234015,24335900
2018-07-13,97.41060638427734,97.56767386671352,96.17252805142375,96.43123614194033,24635200
2018-07-16,96.93014526367188,97.77092349798122,96.56980367859823,97.38287200522306,21786900
2018-07-17,97.89105224609375,98.39922005190725,96.38503855198033,96.65298093603883,25901700
2018-07-18,97.12416076660156,97.98342158084101,96.7545849343025,97.88178805073196,29493900
2018-07-19,96.45892333984375,97.29970146509545,95.98771398885904,96.94860830991279,40171600
2018-07-20,98.18670654296875,99.96990386656158,98.01116344104942,99.85903602304926,56004000
2018-07-23,99.75736999511719,99.91443742168231,98.0573241075401,98.21439858317743,29707000
2018-07-24,99.47097778320312,100.54274014316849,99.10140188184216,100.31175608595214,26316600
2018-07-25,102.39986419677734,102.69552353767459,99.41554677693898,99.74816441658271,30702100
2018-07-26,101.2818832397461,102.55691258831274,101.17100836414636,102.31668721571668,31372100
2018-07-27,99.48945617675781,101.79929681324543,98.06659349879253,101.79929681324543,37005300
2018-07-30,97.35514068603516,99.3508388179976,96.79153915152472,99.03670395565271,34668300
2018-07-31,98.01115417480469,98.60247278121379,97.36439460280648,98.38996435278216,27655200
2018-08-01,98.19593048095703,98.35299793081944,97.4013448475583,97.96494644913352,23628700
2018-08-02,99.3878173828125,99.86826110826921,96.86546843921167,97.38287750786564,26104300
2018-08-03,99.82206726074219,99.83130859642424,98.69486397603995,99.60032454788931,18659600
2018-08-06,99.90522003173828,100.17316237901555,99.37857667304128,99.89598574495463,20265900
2018-08-07,100.59815979003906,100.80142685940521,99.94216600649477,100.30250052070821,16080200
2018-08-08,101.1617660522461,101.4019914225229,100.48729661714455,101.01393993528036,15487500
2018-08-09,101.32808685302734,101.78082069089339,101.26341159748566,101.36504514891891,13677200
2018-08-10,100.70904541015625,101.34656364139204,100.13620243070716,101.0970969208764,18183700
2018-08-13,99.97911071777344,101.24490553750404,99.87747719689358,100.93076364140119,18472500
2018-08-14,101.2264633178711,101.40201347845803,99.8220831804002,100.30252697638173,16788300
2018-08-15,99.853759765625,101.08731834805879,99.07466305841409,100.6235724983047,29982800
2018-08-16,99.835205078125,100.96674607362014,99.5198612996821,100.4473529909142,21384300
2018-08-17,99.7795639038086,100.07636097998875,98.95409681455128,99.57551458714715,18061500
2018-08-20,99.12104034423828,100.07635566129031,98.75931914799916,99.71463446505119,17914200
2018-08-21,98.29560089111328,99.56626034569261,98.17502240771962,99.1674385204256,22881900
2018-08-22,99.29727172851562,99.55696830525315,98.11008333417209,98.17500747835648,18000600
2018-08-23,99.7610092163086,100.33605664211588,99.1210447279977,99.38074128281376,18167700
2018-08-24,100.54010772705078,100.68850272832954,99.76101097268554,99.86303563190242,17234000
2018-08-27,101.6530990600586,101.690199580909,100.64213640263795,101.34702507019331,19662300
2018-08-28,102.26525115966797,102.48784721753718,101.829328867365,101.96845405710867,19151500
2018-08-29,103.8976058959961,103.9068827933299,102.27449559634722,102.44144436735908,20818000
2018-08-30,103.83268737792969,104.44483526345196,103.3596717313349,103.57299084814439,22798700
2018-08-31,104.18515014648438,104.60251860418799,103.43387701593716,103.59155599160786,23222700
2018-09-04,103.61011505126953,103.84198801676146,102.22815415827401,102.8124714838812,22634600
2018-09-05,100.62358093261719,103.34113212301044,100.26185970558538,102.96086417396192,32872400
2018-09-06,100.85545349121094,101.08732643463688,99.71464257222769,100.40098450343228,23477600
2018-09-07,100.36386108398438,100.83688376198303,99.45492331581335,100.38241487789752,22498600
2018-09-10,101.44905090332031,101.69020075352834,100.50301237742863,100.94820448036558,20727900
2018-09-11,103.17420959472656,103.49883038419321,100.99460477836199,101.00388167983319,24301800
2018-09-12,103.61011505126953,103.7399633458489,102.49712764738881,103.3504184621108,18891100
2018-09-13,104.72309875488281,105.48364172038507,103.9903794101842,103.9903794101842,26055600
2018-09-14,105.14972686767578,105.48362441494214,104.28715938327095,105.14044997019631,19122300
2018-09-17,104.0089111328125,105.45579581555096,103.74921460782863,105.44652599408695,20736500
2018-09-18,105.00133514404297,105.4558040984605,103.61937448400592,104.05529671783911,22170900
2018-09-19,103.60081481933594,105.10335384476876,102.9886740079224,104.85293421196316,21728400
2018-09-20,105.33524322509766,105.54856945218484,103.81415724233963,104.13877795642809,23714500
2018-09-21,105.97521209716797,106.93052749236345,105.27959326654593,105.73406225454947,71229700
2018-09-24,106.35546112060547,106.56878730423303,104.08310950871767,104.83437544772885,27334500
2018-09-25,106.15142059326172,106.75429160418047,105.50217924377999,106.47604834420258,22668000
2018-09-26,105.71549224853516,106.71717776609503,105.4928891769004,106.16996113644096,19352000
2018-09-27,106.11433410644531,106.57807997966387,105.91955461263711,106.45750152385875,19091300
2018-09-28,106.07723236083984,106.26272787750213,105.43726079881428,105.91028356536363,21647800
2018-10-01,107.22732543945312,107.29224958111865,106.41113521905774,106.42968194116186,18883100
2018-10-02,106.80067443847656,107.4406389222403,106.14215615738615,106.93979961362533,20787200
2018-10-03,106.8192138671875,107.7559824346234,106.59661784786606,107.05108678453897,16648000
2018-10-04,104.61180114746094,106.43896112873264,103.53590726107117,106.29983594325799,34821700
2018-10-05,103.9996566772461,104.96424903262108,102.61769582754013,104.46340259370324,29068900
2018-10-08,102.81244659423828,103.90688700945752,101.41193224037814,103.56371963237497,29640600
2018-10-09,104.12022399902344,104.88076693755482,102.7660869170627,103.08143070992189,26198600
2018-10-10,98.46253204345703,103.41533481657113,98.1193575329563,103.17418496929493,61376300
2018-10-11,98.23064422607422,101.03166590062192,96.64462727464452,97.71124408931723,63904300
2018-10-12,101.62527465820312,103.17418424176115,99.35292261411863,101.10588152268684,47742100
2018-10-15,99.7981185913086,101.541807744727,99.19524749201396,101.01313768945039,32068100
2018-10-16,102.95157623291016,103.33185121737345,101.05021546299355,101.59743923250416,31610200
2018-10-17,102.6826171875,103.70285676079119,101.60673037012776,103.58228537321527,26548200
2018-10-18,100.63286590576172,102.51567323245152,100.0114480634338,102.11685145318708,32506200
2018-10-19,100.78125,102.82172887877394,100.36387449556896,101.03166964169861,32785500
2018-10-22,101.68092346191406,102.52494439628585,100.39171042632272,101.39340326836806,26545600
2018-10-23,100.26189422607422,101.06881489754014,97.48869483860878,99.95582013591097,43770400
2018-10-24,94.90094757080078,100.62356948723375,94.22387553689256,100.54937553140536,63897800
2018-10-25,100.44734191894531,101.34700281626583,98.4532335873601,98.8242316381991,61646800
2018-10-26,99.20452117919922,100.86473233528736,97.16404206818407,98.02660971740973,55523100
2018-10-29,96.32000732421875,100.81834045290152,94.26097471006628,100.27112377093836,55162000
2018-10-30,96.208740234375,96.81160432303807,92.8512169274951,96.14381608284812,65350900
2018-10-31,99.06539154052734,100.29895726615871,97.74835495398283,97.79473237195712,51062400
2018-11-01,98.23992919921875,99.53841912707702,97.8782079653712,99.28799945602904,33384200
2018-11-02,98.46253204345703,99.53841884264178,97.3680914457583,98.75932913387359,37680200
2018-11-05,99.71464538574219,99.92796453704062,98.22138302184969,98.65730529998241,27922100
2018-11-06,99.90941619873047,100.94820246901995,98.57382576412886,99.5940653122492,24340200
2018-11-07,103.84198760986328,104.10168419800442,101.4676107169142,101.50471124039169,37901700
2018-11-08,103.64720916748047,104.07385454846649,102.8681194481671,103.69358658819236,25644100
2018-11-09,101.62527465820312,103.36895666757977,100.87400857630267,102.81246301149793,32039200
2018-11-12,99.12104034423828,101.98698629539436,98.40686777387894,101.48613992917095,33621800
2018-11-13,99.18595886230469,100.85543957895871,98.90770853809583,99.75172933231623,35374600
2018-11-14,97.77940368652344,100.84403476118644,97.31365441268596,100.69499158230887,39495100
2018-11-15,99.93116760253906,100.41555084915184,96.7920219024331,97.79803497853223,38505200
2018-11-16,100.87196350097656,101.42154415069729,99.48403286232106,99.74485127959657,33502100
2018-11-19,97.45338439941406,101.12348398712622,96.4566811989798,100.8533485450012,44773900
2018-11-20,94.74272155761719,95.91641178109012,92.54438429761342,94.8265601269647,64052500
2018-11-21,96.04679870605469,97.27637628563339,95.23639255553537,96.50323092319448,28130600
2018-11-23,96.00957489013672,96.69888196814664,95.01287152216526,95.17122460241039,13823100
2018-11-26,99.17665100097656,99.32568707232222,97.41611932341354,97.61173316461277,32336200
2018-11-27,99.80076599121094,99.97775301100344,98.14269951137845,98.99035959753932,29124500
2018-11-28,103.50813293457031,103.70374679899133,100.4714453342876,100.49938915680907,46788500
2018-11-29,102.64183807373047,103.50813209875449,101.56129623315398,102.77224731562478,28123200
2018-11-30,103.29386138916016,103.36838296994586,101.86866991378687,103.11687441148639,33665600
2018-12-03,104.41167449951172,105.65056934119968,103.14484294372099,105.25934163543621,34732800
2018-12-04,101.08621978759766,104.92399638223144,100.79745751049683,104.271950238207,45197000
2018-12-06,101.71033477783203,101.75690544393909,97.80735335548016,98.57118192598548,49107400
2018-12-07,97.6396713256836,101.95250677100626,97.15529523841703,100.95580367211875,45044900
2018-12-10,100.21992492675781,100.58321589710641,96.77338315704243,97.62105024323934,40801500
2018-12-11,101.15142059326172,103.34975766286827,100.080202983667,102.27854005327356,42381900
2018-12-12,101.60785675048828,103.6478336060795,101.57059595816554,103.2938667391677,36183000
2018-12-13,101.9525146484375,103.27524800606902,101.1886861127655,102.07361400968807,31333400
2018-12-14,98.76676940917969,101.77551222176027,98.27307641828453,100.83469689364266,47043100
2018-12-17,95.8418960571289,98.55256055478864,94.74272735981219,98.18927664783209,56957300
2018-12-18,96.8479232788086,97.35093344158105,95.49724586763128,96.64299242285264,49319200
2018-12-19,96.58709716796875,99.55857302502837,94.40738663426208,96.54983636920437,68198200
2018-12-20,94.55642700195312,97.16461887653492,92.01343263979614,95.99093573101983,70334200
2018-12-21,91.50110626220703,95.9443512463454,90.78384839445772,94.66819566647624,111242100
2018-12-24,87.6819839477539,91.258943217309,87.54226480606098,90.988807698749,43935200
2018-12-26,93.67150115966797,93.79260053145383,87.52361154419525,88.62278022595936,51634800
2018-12-27,94.24903106689453,94.2583480430309,89.79646878096001,92.49781621209479,49498500
2018-12-28,93.51313781738281,95.394768847075,92.70273152953283,95.09668249191833,38196300
2018-12-31,94.61231994628906,95.38546555061806,93.55972900408138,94.35150145489395,33173800
2019-01-02,94.19314575195312,94.77998734118098,92.16247841703095,92.73069316029616,35329300
2019-01-03,90.72796630859375,93.32684829113309,90.54166232197043,93.24300972046,42579100
2019-01-04,94.9476547241211,95.48792562993353,92.15315886108223,92.88904362449493,44060600
2019-01-07,95.06873321533203,96.19584553067855,94.06272025150858,94.67750555680239,35656100
2019-01-08,95.75804901123047,96.84790055480005,94.7427119468028,95.98160666219535,31514400
2019-01-09,97.12733459472656,97.69554918465715,96.16789238421815,96.74542394800119,32280800
2019-01-10,96.50323486328125,96.64296104759542,95.36680565412047,96.14926802221845,30067600
2019-01-11,95.75804901123047,96.3542074849832,94.67750733582264,96.12133285908699,28314200
2019-01-14,95.05940246582031,95.82323077234776,94.32351797065384,94.91967630224755,28437100
2019-01-15,97.81666564941406,97.85392644457843,94.90107061203932,95.48791925241571,31587600
2019-01-16,98.16131591796875,98.98103920096884,97.77008822750236,98.04954063884693,29853900
2019-01-17,98.85062408447266,99.32568320599165,97.58378554688275,97.80734319858404,28393000
2019-01-18,100.33170318603516,100.50869017626661,98.65501014000569,100.09882855963359,37427600
2019-01-22,98.4407730102539,99.76349932573893,97.67694443726407,99.43747623484761,32371300
2019-01-23,99.40021514892578,99.70761139377449,98.12405950340775,98.85063438398751,25874300
2019-01-24,98.9251480102539,99.67034972944384,98.12405864949432,99.53994049460114,23164800
2019-01-25,99.8287124633789,100.49007567756269,98.92515760096258,99.89391708712179,31225600
2019-01-28,97.8818588256836,99.18595807695827,97.49063118233194,98.98102728088764,29476700
2019-01-29,95.88846588134766,97.77940685736505,95.17120799658717,97.69556828983518,31490500
2019-01-30,99.09281158447266,99.09281158447266,97.18324385198478,97.45337927991883,49471900
2019-01-31,97.27640533447266,98.0122901285823,96.11203200963543,96.68956373719217,55636400
2019-02-01,95.73943328857422,96.96901126312676,95.33888857150485,96.67093196950103,35535700
2019-02-04,98.49665069580078,98.55254543913937,95.73009897732443,95.82325451396552,31315100
2019-02-05,99.87528991699219,99.92186058707432,98.7015995866497,98.79474803358492,27325400
2019-02-06,98.76676940917969,99.67032395029806,98.30102023184185,99.67032395029806,20609800
2019-02-07,98.05884552001953,98.35692476046651,97.14598095536239,97.98433103998504,29760700
2019-02-08,98.43145751953125,98.53392293632469,97.11804816018798,97.23914042241182,21461100
2019-02-11,98.04020690917969,99.27910149071118,97.77938849344018,98.92512754926285,18914100
2019-02-12,99.56790161132812,99.80077630068136,98.25449205889706,98.86927754326841,25056600
2019-02-13,99.49337005615234,100.39692489757431,99.40022161107984,100.13610640866298,18394900
2019-02-14,99.57718658447266,99.94047041456177,98.42213048641419,99.02759879871654,21784700
2019-02-15,100.80677032470703,100.88129191145363,100.00568103410524,100.51800805952604,26606900
2019-02-19,100.76020050048828,101.2166399252208,100.39691661991846,100.40623359568878,18038500
2019-02-20,100.23634338378906,100.97537093315574,99.43183274205428,100.90053107412884,21607700
2019-02-21,102.35050201416016,102.41598509309527,99.97439050589702,100.00245366299488,29063200
2019-02-22,103.8098373413086,104.02499295816347,102.73403784567451,102.94920059964929,27763200
2019-02-25,104.38983154296875,104.94176645448258,104.08112968570592,104.54886799096977,23750600
2019-02-26,105.11016845703125,105.93338542967308,103.99694883794052,104.08114545694866,21536700
2019-02-27,104.93242645263672,105.11016932090934,103.7256605758242,104.48340160464026,21487100
2019-02-28,104.80145263671875,105.59660639729655,104.52081391146109,104.81080940203023,29083900
2019-03-01,105.26921081542969,105.72759248236129,104.46470013796976,105.60598305888371,23501200
2019-03-04,105.0166244506836,105.94274445681275,103.6508292196596,105.72758165886286,26608000
2019-03-05,104.49275970458984,105.13824100517441,104.05309158694376,105.00727481913144,19538300
2019-03-06,104.53954315185547,105.39083055322844,104.24019083055205,104.65180294876512,17687000
2019-03-07,103.26727294921875,104.35242935341722,102.78082820269172,104.21210642016798,25339000
2019-03-08,103.3795394897461,103.5666319882436,101.77987507509204,102.11664728208461,22818400
2019-03-11,105.54984283447266,105.66209547609726,103.81921228392213,103.82856191264341,26491600
2019-03-12,106.28887176513672,106.6349935976822,105.3814581683487,105.5404875042275,26132700
2019-03-13,107.11209106445312,107.57982945338087,106.43854664245775,106.76596208728289,35513800
2019-03-14,107.1962661743164,107.76690750325866,106.95304738341547,107.14949662396798,30763400
2019-03-15,108.43111419677734,109.6846496238026,107.19627802741456,107.89788559430455,54681100
2019-03-18,109.98401641845703,110.02143635008527,108.5620947021948,108.67434735995732,31207600
2019-03-19,110.05882263183594,110.79784999701525,109.44140465442537,110.47042747965631,37588700
2019-03-20,109.93721771240234,111.08785718398858,109.17948387569967,109.81560831179597,28113300
2019-03-21,112.46304321289062,113.02432797114704,109.53499570982937,109.5817724134853,29854400
2019-03-22,109.49755096435547,111.87365550981598,109.48819419892963,111.78946603234603,33624500
2019-03-25,110.06819915771484,110.39561459673766,108.81465658630007,109.0391690106127,27067100
2019-03-26,110.30207061767578,111.05044775982397,109.31046037707532,110.96625827539488,26097700
2019-03-27,109.23560333251953,110.58269196837978,108.06625754086872,110.27398296647507,22733400
2019-03-28,109.38530731201172,109.99336868613277,108.63692298430551,109.86240249935247,18334800
2019-03-29,110.33009338378906,110.68557186087335,109.41332333419858,110.4517027513687,25399800
2019-04-01,111.34043884277344,111.42463546097007,110.47980195188099,111.27495575622991,22789100
2019-04-02,111.49945068359375,111.77073973566785,110.8726759798476,111.37783416607665,18142300
2019-04-03,112.2291488647461,112.65946732105715,111.46205820138789,112.12624584941939,22860700
2019-04-04,111.65850067138672,112.47236797841246,110.74173035529608,112.35075143836075,20112800
2019-04-05,112.15430450439453,112.47237030365831,111.66785974549359,111.68656613974626,15826200
2019-04-08,112.19171142578125,112.27590089584136,110.98494572841143,112.0794516619142,15116200
2019-04-09,111.58366394042969,111.82688989021038,110.92883308000602,110.9756026345385,17612000
2019-04-10,112.43494415283203,112.5846167099296,111.82688288503167,112.0326888960214,16477200
2019-04-11,112.56591033935547,113.05235507142122,112.18236147568463,112.7623595852159,14209100
2019-04-12,113.14591217041016,113.17398246861612,112.60334106949091,112.85591665637389,19745100
2019-04-15,113.2394790649414,113.73528066890313,112.79044702265932,113.13657603727513,15792600
2019-04-16,112.97753143310547,113.80075559533735,112.35076368204014,113.79139882882426,14071800
2019-04-17,113.91300964355469,113.9878495023349,112.76237714757632,113.41720806909882,19300900
2019-04-18,115.4097900390625,115.55010586718127,113.47335310267599,114.30592698941902,27991000
2019-04-22,115.77458953857422,115.99910193101476,114.66137006680938,114.70814675308128,15648700
2019-04-23,117.34620666503906,117.47717284003048,115.84008851551653,116.09266409953676,24025500
2019-04-24,116.9439468383789,117.72974385784991,116.4855581065665,117.67361753849369,31257000
2019-04-25,120.81681823730469,122.89357779319953,120.51747309573709,121.66810551749202,38033900
2019-04-26,121.5090560913086,122.0984109223439,120.69519600977621,121.33131325183825,23654900
2019-04-29,121.39682006835938,121.78035468182438,121.00392155201622,121.51842233759561,16324200
2019-04-30,122.17327117919922,122.26681029112339,121.0413380132484,121.43423654151226,24166500
2019-05-01,119.6287612915039,122.22002868522291,119.46037519514202,122.10777604572901,26821700
2019-05-02,118.06649780273438,119.74100173026036,117.42101668140383,119.72229533907276,27350200
2019-05-03,120.58293914794922,121.07874064972249,119.03940832533303,119.14231133179021,24911100
2019-05-06,119.88131713867188,120.26486595947834,117.97295121012417,118.23488350866522,24239800
2019-05-07,117.4210433959961,118.9739382913038,116.20492785276527,118.30039386139306,36017700
2019-05-08,117.41168975830078,118.216200340214,116.70072542465444,117.34620667080186,28419000
2019-05-09,117.40231323242188,117.67360230272011,115.59684310997632,116.27038740352782,27235800
2019-05-10,118.92716217041016,119.67554645994625,115.8307362682696,116.8504096843345,30915100
2019-05-13,115.39106750488281,117.44912084796728,115.1010719665566,116.10203190610268,33944900
2019-05-14,116.6820297241211,117.75782238347155,115.71848258100876,115.87751906847197,25266300
2019-05-15,118.32514953613281,118.97302006648157,116.14681023977987,116.67262121720279,24722700
2019-05-16,121.05745697021484,121.47999118632816,118.73828253538441,119.01057583676587,30112200
2019-05-17,120.25000762939453,122.49407281564774,120.10915808590661,120.47534397564394,25770500
2019-05-20,118.51295471191406,119.79929734944015,118.08104336554746,118.79463228726247,23706900
2019-05-21,119.15144348144531,119.74297288437278,118.85098307881756,119.64908035171555,15293300
2019-05-22,119.8743896484375,120.40959197526328,118.79460792221643,118.88850759161402,15396500
2019-05-23,118.47540283203125,118.5786867644425,117.12332747213195,118.49417847267834,23603800
2019-05-24,118.5317153930664,119.63966424211314,118.27820489089127,119.16081027538907,14123400
2019-05-28,118.45661926269531,120.18426462822669,118.35333533719721,119.22654942142827,23128400
2019-05-29,117.31111145019531,117.73363138869334,116.46606440965887,117.7242399872595,22763100
2019-05-30,118.05284118652344,118.08100821932045,117.1608445545673,117.61153856993461,16829600
2019-05-31,116.1280517578125,117.01065728739485,115.79003292365503,116.64447141098105,26646800
2019-06-03,112.52252960205078,116.77593243746371,111.74321509954936,116.28767978451633,37983600
2019-06-04,115.63982391357422,115.75249209975031,113.2830831176523,113.87461258570234,29382600
2019-06-05,118.14677429199219,118.18433273647689,116.62568952629525,117.32050284041028,24926100
2019-06-06,120.01525115966797,120.15609352272283,117.9308042443685,118.71951717935161,21459000
2019-06-07,123.37665557861328,124.17475995566357,120.42838585860932,121.3016071216122,33885600
2019-06-10,124.50337219238281,125.89299851536416,123.94000281240413,124.31557284767094,26477100
2019-06-11,124.0339126586914,126.04324259904969,123.26397539803801,125.70522380875205,23913700
2019-06-12,123.46121215820312,123.91189929697438,122.72884018504264,123.37669667892628,17092500
2019-06-13,124.24047088623047,124.87894281460065,123.52686775795962,123.92122059496683,17200800
2019-06-14,124.36254119873047,125.62071676397561,123.60200245148648,124.18414039094127,17821700
2019-06-17,124.73815155029297,125.56440878808782,124.43768395321585,124.53158365907335,14517800
2019-06-18,126.90708923339844,126.98220612624696,125.41417859662528,125.99631660734836,25934500
2019-06-19,127.40469360351562,127.6300298974816,125.63948288969556,126.75682310420598,23744400
2019-06-20,128.58778381347656,129.2544372772468,127.43289204108706,129.05725364435972,33042600
2019-06-21,128.60653686523438,129.32012568533872,128.12768290626582,128.24035105494573,36727900
2019-06-24,129.36709594726562,129.94923391012415,128.63472421106255,128.63472421106255,20628800
2019-06-25,125.2826919555664,129.18868375607914,124.62543716391279,128.86944776114453,33327400
2019-06-26,125.75216674804688,127.45165936415292,125.44232930513282,126.14653396591669,23657700
2019-06-27,125.958740234375,126.48455843938419,125.35781947001708,125.9493559962267,16557500
2019-06-28,125.78032684326172,126.3812474790856,125.02917246671235,126.35308044358433,30043000
2019-07-01,127.3952865600586,128.35300872690127,126.72864763201113,128.2872904212285,22613500
2019-07-02,128.24037170410156,128.24975594230963,127.07608144764667,127.80845318614985,15237800
2019-07-03,129.06668090820312,129.3295829257872,127.96810865183735,128.4469771551469,13629300
2019-07-05,128.69107055664062,128.94458828243083,127.43289482092752,127.63946269718878,18141100
2019-07-08,128.59715270996094,128.72860365919703,127.10422810361216,128.07133458593756,16779700
2019-07-09,128.12767028808594,128.60652419989634,127.50796687721775,127.69575188221728,19953100
2019-07-10,129.43280029296875,130.1182220342368,128.6534788821229,128.75676278782726,24204400
2019-07-11,129.94920349121094,130.71914065406145,129.4515667696916,129.76141848202818,22327900
2019-07-12,130.4187469482422,130.6347134416864,129.58309100667927,130.3718114147061,18936800
2019-07-15,130.4187469482422,131.01966791378086,130.00562542519168,130.92578251962271,16651500
2019-07-16,128.70985412597656,130.55956645715375,128.1840501931291,130.47506532374956,22726100
2019-07-17,127.94927215576172,129.50790062374924,127.90232232177488,129.29194857990313,20211000
2019-07-18,128.09011840820312,128.27790343331282,126.44697436610488,127.27324566908243,30381800
2019-07-19,128.27789306640625,132.0806004076441,128.11827509160875,131.65808055352386,48992400
2019-07-22,129.9773712158203,130.69097431240974,128.94454649629662,129.01966336578383,25074900
2019-07-23,130.7848663330078,131.44213539281736,129.60180781409218,131.22616900935827,18034600
2019-07-24,132.1275634765625,132.14634627756064,130.3717512508396,130.41868676271594,20738300
2019-07-25,131.62997436523438,132.0243273665108,130.81310131452497,131.8553107504869,18356900
2019-07-26,132.7097625732422,133.02899870205437,131.73327137714435,131.79898972032996,19037600
2019-07-29,132.4186553955078,132.8693424081042,130.86001216505483,132.85995816951657,16605900
2019-07-30,131.78021240234375,132.59708547926695,131.26379262442705,131.58302873183555,16846500
2019-07-31,127.94927215576172,131.91159744934438,126.83193201143268,131.7613637114176,38598800
2019-08-01,129.62998962402344,132.33414006352837,128.56898336714653,128.63471601145017,40557500
2019-08-02,128.5408477783203,129.8741548491416,127.00098714062928,129.6581883882278,30791600
2019-08-05,124.13721466064453,125.75217764169568,122.79452354102021,125.16065541780964,42749600
2019-08-06,126.46576690673828,127.39530786709933,125.07614042140693,125.63011130262333,32696700
2019-08-07,127.01972198486328,127.36712498120411,123.78038389225077,125.62069710901014,33414500
2019-08-08,130.4093017578125,130.50320143517087,127.63003463670812,128.25913668626657,27496500
2019-08-09,129.30136108398438,130.8693882840778,128.12768674315882,130.14640087854704,23466700
2019-08-12,127.4986343383789,129.44224668065365,126.98222888898373,128.7004905123167,20484300
2019-08-13,130.13705444335938,130.3248395270228,126.75686562908375,127.7427552271711,25154600
2019-08-14,126.21804809570312,128.9877255205743,125.92600982127516,128.46017065389253,32527300
2019-08-15,125.93537139892578,126.78323939295453,124.5882239678287,126.60424455950005,28074400
2019-08-16,128.24349975585938,128.55438338343822,126.91518272205668,127.06591679145104,24449100
2019-08-19,130.39137268066406,130.52326136000605,128.95942818010255,129.86381796329613,24355700
2019-08-20,129.30799865722656,130.67400611769185,129.28916768347977,130.20297302781805,21170800
2019-08-21,130.74935913085938,131.40881695837308,130.00513317166792,130.52327244694763,14970300
2019-08-22,129.7978515625,131.13558354961538,128.39416805587712,130.62687423752948,18697000
2019-08-23,125.66219329833984,130.33484736004615,125.10637776346792,129.24204726197462,38508600
2019-08-26,127.60284423828125,127.70647207929308,126.14263897849162,127.16950190298608,20312600
2019-08-27,127.8760757446289,128.7992966287662,126.8586424872003,128.48841304665274,23102100
2019-08-28,127.70651245117188,127.89492284672274,125.81296425747941,127.06591423134063,17393300
2019-08-29,130.11819458007812,130.4196627002038,128.97830239098192,129.2986014875221,20168700
2019-08-30,129.87330627441406,131.11682675195914,128.37542378165452,131.08856590302375,23940100
2019-09-03,128.15869140625,129.2514917495263,127.83839231850062,128.69567608993933,18869300
2019-09-04,129.65652465820312,129.7130463079834,128.5731403298742,129.3456412096279,17995900
2019-09-05,131.9363250732422,132.24720852849427,130.72105207773092,131.0507808749091,26101800
2019-09-06,131.0414276123047,132.05884656285806,130.19355932045568,131.91754236827867,20824500
2019-09-09,129.5529327392578,131.6537360953013,128.55434498368882,131.50300207093187,25773900
2019-09-10,128.19638061523438,128.95945199913848,126.71732966141289,128.8746694842137,28903400
2019-09-11,128.23403930664062,128.3753578535384,127.26371232538827,128.03621346568784,24726100
2019-09-12,129.5529327392578,130.40078647045735,128.94058115580236,129.86381627397438,27010000
2019-09-13,129.36453247070312,130.06165223182276,128.65798284808366,129.79787485602796,23363100
2019-09-16,128.43186950683594,128.78042935404903,127.80068696265583,127.9608364701534,16731400
2019-09-17,129.4304962158203,129.55296944216616,128.52610618817388,129.0254145822023,17814200
2019-09-18,130.49501037597656,130.6363145520836,128.6202935158189,129.4022101647855,23982100
2019-09-19,132.8972930908203,134.12196771878425,131.95522683866946,132.1718980517229,35772100
2019-09-20,131.36170959472656,133.4436677892611,130.24064854776688,132.84074601292843,39167300
2019-09-23,131.0791015625,131.54071921440732,130.41965804176857,131.16388407771032,17139300
2019-09-24,129.4210662841797,132.53930327795948,128.95003315823615,132.2284196898619,29773200
2019-09-25,131.286376953125,131.8516225554164,128.1492940474726,129.53413283577302,21382000
2019-09-26,131.45591735839844,132.05883917954642,130.41965311490762,131.3617193588757,17456600
2019-09-27,129.75076293945312,132.22840143988893,128.7333298028649,132.03056122939054,22477700
2019-09-30,130.9753875732422,131.15438234862552,129.79780549812148,130.05216725128628,17280900
2019-10-01,129.12899780273438,132.12476088219773,129.0630462806495,131.56894537371167,21466600
2019-10-02,126.84923553466797,128.46959089935234,125.84123195739146,128.35654753081846,30521700
2019-10-03,128.38479614257812,128.8275684602126,125.50207552124122,127.13184621978174,24132900
2019-10-04,130.11819458007812,130.24066780072806,128.51668472258618,128.8275683309191,22897700
2019-10-07,129.1761016845703,130.17468947110925,129.0819036975088,129.1949470318979,15303700
2019-10-08,127.81011199951172,129.7790267900296,127.7630058173658,129.13842871216846,25550500
2019-10-09,130.2312469482422,130.66458938458436,129.03481875481043,129.49643640419197,19749900
2019-10-10,131.0414276123047,131.57839792649725,130.24066551024578,130.4667665963637,17654600
2019-10-11,131.5878448486328,132.85964040282119,131.41827977463134,132.00235641813995,25446000
2019-10-14,131.46533203125,132.16245177137577,131.43707119717942,131.59722071517555,13304300
2019-10-15,133.3682861328125,133.57552742119194,131.71024082748983,131.94575731974263,19695700
2019-10-16,132.2755126953125,132.82191279192958,131.44648987633644,132.6334880604977,20751600
2019-10-17,131.5972137451172,133.22698404761675,130.9660311929906,132.78421183757777,21460600
2019-10-18,129.44931030273438,131.88925812815606,128.64854834275522,131.6631570821554,32273500
2019-10-21,130.4102325439453,130.47618408562118,129.07250010717596,130.42907789510858,20078200
2019-10-22,128.4695587158203,131.8986789919642,128.3659308623604,130.9189365022612,27431000
2019-10-23,129.28915405273438,129.486979879743,127.75358174170623,128.95000968878912,29844600
2019-10-24,131.83273315429688,132.28492086017002,130.63630517491148,131.31459392111518,37029300
2019-10-25,132.5769805908203,132.96323120692122,131.13562036467823,131.26750906593338,25959700
2019-10-28,135.8365020751953,137.23075576346218,135.19588970504887,136.03432789002656,35280100
2019-10-29,134.5552978515625,136.1285464558704,134.3857184848941,135.7328804333607,20589500
2019-10-30,136.23219299316406,136.5995982341125,134.51762561887838,135.20534429087087,18496600
2019-10-31,135.0640106201172,136.53363141942768,134.70603528104652,136.5053705867323,24605100
2019-11-01,135.39373779296875,136.05318117218664,134.68718823492367,135.90244714985468,33128400
2019-11-04,136.17568969726562,136.59961666713642,135.80828440673878,136.43946711739818,16912000
2019-11-05,136.09085083007812,136.61840545191018,135.57271169264115,136.57129928036403,18250200
2019-11-06,135.71405029296875,136.14740705653168,134.9038728109251,136.00608850600966,16575800
2019-11-07,135.9024658203125,136.48655664339515,135.4408625788381,135.50679973842463,17786700
2019-11-08,137.5039520263672,137.53221285481024,135.431395441973,135.6386511004124,16732700
2019-11-11,137.64529418945312,137.93733241388952,136.34523822282443,136.919899184544,14362600
2019-11-12,138.54971313476562,139.02074633744076,137.5982168654946,137.80547262465507,18641600
2019-11-13,138.77577209472656,138.91709065211822,137.80544504142054,138.23880182604938,16919200
2019-11-14,139.48231506347656,139.81204397344354,138.48372722157296,138.5025725699454,19729800
2019-11-15,141.28167724609375,141.30052259611287,139.68016748943623,140.30192029216403,23485700
2019-11-18,141.63018798828125,141.82802815781912,140.34897775281362,141.37584053788504,21534000
2019-11-19,141.67733764648438,142.56288218947344,141.4983427654815,142.13895526723965,23935700
2019-11-20,141.43154907226562,142.58478171593035,140.33504484728581,142.0837888619762,25696800
2019-11-21,141.2992401123047,141.60173404483663,140.37287768540864,141.2236166291717,18576100
2019-11-22,141.40316772460938,142.0743168716405,140.6753190160606,141.85690845374273,15901800
2019-11-25,142.95346069335938,143.06690312574474,141.7151568529082,141.79078033326374,22420900
2019-11-26,143.7096405029297,144.0782958507739,143.0385057427594,143.07631026041267,24620100
2019-11-27,143.9838104248047,144.15395242888414,143.2275900846994,143.99325795046357,15184400
2019-11-29,143.09524536132812,143.9648936601184,143.00071241471292,143.77584219059054,11977300
2019-12-02,141.36538696289062,143.5206053054718,140.2027067994801,143.50169583265574,27418400
2019-12-03,141.1385040283203,141.2519320077421,138.62407804400107,139.41811717105475,24066000
2019-12-04,141.6489715576172,141.96089852915804,141.03453629170258,141.92309400717485,17574700
2019-12-05,141.72459411621094,142.09326396513643,141.2992246907547,141.8380365403815,17869100
2019-12-06,143.44500732421875,143.55843533386508,142.04600898499862,142.726605890285,16403500
2019-12-09,143.07632446289062,143.87981117385542,142.6509550844922,142.80220201751874,16687400
2019-12-10,142.85888671875,143.57728786776826,142.50912645488057,143.01011919706542,16476100
2019-12-11,143.39772033691406,143.55841480216526,142.10270266631767,143.24647339654746,18856600
2019-12-12,144.85342407226562,145.04247550608443,142.75491998236723,143.3504312777115,24612100
2019-12-13,146.0728302001953,146.41312857878364,144.4658712438564,144.62656569712018,23845400
2019-12-16,147.0181427001953,147.36788870009232,146.34700770451698,146.62113021887043,24144200
2019-12-17,146.22409057617188,147.18827180812258,145.99722016168278,146.9424919198338,25425600
2019-12-18,145.92160034179688,146.97085259654958,145.7419963954613,145.85543881739588,24129200
2019-12-19,147.18829345703125,147.2450074630696,145.33555419211962,145.57187216641574,24958900
2019-12-20,148.79522705078125,149.81612225393488,147.73651290100972,148.73851305455636,53477500
2019-12-23,148.79522705078125,149.4663619043782,148.66288958502255,149.4663619043782,17718200
2019-12-24,148.76683044433594,149.07877176422207,148.52105062786302,148.8613489383117,8989200
2019-12-26,149.9862518310547,150.0429658225864,148.7857527900638,148.9369997166156,14520600
2019-12-27,150.26040649414062,150.81811337522475,149.5609001937233,150.7235804290026,18412800
2019-12-30,148.96539306640625,150.3171393638337,148.15245866742518,150.28878236114747,16348400
2019-12-31,149.06935119628906,149.1355271417693,147.88776151587507,148.19025539743808,18369400
2020-01-02,151.8295440673828,151.93352453696647,149.66487810348934,150.0902475068035,22622100
2020-01-03,149.93905639648438,151.19627002460612,149.40970632647682,149.65548630448578,21116200
2020-01-06,150.32656860351562,150.3927445508696,147.94447970171677,148.48329153461876,20813700
2020-01-07,148.95596313476562,150.93157814835348,148.7101976078873,150.60074160336796,21634100
2020-01-08,151.3285369873047,151.99968621410528,149.30565620651117,150.23201839712107,27746500
2020-01-09,153.2190704345703,153.34196035835663,152.21708484471264,152.98275253418123,21385000
2020-01-10,152.51011657714844,154.2872318018375,152.3588696593664,153.90912893108236,20725900
2020-01-13,154.34393310546875,154.3722900972599,152.43448059057198,152.90711635202274,21626500
2020-01-14,153.25692749023438,154.64647824399333,152.8693625755226,154.4479648118691,23477400
2020-01-15,154.24942016601562,154.96783584765552,153.67281830910034,153.72007035240767,21417900
2020-01-16,157.0758514404297,157.14202740588613,155.05296987387112,155.3554638467466,23865400
2020-01-17,157.9549560546875,158.30470207707603,156.37633913096872,158.25743559260854,34371700
2020-01-21,157.38775634765625,158.98526801417273,157.32158039758605,157.55789835006,29517200
2020-01-22,156.63153076171875,158.3235753219564,156.61262128751815,158.2384898999051,24138800
2020-01-23,157.59573364257812,157.6713571260564,156.22509226083278,157.09474068527607,19680800
2020-01-24,156.0076446533203,158.3613765241698,155.44993777757642,158.3424670503659,24918100
2020-01-27,153.39869689941406,154.4385015834786,151.4325299482661,152.3305352170298,32078100
2020-01-28,156.40467834472656,156.6882483457103,154.14547932010373,154.81661422070258,24899900
2020-01-29,158.84344482421875,159.5145940552649,156.62206505752158,158.65439337526382,34754500
2020-01-30,163.3240509033203,164.52455005778435,161.44295493874296,164.52455005778435,51597500
2020-01-31,160.91358947753906,162.96482723403622,160.29916867247016,162.78523773584587,36142700
2020-02-03,164.8364715576172,164.9498995377037,161.07428008281042,161.10263707783204,30107000
2020-02-04,170.26234436035156,170.75388971293165,166.6608612717509,167.44543856138947,36433300
2020-02-05,170.0543670654297,174.11903811687424,168.64592151325192,173.95834366438353,39186300
2020-02-06,173.5802459716797,173.75984990152529,170.20561909708994,171.06581980124434,27751400
2020-02-07,173.82601928710938,175.47079730341426,172.49318267512277,172.8429430262262,33529100
2020-02-10,178.37278747558594,178.50512495189932,173.22105900121804,173.53300042903595,35844300
2020-02-11,174.3459014892578,180.2632966918459,173.4573438505691,180.21603022567515,53159900
2020-02-12,174.6011505126953,175.67875972595644,171.89767274276622,175.42353231595447,47062900
2020-02-13,173.65589904785156,176.03797374039397,172.86185972663358,173.06037316286404,35295800
2020-02-14,175.2061004638672,175.26281445325165,172.65385555196474,173.22102429320978,23149500
2020-02-18,176.98324584960938,177.42752477655208,175.34792957469273,175.4519100559709,27792200
2020-02-19,177.5140380859375,178.36710062256168,176.74627891035584,178.25336280783833,29997500
2020-02-20,174.8031768798828,177.4856045751215,171.65631012999017,177.20124557370298,36862400
2020-02-21,169.27719116210938,173.9311563648692,168.00707065761887,173.6183629039544,48572600
2020-02-24,161.9786834716797,165.44783074072646,154.71812221585304,159.0213851901823,68311100
2020-02-25,159.3057861328125,165.72274558384058,158.9076748317135,165.11611976454265,68073300
2020-02-26,161.29629516601562,164.22516022296588,159.4385096358819,160.8602904747629,56206100
2020-02-27,149.93148803710938,158.31999888346724,149.74192019388477,154.80346983288783,93174900
2020-02-28,153.561767578125,155.17313038454182,144.0737575661736,144.4623810412788,97012700
2020-03-02,163.77960205078125,163.90282763558946,153.84610129007496,156.68966182739558,71030800
2020-03-03,155.93141174316406,165.87440256658573,153.79874085302225,164.73698098446346,71677000
2020-03-04,161.65643310546875,161.79860535911507,156.98350737328664,159.7038570188698,49814400
2020-03-05,157.59963989257812,161.9597582663655,157.04988300701586,157.3911109200166,47817300
2020-03-06,153.14471435546875,154.60440254772644,147.86516281770332,154.13047574382352,72821100
2020-03-09,142.76568603515625,149.52388595235027,142.17802150778155,143.1258749845001,70419300
2020-03-10,152.52862548828125,152.63288998051783,144.6235285924919,149.91255431457344,65354400
2020-03-11,145.61878967285156,149.47654727038636,143.26810174258725,148.93627810386312,56371600
2020-03-12,131.80853271484375,145.4671079518946,131.35356699021355,137.72314498743467,93226400
2020-03-13,150.547607421875,153.46699860222324,133.39144937999532,139.80842308587606,92727400
2020-03-16,128.3583984375,141.56201336055165,127.96030145742733,132.6995718817765,87905900
2020-03-17,138.92694091796875,139.8084380256042,127.96026531156994,132.69953439718364,81059800
2020-03-18,133.07862854003906,138.3866140419556,127.97918643285101,130.8037858752731,81593200
2020-03-19,135.26821899414062,142.32023895199598,131.75167511472426,135.32508790671272,85922700
2020-03-20,130.1876983642578,139.42927100819978,128.77539128682722,138.38662625800293,84866200
2020-03-23,128.88914489746094,133.23980446764403,125.60957912301353,129.865433072782,78975200
2020-03-24,140.6046142578125,141.79891917510017,133.90329612577463,136.25396924994934,82516700
2020-03-25,139.25863647460938,146.2822344811286,136.90796381068236,141.14487017328082,75638200
2020-03-26,147.96942138671875,148.49074374282242,140.63302954842695,140.66146399847827,64568100
2020-03-27,141.89366149902344,146.8130233200836,141.4197347642484,143.83676400422027,57042300
2020-03-30,151.87457275390625,152.22528840805572,142.18750815722464,144.4907998422536,63420300
2020-03-31,149.48602294921875,156.1873415159035,148.39598244665945,151.08788365564143,77927200
2020-04-01,144.1780242919922,149.5239184853041,142.9552994047509,145.02161349129338,57969900
2020-04-02,147.1637420654297,147.3722710107029,142.51926529474,143.94104566900393,49630700
2020-04-03,145.80833435058594,149.17321783075897,144.25385488302902,147.01211258227983,41243300
2020-04-06,156.65176391601562,157.8176197600713,149.3627676322206,151.95989162657898,67111700
2020-04-07,154.964599609375,161.13512171051497,154.74658285480595,160.74649823995173,62769000
2020-04-08,156.51913452148438,157.9788233072109,154.9741278844128,157.03096931403405,48318200
2020-04-09,156.528564453125,158.64227422215973,154.81295151526945,157.6849471612122,51385100
2020-04-13,156.87925720214844,156.936140571891,153.83665499194112,155.77975792648093,41905300
2020-04-14,164.64218139648438,164.6895769731253,159.23941831070533,160.18727199112618,52874300
2020-04-15,162.91708374023438,164.51895866137778,160.41475077875486,162.27253576214963,40940800
2020-04-16,167.80799865722656,168.03548873292664,163.88388524576575,165.2108889927018,50479600
2020-04-17,169.28668212890625,170.61367156696483,166.69903103004185,170.13974470150103,52765600
2020-04-20,165.93128967285156,169.42887263033774,165.86494742536163,167.41942713278866,36669600
2020-04-21,159.06881713867188,164.6137526846759,157.4479809248554,164.4526192889561,56203700
2020-04-22,164.4715576171875,164.9265232869323,161.91235583811329,162.45262485910442,34620200
2020-04-23,162.48110961914062,165.93129714778695,161.99770934930336,165.03083885859098,32790800
2020-04-24,165.4478759765625,165.45734930740483,161.8081210252355,163.08771491777517,34277600
2020-04-27,164.97393798828125,167.67531233267164,164.26304771926806,167.3814800022421,33194400
2020-04-28,160.95501708984375,166.5094397501478,160.55692031443468,166.43360972677016,34392700
2020-04-29,168.1776885986328,168.41465204272475,162.91711171027274,164.18723229946127,51286600
2020-04-30,169.86483764648438,170.9927711993211,167.04022371080399,170.61363557217732,53875900
2020-05-01,165.46685791015625,169.3246156608056,164.93604759112102,166.63271412680183,39370500
2020-05-04,169.51409912109375,169.66575913671633,164.7369243337436,165.39094549590772,30372900
2020-05-05,171.33404541015625,174.0733422773213,170.51889057443753,171.20134645843928,36839200
2020-05-06,173.0211639404297,174.59460415258818,172.15862828519948,172.58515944887964,32139300
2020-05-07,174.02590942382812,174.92636736158275,173.0590947983911,174.5661784012422,28316000
2020-05-08,175.04957580566406,175.3528958651225,173.79841671813932,175.3339347456322,30877800
2020-05-11,177.00216674804688,177.73200352529332,173.31501723341563,173.59936171125372,30892700
2020-05-12,172.99281311035156,177.28659019546166,172.79377188720505,177.05911451186566,32038200
2020-05-13,170.376708984375,174.45248294032083,167.3340921291514,173.0307023368351,44711500
2020-05-14,171.11599731445312,171.26765735101736,166.5189018898924,168.28191004143457,41873900
2020-05-15,173.60890197753906,177.30552593773953,167.7701192161601,169.72269569068143,46610400
2020-05-18,175.26760864257812,176.49033339487778,174.36715063577168,176.0638021772429,35264500
2020-05-19,174.0543670654297,176.86949350940563,173.9216681354789,175.38135636493746,26799100
2020-05-20,176.46864318847656,176.64923929090085,174.83379305536764,175.66071783659345,31261300
2020-05-21,174.34902954101562,177.42863394594616,174.21596102062003,176.22150304446987,29119500
2020-05-22,174.425048828125,175.3280292137114,173.50306901585824,174.12089846406892,20826900
2020-05-26,172.58111572265625,177.26704182371978,172.13438260711965,177.11495937941368,36073600
2020-05-27,172.80923461914062,172.980331004467,167.85717121330865,171.27893938264498,39517100
2020-05-28,172.4195098876953,175.03336693369795,171.45001698942932,171.792195219223,33810200
2020-05-29,174.1779327392578,175.1474401638824,171.47853469767063,173.68367206153434,42130400
2020-06-01,173.77874755859375,173.94032973105288,172.47657596070565,173.50309629122472,22622400
2020-06-02,175.75575256347656,175.84129349571745,172.37199810107265,175.12842338695103,30794600
2020-06-03,176.18350219726562,176.73479025045705,174.49162467347008,175.6702420116775,27311000
2020-06-04,173.86427307128906,176.63971241141127,173.2749717295189,175.1759587709763,28761800
2020-06-05,177.932373046875,178.43613342107156,172.99930966240385,173.57911125390655,39893600
2020-06-08,179.03492736816406,179.2155234245811,175.30899518943008,176.7347352095089,33211600
2020-06-09,180.40365600585938,181.25909429194024,177.989394570547,178.69276493031884,29783900
2020-06-10,187.0951690673828,188.69200596232676,181.55378927395938,181.66785837577257,43872300
2020-06-11,177.0484161376953,186.0685895505903,176.85832035143625,183.56880167969496,52854700
2020-06-12,178.4456787109375,182.2286392845335,176.01240284356672,181.1070492631869,43373600
2020-06-15,179.5862274169922,181.3731596709733,174.90028735842841,175.44207556438678,32770200
2020-06-16,183.98703002929688,185.8975167043763,181.98148820479122,183.3406869206334,42556700
2020-06-17,184.62388610839844,186.60091457988608,184.10111171633025,185.3747696872733,25687800
2020-06-18,186.6009063720703,186.7624885400783,184.39575430738998,184.39575430738998,23061600
2020-06-19,185.48878479003906,189.42382696188116,184.7474010839948,188.75848446971048,44441100
2020-06-22,190.64051818847656,190.82109979899005,185.56487107899687,186.09714520202675,32818900
2020-06-23,191.91412353515625,193.85312366603114,191.45787626628606,192.08520538344897,30917400
2020-06-24,188.04563903808594,193.1878125857555,186.82900846349898,191.61950404139304,36740600
2020-06-25,190.42184448242188,190.67848176164708,185.79294626046538,188.00759762528094,27803900
2020-06-26,186.61036682128906,189.9941209296588,185.23215432254898,189.8420385082229,54675800
2020-06-29,188.61595153808594,188.70149248092682,183.96803843310832,186.0876350915484,26701600
2020-06-30,193.43495178222656,194.28089052562854,187.95061402599853,188.08368255293655,34310300
2020-07-01,194.5660400390625,196.13436320543227,191.78110070946224,193.0832723205904,32061200
2020-07-02,196.04873657226562,197.7216140089718,194.85112027374976,195.4974487354762,29315800
2020-07-06,200.26895141601562,200.67767110943888,197.78816312460114,198.49153344403433,31897600
2020-07-07,197.94027709960938,204.0424438056839,197.6931540036791,200.0313599594094,33600700
2020-07-08,202.2935333251953,202.70223856853215,198.35849081572363,199.67017648667414,33600000
2020-07-09,203.7097625732422,205.66777675400772,201.00085044726796,205.62024918097012,33121700
2020-07-10,203.0919647216797,203.48167057647657,200.63018979121773,203.04443714124912,26177600
2020-07-13,196.81869506835938,205.1164992228562,196.27690681431983,203.861840847215,38135600
2020-07-14,198.0353240966797,198.51057084084894,192.02819828875812,195.92522739229784,37591800
2020-07-15,197.74070739746094,200.86783986242773,194.87972651757025,199.18546191478202,32179400
2020-07-16,193.82460021972656,195.51647720524412,192.29430536165987,195.23132630246957,29940700
2020-07-17,192.8361053466797,194.88916006506298,191.4198649615669,194.34738636962433,31635300
2020-07-20,201.12445068359375,201.78979330001377,192.959699672657,194.85118714961936,36884800
2020-07-21,198.41551208496094,203.34857552033253,197.73115562552331,203.08243850870448,37990400
2020-07-22,201.26699829101562,201.7897726158241,198.07333955618,198.84323696936167,49605700
2020-07-23,192.51295471191406,200.47809519758303,192.14226281240857,196.93275836350443,67457000
2020-07-24,191.3343505859375,192.81711817294266,187.73197198353216,190.497911638035,39827000
2020-07-27,193.75807189941406,193.87212645839105,190.91609161009322,191.49589312385507,30160900
2020-07-28,192.01873779296875,194.56605390035716,191.75260072214854,193.53001926727976,23251400
2020-07-29,193.95770263671875,194.5184903248029,192.0091880475081,192.47493508696,19632600
2020-07-30,193.80564880371094,194.3379374288218,189.69002407556442,191.04922302902312,25079600
2020-07-31,194.86070251464844,194.9462579677163,189.15774048150277,194.28090079447668,51044000
2020-08-03,205.81983947753906,206.86538804440696,200.02183829806603,201.04837293552396,78983000
2020-08-04,202.73074340820312,204.1374841693981,199.8982769624529,203.56718229287267,49280100
2020-08-05,202.3980712890625,204.35608541482208,201.095899944012,204.26103027141724,28806400
2020-08-06,205.63926696777344,205.65826639464163,201.07689543479427,201.8277788907073,32656800
2020-08-07,201.96083068847656,205.02142055306317,200.48756303882877,204.2135098766214,27820400
2020-08-10,197.94027709960938,201.39057324547656,196.13434519873215,201.19096322321653,36716500
2020-08-11,193.31138610839844,197.36998319308316,193.08326243132456,196.90425062787259,36446500
2020-08-12,198.83377075195312,199.86980535895745,194.61357658746402,195.12683678159112,28013100
2020-08-13,198.3679962158203,200.88681276479966,197.845221875211,199.07136664712925,22588900
2020-08-14,198.55810546875,199.21394836744497,197.23691995666195,198.42503694607137,17958900
2020-08-17,199.8697967529297,200.73474942577576,198.5771248528308,199.22346805457104,20184800
2020-08-18,201.01986694335938,201.84679161192986,198.85274301626632,200.1073868408774,21336200
2020-08-19,199.80029296875,202.08700035706565,199.37153987670285,201.50579719810975,27627600
2020-08-20,204.44992065429688,204.85009118082817,199.04759673846627,199.64784525904383,26981500
2020-08-21,202.96360778808594,206.0411196313536,202.8016350109078,203.76394899476904,36249300
2020-08-24,203.6019744873047,205.345584304616,202.40144814904102,204.65003619045197,25460100
2020-08-25,206.25070190429688,206.38409208408316,203.0398003733022,203.0398003733022,23043700
2020-08-26,210.70973205566406,211.60535795675764,207.09866042168693,207.59411583177993,39600800
2020-08-27,215.8834228515625,220.2376708942696,209.04237476042434,212.36762114380463,57602200
2020-08-28,218.1034393310547,219.75176405329466,215.8834340675416,217.40789128020305,26292900
2020-08-31,214.88299560546875,217.90334192876838,213.72058919228218,216.2835998158093,28774200
2020-09-01,216.54087829589844,216.71237374786213,213.83494001123904,214.8639563383448,25725500
2020-09-02,220.7140655517578,221.86694924784757,216.61707521022916,217.207801074862,34080800
2020-09-03,207.04150390625,218.48451950532868,204.81197627565626,218.4464142591676,58400300
2020-09-04,204.13546752929688,208.05143903986777,195.5031835739278,204.9453456779266,59664100
2020-09-08,193.0926513671875,200.11471725105895,192.6543610562122,196.75136576926477,52924300
2020-09-09,201.3152618408203,204.69767377044025,196.94195338337948,197.79947425284936,45679000
2020-09-10,195.67474365234375,204.60240797493773,194.47423185417284,203.3256565900928,35461500
2020-09-11,194.39794921875,198.7807936939121,191.73966868940005,197.41829498533878,33620100
2020-09-14,195.71282958984375,199.32390157724174,194.39797317755668,194.59806571185905,30375800
2020-09-15,198.92373657226562,199.87652772915487,197.16106711664477,198.58073117424792,21823900
2020-09-16,195.3698272705078,200.70544896164475,194.97917941167134,200.6768663903581,26328100
2020-09-17,193.33087158203125,194.68383338131366,190.52014036683838,190.60588808814126,34011300
2020-09-18,190.9298553466797,194.03594986994415,186.9852997949631,193.22608595695476,55225300
2020-09-21,192.9783172607422,193.140304553541,187.109134700145,187.88089322203805,39839700
2020-09-22,197.62791442871094,198.27581989149397,192.54001379892355,195.37932700805936,33517100
2020-09-23,191.12037658691406,198.27584755147745,190.58681585985815,198.08527768743798,30803800
2020-09-24,193.59759521484375,195.865242325311,189.79595409525504,190.41527693504318,31202500
2020-09-25,198.00904846191406,199.17144019967697,192.97829820351433,193.94062649521072,29437300
2020-09-28,199.55258178710938,202.53482275392867,198.23772534118714,200.92460337616922,32004900
2020-09-29,197.47547912597656,200.1528343424677,197.04672603654993,199.4668235840097,24221900
2020-09-30,200.4005584716797,201.97265800789293,196.78947197711074,197.9232957386492,33829100
2020-10-01,202.4300079345703,203.88777718640915,201.34382663832886,203.41138162597977,27158400
2020-10-02,196.45602416992188,201.02942493807893,195.83670115325253,198.18057395365662,33154800
2020-10-05,200.44821166992188,200.47679424204267,197.2087129579813,197.4373880733873,21331600
2020-10-06,196.18919372558594,200.2576007330671,195.15065504902162,198.96181896017427,28554300
2020-10-07,199.9241485595703,200.1909288915541,196.96096780077255,197.2849132698332,25681100
2020-10-08,200.63877868652344,201.21998191757461,198.48547574347566,200.5720763220623,19925800
2020-10-09,205.62188720703125,205.6695296795064,201.258101327939,201.258101327939,26458000
2020-10-12,210.94793701171875,213.2918094400436,206.57462949111385,208.4611517383171,40461400
2020-10-13,212.33905029296875,214.57811545870766,210.0237600855834,212.2056601046975,28950800
2020-10-14,210.43344116210938,213.634819812789,208.78511664370075,212.47241351746592,23421700
2020-10-15,209.29013061523438,209.9570815862142,205.81243381054406,206.8509873279706,22733100
2020-10-16,209.29013061523438,211.79596173037572,208.96618507767857,209.75698902569985,26057900
2020-10-19,204.10693359375,211.80548829345503,203.6305379900933,210.01423617140503,27625800
2020-10-20,204.5166015625,207.1081944892267,203.03024978890875,205.61232003857742,22753500
2020-10-21,204.65953063964844,206.67944311393921,203.05883403594683,203.05883403594683,22724900
2020-10-22,204.7452850341797,205.86004890997927,201.70587900793112,203.8305991538514,22351500
2020-10-23,206.02203369140625,206.0696761583048,203.09697231586392,204.87868717803974,18879600
2020-10-26,200.16238403320312,206.12685191973097,198.2758614620614,203.7544110534523,37111600
2020-10-27,203.18270874023438,204.5356704020045,200.400560381581,201.60107197312493,36700300
2020-10-28,193.11170959472656,198.9809067591582,192.5591035035503,197.8661428219542,51195600
2020-10-29,195.05540466308594,197.57077270816046,193.7691308000109,194.43609623327302,31432600
2020-10-30,192.91163635253906,194.64570878486924,190.19617560413607,193.89301013017186,36953700
2020-11-02,192.77825927734375,195.58899061431308,190.67258417511,194.64572202379262,30842200
2020-11-03,196.6846466064453,198.294865783627,193.53091060305985,194.26456377162967,27512000
2020-11-04,206.17449951171875,208.01339419763795,202.39191705851812,203.9163888850281,42311800
2020-11-05,212.74874877929688,213.5395672501234,210.70977611493413,211.55775973379434,36080100
2020-11-06,213.15846252441406,213.76824835120496,207.73707791171776,211.76738088350064,25231900
2020-11-09,208.080078125,217.35073281065687,207.5941598268988,213.84446802922895,44395000
2020-11-10,201.04847717285156,206.27930638855238,199.81938285271593,204.3737238814988,44045100
2020-11-11,206.32696533203125,207.74661510852872,202.18231723290526,202.3633499116795,29440800
2020-11-12,205.26934814453125,208.76609026899308,204.33561679521472,206.95579271890833,21593900
2020-11-13,206.288818359375,207.15586184430438,204.04976775287432,206.1459054941405,18621100
2020-11-16,206.97479248046875,207.4607252129614,204.3927369169169,204.72620505613375,24953300
2020-11-17,204.33560180664062,207.4035760150649,203.97353650780587,205.89817875225006,24154100
2020-11-18,201.6416778564453,205.54879230047052,201.49837627647196,204.0967541671124,28372800
2020-11-19,202.92176818847656,203.5044929955361,200.54310176428234,201.92827756449884,24792700
2020-11-20,200.9825439453125,203.75286645318923,200.60998313112907,202.71160861053573,22843100
2020-11-23,200.71505737304688,202.79757297783098,198.8522533741571,201.51749377618378,25683500
2020-11-24,204.29739379882812,204.66995462675723,199.5209654528128,200.21831990991032,33979700
2020-11-25,204.30691528320312,205.6634190108347,202.95997374000245,205.49147460908594,21012900
2020-11-27,205.6061248779297,206.59963010957043,204.46933263042834,205.2431262455821,14512200
2020-11-30,204.49801635742188,205.15715124474664,201.41243305795305,204.52667376224022,33064800
2020-12-01,206.54234313964844,207.60271092943285,203.8102252491727,204.918345666345,30904500
2020-12-02,205.7398681640625,205.83540256077225,203.28479159484732,205.27178751909085,23724500
2020-12-03,204.66038513183594,206.70469566225796,204.0967555691371,205.01383612716327,25120900
2020-12-04,204.7750244140625,205.74941981992606,203.6477798118867,204.64128501141468,24666000
2020-12-07,204.70814514160156,205.90225214353387,203.46628552079312,204.7845697389054,24620000
2020-12-08,206.3511962890625,207.24916690723535,203.37071047257265,204.40242046516497,23284100
2020-12-09,202.3294677734375,205.60608997626164,201.76585283805662,205.53922757237729,32440600
2020-12-10,201.10675048828125,203.55227955829025,200.95390127727993,202.30085761828587,26733300
2020-12-11,203.72422790527344,203.7815572928785,199.75979798803561,200.65776889930476,30979400
2020-12-14,204.62216186523438,206.54229514941832,203.36119251919632,203.57135650628612,28798400
2020-12-15,204.5552978515625,205.78760978755588,202.74980875954856,205.5487884019641,27000600
2020-12-16,209.47500610351562,210.26789482840616,205.11890649691244,205.14756389617955,35023300
2020-12-17,209.60877990722656,211.01305100787835,208.17585140260252,210.03865554331327,32515800
2020-12-18,208.81591796875,209.86673817152717,206.36084106081339,208.81591796875,63354900
2020-12-21,212.63702392578125,213.98398015637602,207.5644595855646,207.8223907859236,37181900
2020-12-22,213.92665100097656,215.54108593235114,211.93010767555515,212.73254404895405,22612200
2020-12-23,211.13722229003906,213.5636412417296,210.92705829699878,213.1337656474204,18699600
2020-12-24,212.7898712158203,213.6114174296126,211.30917559396767,211.51933959585654,10550600
2020-12-28,214.90106201171875,215.92321005733746,213.04780555492192,214.413857010838,17933500
2020-12-29,214.12725830078125,217.02177246063968,213.58275309646694,216.19067866518566,17403200
2020-12-30,211.7677001953125,215.54108989426393,211.5670983865259,215.1589669166923,20272300
2020-12-31,212.474609375,213.02867674081537,209.8571217316309,211.78680261581542,20942100
2021-01-04,207.9561309814453,213.02869534095603,205.2049037044896,212.57970992905,37130100
2021-01-05,208.15670776367188,208.7489946946385,206.05508254722616,207.54532561749676,23823000
2021-01-06,202.7593536376953,206.80976953034184,202.46321745578845,202.68292904615478,35930700
2021-01-07,208.529296875,209.53234971678856,204.15410145154507,204.46933288683374,27694500
2021-01-08,209.7998046875,210.71688521543896,207.32561864837888,208.9018339516953,22956200
2021-01-11,207.7650604248047,209.1215641625514,207.0390340746721,208.7012361864748,23031300
2021-01-12,205.31951904296875,207.392501541839,203.78152328009872,206.81932437348303,23249300
2021-01-13,206.66648864746094,207.0677068608454,204.3642467924793,204.45023357688456,20087100
2021-01-14,203.4949493408203,207.73641987769744,203.22747053007149,206.25572423330087,29480800
2021-01-15,203.1414794921875,204.91831131296394,202.54920707742923,203.97258788636626,31746500
2021-01-19,206.7620086669922,207.2778564550541,203.12237302041416,204.1922881817282,30480900
2021-01-20,214.30874633789062,215.69390740254323,207.5739806235108,207.9656511782712,37777300
2021-01-21,214.91064453125,216.18117637633497,212.47466286064363,214.65271328750234,30709400
2021-01-22,215.8468017578125,219.7825887676581,215.70351473291043,216.92627926708488,30172700
2021-01-25,219.2667236328125,219.505545055719,214.1941589425185,218.87505300088512,33152100
2021-01-26,221.94155883789062,223.7088288791185,219.79216571840715,221.4925733312559,49169600
2021-01-27,222.4860076904297,229.68886918924537,219.84942471419154,227.35797002149073,69870600
2021-01-28,228.24635314941406,231.7904687002361,224.57806039798888,225.07481292990053,49111200
2021-01-29,221.58802795410156,227.37705567245254,221.0053032240349,225.43782730017324,42503100
2021-02-01,228.93423461914062,231.65680496166297,222.0370700228215,224.54947632461906,33314200
2021-02-02,228.8004608154297,231.47526355109804,228.0171341621031,230.51043029200613,25916300
2021-02-03,232.13436889648438,234.13091202772802,228.56159599596987,228.85774673552945,27158100
2021-02-04,231.1886749267578,232.36368677142988,229.6220070436973,231.80961934520695,25296100
2021-02-05,231.3701629638672,232.40187313232684,229.66975580932288,231.3988203649493,18054800
2021-02-08,231.62811279296875,232.78400026698355,230.04233511511973,232.27770003844776,22211900
2021-02-09,232.86996459960938,233.81568797324968,230.58683269861282,231.0549132931618,23565000
2021-02-10,231.9624481201172,234.9238246286542,230.1187393980578,234.0449636571625,22186700
2021-02-11,233.55776977539062,234.1882471613524,231.32239050634175,233.83479617171466,15751100
2021-02-12,234.03541564941406,234.331551842112,231.87646094509842,233.0228007069779,16561100
2021-02-16,232.80307006835938,235.12442137957254,232.05794855525386,234.07360151416745,26728500
2021-02-17,233.81800842285156,233.92333243578818,230.69661025502367,231.0604595015452,21653500
2021-02-18,233.42543029785156,233.5594777102561,230.6200042346453,231.52004312224952,16925600
2021-02-19,230.725341796875,233.49247502338264,229.96891987453535,233.38715100673053,25262600
2021-02-22,224.5399932861328,227.81459302124637,222.51969763144905,227.32628051507058,36446900
2021-02-23,223.35275268554688,224.84642843687783,219.0057582706978,220.53774164184946,30228700
2021-02-24,224.5782928466797,225.20065276027566,219.26424384032524,220.2312992194705,26339700
2021-02-25,219.25466918945312,224.61658067323245,218.19185941267452,222.21329667802732,39542200
2021-02-26,222.50057983398438,225.3634533466254,219.78130875334585,221.68671096867462,37819200
2021-03-01,226.86668395996094,227.3741502565887,223.23780465757733,225.8708905631292,25324000
2021-03-02,223.92718505859375,227.21136873992538,223.52504280150532,226.9336896940317,22812500
2021-03-03,217.88546752929688,223.64953616836328,217.59821886567516,222.28990807796603,34029500
2021-03-04,217.0907745361328,222.60590268379033,214.72578318866238,217.100358745604,44727800
2021-03-05,221.75375366210938,223.35275345836564,216.83227642360688,219.76218111675166,41872800
2021-03-08,217.72268676757812,223.44844753169778,217.47374572916362,221.53347600830642,35267400
2021-03-09,223.84103393554688,225.37301709229348,221.82073826999846,222.97930254117327,33080500
2021-03-10,222.53883361816406,226.92412005427826,222.17498436226296,226.92412005427826,29746800
2021-03-11,227.04859924316406,229.0018637332939,224.3484824311404,224.97085693103975,29907600
2021-03-12,225.72726440429688,225.794295419288,223.3143962358568,224.06123394821893,22653700
2021-03-15,224.82725524902344,225.1911045555788,221.95479763324937,224.9708868958571,26034900
2021-03-16,227.6039581298828,229.854041015424,225.909204156804,226.2347458255093,28092200
2021-03-17,226.96240234375,228.4082150912853,223.31438418936858,226.11024066099444,29562100
2021-03-18,220.91111755371094,224.23359433735567,220.5376986886075,222.6728878603491,34833000
2021-03-19,220.55682373046875,222.58668861860275,219.59933808737588,221.1983373581324,46430700
2021-03-22,225.9571075439453,226.82840862757848,220.35580906733205,220.48028691216922,30127000
2021-03-23,227.47947692871094,230.8019538061581,226.99116443288878,227.39330671357888,31638400
2021-03-24,225.4495849609375,227.8815921631546,225.3155375499503,227.73797515497975,25620100
2021-03-25,222.46221923828125,226.86665920740955,221.72496578441863,225.29638327764653,34061900
2021-03-26,226.4262237548828,226.64645599438444,221.70582606846494,221.70582606846494,25479900
2021-03-29,225.2389678955078,226.73264342608155,222.02181497962823,226.53156497693166,25227500
2021-03-30,221.9930877685547,223.90805936160643,221.27497342116027,223.60165689388273,24792000
2021-03-31,225.74642944335938,228.9348588863674,222.51012278869996,223.00801949174152,43623500
2021-04-01,232.0467071533203,232.51586588061755,227.92951497762283,228.3316572910526,30338000
2021-04-05,238.4810028076172,239.33316461233116,232.38180813268252,232.43925494489872,36910600
2021-04-06,237.3224639892578,238.79698589796425,236.38413186553555,237.0830925059559,22931900
2021-04-07,239.27569580078125,240.2619050069019,236.68091746198468,237.2745539833188,22719800
2021-04-08,242.48330688476562,243.3354687608856,241.28644949639067,242.0237177384508,23625200
2021-04-09,244.9727325439453,245.10677996320857,241.70770266251623,242.11941451808443,24326800
2021-04-12,245.03021240234375,246.715396883333,243.7950474488846,243.88123228080784,27148700
2021-04-13,247.50047302246094,248.1707247107551,245.9110432297693,246.32278429436747,23837500
2021-04-14,244.72378540039062,247.82602995681816,244.3120735305234,246.53344753840463,23070900
2021-04-15,248.4675750732422,248.87928697093244,246.7728356584702,246.96431529406738,25627500
2021-04-16,249.65480041503906,249.90375603586548,246.64831065184072,248.43880415204717,24878600
2021-04-19,247.7398681640625,250.3633991429451,246.85899758557616,249.12823427121432,23209300
2021-04-20,247.2803192138672,249.1378442074656,245.9206763716912,246.85902307799017,19722900
2021-04-21,249.50164794921875,249.59740237748605,246.31323295097548,247.93138636220118,24030400
2021-04-22,246.23666381835938,250.6506598285872,244.77169693784316,249.14739994018404,25606200
2021-04-23,250.0474395751953,250.3921496973052,246.33238956883352,246.91647116846514,21462600
2021-04-26,250.43038940429688,251.2825657582876,249.1090835974423,250.53572803261042,19763300
2021-04-27,250.8325958251953,252.00072985456097,249.0612409712999,250.45916227852362,31014200
2021-04-28,243.73757934570312,245.63341172122958,242.19602664584554,245.19294722116507,46903100
2021-04-29,241.7747344970703,245.21211962839484,238.41396459315484,244.59932929978729,40589000
2021-04-30,241.45875549316406,242.32050145587482,238.9884550529176,239.12250247688505,30945100
2021-05-03,241.15235900878906,243.5365037605011,240.44381430171563,242.62688061963894,19626600
2021-05-04,237.2554168701172,240.5300313964655,235.31172172633566,240.3002295284538,32756100
2021-05-05,235.9915313720703,238.89271223968217,235.36917143271003,238.47141614100633,21901300
2021-05-06,239.11294555664062,239.23742339669937,234.28722313302063,235.97239302807878,26491100
2021-05-07,241.72689819335938,243.488668753516,240.49173319330328,241.43006529011436,27032900
2021-05-10,236.6713409423828,241.02790440002454,236.61389413007436,240.2044660000965,29299900
2021-05-11,235.76173400878906,236.11601370401354,232.25734694226097,234.1531648123597,33641600
2021-05-12,228.839111328125,233.9903897227852,227.948656527006,231.8743396289335,36684400
2021-05-13,232.6977996826172,235.1585454856775,231.15624678215937,231.52009610340892,29624300
2021-05-14,237.6001434326172,238.58635283707298,235.0532417936768,235.1394120266696,23901100
2021-05-17,234.75634765625,236.10640606144966,233.16693242516902,236.0681130601291,24970200
2021-05-18,232.7456512451172,235.9340807291474,232.5732962029695,235.80003330084318,20168000
2021-05-19,233.32147216796875,233.42703939757578,228.98365334584912,229.6650298465588,25739800
2021-05-20,236.5460205078125,237.95677572091842,234.03162003124936,234.1275955514667,21800700
2021-05-21,235.28887939453125,238.32152501223842,234.87621677027855,237.59216066425566,21863100
2021-05-24,240.67274475097656,241.03743419435494,237.53453234396076,237.8032462568259,21411500
2021-05-25,241.57485961914062,242.56334606960098,240.7111384283455,241.62284738392032,17704300
2021-05-26,241.3541259765625,242.74568324908876,240.64394515378893,241.29653187433004,17771600
2021-05-27,239.26197814941406,241.34451819821592,239.20439869133438,241.04701456893127,24426200
2021-05-28,239.6170654296875,241.92034629984425,239.501906511513,240.88387210484515,18270200
2021-06-01,237.4290008544922,241.16222110992703,237.00674653058428,241.1046416404765,23213300
2021-06-02,237.33302307128906,239.22362695076313,235.9318592911416,238.12957317758924,19406700
2021-06-03,235.8070831298828,236.41168209445024,233.20629862376543,235.33682647405521,25307700
2021-06-04,240.68231201171875,241.50765170138789,237.53450822875004,237.77443238686539,25281100
2021-06-07,243.5806121826172,243.84932608170533,239.74182545986196,239.90497213832194,23079200
2021-06-08,242.39060974121094,245.69196883019157,242.3330156367018,244.87622075345962,22455000
2021-06-09,243.36947631835938,245.23129021101894,243.00480153962016,243.5806107583811,17937600
2021-06-10,246.87242126464844,247.08355575422246,243.44631094531118,244.04131833748562,24563600
2021-06-11,247.4962158203125,248.07201045627983,246.26777582992523,247.59216206789282,18999700
2021-06-14,249.41554260253906,249.47312205072114,246.45005458309473,247.50572661245528,19150500
2021-06-15,247.94720458984375,249.51151476586116,247.29461791752257,249.30038033803766,18038900
2021-06-16,247.0067138671875,250.07772539314837,244.16600550777144,248.9452904420931,27220000
2021-06-17,250.3848876953125,251.20063582773113,245.69198560224893,245.74956506687877,27565500
2021-06-18,248.97410583496094,251.7284306556283,248.32151911327628,249.16605688845348,37202200
2021-06-21,252.04513549804688,252.89925028570661,247.52497248384933,249.348390258595,26696100
2021-06-22,254.80908203125,255.077795937688,251.82441004310962,252.13152001835851,24694100
2021-06-23,254.5786895751953,256.07581382842864,253.77254799942463,255.26967225265793,19518700
2021-06-24,255.9414825439453,257.0547340881306,254.77065154813104,255.43284452947933,21446900
2021-06-25,254.33877563476562,256.4789095394784,254.08927444096972,255.50002957701327,25611100
2021-06-28,257.8897399902344,258.0624783950666,255.19299417128897,255.46170811912478,19590000
2021-06-29,260.4617004394531,260.7016246346419,257.17955385033815,258.03366875564717,19937800
2021-06-30,259.98187255859375,260.42332491203257,258.73427836023995,259.780344419271,21656500
2021-07-01,260.6536560058594,260.8839738651738,258.7342624112472,258.7438394636373,16725300
2021-07-02,266.45977783203125,266.79567752816956,261.5173457785115,261.82445574570187,26458000
2021-07-06,266.4693908691406,268.11046403566195,263.244794707822,266.8244739642971,31565600
2021-07-07,268.64794921875,269.3773282430186,265.9799929781562,268.1393110275168,23260000
2021-07-08,266.2391052246094,267.4963057183195,263.79186075613046,265.74004413313054,24618600
2021-07-09,266.7381591796875,266.8437117808058,264.2237579834592,264.6076308865828,23916700
2021-07-12,266.1430969238281,268.49433627554,265.43290144744316,267.9089353442858,18931700
2021-07-13,269.6556091308594,271.45023740575635,266.2103012391227,266.3350372176916,26120100
2021-07-14,271.1239318847656,272.2275772639754,269.24290521159406,270.97037689383615,23113700
2021-07-15,269.7035827636719,271.12394453030225,268.5519349217963,270.634489804362,22604200
2021-07-16,269.43487548828125,272.6498656125402,268.1968584208553,270.70168228808353,26186800
2021-07-19,265.8456115722656,269.0701786607104,263.3887901846065,267.68821296919947,32935600
2021-07-20,268.0624694824219,269.64596306299137,265.1258001402408,266.8244526302893,26259700
2021-07-21,270.05865478515625,270.173813707087,266.11431527092736,267.6594129528652,24364300
2021-07-22,274.6075744628906,274.87628831519737,271.9971987743624,272.4002549090158,23384100
2021-07-23,277.995361328125,278.30244201944714,274.9531098439966,275.78804130305343,22768100
2021-07-26,277.4003601074219,278.0145801435692,275.0875164942922,277.3523869804331,23176100
2021-07-27,274.9915466308594,277.9090039999305,271.5462384158954,277.7650553283684,33604100
2021-07-28,274.6843566894531,278.4559572251852,272.39066780193826,277.3427056762893,33566900
2021-07-29,274.9531555175781,276.9877082127005,274.5500699423065,274.703624957285,18168300
2021-07-30,273.4272155761719,275.10668495635474,272.4675187874959,273.6767461132666,20944800
2021-08-02,273.3408203125,275.2122112993794,272.3043314785068,274.8187321390319,16267400
2021-08-03,275.548095703125,275.6536775635122,272.55384686025644,273.91662898110934,17879000
2021-08-04,274.9627380371094,275.99919768889043,273.1776867693029,274.6844177660965,16191300
2021-08-05,277.8514099121094,277.9569917907823,274.569263222689,275.31782556305,13900200
2021-08-06,277.7937927246094,277.83218879233317,276.02795434835366,276.8820984514025,16589300
2021-08-09,276.7093505859375,279.7995752873609,276.2103188203015,278.07213285524966,16117600
2021-08-10,274.8955078125,277.592253026987,273.70549335133626,277.1603778240849,18616600
2021-08-11,275.3849792480469,277.02605240134324,274.338884073963,275.63448047398396,13955900
2021-08-12,278.1296691894531,278.28322415990436,274.7995208173079,275.0778410317268,14561300
2021-08-13,281.04718017578125,281.0951532950036,277.64023937005385,277.81300703201526,18249000
2021-08-16,282.7266540527344,282.93778849851935,278.33122675983446,281.37347818942425,22507600
2021-08-17,281.26788330078125,281.6037829881996,279.34848998709674,280.60571955216835,20075300
2021-08-18,279.5468444824219,283.4795157822408,279.1045176293655,280.8064519186895,21813000
2021-08-19,285.3544616699219,286.0275472712108,277.5372141574895,277.5852791245708,29850500
2021-08-20,292.6524353027344,294.0755159975354,286.5947836444188,288.1909333937579,40817600
2021-08-23,292.93133544921875,293.6524859694501,290.23905191116444,291.5851936801916,22830200
2021-08-24,290.97943115234375,293.89287816648005,290.3832847329818,293.287107016583,18175800
2021-08-25,290.3929138183594,292.87365880728834,288.86407816857775,292.5948057108051,20006100
2021-08-26,287.5851745605469,290.79669430920046,287.4505750714238,289.4120831267804,17666100
2021-08-27,288.19091796875,289.29667599402853,285.41207114143054,287.48898771577944,22605700
2021-08-30,291.91204833984375,292.5178193402861,289.4793689535972,289.53705863519326,16348100
2021-08-31,290.2678527832031,292.78706685723137,289.9024652133177,292.71015705794855,26285300
2021-09-01,290.2197570800781,293.450526164361,289.89283908325706,291.21976052803296,18983800
2021-09-02,289.56597900390625,291.69096108011354,288.6332897832502,290.5756073825475,16285600
2021-09-03,289.55633544921875,290.96016674016533,288.7101809142856,289.4120818879158,14747900
2021-09-07,288.63323974609375,289.5082391184174,286.7294213995241,289.4313293174563,17180400
2021-09-08,288.6620178222656,289.0466254254841,286.0274249293561,288.24856538239777,15046800
2021-09-09,285.81591796875,290.51783226857776,285.5755345221825,289.2486006282176,19927000
2021-09-10,284.335205078125,288.38328426235665,284.01791177587137,286.9409832920089,19633400
2021-09-13,285.5660400390625,287.0564356937497,282.7679719235952,286.10449685746556,23652900
2021-09-14,288.2582702636719,289.7967304480166,286.6332755453167,288.0371068920759,21853400
2021-09-15,293.09478759765625,293.57555457579934,290.2101857287975,291.5947969733447,28356300
2021-09-16,293.4793701171875,293.565904644582,289.19093725653136,292.07553887775646,19550800
2021-09-17,288.335205078125,292.7871123350573,288.0082870289444,292.469819016164,41372500
2021-09-20,282.9794616699219,287.22945511957835,278.38333004418814,284.93137463486613,38278700
2021-09-21,283.4602355957031,286.09485893371766,282.7583344959058,284.316015013533,22364100
2021-09-22,287.0948486328125,288.6717786965253,283.1814270111703,285.3160339610174,26626300
2021-09-23,288.037109375,289.32556135418525,286.085196618995,287.35442848279695,18604600
2021-09-24,287.835205078125,288.26787776636394,285.5082799167376,286.7582917069234,14999000
2021-09-27,282.8544006347656,285.06591655736753,281.67170353978287,284.7486233260551,23571700
2021-09-28,272.6141052246094,279.59485135493725,271.87373461890644,278.6525374846611,43186200
2021-09-29,273.07562255859375,275.73906084869554,272.123713405147,274.1333156978042,26353700
2021-09-30,271.0757141113281,276.7583549818857,270.78723626688867,274.71990732676227,32343600
2021-10-01,277.9794006347656,278.8255549921346,270.46982472863607,271.2678847944345,30086300
2021-10-04,272.2198181152344,276.6813490007705,269.4698455515758,276.34480630440487,31350700
2021-10-05,277.6526184082031,279.22951920014657,273.1237713059689,273.1237713059689,24993000
2021-10-06,281.8352355957031,282.33525208926756,274.5276001795463,274.78720381326485,28002600
2021-10-07,283.5083312988281,285.229485530052,282.6141116407885,283.82562463617745,20430500
2021-10-08,283.5083312988281,285.229485530052,282.46026266569163,284.82562830246127,17685700
2021-10-11,282.91217041015625,286.50829832033395,281.489089470964,281.6525631685585,19298600
2021-10-12,281.614013671875,284.07553776176377,281.1044019503828,283.9793785165672,17974100
2021-10-13,284.912109375,285.8447984376841,282.20057671725624,283.5659677751689,23416300
2021-10-14,291.10443115234375,291.6044182903468,286.3736707555064,287.700592428169,27262900
2021-10-15,292.50823974609375,292.7390278517721,288.9601770620516,290.71017592364666,25384800
2021-10-18,295.4697570800781,296.3543518258326,291.0466953202489,291.8928498378823,22729300
2021-10-19,296.3736572265625,297.4024763811832,295.4024984250073,296.48903662007575,17682100
2021-10-20,295.5851745605469,297.787095667317,294.3351627369978,297.3159240470741,16537100
2021-10-21,298.8063049316406,299.0562838093166,294.57553200250277,295.3544015118529,16918100
2021-10-22,297.267822265625,299.1235756390308,295.960120910737,298.46011490450775,17449300
2021-10-25,296.2774658203125,297.4986033941539,294.67169118488476,297.4601338192577,17554500
2021-10-26,298.1812438964844,300.3831645978906,296.729347757345,299.03702309577824,28107300
2021-10-27,310.73895263671875,313.55624018654,303.8447410132644,303.8447410132644,52588700
2021-10-28,311.8735656738281,312.37355280117015,308.9985589964651,311.854316213441,26297900
2021-10-29,318.8639221191406,319.2293097590361,311.4408779594298,311.6620413582326,34766000
2021-11-01,316.700439453125,318.73888677742633,313.81583753903345,318.61388266615893,27073200
2021-11-02,320.31585693359375,320.6235548856837,317.30625052903974,317.6043237502232,26487100
2021-11-03,321.15234375,322.01771844825345,317.9311991041292,321.0561844849301,21500100
2021-11-04,323.49853515625,323.59469443504923,316.8351108815185,320.0851008365663,23992200
2021-11-05,323.13311767578125,325.75811609186775,321.556217155061,325.4888877422965,22570100
2021-11-08,324.02740478515625,324.66202088646315,321.57550428148005,324.325478043448,20897000
2021-11-09,323.0273132324219,325.6907514710201,321.6619222348102,324.1426666918192,21307400
2021-11-10,318.07550048828125,321.7581928936182,317.2293750440023,321.70050318931953,25500900
2021-11-11,319.64276123046875,320.93121335247633,317.79663226365136,318.50815807964443,16849800
2021-11-12,323.7677001953125,324.258091880674,320.9504128741325,321.07541697774906,23831000
2021-11-15,323.1427001953125,324.88307418193443,321.18116285112575,324.5561561818509,16723000
2021-11-16,326.45037841796875,327.5657612448941,322.60424288113046,322.7676872089823,20886800
2021-11-17,326.6719665527344,329.62928356256526,325.59308293416547,326.4985808420445,19053400
2021-11-18,328.7430114746094,329.87971962558396,324.7453511615108,325.7664394516795,22463500
2021-11-19,330.5155029296875,332.43247631359634,329.6389320213559,330.06278336471644,21963400
2021-11-22,327.3558349609375,336.83466359463443,327.086114106962,331.9700164889101,31031100
2021-11-23,325.2847900390625,326.98983755172486,321.3160273770026,324.6779107140383,30427600
2021-11-24,325.50634765625,325.74717091105794,321.65317557932343,323.9361753313232,21661300
2021-11-26,317.5784606933594,325.5256287318422,316.0757258160542,322.07705238453224,24217200
2021-11-29,324.2733459472656,326.58524340078264,322.4527079617969,322.6453783318279,28563500
2021-11-30,318.4549865722656,325.38106466384926,316.9137120997924,323.0113724333739,42885600
2021-12-01,317.9637451171875,326.8260526046821,317.2990999831267,322.82839247617034,33337600
2021-12-02,317.3954162597656,321.2485884430419,315.76744866054173,318.1756812750894,30766000
2021-12-03,311.1533203125,320.48763300351385,306.3561099885442,319.8036737217345,41779300
2021-12-06,314.216552734375,315.43031134746263,307.51204154241043,312.058785775437,30032600
2021-12-07,322.62615966796875,323.47383295914125,317.98307955857507,319.46655926353213,31021900
2021-12-08,322.6742858886719,323.184830047875,318.65734078900067,323.00180200991804,24761000
2021-12-09,320.8729553222656,324.13850382611764,319.92891744874584,322.1348670016077,22214200
2021-12-10,329.9664611816406,330.4095678226741,322.5009388766094,322.6839669365227,38095700
2021-12-13,326.9417419433594,331.17061366442005,326.6334810302887,328.17475619826337,28899400
2021-12-14,316.2877197265625,322.3564851767146,312.21297846991945,320.9885957509713,44438700
2021-12-15,322.3659973144531,322.886183766917,312.58857922136355,316.54769934976275,35381100
2021-12-16,312.9739074707031,324.39857838163,311.1629118249928,323.3871030361662,35034800
2021-12-17,311.9142761230469,312.99318902693045,305.6047184390456,309.10147689497717,47750300
2021-12-20,308.1671142578125,310.9510161666708,305.9130118209808,308.3019600117902,28326500
2021-12-21,315.27618408203125,315.7000353671043,308.061099295699,311.42301196127266,24740600
2021-12-22,320.9692687988281,321.3641930953662,313.7927235316347,316.2491091479911,24831500
2021-12-23,322.4045715332031,324.04218156998655,320.5165252794348,320.5357805584728,19617800
2021-12-27,329.8797302246094,329.90862784139654,323.11739392269027,323.1462915394775,19947000
2021-12-28,328.723876953125,331.18990573686557,327.82802113504204,330.5541285570506,15661500
2021-12-29,329.3981018066406,331.6618171734092,327.2114075590468,328.771937746174,15042000
2021-12-30,326.86468505859375,330.5348301286834,326.3830384153024,329.3596111431574,15994500
2021-12-31,323.9747314453125,326.90312120375734,323.5219825277928,326.08434561446063,18000800
2022-01-03,322.46240234375,325.5931052791262,317.67483390975656,323.04038414975616,28865100
2022-01-04,316.93310546875,322.895892734741,314.14917400711465,322.5394495565749,32674300
2022-01-05,304.7666931152344,314.1010061399775,304.3813817326678,313.8986934112964,40054300
2022-01-06,302.3584899902344,307.0015705102463,300.0562050121712,301.65527533473295,39646100
2022-01-07,302.5125732421875,304.88226603603744,298.7075537396608,302.61852137240913,32720000
2022-01-10,302.73406982421875,303.16756341784094,293.5057361453158,298.1295306229004,44289500
2022-01-11,303.4181213378906,304.98826465644487,298.51496217670007,301.8768462438373,29386800
2022-01-12,306.58734130859375,311.5386828731419,305.44101995485215,307.9359754170271,34372200
2022-01-13,293.6117858886719,309.10155860505483,292.8411630081282,308.7066048246282,45366000
2022-01-14,298.81353759765625,299.4107746285059,292.6002852144012,293.0819317744249,39846400
2022-01-18,291.5406799316406,298.4282204045511,290.6640795954702,292.9085692050015,42333200
2022-01-19,292.1957702636719,302.3874307648442,291.58892012341323,295.0471398564755,45933900
2022-01-20,290.5291748046875,300.2102576999121,290.08606825576,297.7249746936836,35380700
2022-01-21,285.1636962890625,292.9470927232566,284.7591001939449,291.5792327867731,57984400
2022-01-24,285.49114990234375,286.20397733564954,265.9170285250383,281.4742344395524,85731500
2022-01-25,277.9004211425781,284.1618263856482,274.70231034504417,280.81919810306823,72848600
2022-01-26,285.81866455078125,297.1758975203426,282.2737532824066,296.68460867157836,90428900
2022-01-27,288.8337707519531,296.01992832954136,286.9938775868818,291.5502640782282,53481300
2022-01-28,296.9447937011719,297.15671939709773,283.6417159546675,289.2095498959442,49743700
2022-01-31,299.5648498535156,300.9134540935953,295.12405410178434,297.6093663560582,46444500
2022-02-01,297.4263916015625,299.2277450230752,293.9296328904505,299.01581936187534,40950400
2022-02-02,301.953857421875,303.5529275513087,297.54198780490606,298.26445765509385,36636000
2022-02-03,290.1920471191406,299.8057228648471,288.9493907856898,298.12957287633566,43730000
2022-02-04,294.7098693847656,297.4648733158477,288.95900886982764,289.1901897878569,35096500
2022-02-07,289.9029846191406,296.5400568321185,288.8915095243236,294.9313742925604,28533300
2022-02-08,293.3805236816406,294.343816714322,288.9397569117174,290.192026095255,32421200
2022-02-09,299.78643798828125,300.4800101974915,296.10668068130565,298.4956287595179,31284700
2022-02-10,291.2805480957031,297.7731336434456,289.6622228774468,292.8796180366124,45386200
2022-02-11,284.21002197265625,293.12048369685596,283.4201145266006,292.06085534207085,39175600
2022-02-14,284.1714782714844,285.8668836168061,280.65546416556623,282.9866171180097,36359500
2022-02-15,289.4407653808594,289.7586392639557,286.1173914343104,288.9976586537799,27058300
2022-02-16,289.10284423828125,290.42527991431285,283.48487872602993,288.0120675250117,29982100
2022-02-17,280.6373291015625,286.4965868814694,279.9326604203937,286.0718591090062,32461600
2022-02-18,277.9344787597656,283.65861124098427,276.37072190934305,282.876732815773,34264000
2022-02-22,277.73175048828125,281.4191455825817,274.6235321794877,275.106174591051,41736100
2022-02-23,270.5403747558594,281.5736029979626,270.37629282765295,280.10635117029534,37811200
2022-02-24,284.3633117675781,284.9135313013762,262.0941791874867,263.0498313930732,56989700
2022-02-25,286.9889221191406,287.29782043336456,281.525404701234,284.89426986554474,32546700
2022-02-28,288.4175109863281,288.7553666251348,282.8285026347826,284.0930236175549,34627500
2022-03-01,284.7107238769531,289.5564422929051,282.00790913862056,286.11036896705997,31217800
2022-03-02,289.76885986328125,291.00442328606925,283.504170648304,285.10651756719705,31873000
2022-03-03,285.6470947265625,292.6067899776218,283.8419873820218,292.37513104919077,27314500
2022-03-04,279.79742431640625,285.3960935577323,277.20083543278474,284.0736581596549,32356500
2022-03-07,269.22760009765625,279.6333695655803,268.8607871426468,278.5136356085561,43157200
2022-03-08,266.27386474609375,274.10231170934804,260.6269417825075,268.1561527618495,48159500
2022-03-09,278.48468017578125,279.5464994060376,271.03267993001293,273.60034117475794,35204500
2022-03-10,275.6757507324219,276.6506980483507,270.83966326078166,273.1949611124185,30628000
2022-03-11,270.3473205566406,279.4596114101484,269.7295241457534,277.9634022977425,27209300
2022-03-14,266.84332275390625,275.49226599874805,266.244850912999,270.6079274452205,30660700
2022-03-15,277.1815490722656,277.82830290735563,269.053866830209,270.61762363193617,34245100
2022-03-16,284.1703186035156,284.34406286615354,273.3687750703698,279.07358456747613,37826300
2022-03-17,284.9714050292969,285.3478508163391,279.32448255840876,283.1084122705425,30816600
2022-03-18,290.0005187988281,290.5507382302181,282.5678431701578,285.1161798417101,43390600
2022-03-21,288.77459716796875,289.7205868535309,284.6624745949612,288.51398088334355,28351200
2022-03-22,293.50457763671875,294.4119479641465,288.39821134013704,289.3924537893616,27599700
2022-03-23,289.0931701660156,292.7033557846491,287.3846264690427,290.0777796338965,25715400
2022-03-24,293.5431213378906,293.6396557120755,287.96377622460426,288.75531685150304,24484500
2022-03-25,293.1377868652344,294.89461290569596,288.9002003810055,294.63399652050595,22566500
2022-03-28,299.9140930175781,300.0105979612611,293.76520217210094,293.76520217210094,29578200
2022-03-29,304.4605712890625,304.85634170771465,298.3213428484819,303.01264366587003,30393400
2022-03-30,302.96435546875,304.9818271718414,300.763506705358,302.86785052906407,28163600
2022-03-31,297.60699462890625,304.19990720218783,297.20159145457893,303.0029338565664,33422100
2022-04-01,298.678466796875,299.36381082776825,294.9331566706007,298.6301848769681,27110500
2022-04-04,304.03582763671875,304.17095222292346,298.95841894296694,299.3252319683475,24289600
2022-04-05,300.08770751953125,303.93918398521856,299.1127605612893,302.39472259793104,23156700
2022-04-06,289.10284423828125,296.3424814061848,286.4096909635366,294.59531799298344,40110400
2022-04-07,290.907958984375,293.1088077819277,286.0622385020708,286.3614745193312,31411200
2022-04-08,286.6605529785156,290.66647795522584,285.9945042847183,290.0100915335013,24361900
2022-04-11,275.3571472167969,282.4519668205672,275.10616374606843,281.66045568500346,34569300
2022-04-12,272.26824951171875,280.6469151575573,270.75274518786716,279.1989878449197,30966700
2022-04-13,277.63525390625,278.5619192143064,271.53464592371415,272.91502579688114,21907200
2022-04-14,270.11566162109375,278.3012882088098,269.6233863517897,278.088924351685,28221600
2022-04-18,270.7817687988281,272.654424271278,268.6774543262942,269.2276739096577,20778000
2022-04-19,275.3958740234375,276.23569694794094,268.74507387302685,269.68140175739114,22297700
2022-04-20,276.4189453125,279.64302251578187,275.46332277285063,279.35341939656814,22906700
2022-04-21,271.06158447265625,283.1179805141514,270.3376209737709,278.5618357161739,29454600
2022-04-22,264.5169677734375,273.36864152138946,263.88953860387505,271.901389909691,29405800
2022-04-25,270.97479248046875,271.351238292918,261.3701954398088,263.8027323682706,35678900
2022-04-26,260.8392333984375,268.6966355558546,260.62686958563427,267.8665048519019,46518400
2022-04-27,273.38800048828125,280.86895873505813,269.4689460085579,272.30688607431046,63477700
2022-04-28,279.57550048828125,280.8786411356231,271.689109042136,275.28963271284965,33646600
2022-04-29,267.8858642578125,279.81680135936267,266.9012842301464,278.59087064005706,37073900
2022-05-02,274.59454345703125,275.04822845042037,266.63094457560504,268.0692093712177,35151100
2022-05-03,271.998046875,274.26647285650915,270.42462737594974,274.1023614203299,25978600
2022-05-04,279.913330078125,280.7820806094394,267.1233049625317,272.77986042090856,33599300
2022-05-05,267.7217712402344,276.40933528615983,264.816254282709,275.6274568786791,43260400
2022-05-06,265.1927490234375,269.55582646003774,261.8528418348636,265.26995885904273,37780300
2022-05-09,255.3950653076172,262.90498063444784,254.17882636789196,260.6848371526901,47726000
2022-05-10,260.1442565917969,264.24671703897735,255.86805194857527,262.258232684761,39336400
2022-05-11,251.50497436523438,261.93970200384274,250.298368214071,256.45689072291424,48975900
2022-05-12,246.4855194091797,250.8582590815856,241.3405488261486,248.7442826712676,51033800
2022-05-13,252.05520629882812,253.90856640021337,246.48552263469378,248.41609257198036,34925100
2022-05-16,252.42201232910156,256.59205034843524,246.9005812826205,250.9354652701601,32550900
2022-05-17,257.557373046875,259.01493349139474,253.348714764612,256.87199942771946,28828800
2022-05-18,245.83084106445312,255.04176140596195,244.56337491481253,254.4612355715473,31356000
2022-05-19,244.9213409423828,249.30427969315693,243.70225448849024,245.65666082139012,32692300
2022-05-20,244.3601531982422,250.1460116670098,238.4388554517078,248.888200942443,39199300
2022-05-23,252.18751525878906,253.0099243599592,245.2019245791374,247.19505531377055,33175400
2022-05-24,251.1909637451172,252.84543724359756,245.26966530696015,249.51715021234446,29043900
2022-05-25,253.9967803955078,255.98989623202482,248.78179230730603,249.7590101930778,28547900
2022-05-26,257.2671203613281,258.4378274860186,252.94224496283675,253.7549694604812,25002100
2022-05-27,264.3687438964844,264.46550311516876,258.87316278571984,259.763306260141,26910800
2022-05-31,263.043212890625,265.8490529082615,260.1986632824182,263.6817882645863,37827700
2022-06-01,263.5753173828125,268.6742049770273,261.2725844284058,266.26505757978737,25292200
2022-06-02,265.66522216796875,265.7329565705162,253.10666158963318,255.86413679429918,44008200
2022-06-03,261.2532653808594,264.571926206195,259.6955513321792,261.53385823484007,28059000
2022-06-06,260.0245056152344,265.27820295854366,258.5441812387559,263.2270376292287,22400300
2022-06-07,263.65283203125,264.26238275252354,257.3058157580708,257.98310089876895,22860700
2022-06-08,261.6306457519531,264.13655309709793,260.85660150666956,262.88842705123176,17372300
2022-06-09,256.1930847167969,263.8559299419898,256.0382758855006,259.0859990893106,26439700
2022-06-10,244.77622985839844,252.11978854806873,244.33115809000796,252.11978854806873,31422800
2022-06-13,234.39459228515625,240.93512629318718,233.6882971691395,237.15206786424903,46135800
2022-06-14,236.55218505859375,237.76160149558388,233.6689256431726,235.94263445006774,28651500
2022-06-15,243.58615112304688,247.01122689050288,238.4195274205562,240.24816456305055,33111700
2022-06-16,237.01661682128906,239.38707028498348,235.12992997318065,237.99382006995404,33169200
2022-06-17,239.60960388183594,242.36707955457766,236.10713823491153,236.7553837419542,43084800
2022-06-21,245.5018768310547,246.47908003768092,241.4092008096241,242.1348507017861,29928300
2022-06-22,244.91168212890625,248.82052450027996,242.24128106481916,243.7119356534914,25939900
2022-06-23,250.4556121826172,250.94906352812058,245.39543280330932,247.27244944007643,25861400
2022-06-24,259.0086975097656,259.27960567496183,253.2228372705622,253.30991173150647,33923200
2022-06-27,256.28985595703125,259.58911783064,254.73211231864522,259.50204339521724,24615100
2022-06-28,248.15292358398438,258.2442876848407,247.99811473013298,255.40942252018837,27295500
2022-06-29,251.8101806640625,253.46465404099425,247.45626683639776,249.22685422747804,20069800
2022-06-30,248.4915313720703,251.10388274506582,244.68913309560924,248.70438985080898,31730900
2022-07-01,251.15225219726562,251.33608586530872,246.3436258304713,248.06584848912598,22837700
2022-07-05,254.31610107421875,254.44188511131125,246.46940643072733,247.84330176827007,22941000
2022-07-06,257.5670166015625,259.28922459470346,253.8807173042958,255.18689308896802,23824400
2022-07-07,259.6859436035156,260.3245191537176,256.41567617677276,256.51243541651996,20859900
2022-07-08,258.96990966796875,259.395626588486,254.74179480110894,256.1930944319359,19658800
2022-07-11,255.92218017578125,257.87658633518555,253.66781160194918,257.0251525146876,19455200
2022-07-12,245.43414306640625,257.3057794671245,243.8570592390129,257.2477298377406,35868500
2022-07-13,244.51499938964844,245.31805374321544,240.05467060292142,242.06714149558593,29497400
2022-07-14,245.83084106445312,246.85642391031848,237.95512128406688,242.4348047942675,25102800
2022-07-15,248.38510131835938,251.91659126646923,246.4984147054872,247.41756820782146,29774100
2022-07-18,245.9953155517578,252.3713557823353,245.07616196648328,251.3167481398981,20975000
2022-07-19,251.10389709472656,251.2877307699049,245.44382181429663,249.2171954923263,25012600
2022-07-20,253.75494384765625,256.27053629222974,250.5040461852087,251.46189468811332,22788300
2022-07-21,256.2414245605469,256.28981892441135,248.68499453524507,251.35539494275176,22404700
2022-07-22,251.90692138671875,256.71556241158675,250.65882485957425,256.62848796970013,21881300
2022-07-25,250.42662048339844,253.00994727720533,248.47221392948006,252.5261806476122,21056000
2022-07-26,243.72158813476562,251.44251309723307,241.46724894665664,251.42314353761344,39348000
2022-07-27,260.0148620605469,261.28232818719346,250.4459740907152,252.68097341491003,45994000
2022-07-28,267.4358215332031,268.81938674780196,259.17308078267786,260.9920476929204,33459300
2022-07-29,271.6252746582031,272.8443759995339,267.64872718084746,268.6839948428737,32152800
2022-08-01,268.98388671875,272.147709327751,266.8843268988861,268.80005306751355,21539600
2022-08-02,265.8974914550781,268.8678255810628,263.53670799309106,267.0391735890701,22754200
2022-08-03,273.2990417480469,274.29559953530566,267.62928313742134,267.77443670567607,23518900
2022-08-04,274.4407653808594,274.58588944445677,271.0737689983291,272.65082319177765,18098700
2022-08-05,273.72479248046875,274.4407575248996,269.63211684357026,270.08685858100347,16774600
2022-08-08,271.2189636230469,276.63715644551485,270.251430244991,274.82784422605897,18739200
2022-08-09,273.1346130371094,273.8892877589125,268.5968799256363,270.5610006852255,23405200
2022-08-10,279.77191162109375,280.400802313646,277.6239866748656,278.81406317438757,24687800
2022-08-11,277.70135498046875,281.7553212542064,277.20793315057733,281.40702349193015,20065900
2022-08-12,282.4326171875,282.4326171875,277.62397604955174,279.1139854304459,22619700
2022-08-15,283.94195556640625,284.62889583747915,280.6910288186994,281.55214749764076,18085700
2022-08-16,283.20660400390625,284.49343955539996,280.99097447536275,282.5099789943521,18102900
2022-08-17,282.4599914550781,284.42825118128314,280.6662502253201,280.9280279699906,18253400
2022-08-18,281.3450622558594,283.0321341039528,280.28818642679033,281.36444334293145,17186200
2022-08-19,277.447265625,280.4529907173876,276.8752129457477,280.11362940883,20570000
2022-08-22,269.30279541015625,273.86954199957296,268.7889154719794,273.5010941968334,25061100
2022-08-23,268.0326232910156,270.37900717902073,267.02424456116967,268.0326232910156,17527400
2022-08-24,267.4023742675781,268.79858174374715,266.74303270034477,267.0339265183886,18137000
2022-08-25,270.3692932128906,270.5341064037505,266.170965672793,268.89550229541334,16583400
2022-08-26,259.9365539550781,271.813993730699,259.82991359676106,270.59230474229855,27549300
2022-08-29,257.16351318359375,259.2674999332414,255.82547868834627,257.76465225492166,20338500
2022-08-30,254.97225952148438,258.92816091829354,252.73251622654692,258.559742764077,22767100
2022-08-31,253.5178985595703,258.9863535184162,253.38214218494335,257.3186923863377,24791800
2022-09-01,252.4803924560547,252.9555101006961,247.64216387595837,250.9969258611679,23263400
2022-09-02,248.2724151611328,256.68842221316766,246.7307755662362,253.74089939007345,22855400
2022-09-06,245.54786682128906,249.98856152174304,244.27771043015858,248.408159830305,21328200
2022-09-07,250.24066162109375,250.9581464072949,245.5187784892074,246.95376285633063,24126700
2022-09-08,250.65757751464844,252.50949191714798,247.041022768642,249.67831493374948,20319900
2022-09-09,256.41693115234375,257.1635319672501,252.37377054080144,252.57737549512018,22084700
2022-09-12,258.5403747558594,259.31606213090066,257.09569955467623,257.69683877692836,18747700
2022-09-13,244.32620239257812,252.48041678186516,243.9383587650543,250.96786362132625,33353300
2022-09-14,244.5491943359375,246.49805856116708,242.26096879830945,245.8193507310912,23913000
2022-09-15,237.917236328125,243.75413876662034,236.59859756302296,242.1737221928397,31530900
2022-09-16,237.2966766357422,237.83964287173066,234.69817634172827,236.83126432370605,39791800
2022-09-19,237.08338928222656,237.68452841666505,233.52500718935042,235.09573320886867,26826900
2022-09-20,235.0763397216797,236.10409946317117,232.35180291402574,234.7079067620096,26660300
2022-09-21,231.6827850341797,240.12789337863492,231.634302730604,236.84099440441966,28625600
2022-09-22,233.65106201171875,236.44347719720534,230.34478171455967,230.6356459674454,31061200
2022-09-23,230.68408203125,233.79646206572184,228.04680483912333,232.25480786085487,34176000
2022-09-26,230.2283935546875,234.106740937524,229.69511783060327,229.84056473429231,27694200
2022-09-27,229.22003173828125,234.44610429031408,227.36811729613822,232.68144911431068,27018700
2022-09-28,233.73829650878906,234.95997054824008,227.59110496512747,229.60784728045007,29029700
2022-09-29,230.2769012451172,232.65238632006964,227.28088111228263,231.6246265174576,27484200
2022-09-30,225.8167724609375,233.224415436406,225.65194447106404,231.0428450141116,35694800
2022-10-03,233.4183349609375,234.26187075492425,227.52324535563076,228.25043546623195,28880400
2022-10-04,241.31080627441406,242.7457908263603,237.52940827026438,237.63606342718273,34888400
2022-10-05,241.62103271484375,242.95906726147314,236.67614880702004,238.50866730601555,20347100
2022-10-06,239.28436279296875,242.72639950945782,238.5959643265048,240.3896913514899,20239900
2022-10-07,227.1160430908203,233.98072018796898,226.07857799580754,233.5734806664739,37769600
2022-10-10,222.2777862548828,227.4262900818972,219.83442324055144,225.962219258619,29743600
2022-10-11,218.55458068847656,222.0935668585732,217.29411479408543,220.69735939369207,30474000
2022-10-12,218.88421630859375,220.9300450129457,217.14866247633316,218.54485501658382,21903900
2022-10-13,227.1160430908203,228.91947533494175,212.465584291104,213.16368804977824,42551800
2022-10-14,221.6087646484375,230.02478606979594,221.3954543611521,228.3764766144597,30198600
2022-10-17,230.30593872070312,231.6924554615013,227.98862698827506,228.64795366917255,28142300
2022-10-18,231.2464599609375,236.5113093692739,228.21164843552518,235.84230688122926,26329600
2022-10-19,229.28787231445312,232.32268360031256,227.16447494797129,229.83083853160068,19985700
2022-10-20,228.96795654296875,233.9710288478756,227.72688640768192,228.59952355559247,21811000
2022-10-21,234.75636291503906,235.60960407563198,227.3681158672251,227.60082203685621,26299700
2022-10-24,239.73033142089844,240.30238407052286,233.96129303725664,236.346468231669,24911200
2022-10-25,243.03662109375,243.40505400256714,238.35351526216095,239.74001722910089,34775500
2022-10-26,224.28485107421875,231.05256356203466,223.06316209926047,224.13940416091688,82543200
2022-10-27,219.85382080078125,226.58275598538947,218.91332036173824,224.01334192609988,40424600
2022-10-28,228.69642639160156,229.40423538492817,219.17509201652825,219.35931586973052,40647700
2022-10-31,225.07022094726562,227.7753619981535,224.12001509457988,226.65063759786585,28357300
2022-11-01,221.23065185546875,228.57043214353084,220.41620237096575,227.46510361607025,30592300
2022-11-02,213.40606689453125,224.2654364159978,213.34787925724922,222.48140020209192,38407000
2022-11-03,207.73399353027344,213.70665239090863,207.4722009244926,213.3963774811355,36633900
2022-11-04,214.65682983398438,214.85074424296624,206.93891208084915,210.9336199205367,36789100
2022-11-07,220.93975830078125,221.46334350265937,214.55018429237435,215.23859748900023,33498000
2022-11-08,221.90933227539062,224.6047824698309,218.97148537429405,221.74450429023085,28192500
2022-11-09,217.68194580078125,221.67665381960256,217.507427263288,220.45496487826287,27852900
2022-11-10,235.59024047851562,235.92960183972272,227.85294051339187,228.2698558137152,46268000
2022-11-11,239.59463500976562,240.4478762714851,234.57216684835737,235.59994145666624,34620200
2022-11-14,234.20372009277344,236.49194578262,231.93489028356817,234.6303406985499,31123300
2022-11-15,234.61093139648438,239.4879520708681,232.72993053937964,238.18870924194545,31390100
2022-11-16,235.0387725830078,237.05148093249457,233.76503649853092,236.06942880902983,24093300
2022-11-17,234.99014282226562,236.51669138454196,231.05226116577742,231.1981031395672,23123500
2022-11-18,234.54286193847656,236.99311072037338,232.4134803048627,236.76946659991202,27613500
2022-11-21,235.34986877441406,237.8973403680741,234.5136736567099,234.74702077282302,26394700
2022-11-22,238.24740600585938,238.5196542333606,234.04699418411522,236.84726378647278,19665700
2022-11-23,240.72682189941406,241.40744246425524,237.50844728562427,238.3251919634337,19508500
2022-11-25,240.63929748535156,241.81579547416155,239.900325357093,240.46427230471662,9200800
2022-11-28,235.06788635253906,239.8225266855465,234.1344682213795,239.2683124519981,24778200
2022-11-29,233.67747497558594,236.06937189775329,231.61616302048014,234.71784880402407,17956300
2022-11-30,248.0775604248047,248.26230347666475,233.2205218203915,233.910875092645,47594200
2022-12-01,247.6400146484375,249.03042418074372,243.97436658880594,246.84270566954237,26041500
2022-12-02,247.9608612060547,248.9720667058495,242.778397783122,242.90480403425175,21528500
2022-12-05,243.27430725097656,246.7941135147601,241.19354435975268,245.03420296466012,23435300
2022-12-06,238.33493041992188,244.88836862260774,237.03202596367208,243.87716295834053,22463700
2022-12-07,237.605712890625,239.34617311444467,235.50551403372242,238.05298639132818,20481500
2022-12-08,240.55178833007812,241.85470746474556,236.33192613856002,238.06265330165112,22611800
2022-12-09,238.62661743164062,241.4366198107319,237.40150036949424,237.9265463000095,20609700
2022-12-12,245.52035522460938,245.54952361837397,240.3281734246865,240.60042165743343,30665100
2022-12-13,249.80831909179688,256.61455504948896,246.06488338049942,254.44627205503255,42196900
2022-12-14,250.09999084472656,255.32134114124744,247.27053790250687,250.01248566170938,35410900
2022-12-15,242.1171875,247.1635262894132,240.49341629115364,246.69681724910365,35560400
2022-12-16,237.91680908203125,242.92424748334844,236.7694646066407,241.6699621291789,86102000
2022-12-19,233.79415893554688,238.42240802601717,232.1023329485857,238.08209035651285,29696400
2022-12-20,235.10682678222656,236.18610187706696,231.8203825618914,232.7732513908985,25150800
2022-12-21,237.66400146484375,238.82106381583225,233.4635897668888,234.99985605475112,23690600
2022-12-22,231.59671020507812,235.29152609380486,227.39628418343173,234.58172240299402,28651700
2022-12-23,232.1217803955078,232.25790450291396,227.46437751544144,229.57430859844388,21207000
2022-12-27,230.40078735351562,232.3162427208361,229.30206179925912,232.09261343652005,16688600
2022-12-28,228.0380096435547,233.0843484187372,227.6879741552064,230.3326834368573,17457100
2022-12-29,234.33865356445312,235.22346762933782,229.12702186965714,229.12702186965714,19770700
2022-12-30,233.18161010742188,233.31773420922855,230.10907771074054,231.61617551843796,21938500
2023-01-03,232.94827270507812,238.94748134129327,230.82860879757206,236.3513904454424,25740000
2023-01-04,222.7583465576172,226.42397945527185,219.70526469993285,225.85031465735742,50623400
2023-01-05,216.15631103515625,221.2512697398711,215.62153242856337,220.910952034835,39585600
2023-01-06,218.70379638671875,219.51082327228505,213.27826716927703,216.8272270587664,43613600
2023-01-09,220.83314514160156,224.8391105735464,220.14280677677522,220.18169301907503,27369800
2023-01-10,222.5153045654297,224.90720202339816,221.03737489705813,221.45546512498274,27033900
2023-01-11,229.24374389648438,229.41875426303784,224.71273203443783,224.88774240099133,28669300
2023-01-12,231.90785217285156,233.25937529724501,227.09487499383394,228.74781470305837,27269500
2023-01-13,232.6079559326172,232.74408004932297,228.41726187215806,230.4396879177981,21333300
2023-01-17,233.69692993164062,234.24142631977972,230.52715978632344,231.38280544563565,29831300
2023-01-18,229.28262329101562,235.67076853478866,229.0006572078567,234.88319223600368,30028700
2023-01-19,225.510009765625,229.00064735365646,224.29461063179636,227.3088064182575,28623000
2023-01-20,233.570556640625,234.07616685941196,228.0186065956563,228.35892430446629,35389800
2023-01-23,235.86521911621094,238.38352255893335,233.0163158336519,234.4261906970003,31934000
2023-01-24,235.34019470214844,237.19732842463722,233.78449247373834,235.78746818012206,40234400
2023-01-25,233.9497528076172,236.5652941592754,224.50852565701223,227.98943061234027,66526600
2023-01-26,241.13522338867188,241.43664004408095,235.30130669378465,236.9056278503117,33454500
2023-01-27,241.29078674316406,242.91455836670545,239.99760015608618,242.09781362847204,26498900
2023-01-30,235.99163818359375,238.80164053803622,235.49574581512883,237.74180116090332,25867400
2023-01-31,240.95045471191406,241.08657882687118,236.22498209780977,236.7111417707159,26541100
2023-02-01,245.75372314453125,248.1164521150048,238.67523924937854,241.13520609235906,31259900
2023-02-02,257.27569580078125,257.3632009780913,250.12914292548695,251.6556913662783,39940400
2023-02-03,251.19873046875,256.88680506414505,249.98333118224824,252.3557929633264,29077300
2023-02-06,249.6624298095703,251.15007723406973,247.72752379068612,250.31389683270552,22518000
2023-02-07,260.15374755859375,261.33024559426707,252.88078856760495,253.31834411841427,50841400
2023-02-08,259.34674072265625,269.0991022332483,258.84111568990085,265.63764785701306,54686000
2023-02-09,256.3227844238281,266.39602683122865,255.5254755531628,266.22098682274134,42375100
2023-02-10,255.8172607421875,256.7798475306488,253.44479884068832,254.2907120393768,25818500
2023-02-13,263.8096923828125,266.9988986544617,259.7551076492649,260.23156430688056,44630900
2023-02-14,264.63616943359375,267.3586517330217,261.8261522809417,265.12232910655104,37047900
2023-02-15,262.5209655761719,263.8953733913227,259.46022127566107,261.54621079213484,28922400
2023-02-16,255.53196716308594,260.006088165567,255.28827846089968,257.35475389589425,29603600
2023-02-17,251.545166015625,253.523916634786,249.53717394877788,252.84160627305934,30000100
2023-02-21,246.291259765625,249.04007506409081,245.23852294112166,248.0555633319736,28397400
2023-02-22,245.16053771972656,247.9190951759008,244.0200765591585,247.6754065123544,22491100
2023-02-23,248.33824157714844,250.3559759296498,244.15653587973247,249.10829119149065,29219100
2023-02-24,242.92832946777344,244.66339137207996,241.83660913434213,243.64965318726144,24990900
2023-02-27,243.84463500976562,246.4374860355747,243.09406973943646,246.08657375483682,21190000
2023-02-28,243.12332153320312,245.1410709516809,242.4507383937105,242.78216630386783,22491000
2023-03-01,240.05284118652344,244.59518672884,239.58494822729267,244.4294802167035,27565300
2023-03-02,244.7706298828125,245.05330217438188,239.40947954597493,240.3257512560428,24808200
2023-03-03,248.84510803222656,249.16677885152734,245.04357084699137,245.82337754163785,30760100
2023-03-06,250.38522338867188,253.55317601638902,249.51769234094775,249.9563289608396,24109800
2023-03-07,247.73391723632812,251.1845574289097,246.99310897042966,249.82963402877948,21473200
2023-03-08,247.29527282714844,248.11406323334165,244.47823224326854,247.62668586676327,17340200
2023-03-09,245.9501190185547,253.0073336989174,245.22879516854297,249.36176055143883,26653400
2023-03-10,242.3142547607422,246.40822131411622,241.34925717678098,244.74139919259653,28333900
2023-03-13,247.5096893310547,251.39896558800064,239.52644667781433,241.15428509526765,33339700
2023-03-14,254.20626831054688,254.47919841708625,249.40072024994075,250.26825127577843,33620300
2023-03-15,258.7388916015625,259.7526448252449,252.66615907277222,253.41673923474747,46028000
2023-03-16,269.2272644042969,269.57816182335324,256.6334203873444,258.514689849532,54768800
2023-03-17,272.37567138671875,276.1772083863334,269.3441988521381,271.23522516040924,69527400
2023-03-20,265.3574523925781,270.47491398328793,263.0375317119125,269.9875366889346,43466600
2023-03-21,266.8683166503906,268.05751846766043,262.7158524815854,267.9405526736913,34558700
2023-03-22,265.4159851074219,273.9450893595406,265.30874661401754,266.497948625342,34873300
2023-03-23,270.65032958984375,273.964488836945,268.25244192390784,270.9232596514369,36610900
2023-03-24,273.4869384765625,273.54542137989336,268.3304776871036,270.24098860593506,28172000
2023-03-27,269.4026794433594,274.3544196920251,268.56437502402,273.41866361100745,26840200
2023-03-28,268.2817077636719,269.16873798129603,265.18196566074795,268.82756793649463,21878600
2023-03-29,273.4283752441406,274.0424752958544,271.3813849874763,271.9174880262277,25087000
2023-03-30,276.8790588378906,277.27871183195333,274.3739618829966,277.054537290587,25053400
2023-03-31,281.021728515625,281.9672416312898,275.85554123239365,276.5671227721079,32766000
2023-04-03,279.9787902832031,280.99251370652144,276.781596204477,279.2866930601582,24883300
2023-04-04,279.9300537109375,283.1175206876223,278.4581943099055,279.9788092952923,25824300
2023-04-05,277.1617431640625,279.90080144519544,275.77760817176124,278.6336322553814,22064800
2023-04-06,284.2384338378906,284.70629698554035,274.9100256186965,276.0602288528665,29770300
2023-04-10,282.08428955078125,282.2889797177499,277.5224147425445,281.90881108908263,23103000
2023-04-11,275.6898193359375,278.7603200001052,274.5298887759889,278.53611574215296,27276600
2023-04-12,276.33319091796875,279.7643463826104,274.8418174679427,277.6003898328518,27403400
2023-04-13,282.5228576660156,282.58134055975376,276.021261419223,276.4306416753899,24222700
2023-04-14,278.9163513183594,281.1972739689878,276.5281901717606,279.75462616341997,20987900
2023-04-17,281.5091247558594,284.238455563406,278.9357880056503,282.61060224538903,23836200
2023-04-18,281.0899963378906,284.39442891149264,279.76434427989847,284.2092231464568,20161800
2023-04-19,281.16796875,281.75279769664104,277.3566747962618,278.7700510801762,17150300
2023-04-20,278.8870849609375,281.73338210050423,277.88308869454204,278.0488101013178,23244400
2023-04-21,278.54595947265625,279.04306422525923,275.9141094408332,277.81489332461183,21676400
2023-04-24,274.65667724609375,277.75642043347494,271.6836867023162,274.96860595316434,26611000
2023-04-25,268.4670104980469,274.4909887047074,268.4182549042338,272.45375451172964,45772200
2023-04-26,287.9132995605469,292.0072813214267,285.3399625443694,289.20974000859206,64599200
2023-04-27,297.13446044921875,297.4951446738083,287.79632356423065,288.4981481341887,46462600
2023-04-28,299.5031433105469,301.13096702652024,295.6528502866571,296.33519048615636,36469600
2023-05-01,297.8460388183594,300.80930138647517,297.44638582832135,299.2204464922504,21294100
2023-05-02,297.6998596191406,301.3746744145902,296.2377274555762,299.9905392914893,26404400
2023-05-03,296.71533203125,300.819041090019,296.4131604465873,298.8792887083803,22360800
2023-05-04,297.6998596191406,299.9905392914893,295.74059300087464,298.5088929942314,22519900
2023-05-05,302.8075256347656,304.0942089102195,296.58858621722317,298.00199235653776,28197100
2023-05-08,300.8580627441406,302.3689505307948,298.36269283862055,302.30071055555146,21318600
2023-05-09,299.2496643066406,302.21292664070313,298.5770812481338,300.22441891350263,21340800
2023-05-10,304.4256286621094,305.09821176430125,299.9027824610233,300.8287815493971,30078000
2023-05-11,302.2811279296875,303.26563957263573,298.52834660179957,302.27140061196803,31680200
2023-05-12,301.1700134277344,302.8075944703098,298.85984914496584,302.7101130338608,19774700
2023-05-15,301.6476135253906,302.07650801921994,299.8248268001941,301.2967160743426,16336500
2023-05-16,303.8700256347656,305.790293615096,302.0082405576207,302.0082405576207,26730300
2023-05-17,306.7420349121094,307.1620885056331,303.55737876771076,305.0715691203483,24315000
2023-05-18,311.1575927734375,311.665592368816,306.4685537852504,307.2598287418547,27276000
2023-05-19,310.9818115234375,311.382338265414,309.0573453697489,309.41878833362847,27546700
2023-05-22,313.756103515625,315.1335157612651,310.65939292099665,311.2357518358931,24115700
2023-05-23,307.9729309082031,315.26048835857114,307.9631525133489,312.63266399021563,30797200
2023-05-24,306.5955505371094,309.1842914063532,305.38419212471825,307.45521463229585,23384900
2023-05-25,318.3865661621094,319.3438949651791,312.6033903237595,315.7684901108892,43301700
2023-05-26,325.1954345703125,325.69362591247574,316.3936865085404,316.53043497879963,36630600
2023-05-30,323.55426025390625,327.9795506793169,322.88020682779495,327.4813593124993,29503100
2023-05-31,320.7994384765625,328.1749119576372,319.7639124360726,324.60928590262876,45950600
2023-06-01,324.8926086425781,325.82066191290807,317.2143019258067,318.3963251868189,26773900
2023-06-02,327.64739990234375,329.6988654721622,324.8632701870316,326.5239875083562,25873800
2023-06-05,328.1749267578125,330.73436207197636,326.92451447409195,327.4715679849584,21307100
2023-06-06,325.9671630859375,327.6181020499909,324.4920861780968,327.57901828059016,20396200
2023-06-07,315.9052734375,326.75845825838536,315.045609330463,323.9841067025186,40717100
2023-06-08,317.7417907714844,319.08989754628954,315.8759358684607,316.4522947423508,23277700
2023-06-09,319.2364196777344,322.3624353785323,316.9114274266321,317.47800789711727,22529000
2023-06-12,324.1794128417969,324.4236341819199,317.6440473951295,320.98497863319494,24260300
2023-06-13,326.5631103515625,329.1909351194717,322.7532623015664,326.7389426125968,22951300
2023-06-14,329.54254150390625,331.20325873096044,325.11725150881233,326.6118850882896,26003800
2023-06-15,340.0538330078125,341.7536041604146,329.40578750574196,329.6793142407834,38899100
2023-06-16,334.4172058105469,343.3459537429244,334.04601435643656,343.19942687785715,46552000
2023-06-20,330.236083984375,334.172930792226,328.09670266125204,331.4669690777266,26375400
2023-06-21,325.8499450683594,329.923570971666,324.3943951235906,328.59499110748806,25117800
2023-06-22,331.8577880859375,332.2583147464339,325.6350317853251,326.3970013361719,23556800
2023-06-23,327.27618408203125,330.1482299651682,325.74249643584824,326.6314360457984,23146900
2023-06-26,321.0046081542969,328.340998601614,320.8971352379601,326.00625756335666,21520600
2023-06-27,326.83660888671875,328.3800749537934,321.6884029069419,324.1892275549751,24354100
2023-06-28,328.0870056152344,330.1677765285819,326.0941508206252,326.924509469394,20259500
2023-06-29,327.3055419921875,328.34103844963045,324.9317168951543,326.9734044315158,16997000
2023-06-30,332.6686096191406,334.80799133337183,329.40581549810116,329.94309061938924,26832800
2023-07-03,330.17755126953125,333.02029191600536,328.7903904255227,331.3498259032752,12508700
2023-07-05,330.3338317871094,333.752931098431,326.99290001201024,327.3445644884712,18172400
2023-07-06,333.38177490234375,335.06201951292167,327.7451550984621,329.50353744833353,28161200
2023-07-07,329.4254150390625,333.88979008817773,329.21049898077155,331.47688108416946,21214800
2023-07-10,324.1599426269531,327.48137758941004,320.0179571321777,326.8659348779879,32791400
2023-07-11,324.7851257324219,325.1660955778508,319.44156081618985,323.40771358997307,26698200
2023-07-12,329.40582275390625,333.75294560855826,327.91118903960694,328.8196854554752,29995300
2023-07-13,334.7395935058594,335.79461674267833,331.1837159282275,331.711242452727,20567200
2023-07-14,337.2599792480469,343.3069035731136,336.35148278353853,339.55566639937143,28352700
2023-07-17,337.7386779785156,338.9695335941496,334.29027291358,337.689815809939,20363900
2023-07-18,351.18060302734375,358.30210756551196,334.2609666964125,337.8363418414127,64738600
2023-07-19,346.8725280761719,354.0819486228708,344.293565577068,353.388368189592,39732900
2023-07-20,338.8523254394531,349.69576227029717,337.38699694372247,345.39747131192405,33778400
2023-07-21,335.823974609375,342.20303681474576,331.9750427010371,341.07962426148026,69405400
2023-07-24,337.1329650878906,338.901155398555,334.397697414045,337.8558806826926,26678100
2023-07-25,342.8672790527344,343.75624842360725,337.0938822455354,339.0867071747874,41637700
2023-07-26,329.96258544921875,336.7031188576935,325.4102957060048,333.54776814346803,58383700
2023-07-27,323.07562255859375,333.4403649695194,321.444210409782,332.61003601882766,39635300
2023-07-28,330.548828125,332.15093507293165,325.4690400866874,325.9574829641513,28484900
2023-07-31,328.15533447265625,329.8941891744668,325.65448059073566,329.1322198065313,25446000
2023-08-01,328.565673828125,330.7148339075202,325.9867115450311,327.4422614370604,18311900
2023-08-02,319.9300231933594,325.9183364890345,318.8163593371292,325.9183364890345,27761300
2023-08-03,319.10943603515625,322.25500868577666,318.415855644904,318.46468799733185,18253700
2023-08-04,320.2035217285156,327.3934143700841,319.67599522143337,324.20875816253636,23741500
2023-08-07,322.4796447753906,323.45653023504116,319.94951501235715,320.7798736154958,17741500
2023-08-08,318.51348876953125,321.15109140709956,315.53400007450387,319.40245810571645,22327600
2023-08-09,314.7818908691406,319.54906805843905,313.62914308212316,318.92387671073834,22373300
2023-08-10,315.4656982421875,320.67251582192995,313.7561482330681,318.48427153797036,20113700
2023-08-11,313.5899963378906,314.9576299552727,311.83158470510494,312.85733227727417,24355500
2023-08-14,316.5499572753906,316.5694842512484,312.68146957881606,313.96121689583384,18836100
2023-08-15,314.4203186035156,317.5756691585243,313.48251697268347,315.5339822625221,16966300
2023-08-16,313.6568298339844,317.5922437105838,313.0694515072215,314.0484054267254,20698900
2023-08-17,310.21087646484375,315.0958462335388,309.55496429159837,313.79385086017476,21257200
2023-08-18,309.8193054199219,311.679311641093,304.9930405423695,307.8711670676138,24755000
2023-08-21,315.10565185546875,315.9769051965937,310.3675190796091,311.23877242073405,24040000
2023-08-22,315.6734619140625,319.2172702035748,314.69450802744353,318.6494900944686,16084600
2023-08-23,320.117919921875,322.2716304158125,316.65241480901244,317.00485374224843,21166400
2023-08-24,313.23583984375,325.97203798658785,313.2260407459276,325.84476921608996,23281400
2023-08-25,316.18255615234375,318.5124414479657,312.0905059538923,314.70432613416926,21684100
2023-08-28,316.8873596191406,319.285778523708,314.94902032407407,318.8061007178544,14808500
2023-08-29,321.498291015625,322.05630197314525,315.10572250532454,315.10572250532454,19284600
2023-08-30,321.8702392578125,322.86876141280084,319.57949087262745,321.75276957784916,15222100
2023-08-31,320.8619384765625,323.94563727355137,319.9025529034829,322.2716344766663,26411000
2023-09-01,321.742919921875,325.002822529808,319.90248222418256,324.3371411977519,14942000
2023-09-05,326.5300598144531,327.80271780347465,321.7429908017799,322.0758315411327,18553900
2023-09-06,325.8742370605469,327.4209713529362,323.23104910959074,326.3637140977382,17535800
2023-09-07,322.9666748046875,326.0699418421109,322.1051906191248,324.3176359252016,18381000
2023-09-08,327.23486328125,329.08510023164433,322.52609807587226,323.1428437260037,19530100
2023-09-11,330.82763671875,331.29754527961506,328.3704532160462,330.1423571352341,16583300
2023-09-12,324.7875061035156,329.7018735211136,324.50363099894156,328.75228709732,17565500
2023-09-13,328.9871826171875,329.7605644160493,324.20011449262233,324.33715247737837,16544400
2023-09-14,331.5716552734375,333.68616913545833,329.4864789543326,332.01216654665086,20267000
2023-09-15,323.2701721191406,330.29905425690873,322.7121612017879,329.82917548465673,37679800
2023-09-18,322.1345520019531,323.4463465779978,319.4913646526402,320.90106058890035,16834200
2023-09-19,321.7331848144531,322.45763099664185,317.6803313099975,319.3053983263758,16505900
2023-09-20,314.01904296875,322.6534238453553,313.7645352608611,322.57512067569024,21436500
2023-09-21,312.80511474609375,318.50263318201627,308.37045511046944,312.54080796824985,35560400
2023-09-22,310.3381652832031,314.68472270748657,309.49624944861836,314.5574539286877,21447900
2023-09-25,310.85699462890625,310.9842634015669,308.3704436389246,309.9269765789233,17836000
2023-09-26,305.5706787109375,309.23195666524725,303.49527138826676,308.4977412546043,26297600
2023-09-27,306.20697021484375,307.6851701509051,303.1722074325514,305.7272625333357,19410100
2023-09-28,307.0390930175781,308.84036447643473,302.9372740873856,304.4448414726015,19683600
2023-09-29,309.1047058105469,312.74641565358826,308.3509220336715,311.0626136858314,24147300
2023-10-02,315.02734375,315.1154758886586,308.5466739037748,309.62352913697714,20570000
2023-10-03,306.7943420410156,314.6259723470464,304.66020007739525,314.0777307403494,21033500
2023-10-04,312.2471008300781,313.3043876816742,307.3914982671209,307.420865686593,20720100
2023-10-05,312.6387023925781,313.2456789043345,308.2725763744339,312.3743955953389,16965600
2023-10-06,320.3724670410156,322.26184092251725,309.6431106472469,309.8878491254301,25673600
2023-10-09,322.87860107421875,323.34847985310256,316.3783324634904,317.91529734513176,19891200
2023-10-10,321.4786682128906,324.13162477364205,320.7738202479149,323.9945568948938,20557100
2023-10-11,325.423828125,325.81540366125716,322.21286092721374,324.23927254305164,20063200
2023-10-12,324.1903381347656,326.6083551720829,321.8016885159057,323.6127589882386,19313100
2023-10-13,320.83258056640625,326.80417560812504,319.49138859402285,325.38471034218486,21072400
2023-10-16,325.63922119140625,329.06555964733286,323.6421469834392,324.0826582883067,22158000
2023-10-17,325.0714111328125,326.4419405397074,320.51928173209353,322.65339394249423,18338500
2023-10-18,323.16241455078125,328.52709196343386,321.3905106177838,325.4923293025366,23153600
2023-10-19,324.3469543457031,329.7899346500429,323.94557973464435,325.15947278983907,25052100
2023-10-20,319.7948303222656,324.9343374400908,318.6005055684448,324.73853474262626,25027700
2023-10-23,322.38909912109375,325.7273354388913,317.56286365993043,318.620120705819,24374700
2023-10-24,323.5736083984375,324.8560355263617,320.70528084515973,324.3273920928105,31153600
2023-10-25,333.500244140625,338.91385810810175,330.5144167677778,337.7586697804962,55053800
2023-10-26,320.9891662597656,334.4399815109655,320.05914822735156,333.3729254857893,37828500
2023-10-27,322.8687438964844,329.63331810351394,321.4884154812009,323.47569046023347,29856500
2023-10-30,330.2109680175781,332.3059438965827,324.8462893966071,326.3930534311685,22828100
2023-10-31,330.99407958984375,331.865362876774,327.64607407506094,331.71852577091533,20265300
2023-11-01,338.7865295410156,340.10812307119625,332.50163335597534,332.63870122035286,28158800
2023-11-02,340.9892272949219,341.48847346531505,337.5139230484177,339.93194035995595,24348100
2023-11-03,345.3749084472656,346.93147136857294,340.02002965992455,342.2716414539088,23637700
2023-11-06,349.02642822265625,350.0151812088652,345.91336203130555,346.0112633950899,23828300
2023-11-07,352.94219970703125,354.83157330344505,350.10323976353783,351.8359771725129,25833900
2023-11-08,355.5560302734375,356.211912585882,352.9617788165993,354.06800138493276,26767800
2023-11-09,353.0988464355469,357.11256296700316,352.77577495327927,354.6749477041347,24847300
2023-11-10,361.88983154296875,362.3107744686887,353.4708236520889,353.8819674806025,28042100
2023-11-13,358.9627685546875,360.715104203908,358.19918579348337,360.4703657564029,19986500
2023-11-14,362.4772644042969,364.1219297278,359.61873563127864,363.2017106346947,27683900
2023-11-15,362.6243896484375,366.0184363495822,360.1131537221127,364.20368992773217,26860100
2023-11-16,369.00048828125,369.17705042836303,363.12463294088235,363.88976551430744,27182300
2023-11-17,362.80096435546875,367.23480603716206,360.0052770614011,366.4892814424939,40157000
2023-11-20,370.2463073730469,371.64904556813445,363.9290460653395,364.1448542442713,52465100
2023-11-21,365.95953369140625,369.04949073661675,364.0466874588826,368.5099853561269,28423100
2023-11-22,370.6484375,372.55146479135436,367.8233235855797,370.79557261305655,23345300
2023-11-24,370.2364807128906,370.766197129462,367.99014782412655,370.1383806452385,10176600
2023-11-27,371.3939514160156,373.3852898149662,369.02991062580026,369.59884307126106,22179200
2023-11-28,375.406005859375,375.7002760855908,370.9525268417298,371.1389079636444,20453100
2023-11-29,371.62945556640625,376.9755653604363,370.2463253437472,376.4458788431164,28963400
2023-11-30,371.6882629394531,372.8457658390955,368.313824366715,371.2762546529022,30554400
2023-12-01,367.37213134765625,370.95255911244834,364.23310896058763,369.57924804408185,33040500
2023-12-04,362.1044921875,362.47722453595185,355.9834013927852,362.0652461744231,32063300
2023-12-05,365.4200439453125,365.9693683802573,358.65155863650625,359.46575623768496,23065000
2023-12-06,361.7709655761719,367.0484320232483,361.0156519151652,366.42064545969674,21182100
2023-12-07,363.8800354003906,364.3705058457687,359.33827428643895,361.2118749800961,23118900
2023-12-08,367.09747314453125,367.3230703614092,361.2118285564288,362.1633422956095,20154400
2023-12-11,364.2233581542969,364.5176583971401,359.1224832403728,361.45712746159734,27708800
2023-12-12,367.24468994140625,367.28393596278346,363.3993881169002,363.7819694694563,24838300
2023-12-13,367.2347412109375,370.44243625053974,363.70334893317624,368.85328727359774,30955500
2023-12-14,358.95562744140625,366.63640997800485,357.1899461347514,366.19497468337374,43277500
2023-12-15,363.6641540527344,365.30230824664153,359.2989559925913,359.8580993724713,78502300
2023-12-18,365.5475769042969,365.89091216563435,361.65324079721444,362.4085843593443,21802900
2023-12-19,366.14599609375,366.14599609375,362.7911651705603,364.4097116072821,20603700
2023-12-20,363.5562438964844,368.8631367699809,363.46796282422974,367.8527690284867,26316700
2023-12-21,366.4206237792969,367.2740374598463,362.98733108269056,365.45929104730993,17708000
2023-12-22,367.44085693359375,368.02942750528564,365.60650210164266,366.5580160440274,17107500
2023-12-26,367.5193176269531,369.75586165985493,366.3814226016606,367.8528339374102,12673100
2023-12-27,366.9405822753906,367.9117042203095,365.7045871193545,366.567819930812,14905400
2023-12-28,368.1274108886719,369.2849136866252,367.028762135636,368.215691956048,14327000
2023-12-29,368.87298583984375,369.9716347431921,366.361779793351,368.8337398258849,18730800
