Price,Close,High,Low,Open,Volume
Ticker,NVDA,NVDA,NVDA,NVDA,NVDA
Date,,,,,
2014-01-02,0.3738437592983246,0.3766723573959973,0.370543765650241,0.37525805834716097,260092000
2014-01-03,0.3693651854991913,0.3752580512590328,0.36818661234722294,0.37455090174797173,259332000
2014-01-06,0.3743152916431427,0.3771438622504475,0.3696009698317588,0.37313669011574147,409492000
2014-01-07,0.38044366240501404,0.38185796103641667,0.37549367339389,0.37808651675227134,333288000
2014-01-08,0.3856295347213745,0.3875152574962153,0.38044379006571194,0.38185808917169306,308192000
2014-01-09,0.3712509274482727,0.38044378727142364,0.3700723542350789,0.379736637723627,292172000
2014-01-10,0.3707793951034546,0.3750222633687469,0.3674794020634471,0.3724294197228541,218492000
2014-01-13,0.3620579242706299,0.3731365033280908,0.36135077494794243,0.3707793576520611,243332000
2014-01-14,0.3733724057674408,0.3740795554246609,0.3622937933696069,0.3639438186029226,241828000
2014-01-15,0.37737950682640076,0.37879380598019247,0.3733723633565283,0.3750223603030166,175044000
2014-01-16,0.37855803966522217,0.3792651891666078,0.3757294697590798,0.37737946652937954,220652000
2014-01-17,0.37690791487693787,0.38303650434148456,0.37455076940586457,0.378557911086811,340400000
2014-01-21,0.37832245230674744,0.380679599266339,0.3743153080953235,0.3773795766632659,246076000
2014-01-22,0.37785089015960693,0.3795008868071839,0.3733722957168718,0.37902946320779024,337940000
2014-01-23,0.37643668055534363,0.3806795501551202,0.37360811018862744,0.37667240646065525,185028000
2014-01-24,0.36677226424217224,0.37478657746268956,0.36677226424217224,0.3733722786298345,246696000
2014-01-27,0.36441513895988464,0.3719580009317741,0.3622936905900606,0.36677228508231247,233812000
2014-01-28,0.36795079708099365,0.3681865228938764,0.36229363046635155,0.36370792914486044,167996000
2014-01-29,0.36441513895988464,0.36865800760013445,0.36417941310788254,0.3665365592303104,162944000
2014-01-30,0.3705436885356903,0.3712508379129423,0.3653579451687725,0.3665365180977274,202896000
2014-01-31,0.37007227540016174,0.37219369549223275,0.36512225771946816,0.3653579554522561,335348000
2014-02-03,0.3651221692562103,0.37313645221718605,0.36370787080456096,0.37266502876643265,431728000
2014-02-04,0.3672436773777008,0.367950826774021,0.3630008090991751,0.3648865314562305,280692000
2014-02-05,0.3639436662197113,0.36582938848294433,0.3611150687751646,0.364650815580848,214676000
2014-02-06,0.36865803599357605,0.3696008832754044,0.3639437433856332,0.3644151670265474,168380000
2014-02-07,0.37407955527305603,0.37455097901120965,0.36630096524559974,0.3696009595120812,157248000
2014-02-10,0.37525805830955505,0.38020807688058533,0.37337233561109584,0.3736080614856786,324372000
2014-02-11,0.3830365836620331,0.38397943080595426,0.3754937222124747,0.37737941650031703,235384000
2014-02-12,0.39670801162719727,0.3995366090850744,0.3842151331862221,0.3842151331862221,744528000
2014-02-13,0.4092010259628296,0.4115582006603373,0.39953674177024645,0.4066081815645578,902836000
2014-02-14,0.422165185213089,0.42310803222142107,0.40519371426797357,0.40542944006975273,817536000
2014-02-18,0.4219295382499695,0.4238152607183782,0.4183938191589773,0.42240098994161984,428988000
2014-02-19,0.42758673429489136,0.43135817948431954,0.42004384391603494,0.42192956651074903,450340000
2014-02-20,0.4426724314689636,0.44361527859844524,0.4278224065335556,0.4285295278309688,398088000
2014-02-21,0.43937253952026367,0.44762258077654216,0.43654396920064475,0.44196541203790013,451052000
2014-02-24,0.44573676586151123,0.4490367592033653,0.4344224588189572,0.43842960161960803,403112000
2014-02-25,0.443724125623703,0.44703904756975676,0.4389885470375761,0.445144810490051,242184000
2014-02-26,0.4430138170719147,0.44940684259953856,0.44159313218743146,0.4427770268490757,360884000
2014-02-27,0.43804144859313965,0.44751260589473985,0.4368575539304396,0.44301381746698987,388848000
2014-02-28,0.43520015478134155,0.43993573395154734,0.4288071003205411,0.4356737070531065,321692000
2014-03-03,0.43306902050971985,0.43306902050971985,0.4217036276564308,0.4254921013496176,375948000
2014-03-04,0.4375678300857544,0.440409171200542,0.4344896987837883,0.4352000411190529,260344000
2014-03-05,0.4413563907146454,0.441593180963639,0.43520015472987295,0.4370943638167086,241472000
2014-03-06,0.43520015478134155,0.4444345228727315,0.434489812260555,0.4420667332876286,290144000
2014-03-07,0.4347265362739563,0.43780466811071617,0.4314116424351539,0.4370943256520368,268452000
2014-03-10,0.4283335208892822,0.4352001271864543,0.42643928369605283,0.4333058899932249,300888000
2014-03-11,0.4325955808162689,0.43638405549434334,0.4290438963904286,0.4304645532249975,297220000
2014-03-12,0.43377938866615295,0.4363839680134801,0.4288070201762641,0.4304644669308027,239428000
2014-03-13,0.42004629969596863,0.4363840653599595,0.41791527205651974,0.4347265900094061,385172000
2014-03-14,0.421940416097641,0.4257288900285549,0.41578418124274724,0.41578418124274724,460048000
2014-03-17,0.421940416097641,0.42620244221335085,0.42146686391284505,0.42312431067276746,299656000
2014-03-18,0.43188512325286865,0.43472646439149143,0.4217036249653884,0.42359786179989395,293904000
2014-03-19,0.4394621253013611,0.4477494165446119,0.43401620395923696,0.4352001269022241,366168000
2014-03-20,0.4396989345550537,0.44348740910291445,0.4352001457274621,0.4370943547751147,191800000
2014-03-21,0.4389885663986206,0.44703906728585857,0.4366207770011288,0.4434873831896208,566116000
2014-03-24,0.4368576109409332,0.4427770850269325,0.4304645563470308,0.43922540057533294,306096000
2014-03-25,0.4368576109409332,0.4420667424913568,0.4335426885170062,0.44159319020973264,304424000
2014-03-26,0.4269128441810608,0.449170082235288,0.42312436972145023,0.4408828190528823,557756000
2014-03-27,0.42123010754585266,0.4295173696821534,0.4164945009559787,0.42596568590945305,540728000
2014-03-28,0.42383459210395813,0.4264391710851351,0.4193358046560369,0.42051969906088665,398820000
2014-03-31,0.42407143115997314,0.4283334571539879,0.4217036420773285,0.42454498333124757,273404000
2014-04-01,0.44159314036369324,0.4468022713261219,0.4323587448961247,0.4375679040848291,656272000
2014-04-02,0.43875181674957275,0.442540262956474,0.43685757953298365,0.44159315846131786,239948000
2014-04-03,0.44348734617233276,0.4541423975716834,0.43946208195155906,0.4396988721620541,599548000
2014-04-04,0.42975422739982605,0.44845978181021917,0.4278599901115703,0.4458552020105828,368032000
2014-04-07,0.4311748445034027,0.43946210717862305,0.4276231604997368,0.42999094983551406,428576000
2014-04-08,0.4465654790401459,0.44774937364342143,0.4304644785640701,0.4311748209712902,470692000
2014-04-09,0.44609200954437256,0.4524850645727954,0.44254032485137357,0.4486965896097508,421968000
2014-04-10,0.43520015478134155,0.4503539968354887,0.4337794697397685,0.4441977608499882,372748000
2014-04-11,0.42904388904571533,0.43851504735248786,0.42336117712588484,0.4318852308924914,353112000
2014-04-14,0.43377938866615295,0.43543683542069156,0.42904381038102946,0.43188515170684894,290184000
2014-04-15,0.4368576109409332,0.43922540057533294,0.42999100406540663,0.43425303105258195,304636000
2014-04-16,0.4378046989440918,0.4394621459802224,0.4323587773457102,0.43898859371651044,235136000
2014-04-17,0.4394621253013611,0.4434873899191984,0.4352001269022241,0.436147231385082,153532000
2014-04-21,0.4430138170719147,0.44419771173355893,0.4368575535408545,0.43969889508354565,117004000
2014-04-22,0.4468023478984833,0.44964371820700877,0.4413564257755169,0.44372421554843444,255120000
2014-04-23,0.4520113468170166,0.45319524128136235,0.446802188592879,0.4475125309167406,261580000
2014-04-24,0.4560367465019226,0.4607723260638873,0.455089641880042,0.455089641880042,391492000
2014-04-25,0.44348734617233276,0.4593515563923849,0.4425402135566262,0.4550895301873899,313600000
2014-04-28,0.44159314036369324,0.44940685092047405,0.4361472191740414,0.44703906155334505,226788000
2014-04-29,0.44254016876220703,0.4441976436153535,0.4375678288815802,0.44325051109551683,171300000
2014-04-30,0.4373311698436737,0.44230353944170553,0.4363840652660864,0.4418299871529119,305740000
2014-05-01,0.4396989345550537,0.4449080658886539,0.4361472502512884,0.4439609613648276,198104000
2014-05-02,0.43638408184051514,0.4418300039341837,0.4337795018138057,0.4418300039341837,156376000
2014-05-05,0.44111955165863037,0.4444344452079867,0.43543684071166794,0.4359103929006798,239260000
2014-05-06,0.43212202191352844,0.44917010125095413,0.43093812712306445,0.44538165485723635,416188000
2014-05-07,0.4325955808162689,0.4361472652421092,0.4278600015818152,0.4321220285380793,293900000
2014-05-08,0.43804144859313965,0.4449080263462897,0.42880705328831425,0.43093808061693945,432728000
2014-05-09,0.4273863732814789,0.42880705818344717,0.419335900773727,0.4247818219295712,539532000
2014-05-12,0.4399357736110687,0.4408828782399785,0.42809679639201065,0.4283335866623786,299856000
2014-05-13,0.432832270860672,0.4411195613690387,0.4314116142623634,0.4340161654723995,221104000
2014-05-14,0.42857030034065247,0.4347265644126508,0.42833353832328497,0.43306911738596743,214320000
2014-05-15,0.42620253562927246,0.4299910103905518,0.42194050857940296,0.42762322072132203,325896000
2014-05-16,0.4252553880214691,0.42833351992525454,0.4228875985918305,0.4228875985918305,283960000
2014-05-19,0.4389885663986206,0.44135635579611243,0.4278599618756641,0.4297541990389128,360076000
2014-05-20,0.4338742792606354,0.4402967485685438,0.43173346561009074,0.4391074013501802,256200000
2014-05-21,0.4338742792606354,0.4393452821363627,0.4312577040377258,0.4355393596950895,216712000
2014-05-22,0.43577733635902405,0.43815603131910086,0.432922908078188,0.432922908078188,130364000
2014-05-23,0.43982115387916565,0.4419619965602677,0.435539496873245,0.43815607292027525,182656000
2014-05-27,0.4476707875728607,0.4476707875728607,0.4410104363643052,0.44243766460766676,209680000
2014-05-28,0.45147669315338135,0.4543311211731981,0.44505422301972397,0.4493358792275882,224676000
2014-05-29,0.45076313614845276,0.4550447928985883,0.4498116694734367,0.4512388694859608,171884000
2014-05-30,0.4519524574279785,0.45314180488083056,0.4483844150694224,0.4507631099751265,239128000
2014-06-02,0.4505251944065094,0.4562340500382157,0.4467192717478545,0.45337962222236255,181500000
2014-06-03,0.4486222565174103,0.4519524177505251,0.44267549141894375,0.45147668448240547,243212000
2014-06-04,0.4490980803966522,0.4524282423016686,0.44719511858395,0.447432999444144,161236000
2014-06-05,0.4510009288787842,0.45242812861246195,0.4471950062097579,0.449811581589248,188696000
2014-06-06,0.4526660442352295,0.4567098196594739,0.45147669685420005,0.4531417775163856,161052000
2014-06-09,0.4531417787075043,0.4574234349617205,0.4490980032726305,0.45219031214269106,247456000
2014-06-10,0.45552054047584534,0.45766138309597754,0.4495738026803936,0.45147676444619467,217608000
2014-06-11,0.46146729588508606,0.4626566434164896,0.4538554489990778,0.4538554489990778,266228000
2014-06-12,0.46432167291641235,0.46646248689356523,0.4574234409837265,0.4614672448281156,337148000
2014-06-13,0.4647974669933319,0.46931700471747556,0.46027792926918826,0.4690791238638903,227852000
2014-06-16,0.46337011456489563,0.4664624230524462,0.4593263396302257,0.4626565289076935,198620000
2014-06-17,0.46646249294281006,0.46836545447844574,0.46146725081258044,0.46384594564305526,157608000
2014-06-18,0.4659867286682129,0.46812757088708007,0.46099145851379997,0.46527311459525716,215536000
2014-06-19,0.45528262853622437,0.4598021373281889,0.4519524387917905,0.45742344252056993,474592000
2014-06-20,0.4502873122692108,0.4581370100066974,0.44671927042092385,0.4564719294820853,353148000
2014-06-23,0.44505420327186584,0.4452920557218011,0.4391074383230556,0.4443405892095065,414200000
2014-06-24,0.4381560981273651,0.4479087602932386,0.43625313619789163,0.4443407173090827,275780000
2014-06-25,0.44267553091049194,0.44291341174391213,0.43530159370610744,0.4393453693802899,215420000
2014-06-26,0.4367288053035736,0.4429134235748993,0.4353016053337698,0.44267554273512494,256908000
2014-06-27,0.43720459938049316,0.4398211470304965,0.43363652830088334,0.43625310430716957,302820000
2014-06-30,0.441010445356369,0.4421997927979944,0.4355394414536364,0.4355394414536364,180512000
2014-07-01,0.4460057020187378,0.44862227765107343,0.4391074700590707,0.4405346982869408,321180000
2014-07-02,0.44434064626693726,0.4462436078921611,0.4417240704877194,0.44434064626693726,179284000
2014-07-03,0.44838443398475647,0.44957378148778177,0.4402968539504157,0.4402968539504157,136892000
2014-07-07,0.4448162615299225,0.4493357977348792,0.4441026475653217,0.44909791696125456,127496000
2014-07-08,0.44124820828437805,0.44552986360141433,0.43696655296734177,0.44362690253203463,221940000
2014-07-09,0.454569011926651,0.45647197343355284,0.4417240430222727,0.44505423274842054,387668000
2014-07-10,0.4521903097629547,0.4540932712388448,0.44243764992169166,0.4460056920553813,266308000
2014-07-11,0.4531417787075043,0.4545690069110025,0.45100096475853535,0.45266604542509764,191188000
2014-07-14,0.4588506817817688,0.46004002921417886,0.4533796779214265,0.4550447586555447,272636000
2014-07-15,0.46075350046157837,0.4619428475251625,0.45647184536142127,0.4595641533979942,395440000
2014-07-16,0.46027788519859314,0.466224650762294,0.4576613378410957,0.46265660843784134,319728000
2014-07-17,0.45908862352371216,0.46384604253470635,0.4550448471384663,0.4550448471384663,324832000
2014-07-18,0.43863165378570557,0.4531417007176026,0.43791803980677607,0.4495736591792286,567816000
2014-07-21,0.44124820828437805,0.44434051647758604,0.43696655296734177,0.43696655296734177,243364000
2014-07-22,0.4393453896045685,0.4469572079927661,0.4383939229396493,0.44457851297418677,298816000
2014-07-23,0.4300685226917267,0.4398211849863047,0.4295927892921514,0.43958333246465975,297352000
2014-07-24,0.4307819902896881,0.4336364180715041,0.42768968171093924,0.4324470707993911,254576000
2014-07-25,0.42317020893096924,0.43030629316249214,0.4224565948365613,0.4293547982511889,266132000
2014-07-28,0.4215051531791687,0.42507319574572466,0.4143690680460567,0.42507319574572466,330352000
2014-07-29,0.42293235659599304,0.4286412413794369,0.4215051283110621,0.4217430091439773,217972000
2014-07-30,0.4300685226917267,0.43125787036880764,0.4243596651842522,0.4255490128613332,246184000
2014-07-31,0.41627195477485657,0.4281654278544847,0.4155583407188235,0.42483526673469946,401880000
2014-08-01,0.42079147696495056,0.42317017149837804,0.41484471227510616,0.4162719403376729,219884000
2014-08-04,0.4198400378227234,0.4238838133946357,0.41769922380120494,0.420315771121252,241724000
2014-08-05,0.4200778901576996,0.42626250768792856,0.4150826199712626,0.41865066200263834,298136000
2014-08-06,0.4196021854877472,0.4248353084858187,0.4141311816621945,0.4172234622817736,223456000
2014-08-07,0.41532057523727417,0.4269761699534287,0.4124661184154316,0.42317027478477615,407696000
2014-08-08,0.4519524574279785,0.4543311523336826,0.43339863149223057,0.43339863149223057,894348000
2014-08-11,0.44957369565963745,0.4543310847635052,0.44838434838367053,0.45242812345070293,344624000
2014-08-12,0.44957369565963745,0.4519523902115713,0.444578425758066,0.4493358432182095,296152000
2014-08-13,0.4521903097629547,0.45599623271473494,0.4474329202513685,0.45028734828706457,256596000
2014-08-14,0.4471950829029083,0.45385543453780464,0.44529212124204065,0.45385543453780464,255992000
2014-08-15,0.45290401577949524,0.4555205635281388,0.44434070157817246,0.4486223586788339,369796000
2014-08-18,0.45908862352371216,0.45956438527421106,0.4502874564837572,0.45480696626321687,284076000
2014-08-19,0.46279168128967285,0.46518089776504046,0.45753538225849855,0.4592078565766215,248260000
2014-08-20,0.45992469787597656,0.4632696187515519,0.458730089380781,0.4611193063711721,221468000
2014-08-21,0.45562419295310974,0.4611193988291831,0.4549074504976505,0.4587301813597355,272796000
2014-08-22,0.4558630585670471,0.45968581734459657,0.4522792328937375,0.45514628773604227,251224000
2014-08-25,0.4565798342227936,0.4608804307725531,0.45562413027744986,0.4577744427931871,153380000
2014-08-26,0.46470317244529724,0.46565884787366646,0.4561019796631189,0.45777442590362194,269636000
2014-08-27,0.4594469368457794,0.465419980318526,0.4587301659327062,0.46183615423487806,182972000
2014-08-28,0.4632696211338043,0.4642252965421898,0.45705764553415873,0.4584911871284503,179704000
2014-08-29,0.46470317244529724,0.46565884787366646,0.4599247098583096,0.46494207706153257,207932000
2014-09-02,0.4658978581428528,0.4658978581428528,0.4615972610394135,0.4658978581428528,192636000
2014-09-03,0.4701984226703644,0.471870869072022,0.46518105498367485,0.4682870431477342,259456000
2014-09-04,0.4785606563091278,0.48142773967306407,0.4692426923397651,0.46948162544733146,491832000
2014-09-05,0.4771270155906677,0.48023300293575044,0.47402102824558495,0.47808269085913513,253792000
2014-09-08,0.47282645106315613,0.477604884683656,0.4709150719186139,0.4766492093522404,319288000
2014-09-09,0.4668535590171814,0.4737823070818369,0.46637572119796517,0.4706763185343513,198588000
2014-09-10,0.4685259461402893,0.4701984210177855,0.4642253493499157,0.46948165013910376,172376000
2014-09-11,0.4637475311756134,0.46685351945992354,0.45873016329467264,0.46518107299351585,250720000
2014-09-12,0.45681872963905334,0.46661453111149687,0.45634089191687144,0.46661453111149687,262536000
2014-09-15,0.4506067931652069,0.4589690531912609,0.448695413748623,0.45825228234982757,294152000
2014-09-16,0.4572966396808624,0.45968585700252423,0.447978675037351,0.44941221682303495,219936000
2014-09-17,0.4575355648994446,0.46183616196817784,0.4539517387557866,0.4561020515310124,173584000
2014-09-18,0.4644642472267151,0.4649420849490059,0.4589690422160845,0.46040258386467137,219604000
2014-09-19,0.4558630585670471,0.4663756309644508,0.45514628773604227,0.46589779323768576,601316000
2014-09-22,0.45132356882095337,0.46518103413686196,0.45084570260042367,0.46518103413686196,221464000
2014-09-23,0.4494122564792633,0.45442959620845397,0.44726194361099336,0.44893439018739023,196144000
2014-09-24,0.452040433883667,0.4534739759709254,0.4486955403223613,0.4491733781908731,159592000
2014-09-25,0.44224458932876587,0.4527571638918379,0.44128891367835954,0.4515625550879698,298440000
2014-09-26,0.44320011138916016,0.4465450032731825,0.44176657002074554,0.44367794901806207,241188000
2014-09-29,0.44248345494270325,0.4455894430550146,0.435315803213546,0.4396163999473836,208540000
2014-09-30,0.44081106781959534,0.44391705634939155,0.4355547663929925,0.44057213467048795,277204000
2014-10-01,0.43651047348976135,0.44463380187082824,0.4353158646995033,0.44152784180153337,350976000
2014-10-02,0.4345990717411041,0.4379439647919088,0.4245643356252528,0.43579368047092276,288996000
2014-10-03,0.43555474281311035,0.4432002613899973,0.43555474281311035,0.4372272178028784,239140000
2014-10-06,0.43292662501335144,0.44081104832281287,0.43005954127775187,0.4372272221350321,199032000
2014-10-07,0.42838698625564575,0.43531573221954434,0.42790914858130724,0.43101513618707477,301896000
2014-10-08,0.4362714886665344,0.43842180132334563,0.42456430681958496,0.42790922812516347,260172000
2014-10-09,0.42790916562080383,0.4348379118606076,0.42432534019798857,0.4343600456855288,306956000
2014-10-10,0.4025834798812866,0.4259978432834765,0.40234457524353967,0.4245643015301289,691376000
2014-10-13,0.4011498987674713,0.4133349161650552,0.4006720610910725,0.40521156173942874,397628000
2014-10-14,0.41046783328056335,0.4216971460682106,0.4042558584712046,0.4066450751699257,376620000
2014-10-15,0.41667991876602173,0.4188302316020325,0.4018667759831754,0.4044948981404518,404428000
2014-10-16,0.41691872477531433,0.42169715831149046,0.4083175330175131,0.40927323681377464,351116000
2014-10-17,0.41620194911956787,0.42671451986368386,0.4145295030980547,0.4219360863840976,290716000
2014-10-20,0.4197859466075897,0.42360870635369746,0.4133350644575395,0.41620212002625934,200336000
2014-10-21,0.43770503997802734,0.4381828777516059,0.42169726095026433,0.42289186962506947,351092000
2014-10-22,0.42743146419525146,0.4384218770550487,0.42743146419525146,0.4369883350362154,239512000
2014-10-23,0.4369882047176361,0.4400941925110264,0.4317319330189751,0.4348379208123654,214476000
2014-10-24,0.44152772426605225,0.4441558458159772,0.4369881949824704,0.4396163450141079,210156000
2014-10-27,0.44176676869392395,0.4434392153880748,0.4365104954487121,0.4412889308501268,145092000
2014-10-28,0.4522791802883148,0.4527570179595017,0.44009416302363796,0.44057200069482483,192580000
2014-10-29,0.4494122564792633,0.45299608277799364,0.4453505638886599,0.4503679320995702,168340000
2014-10-30,0.4465450644493103,0.4501288898796177,0.4408109551535035,0.4482175391021573,170260000
2014-10-31,0.4668535590171814,0.4670924921676496,0.4544296048272392,0.4568188224050404,256316000
2014-11-03,0.4747379422187805,0.47927747231835227,0.4723487248448115,0.47760499737119977,308732000
2014-11-04,0.4809499680995941,0.48262241473651873,0.46995955565971104,0.47784397949860796,360196000
2014-11-05,0.4809499680995941,0.4840559567005802,0.47736614167116104,0.4838170520277171,335652000
2014-11-06,0.48310011625289917,0.4838168869904285,0.47449889588425775,0.4819054793692096,394088000
2014-11-07,0.47282645106315613,0.4943294308371166,0.46804801744265623,0.48859532188520116,450800000
2014-11-10,0.47832179069519043,0.48142777893830235,0.471154110182469,0.472348718854303,293388000
2014-11-11,0.47258761525154114,0.478082791929515,0.46852592329760895,0.47545467014476994,212992000
2014-11-12,0.4694816768169403,0.4721097988791582,0.463030767023955,0.47091519017404515,204584000
2014-11-13,0.46709248423576355,0.47187091931022135,0.4632697247835095,0.47115414835270875,225328000
2014-11-14,0.47282645106315613,0.47282645106315613,0.4630306507484469,0.4675701797769484,160248000
2014-11-17,0.4706762135028839,0.4756935806893282,0.46757022564850004,0.4706762135028839,158732000
2014-11-18,0.48190560936927795,0.4831002465752358,0.4697205889893499,0.47091519771358914,207772000
2014-11-19,0.480105996131897,0.4837050169054882,0.47506742425336373,0.4822654085960517,240300000
2014-11-20,0.4880237281322479,0.48850361658133634,0.4753072848785278,0.4767468930213052,220968000
2014-11-21,0.4906631410121918,0.4930624693973944,0.48658428847779744,0.49234266516138353,198976000
2014-11-24,0.49378228187561035,0.49594163741518593,0.4899433449543065,0.49186278481270745,136004000
2014-11-25,0.4935421049594879,0.49714112471178135,0.4918625814765771,0.49282230100902924,190240000
2014-11-26,0.5019399523735046,0.5024198409071735,0.4904231424059327,0.49066311527501616,219264000
2014-11-28,0.5031395554542542,0.5060187720615955,0.49906070339685016,0.5036194439569759,124832000
2014-12-01,0.49378228187561035,0.5038594269389682,0.4930624776275845,0.5009802671513668,190060000
2014-12-02,0.49450206756591797,0.49666142302445704,0.48874363379781427,0.4933023747960631,245952000
2014-12-03,0.507218599319458,0.5074585150322394,0.4954618713255276,0.4969014800112349,284424000
2014-12-04,0.5026598572731018,0.5084182348082545,0.4993008084779718,0.5064987946980402,185332000
2014-12-05,0.5055391192436218,0.5081783639291388,0.5026599016197746,0.5028998173535904,165680000
2014-12-08,0.499060720205307,0.509857725641988,0.49498186801052646,0.5048191536139348,226944000
2014-12-09,0.49738115072250366,0.4985808433077837,0.488503642968497,0.495941542501964,239448000
2014-12-10,0.48634418845176697,0.4978609960126153,0.4858643572228687,0.49594149948356425,204364000
2014-12-11,0.48610442876815796,0.4925826100722204,0.4851447087980199,0.489223561574485,135652000
2014-12-12,0.4709887206554413,0.48394508511578177,0.4705088319995161,0.4796262874282495,323964000
2014-12-15,0.4695490896701813,0.48514475519325684,0.4681094809750497,0.47650713162472236,254696000
2014-12-16,0.4642704427242279,0.47650702816937307,0.4640305270619645,0.46906912779872983,185308000
2014-12-17,0.48322513699531555,0.483944941162836,0.4582721070021764,0.4736278243677038,345596000
2014-12-18,0.485144704580307,0.49498193429658266,0.48058596325615316,0.4892235573213116,226156000
2014-12-19,0.48994335532188416,0.4918627952209019,0.4839450055295731,0.4885037467953693,325528000
2014-12-22,0.4985809624195099,0.4985809624195099,0.4877839553905325,0.4894634796475726,148976000
2014-12-23,0.4954618811607361,0.504819280599074,0.4949819925211378,0.5024199518101036,109280000
2014-12-24,0.4935421049594879,0.4973810402937748,0.493062273795501,0.4966612363433161,45644000
2014-12-26,0.4940222501754761,0.49666149456301084,0.49234272581936234,0.4935423615575116,52636000
2014-12-29,0.49330246448516846,0.49666151332428327,0.4901833313618447,0.4925826601332853,82944000
2014-12-30,0.48874369263648987,0.4923427141748322,0.48802388832882143,0.4899433855507729,112120000
2014-12-31,0.48106589913368225,0.4921028227906371,0.47962626184495344,0.4894635211305982,166300000
2015-01-02,0.48298534750938416,0.486584369287145,0.4753074725198347,0.48298534750938416,113680000
2015-01-05,0.47482749819755554,0.484424839624513,0.47266811425289534,0.4829852312599073,197952000
2015-01-06,0.4604315161705017,0.47602714907743426,0.4599516562630456,0.4755472891699782,197764000
2015-01-07,0.4592318832874298,0.4678694766172137,0.4577922748650493,0.4637905956212188,321808000
2015-01-08,0.4765070974826813,0.4793863146666466,0.4642705102575871,0.46451045455700185,283780000
2015-01-09,0.4784264862537384,0.4820255071332583,0.47170836161571467,0.47818657059660247,209540000
2015-01-12,0.47242826223373413,0.4798661925660505,0.4681094648989135,0.47962624825768396,190732000
2015-01-13,0.4717084467411041,0.485624558444999,0.46834939811703613,0.47602724397365814,236720000
2015-01-14,0.4736277759075165,0.47506738409526095,0.46547007244961763,0.46666973640532305,155260000
2015-01-15,0.47026878595352173,0.47986609877632885,0.4700288416920522,0.47698691064993637,188932000
2015-01-16,0.47890642285346985,0.47938628281816653,0.4681094163354148,0.46954902483175576,181512000
2015-01-20,0.48034602403640747,0.4849047079327439,0.47434767446114745,0.4822654638659701,140308000
2015-01-21,0.4870641529560089,0.4882638458324485,0.47434770592917497,0.4777067830582504,144780000
2015-01-22,0.4954618811607361,0.4969014898750205,0.48298534857628556,0.4880239218717703,159712000
2015-01-23,0.4969015121459961,0.4978612322636965,0.4918628814201708,0.49594173482378245,120416000
2015-01-26,0.49474209547042847,0.49714142434992664,0.4916229622066296,0.49474209547042847,133240000
2015-01-27,0.4709887206554413,0.48754410702393886,0.47002897194584725,0.4870642183680137,357948000
2015-01-28,0.46331074833869934,0.47866646705535704,0.46307080406099754,0.4767469986404935,272728000
2015-01-29,0.474587619304657,0.47722686337456555,0.4613912845461117,0.4635506972603103,235340000
2015-01-30,0.4606715440750122,0.47674706940877415,0.45995176833956397,0.4712286076227256,298200000
2015-02-02,0.4707487225532532,0.4726681911509215,0.4544332823764516,0.4635507367636866,259604000
2015-02-03,0.4825054705142975,0.4829853591644161,0.4717084907272363,0.4741078195688055,183468000
2015-02-04,0.4837051331996918,0.48922359490963796,0.47962625154304406,0.4810658888008508,181516000
2015-02-05,0.4916229546070099,0.4918628703298972,0.48370516370660965,0.4841849951523843,140448000
2015-02-06,0.48946356773376465,0.4969015275872325,0.48730415449845,0.49114309229305997,210524000
2015-02-09,0.4889836013317108,0.490423152553508,0.48346514050057426,0.4865842730227166,273944000
2015-02-10,0.5026598572731018,0.5028997729857513,0.48730410757334847,0.4894635206007218,226204000
2015-02-11,0.49930086731910706,0.5038595524192213,0.49594176092360687,0.5038595524192213,320832000
2015-02-12,0.5350508093833923,0.5398494667335522,0.5247336903600979,0.5278528233581526,676904000
2015-02-13,0.5352908968925476,0.5360107014465455,0.5256935791119439,0.5338512877845518,310084000
2015-02-17,0.5369702577590942,0.5396095593857194,0.5309719645807374,0.534331013336978,203340000
2015-02-18,0.5307318568229675,0.5372100941841557,0.5297721370228081,0.536250317179502,170948000
2015-02-19,0.5321717858314514,0.5384100540986354,0.5297724562828829,0.5374503337201137,169432000
2015-02-20,0.5360104441642761,0.536250359832275,0.5278527394073248,0.5316916761178015,157752000
2015-02-23,0.53169184923172,0.5357707029382325,0.5290525472064045,0.5357707029382325,125008000
2015-02-24,0.5373518466949463,0.5373518466949463,0.5289218901323526,0.5337390245751982,149356000
2015-02-25,0.5332571864128113,0.5375926410390087,0.5308486196509553,0.5351840168523916,123820000
2015-02-26,0.5347023010253906,0.5378334433420257,0.5303668466986236,0.5337388858721392,152864000
2015-02-27,0.531330406665802,0.5344615494974234,0.5294035186176221,0.5332572372892151,157492000
2015-03-02,0.5443366169929504,0.5472269201407497,0.5291626403165293,0.529885216103479,301512000
2015-03-03,0.5342206954956055,0.5428915488467151,0.5325347042085524,0.5402421421705991,160344000
2015-03-04,0.5402421951293945,0.541446450127581,0.5301261889906541,0.5322939168971221,226840000
2015-03-05,0.5505988597869873,0.5515622749537928,0.5387968660755348,0.5402420175381221,323056000
2015-03-06,0.5431323647499084,0.5501171683473528,0.5426506284148462,0.5474677620664175,257392000
2015-03-09,0.5445774793624878,0.5486720948024231,0.5421689124462249,0.5433732246167389,222388000
2015-03-10,0.5539709329605103,0.5575838122129219,0.5460226560299722,0.5469860713556929,527212000
2015-03-11,0.5510807037353516,0.5611966511000781,0.5496355519904566,0.5539709498003723,262120000
2015-03-12,0.5460227131843567,0.5498764323153907,0.535665868143041,0.5457818736839088,406972000
2015-03-13,0.5467453002929688,0.5481904521747607,0.5359067186043039,0.5433733175186374,359288000
2015-03-16,0.5532483458518982,0.5566203855604535,0.5474677965904364,0.5510806757693291,236956000
2015-03-17,0.5599924325942993,0.5602332720924842,0.5481904358116464,0.5520441549064691,299900000
2015-03-18,0.5508397817611694,0.5628826167126506,0.5457818083089774,0.5599923707791551,413844000
2015-03-19,0.5592697262763977,0.5611965566621654,0.5486720443051563,0.5527666019434823,310756000
2015-03-20,0.565291166305542,0.5686632059279921,0.5585472019101716,0.5638460720956519,462084000
2015-03-23,0.5469858646392822,0.5556567141434229,0.5467450252550619,0.5484310157940967,426012000
2015-03-24,0.5395196080207825,0.5491538775064575,0.5371110406493638,0.5453001582272323,330480000
2015-03-25,0.5067629814147949,0.5392786632975085,0.5050769329014526,0.5392786632975085,542552000
2015-03-26,0.5050770044326782,0.5072447321784662,0.49279332872275877,0.496406208299072,311920000
2015-03-27,0.5149521827697754,0.5168790136405269,0.49977820303209064,0.5079673203699461,318288000
2015-03-30,0.5171197652816772,0.519769171340796,0.5106165837142362,0.5173606047166631,253252000
2015-03-31,0.5041136145591736,0.5161564513823578,0.5036319355411116,0.5156747723642958,357276000
2015-04-01,0.5060405731201172,0.5077265647668209,0.497369717919367,0.5060405731201172,330768000
2015-04-02,0.5072447061538696,0.5103758491511043,0.5029093083094975,0.5089306973947237,192204000
2015-04-06,0.5219370722770691,0.5236230637327344,0.49977822898870744,0.5050770428708621,515864000
2015-04-07,0.5265133380889893,0.5322938881020883,0.5190467392899947,0.5219370430089312,413964000
2015-04-08,0.5303669571876526,0.5322938453203329,0.5219370010595805,0.5269949747364238,366432000
2015-04-09,0.5426504611968994,0.5443364517129344,0.5260313379927388,0.5262721773736738,379432000
2015-04-10,0.5481904745101929,0.5484313140253794,0.5412056117467909,0.5431325001426142,258728000
2015-04-13,0.5431323647499084,0.5501171683473528,0.54072374049936,0.5469860257313552,236724000
2015-04-14,0.5385559797286987,0.5431322731533512,0.5332571106356931,0.5409645461482916,220276000
2015-04-15,0.5450593829154968,0.5491539421866949,0.5373519434492519,0.5400014080672138,243560000
2015-04-16,0.5416873693466187,0.546504504387047,0.5378336498293201,0.5419282088712063,155284000
2015-04-17,0.5347023010253906,0.5400011705054092,0.5301260072664999,0.5303668466986236,293636000
2015-04-20,0.5320529341697693,0.5404828891623147,0.5310894615208256,0.5371109071652965,231624000
2015-04-21,0.531330406665802,0.5385561076407515,0.5286809427776504,0.5385561076407515,230456000
2015-04-22,0.5373518466949463,0.5380744226038503,0.526272425991447,0.5344616004841023,207420000
2015-04-23,0.5351840257644653,0.5402420562459239,0.5214552007357451,0.5274766464530369,259380000
2015-04-24,0.5306078195571899,0.5351840565468012,0.5245863734935609,0.534943217080181,240960000
2015-04-27,0.5347023010253906,0.5440957279752955,0.5277174406709929,0.5322937344298836,248456000
2015-04-28,0.5373518466949463,0.5392787349269479,0.5286809932128698,0.5337390245751982,234484000
2015-04-29,0.5332571864128113,0.5387968957075562,0.5310894590997125,0.5334980258615685,195156000
2015-04-30,0.5347023010253906,0.5373517070530213,0.5294034315453722,0.5306077435555043,218844000
2015-05-01,0.5479496121406555,0.5496356035261943,0.5366292940273917,0.5390378613531293,256968000
2015-05-04,0.5445774793624878,0.551080661718686,0.5428914882635802,0.5474677826319092,200720000
2015-05-05,0.5306078195571899,0.5433732300843086,0.5281992526166914,0.5426506542596825,292928000
2015-05-06,0.532293975353241,0.5385562628209057,0.5253091118374008,0.5334982304836778,316484000
2015-05-07,0.5416873693466187,0.5433733608682907,0.528440219273051,0.530126210794723,534564000
2015-05-08,0.5017048120498657,0.5260313712283946,0.4935156983332218,0.5060402657290881,1146552000
2015-05-11,0.49688783288002014,0.5019458637329687,0.49086644414524616,0.4947201053716136,544144000
2015-05-12,0.5017048120498657,0.5057993689081877,0.49303396211616973,0.4932748589370701,388800000
2015-05-13,0.5045955181121826,0.5091718148479872,0.49977838178758666,0.5053180943033515,308524000
2015-05-14,0.512784481048584,0.5154339454115702,0.5048362028091796,0.5060405152332237,293052000
2015-05-15,0.5130252838134766,0.5173606814096875,0.5098941409954706,0.5149521144285111,215824000
2015-05-18,0.5123027563095093,0.5154338994229208,0.5094124526895072,0.5118210198979183,324972000
2015-05-19,0.5091085433959961,0.5146738936619811,0.5081406112440852,0.512980041241415,253808000
2015-05-20,0.5091085433959961,0.5153998139306362,0.5086245773200406,0.5093504975886958,196824000
2015-05-21,0.5054789185523987,0.5115282346130992,0.5049949524989433,0.5093504739083805,239692000
2015-05-22,0.5047532320022583,0.5086247891506486,0.5035434028443377,0.5066890394217436,212592000
2015-05-26,0.501607358455658,0.5057208679542133,0.4977358031362667,0.5023332786837034,259732000
2015-05-27,0.528466522693634,0.530886238879607,0.5033014282070478,0.5049952237681704,432332000
2015-05-28,0.5357255935668945,0.5374193888824027,0.52749857126569,0.5284664460616123,327656000
2015-05-29,0.5354834794998169,0.5391130233240973,0.5347575591968491,0.5357254337039532,335168000
2015-06-01,0.5415328741073608,0.546856271765943,0.5354836136545194,0.5388712041233564,372660000
2015-06-02,0.5308860540390015,0.5410488815578915,0.5304020878940774,0.538145200069476,224304000
2015-06-03,0.5250788927078247,0.536451552171095,0.5241109601526092,0.5323380407284598,250788000
2015-06-04,0.5345156788825989,0.5362094739268162,0.5219331354791937,0.5219331354791937,323712000
2015-06-05,0.5386291742324829,0.5410488896119945,0.5272564600272696,0.5328218111692028,313320000
2015-06-08,0.526288628578186,0.5405649677953764,0.5202393684785476,0.5369354232737074,342812000
2015-06-09,0.5289506316184998,0.532822132407392,0.5258049939595748,0.5267728691567979,256888000
2015-06-10,0.5195135474205017,0.5260467749617869,0.5166098650952279,0.5226591840426881,529460000
2015-06-11,0.5250788927078247,0.5287084378728522,0.5195135401229465,0.5195135401229465,283052000
2015-06-12,0.510802686214447,0.5248370196942314,0.5095927990453543,0.5216913822833047,323728000
2015-06-15,0.5098347067832947,0.5122544229358201,0.504269353863428,0.5081408535550016,306548000
2015-06-16,0.5161259174346924,0.5168518380422049,0.5037853824881451,0.5088667690501499,256892000
2015-06-17,0.5221752524375916,0.5250789349557081,0.5146741495199035,0.5158839787753955,233544000
2015-06-18,0.5308860540390015,0.5342736439817767,0.5250787487527347,0.5265305894969425,299404000
2015-06-19,0.529192328453064,0.5352415887596638,0.5243528971315553,0.5308861236465348,355656000
2015-06-22,0.527014434337616,0.5330637508114394,0.5190293688988811,0.530160069673515,514236000
2015-06-23,0.5134642720222473,0.532096081348119,0.5093507601729447,0.5279825694988164,414064000
2015-06-24,0.5083827376365662,0.5153999300204288,0.5059630220928792,0.5127382025389748,253368000
2015-06-25,0.5122542381286621,0.5153998737611452,0.508382682143255,0.508382682143255,350460000
2015-06-26,0.5018495917320251,0.5086248317315608,0.49967188752733965,0.5081408654135279,421296000
2015-06-29,0.4868471920490265,0.50112352930622,0.4861212717062402,0.4960420869067159,391724000
2015-06-30,0.4866052567958832,0.491928654251389,0.4832176664562755,0.4897508928799678,315916000
2015-07-01,0.4936226010322571,0.5057211828829322,0.48926713464224963,0.4987040457929529,302892000
2015-07-02,0.4941064119338989,0.4972520479944988,0.49096077587329906,0.49338049148217816,145764000
2015-07-06,0.4880569875240326,0.4967679733525113,0.4844274437483254,0.4899927942028935,214776000
2015-07-07,0.4788621962070465,0.4870892470521163,0.4636179812354141,0.4851534975311935,594252000
2015-07-08,0.47547465562820435,0.4791042296289949,0.47160309848924503,0.47620057619742046,332492000
2015-07-09,0.4696671962738037,0.485153420752692,0.46676354360665334,0.4829756596183674,357588000
2015-07-10,0.47789430618286133,0.4822498001563991,0.47450668693887144,0.4757165447734494,216708000
2015-07-13,0.4810398817062378,0.48370155129974196,0.4778942459636578,0.48273367669215544,212472000
2015-07-14,0.48128193616867065,0.4822498398231181,0.47499069221856044,0.4817659024185386,249216000
2015-07-15,0.47789430618286133,0.483217674885947,0.47353881220932353,0.4800720387469872,265732000
2015-07-16,0.4885411262512207,0.4885411262512207,0.4791042167947865,0.4807980121807241,282848000
2015-07-17,0.48563748598098755,0.48733128151316374,0.479346212466857,0.4868473728985897,220372000
2015-07-20,0.47668442130088806,0.48757317003954065,0.47547456353495826,0.4856373629997116,188412000
2015-07-21,0.4788621962070465,0.4856374060661372,0.47571655996761647,0.47571655996761647,149720000
2015-07-22,0.4696671962738037,0.47547453045338683,0.46385989093950303,0.47547453045338683,356472000
2015-07-23,0.47547465562820435,0.48249182049161676,0.4696673199197654,0.47063522362715027,169916000
2015-07-24,0.4699092507362366,0.4793461305494336,0.46797347238229475,0.47886219317226986,188844000
2015-07-27,0.46724754571914673,0.4725709144881724,0.4619241769501211,0.465795704761555,192420000
2015-07-28,0.47741037607192993,0.4805559834133985,0.46361797347194883,0.46845740488379156,198308000
2015-07-29,0.4832175374031067,0.48708909291035324,0.4745065519344408,0.4764423296880641,232680000
2015-07-30,0.4844276010990143,0.4892670328322627,0.48200785638710164,0.48200785638710164,190180000
2015-07-31,0.48273375630378723,0.48660528421790167,0.47983010315687963,0.4863633299487436,218340000
2015-08-03,0.49096083641052246,0.4914447449776235,0.480314069111499,0.48660531316314615,397132000
2015-08-04,0.49289658665657043,0.4943484277407862,0.48733123429412867,0.489267041636609,260100000
2015-08-05,0.49797797203063965,0.5054790731649861,0.4970100396276643,0.5049951069634984,234628000
2015-08-06,0.4948323965072632,0.5003977488979147,0.4866053162185317,0.4967681461689775,655676000
2015-08-07,0.5560510158538818,0.5654878632072055,0.5294340953162003,0.5434684757953816,1405248000
2015-08-10,0.5754089951515198,0.5795225064146208,0.5487920625469735,0.5521797109612135,662304000
2015-08-11,0.5725052356719971,0.5780705872623267,0.5669398840816673,0.5669398840816673,435008000
2015-08-12,0.573957085609436,0.578070596381866,0.5633103484519367,0.5633103484519367,384048000
2015-08-13,0.5691177248954773,0.5758929640646341,0.5676658838099023,0.5746830772631291,276884000
2015-08-14,0.5696014761924744,0.5729890656533224,0.5652459545794786,0.5686335440403267,214652000
2015-08-17,0.5659719705581665,0.5686336402002892,0.5589547785664986,0.5686336402002892,273880000
2015-08-18,0.5608206391334534,0.5681103282535631,0.5564467909014079,0.5642224824695113,287084000
2015-08-19,0.5586336851119995,0.5664093762638457,0.5525589155371267,0.5600916344446327,249248000
2015-08-20,0.5384655594825745,0.5549888313461431,0.5357926329674161,0.5523159627642831,426932000
2015-08-21,0.5216993689537048,0.5435684405891271,0.5212133664107046,0.5345778280434512,382664000
2015-08-24,0.5032321810722351,0.5304470510972599,0.4859798715325698,0.4925405877481299,682284000
2015-08-25,0.4927835762500763,0.5272881344723906,0.4927835762500763,0.5253441822448558,622684000
2015-08-26,0.5299610495567322,0.5304470521390788,0.5049331041988433,0.5088209510576707,614976000
2015-08-27,0.549886167049408,0.5501291393467712,0.532390887106463,0.5355497587054199,463764000
2015-08-28,0.5523160696029663,0.5557179135348869,0.545998326338937,0.5498861728039788,320944000
2015-08-31,0.546241283416748,0.5535310315438766,0.5440544169119174,0.5496431851871774,219352000
2015-09-01,0.5238862633705139,0.5394376503722251,0.5199984745533999,0.5304470373493497,353408000
2015-09-02,0.5396806597709656,0.5399236321054012,0.5292320962571037,0.5382227098977165,344044000
2015-09-03,0.5411385297775269,0.5503721723230988,0.5401665826499165,0.5476992453055336,262556000
2015-09-04,0.5285030007362366,0.5404095114067357,0.528260028457238,0.5319048443754351,287972000
2015-09-08,0.5511010885238647,0.5532880130082123,0.5391946348423605,0.541381501393399,238448000
2015-09-09,0.540166437625885,0.5574186827923372,0.5389514605925875,0.55280192069237,289392000
2015-09-10,0.5486710667610168,0.5554748109625226,0.5345776918054552,0.5370075880345725,357076000
2015-09-11,0.5503724217414856,0.5540172396051146,0.5404097998520065,0.5425967253301852,301584000
2015-09-14,0.5513442754745483,0.5547461203505208,0.5484283753332431,0.5530451979125346,192460000
2015-09-15,0.5574187636375427,0.5603346625937292,0.549886101911797,0.5515870236584718,327976000
2015-09-16,0.5613067150115967,0.564465586829583,0.5523161021193713,0.556446921127512,173508000
2015-09-17,0.5664095878601074,0.5761291764642589,0.5651946103179296,0.5710263518937568,268712000
2015-09-18,0.5659235119819641,0.5707833056548037,0.5552319774883789,0.5586338214727046,326412000
2015-09-21,0.571755051612854,0.5729700285701915,0.5637363890809541,0.5666522874319323,281840000
2015-09-22,0.5562038421630859,0.5632505593238183,0.5532879432184238,0.5593627133753694,228356000
2015-09-23,0.5588769316673279,0.5622787764909863,0.5545031394559563,0.5566900065949798,161632000
2015-09-24,0.5695683360099792,0.575400076316802,0.5467272614138566,0.5554749008407435,382440000
2015-09-25,0.5736991167068481,0.5848766520201818,0.5681103490501813,0.5766149577016516,369692000
2015-09-28,0.566166341304779,0.5773438755161744,0.5625215259372738,0.5736990601486692,395584000
2015-09-29,0.5761290788650513,0.57710102597415,0.5642225674619942,0.5722412324953481,380736000
2015-09-30,0.5989699959754944,0.5996989706681457,0.5780728759416186,0.5814747192184593,556380000
2015-10-01,0.5873064398765564,0.6006708389812945,0.570297109852414,0.5989699175655384,489296000
2015-10-02,0.6026151180267334,0.6026151180267334,0.5780731144056479,0.584147886705913,386144000
2015-10-05,0.6176804304122925,0.6252130938604176,0.6033440204884573,0.6065028924355164,482024000
2015-10-06,0.6256990432739258,0.6283719124122689,0.6086897654299678,0.611119662264819,453216000
2015-10-07,0.632259726524353,0.6385774695577735,0.6169513714561833,0.6271569608127322,310152000
2015-10-08,0.6359046101570129,0.6376055320865662,0.6188952749948637,0.6295868670282103,460068000
2015-10-09,0.6334745287895203,0.6385772930910248,0.621568020819385,0.632502524027365,423248000
2015-10-12,0.6402784585952759,0.643923333009535,0.6295869235356383,0.6342036872159486,227588000
2015-10-13,0.6414932608604431,0.6453810485961939,0.6329885948385685,0.6351755188899015,298444000
2015-10-14,0.6648203730583191,0.6752689344586773,0.6414933536048055,0.6422222704606693,612148000
2015-10-15,0.666521430015564,0.6801288656159065,0.6592317385796646,0.6660354274131769,526048000
2015-10-16,0.6769697666168213,0.6832875086635889,0.6670071511071883,0.6687081306787244,448396000
2015-10-19,0.6757548451423645,0.6823156179158908,0.6679792110033198,0.679156746632331,294712000
2015-10-20,0.674782931804657,0.677941803245921,0.6677362141331215,0.6728390376561741,264824000
2015-10-21,0.6660353541374207,0.683044690216507,0.6648204346650924,0.6789138133839815,386280000
2015-10-22,0.6900911927223206,0.6922781167921355,0.6728389462159089,0.6738108931580606,306884000
2015-10-23,0.6947080492973328,0.6993248699296384,0.6857174382308908,0.6961659987531452,381776000
2015-10-26,0.6915494203567505,0.696895217589488,0.6852316757907846,0.6951942952730082,247436000
2015-10-27,0.6910631060600281,0.6954368956870106,0.6876612053131633,0.6881472076865127,208268000
2015-10-28,0.6966521739959717,0.6966521739959717,0.6852316057151759,0.6954371965036956,217036000
2015-10-29,0.6725959181785583,0.6925210912561475,0.671380998980313,0.6854744324530682,327168000
2015-10-30,0.6893624663352966,0.6942223186631318,0.6747830831517481,0.6798859078193134,301160000
2015-11-02,0.6973809599876404,0.6981099347594252,0.6874184013287562,0.6915492197466668,190088000
2015-11-03,0.6925210952758789,0.6971379157092658,0.6847454617353995,0.6932500699723768,376768000
2015-11-04,0.6811005473136902,0.6956799245007208,0.6779416764631707,0.6905771598652486,442264000
2015-11-05,0.6733251810073853,0.6864466731499747,0.671381286285021,0.6845027204942874,478800000
2015-11-06,0.766633152961731,0.7761097677182749,0.7245959331647236,0.7399042885663297,1172272000
2015-11-09,0.7632312774658203,0.765418201842124,0.752539685803873,0.7591004589327841,492568000
2015-11-10,0.7486518025398254,0.7573994410022818,0.7326144750142052,0.7532685650598533,552260000
2015-11-11,0.7413622140884399,0.7544836445962112,0.7386892871825556,0.7491378487177492,619896000
2015-11-12,0.7386892437934875,0.7464649358993757,0.7355303724963019,0.7396611908233978,291080000
2015-11-13,0.7241100668907166,0.7425772973527184,0.720465192093398,0.7394184251728154,292940000
2015-11-16,0.7386892437934875,0.7391752462750943,0.7277546803904138,0.7335864784364816,344280000
2015-11-17,0.7386892437934875,0.7450069863878588,0.7355303724963019,0.7406331957866112,257048000
2015-11-18,0.7568607330322266,0.7578364289643057,0.7336890304812486,0.7417381439245037,350216000
2015-11-19,0.759056031703949,0.7666172978790058,0.7534460412665529,0.7595438797150128,254072000
2015-11-20,0.7656415700912476,0.7700320272153034,0.7600315803127032,0.7646659323369986,239744000
2015-11-23,0.7541778087615967,0.7719834185223439,0.7514947899966331,0.7719834185223439,242552000
2015-11-24,0.7602754831314087,0.7668611102290599,0.7507628848111184,0.7541776458020063,195428000
2015-11-25,0.7592998743057251,0.7678368359145853,0.7566168558130174,0.7588120844815747,138300000
2015-11-27,0.7656415700912476,0.768080693553515,0.7568607139964264,0.7607633231667126,86996000
2015-11-30,0.7736908197402954,0.777105639712164,0.7656417050803566,0.7663734480633783,327244000
2015-12-01,0.7988137006759644,0.7995454435132229,0.7797885032138193,0.780520246051078,409496000
2015-12-02,0.7927159667015076,0.8083263469124955,0.791008585909157,0.8000333378772797,294240000
2015-12-03,0.7910085320472717,0.8073506540783878,0.7871059227219397,0.7990576456078651,246656000
2015-12-04,0.8232048749923706,0.8246683605606685,0.7910084251029561,0.7910084251029561,458756000
2015-12-07,0.8075944781303406,0.8229609599136883,0.8051553549608137,0.8229609599136883,333588000
2015-12-08,0.8185708522796631,0.8219856145420836,0.7924722290550085,0.7975943724486393,314488000
2015-12-09,0.797838032245636,0.8232049630680791,0.7895450240090486,0.8183267160873464,372676000
2015-12-10,0.8044238686561584,0.808814268499714,0.7975942867121472,0.8002773056080256,236596000
2015-12-11,0.7924720644950867,0.801984664382194,0.7907646837184207,0.7963746740503073,227320000
2015-12-14,0.7944232225418091,0.7988136794486907,0.7849106240635195,0.7932036899476448,275892000
2015-12-15,0.8041795492172241,0.8097895375554268,0.7990574087075382,0.8034478065510868,307296000
2015-12-16,0.809057891368866,0.8117409675157498,0.7988136091278708,0.8058870254885725,236356000
2015-12-17,0.7968624830245972,0.8185707019469832,0.7963746931642971,0.8102776927889068,254160000
2015-12-18,0.7839351296424866,0.7993016153186306,0.7829594917581739,0.7912525010047791,395896000
2015-12-21,0.8024725317955017,0.8032042747924147,0.7853986642252341,0.7924721410931926,284216000
2015-12-22,0.8032042384147644,0.8112533528629567,0.7983259907584841,0.8049116192791326,130012000
2015-12-23,0.8063749670982361,0.8095458333470715,0.8029602059543484,0.8044236916312401,122524000
2015-12-24,0.809057891368866,0.8110092247623526,0.802716159608279,0.8039357502483684,52448000
2015-12-28,0.8083260655403137,0.8083260655403137,0.7893009303671303,0.8005209072283846,142024000
2015-12-29,0.8214976787567139,0.8239368025330555,0.8066189830137214,0.8088142118584182,203660000
2015-12-30,0.8144242763519287,0.827839487417264,0.8141803813981254,0.8207660103772398,180344000
2015-12-31,0.8039358258247375,0.8168631854278913,0.8039358258247375,0.8132045294702451,148528000
2016-01-04,0.7895449995994568,0.7946671413248826,0.7814958865147652,0.7875937241288058,358076000
2016-01-05,0.8022283315658569,0.8156435371998084,0.7927157343792338,0.804423559721219,490272000
2016-01-06,0.769056499004364,0.7927159941430546,0.7600316885705316,0.789057279351866,449344000
2016-01-07,0.7385673522949219,0.7549094744554015,0.7288107998277128,0.7497872742332904,645304000
2016-01-08,0.7227129340171814,0.7488115473880758,0.7212494484134649,0.7480798045862175,398472000
2016-01-11,0.7239326238632202,0.7290548245890551,0.711005261810659,0.7234448339915305,409372000
2016-01-12,0.7361280918121338,0.7468602809319457,0.7310059502912829,0.7368598346227249,469356000
2016-01-13,0.7136881947517395,0.7466163887337217,0.7129564519385144,0.7417380839277917,481672000
2016-01-14,0.6992974877357483,0.7073466021169935,0.6785649062923473,0.6990535346476539,600236000
2016-01-15,0.6612471342086792,0.679296698210354,0.6497832573008402,0.6712475832489686,841452000
2016-01-19,0.6666131019592285,0.6939313085806847,0.6639300253861963,0.674906110277184,457140000
2016-01-20,0.6702716946601868,0.6788086552281826,0.6451487190274486,0.653929574477783,481180000
2016-01-21,0.6780771017074585,0.6885653405684393,0.6636862528732494,0.677589311806619,481456000
2016-01-22,0.6939313411712646,0.6985656935120718,0.6895408837473546,0.6910043695553245,257996000
2016-01-25,0.6931995749473572,0.7017365364377943,0.6917360891886203,0.6936874229180336,270728000
2016-01-26,0.7000292539596558,0.7029562261308314,0.68758973853877,0.6946632158502409,227944000
2016-01-27,0.691736102104187,0.7012487015602966,0.6785648463362159,0.6990534728812036,231700000
2016-01-28,0.6841747760772705,0.6997851540609177,0.6707595684258331,0.6973460306836825,276776000
2016-01-29,0.7144199013710022,0.715883387042436,0.6873456490626322,0.6900286673580682,310504000
2016-02-01,0.7146640419960022,0.7183226989815839,0.7075905648296921,0.7136884040100673,289884000
2016-02-02,0.6844185590744019,0.7110050169856695,0.679540313117469,0.7073463615946094,341908000
2016-02-03,0.6878333687782288,0.6939312057368926,0.6719790973616123,0.6897847021924457,326772000
2016-02-04,0.6880772709846497,0.7036876463791064,0.6812476917691956,0.688808955538501,348140000
2016-02-05,0.6446610689163208,0.6910044836711801,0.6427097929523138,0.6834432166190227,600428000
2016-02-08,0.6151476502418518,0.63807540319171,0.6061228395051664,0.6349045363173721,608852000
2016-02-09,0.6217332482337952,0.6475879718381745,0.6049032767671769,0.6078302485538228,425372000
2016-02-10,0.6202695369720459,0.6436851282975102,0.6168547765638749,0.6256356305800836,335800000
2016-02-11,0.617098867893219,0.6234406010437858,0.6044154015920851,0.6044154015920851,340144000
2016-02-12,0.6275870203971863,0.6288066111392963,0.6036835768620734,0.6268552775825778,340816000
2016-02-16,0.658319890499115,0.6592955862125797,0.6346604034365351,0.6366116785569066,485352000
2016-02-17,0.6746622323989868,0.6810039653268742,0.6639300421425806,0.6666131187833287,771468000
2016-02-18,0.7327133417129517,0.7556411477620102,0.7292985806481838,0.7300303234696751,1068660000
2016-02-19,0.7424700856208801,0.7490557732361631,0.7232009871783254,0.7288109786002503,525628000
2016-02-22,0.7688124775886536,0.777349439240514,0.7517386124382263,0.7532020982246359,449668000
2016-02-23,0.7707638740539551,0.7780812454279527,0.7590560449635799,0.7627147597272279,369380000
2016-02-24,0.7761299014091492,0.7773494923656036,0.7463725682805745,0.767592997327159,336852000
2016-02-25,0.7778373956680298,0.7817400058832372,0.7639343940259146,0.7790569868023535,349616000
2016-02-26,0.7727150321006775,0.7834471635168144,0.7649098138962381,0.7814958880423494,361964000
2016-02-29,0.7676964402198792,0.7838533135188319,0.7672068733715148,0.7738164927456053,323344000
2016-03-01,0.8017239570617676,0.8017239570617676,0.7684309554199251,0.7696549894408721,348700000
2016-03-02,0.80637526512146,0.8093129005551298,0.7958488159710284,0.7973176336878633,233812000
2016-03-03,0.7992761731147766,0.8088233726947507,0.7885048808029955,0.8053961698524436,302004000
2016-03-04,0.7968279123306274,0.806130325459909,0.7907078591511151,0.8053959167437614,175304000
2016-03-07,0.7916870713233948,0.7978071246575599,0.7814054074026653,0.7924214800581008,239968000
2016-03-08,0.7772437930107117,0.7882598656122124,0.7747957833620619,0.7836086297702317,274940000
2016-03-09,0.7767543196678162,0.7853223252876144,0.7667174380437028,0.7840983494984264,222788000
2016-03-10,0.7755302786827087,0.785811943701068,0.7598630268551007,0.7814054908224167,286084000
2016-03-11,0.7887498140335083,0.7889946559724087,0.7777337944688193,0.7870362122871163,277400000
2016-03-14,0.7907078266143799,0.793890244798349,0.7814053555027318,0.7850773989323693,190312000
2016-03-15,0.7867910861968994,0.791687105730956,0.7728374363613538,0.7865463027297436,226216000
2016-03-16,0.8102920651435852,0.8129849169872231,0.7772439011079756,0.7809159452742265,363644000
2016-03-17,0.8034375905990601,0.8112711868633878,0.7924215174241696,0.8073544179138024,353680000
2016-03-18,0.827673077583313,0.8384443111723737,0.8078441534042932,0.8129850158622749,545512000
2016-03-21,0.830120861530304,0.8303656449826948,0.8115159767500761,0.8203288230528318,337780000
2016-03-22,0.8286523222923279,0.8345275356782889,0.8183706550930165,0.8274283462542902,242012000
2016-03-23,0.8428506851196289,0.8489706810762485,0.8286521917775834,0.8323242360436861,429008000
2016-03-24,0.8440747261047363,0.8455435439245306,0.8325690837916281,0.8352618775511388,244956000
2016-03-28,0.852642834186554,0.8563148205562408,0.8416267583471514,0.8426059508213898,265388000
2016-03-29,0.8663514256477356,0.8683098099671758,0.8470121324413663,0.8489705167608066,261812000
2016-03-30,0.8754091262817383,0.8874043917155944,0.8690442891794817,0.8695339144816387,376700000
2016-03-31,0.8722266554832458,0.8812842852919114,0.8653722518545758,0.8793259009309067,379884000
2016-04-01,0.8849563598632812,0.8854459851532265,0.8602314208415808,0.8668410412474857,348292000
2016-04-04,0.8763882517814636,0.8969515790635922,0.8729610500228264,0.8923003433253546,393940000
2016-04-05,0.8751645088195801,0.8832429484640166,0.8651276259601832,0.8685548869950716,339568000
2016-04-06,0.8763882517814636,0.8768778770463344,0.8477465453676126,0.8641482038112216,453376000
2016-04-07,0.8673308491706848,0.8785917079242161,0.8636588630009325,0.8707580518264985,378104000
2016-04-08,0.872961163520813,0.8800604097761071,0.864393099645091,0.8744299811412407,255936000
2016-04-11,0.8783467411994934,0.8927900160822355,0.8754091061843067,0.8781018993714574,387524000
2016-04-12,0.8773676156997681,0.8825084190021071,0.8602314879616509,0.8812843848643158,292764000
2016-04-13,0.8993996381759644,0.8996444216393006,0.8812843194905076,0.8812843194905076,350716000
2016-04-14,0.9018477201461792,0.9057645476990889,0.8932796562263668,0.8969517002963323,416564000
2016-04-15,0.9089468717575073,0.9170253095047799,0.8986652077977547,0.9016028427477281,436972000
2016-04-18,0.9050301313400269,0.9072333577636382,0.8962172840107413,0.9072333577636382,307320000
2016-04-19,0.8888734579086304,0.910171143119987,0.8832430280019854,0.9084575416308134,309152000
2016-04-20,0.8923004269599915,0.8976860719177513,0.8864252150566266,0.8874044073129944,200172000
2016-04-21,0.8913211822509766,0.8967068268918009,0.8874043550908456,0.8925451579081181,178280000
2016-04-22,0.8878941535949707,0.9003789878862629,0.8849565180604708,0.8942589916762762,223540000
2016-04-25,0.8923004269599915,0.8971964466069884,0.8856908062730613,0.8881388160965598,191972000
2016-04-26,0.8930349349975586,0.9079678374361879,0.889118107171604,0.8976861716887026,214536000
2016-04-27,0.9133532047271729,0.9138428299744711,0.8891178931063475,0.8908314939241654,352396000
2016-04-28,0.8861805200576782,0.9131086909432842,0.8839773517070779,0.9077230450931294,381224000
2016-04-29,0.8697786927223206,0.8844667513168651,0.8602314371263197,0.8825083668503219,321904000
2016-05-02,0.8812844753265381,0.8866701210283581,0.8739404448414196,0.8781020562798034,256076000
2016-05-03,0.8707578778266907,0.8749194885578915,0.8631690651245193,0.8712475031218962,224024000
2016-05-04,0.8509291410446167,0.8609659649627516,0.8421162929960562,0.8602315560949411,525764000
2016-05-05,0.8560698628425598,0.8661067441654977,0.849705025507321,0.858028305757719,246884000
2016-05-06,0.8648827075958252,0.8670859339821982,0.8528874417568955,0.8546010428245769,183240000
2016-05-09,0.8636587262153625,0.8707579139165649,0.8565594801490017,0.8670859283283787,333336000
2016-05-10,0.8803053498268127,0.8817741677084809,0.8607212670450243,0.8690444905542503,269676000
2016-05-11,0.882753312587738,0.8925453534507704,0.8781020756682475,0.882998154464931,328176000
2016-05-12,0.8707578778266907,0.8930348073683114,0.8550906271271425,0.8891179801021354,670540000
2016-05-13,1.0031952857971191,1.003684852689661,0.9547246615263811,0.9593758388312865,2110256000
2016-05-16,1.0328162908554077,1.047749249926781,0.9924240997818475,0.9956065183734103,973032000
2016-05-17,1.0350197553634644,1.0423637277088205,1.0149459897101305,1.02816523331604,628392000
2016-05-18,1.0614581108093262,1.0734534353555063,1.0281651056829682,1.0281651056829682,541072000
2016-05-19,1.0661094188690186,1.0736982910270076,1.0558278114784496,1.0572965124796774,398880000
2016-05-20,1.0852038860321045,1.0896103390374883,1.0710053930571952,1.072718994215346,391084000
2016-05-23,1.0869172811508179,1.0940164679273665,1.0803076612608447,1.0898549159308732,413636000
2016-05-24,1.1133021116256714,1.116738331477829,1.0872858042555238,1.0902310686811016,415788000
2016-05-25,1.1086384057998657,1.1214010174180633,1.099802616564089,1.1167378207492837,458076000
2016-05-26,1.1204193830490112,1.1285187983018137,1.107411234825826,1.110601917108246,309964000
2016-05-27,1.1265554428100586,1.1282734936723184,1.1179650714653218,1.1216467093416822,277416000
2016-05-31,1.146681308746338,1.1491357341980755,1.130727894410384,1.131464268859284,412524000
2016-06-01,1.1488908529281616,1.1599354215313022,1.1378461672915192,1.141282270905852,387132000
2016-06-02,1.1569896936416626,1.1668071610579593,1.143736007299563,1.1550261065316487,329208000
2016-06-03,1.1407904624938965,1.1471718264449995,1.1206646943609802,1.145699312025589,461076000
2016-06-06,1.134900450706482,1.152571917288481,1.1290099228346637,1.1437361254807539,322512000
2016-06-07,1.1371088027954102,1.1481534788191263,1.1366179647158583,1.1417721156513525,193400000
2016-06-08,1.1334279775619507,1.141527396003917,1.1241013461358145,1.1373549186711283,234616000
2016-06-09,1.1628797054290771,1.1645977557865943,1.1270459499341179,1.129500374463944,472168000
2016-06-10,1.1339184045791626,1.159443863629102,1.1324457729390947,1.1491355591820553,400024000
2016-06-13,1.1483995914459229,1.1707343760224398,1.1351460190262006,1.1351460190262006,475588000
2016-06-14,1.1506080627441406,1.1560076334677265,1.1329366020638227,1.145699330168131,298344000
2016-06-15,1.1623895168304443,1.17245240555196,1.1474178933398864,1.1601806271460893,301036000
2016-06-16,1.1670526266098022,1.1690160967644732,1.1425089570927953,1.1537990567739633,246456000
2016-06-17,1.146681308746338,1.168770669678189,1.1420179940147939,1.1685252505397046,471000000
2016-06-20,1.1672980785369873,1.182269699807867,1.1643528147055304,1.1650891891801203,293768000
2016-06-21,1.1601803302764893,1.1753973690567083,1.1584621623651783,1.1722066864215968,212508000
2016-06-22,1.1591987609863281,1.1702434427852937,1.1572352906080248,1.1626348634067243,202620000
2016-06-23,1.190123438835144,1.191350651336914,1.169506713532424,1.1702430878468562,297880000
2016-06-24,1.1223831176757812,1.162389365192935,1.11182939196417,1.141281796736259,1017684000
2016-06-27,1.1103568077087402,1.1216469083929292,1.0939124364896398,1.1130565355237156,449088000
2016-06-28,1.1265554428100586,1.1326912718704512,1.1110928680162822,1.1314641762784352,381920000
2016-06-29,1.1449631452560425,1.1537989355740854,1.1334276276464608,1.1363728910858084,318932000
2016-06-30,1.153799057006836,1.1609166802064979,1.137600223418997,1.1469267359139286,430940000
2016-07-01,1.145208477973938,1.1623891020517065,1.1412815383733532,1.1474174839035154,218488000
2016-07-05,1.1621438264846802,1.164107296527468,1.1297461611616373,1.1388272539970714,371084000
2016-07-06,1.1695069074630737,1.176379228392517,1.1481539213385399,1.1540444486970782,273104000
2016-07-07,1.1999409198760986,1.2041133956212309,1.1719611532776615,1.1773607245065731,395400000
2016-07-08,1.2480474710464478,1.2539380017369164,1.2080412036796229,1.2127045209706586,481932000
2016-07-11,1.276762843132019,1.2860893549135755,1.2644909507929791,1.2659635825550015,448776000
2016-07-12,1.295906901359558,1.3076878380800687,1.2747992190615494,1.2909981679732256,436760000
2016-07-13,1.2954157590866089,1.305724179633151,1.2934522894222167,1.2983610220999067,324604000
2016-07-14,1.3086695671081543,1.3204506213353602,1.2914890580825462,1.3022883187796714,316892000
2016-07-15,1.2934526205062866,1.2993431480406759,1.2723450528859899,1.2919799886226893,428616000
2016-07-18,1.3000792264938354,1.3113693246915614,1.2951704932354082,1.309405854794877,252992000
2016-07-19,1.3135786056518555,1.3187327590969153,1.2968888154534073,1.2993432411130301,382652000
2016-07-20,1.3307592868804932,1.3378770285745383,1.312596979409725,1.3179965527027988,296460000
2016-07-21,1.3062154054641724,1.331986288928972,1.301797509633033,1.3278138122495424,361308000
2016-07-22,1.3418039083480835,1.3418039083480835,1.3013068179177363,1.3108788681134063,315768000
2016-07-25,1.3665927648544312,1.3697834477017234,1.3440125657864317,1.3499030932071086,312528000
2016-07-26,1.389909267425537,1.3970268901676983,1.3766556984389249,1.3786191684677858,514508000
2016-07-27,1.3759194612503052,1.4043901891251682,1.3675746250203493,1.401935763569236,446676000
2016-07-28,1.3788645267486572,1.3891728317203953,1.3746920507171814,1.3791099458622555,221916000
2016-07-29,1.401444673538208,1.4051261941773645,1.3592295446400253,1.384018629728273,409588000
2016-08-01,1.392363429069519,1.4124893165877912,1.3832823372548524,1.4073351644172893,301120000
2016-08-02,1.3754281997680664,1.399726443535271,1.362174633537485,1.3989900692816744,282748000
2016-08-03,1.3791102170944214,1.381810061941856,1.366102065247895,1.3737106444330103,299828000
2016-08-04,1.4046354293823242,1.4110167945748868,1.3830370255947326,1.3857367529222835,272712000
2016-08-05,1.4284428358078003,1.4291790931589428,1.4139620546010687,1.420834258012145,371588000
2016-08-08,1.4416964054107666,1.4515138723001972,1.4264792498087435,1.44807777059224,305064000
2016-08-09,1.4453779458999634,1.4593678890727781,1.4416964250247,1.4488140476546676,372344000
2016-08-10,1.436051607131958,1.460349860475973,1.4313882917992526,1.4581409709114124,375740000
2016-08-11,1.4652585983276367,1.4713945457285602,1.4407149257574052,1.4436601898725256,681064000
2016-08-12,1.5472344160079956,1.5555792521477612,1.4880841885574354,1.5192546437667935,1425744000
2016-08-15,1.5457614660263062,1.5585241952727482,1.5248993214529623,1.5489521483379165,573304000
2016-08-16,1.5364353656768799,1.546007298135411,1.5317720505115422,1.5435529894888143,287652000
2016-08-17,1.5008466243743896,1.5398711898095812,1.488820268408481,1.5364350881050357,595212000
2016-08-18,1.5241636037826538,1.5266179126425128,1.492747607735488,1.4986381362526986,331684000
2016-08-19,1.528090476989746,1.5396259972963748,1.5168003758548703,1.5234271616260513,291560000
2016-08-22,1.534471869468689,1.5366808761186472,1.514591511819855,1.53275381820398,244748000
2016-08-23,1.546889066696167,1.556970497585266,1.5424630297512756,1.5500856293926244,339764000
2016-08-24,1.5230377912521362,1.5530363299475218,1.5159070516171222,1.5522987157435348,298448000
2016-08-25,1.5129566192626953,1.5242675264036478,1.4940232283793957,1.5235299120734098,406032000
2016-08-26,1.525251030921936,1.5338571171312698,1.5048421781979378,1.516890816140136,300024000
2016-08-29,1.5242671966552734,1.537545189720206,1.521808365503933,1.5313980532172982,274652000
2016-08-30,1.515415072441101,1.5304142808246688,1.5112349075231724,1.5222999396008896,285544000
2016-08-31,1.5082842111587524,1.5225458054012815,1.5038582921431158,1.5183657577477245,388544000
2016-09-01,1.5527901649475098,1.5584455578561203,1.5082841667467601,1.5095136407700567,428492000
2016-09-02,1.5375452041625977,1.557708182588726,1.5200871628016666,1.555986965591886,323148000
2016-09-06,1.5520529747009277,1.5520529747009277,1.5350866728113133,1.5429551451547348,306812000
2016-09-07,1.5291849374771118,1.5547574373984063,1.520332981407723,1.5471348382489951,397988000
2016-09-08,1.5402497053146362,1.5427086532294525,1.510251291148054,1.5277093288970713,315808000
2016-09-09,1.4635322093963623,1.5318893609269681,1.450745962743288,1.5232832784678143,697760000
2016-09-12,1.493776798248291,1.4967274891955367,1.4094368211265575,1.4441072638830377,598260000
2016-09-13,1.4721384048461914,1.5073005858409405,1.4637781930657612,1.4900883023524625,471768000
2016-09-14,1.4851709604263306,1.4900887404045984,1.4632868805602324,1.47558127188134,319048000
2016-09-15,1.5414795875549316,1.543200804651556,1.4841873288053937,1.4876298802477632,515212000
2016-09-16,1.5451679229736328,1.555249354341144,1.5274638916030436,1.5468891401034732,902444000
2016-09-19,1.5655767917633057,1.6046731606100675,1.5542658859633487,1.5613966259734657,417128000
2016-09-20,1.5513149499893188,1.5835264451633333,1.5427088656009162,1.5835264451633333,331112000
2016-09-21,1.5948373079299927,1.5977879988580126,1.555740946256486,1.555986817625637,336212000
2016-09-22,1.598771572113037,1.60909899092812,1.5896737447094251,1.6041812115277836,308732000
2016-09-23,1.5970503091812134,1.6054105221960524,1.58991957029332,1.60073873156205,276132000
2016-09-26,1.582051157951355,1.5884442829466086,1.5621341688118853,1.5788545954537283,230040000
2016-09-27,1.6361467838287354,1.6386057322508805,1.5751663402983718,1.5759039544755469,402752000
2016-09-28,1.6420478820800781,1.6432773560783858,1.621147293105225,1.638605448684092,319788000
2016-09-29,1.657293438911438,1.662457207743542,1.6240984521286421,1.6393435354568284,336684000
2016-09-30,1.6848329305648804,1.7013074861147193,1.6565556103532124,1.6663911694053284,429932000
2016-10-03,1.6831116676330566,1.7091760291991558,1.680161093591739,1.6848330019267417,242596000
2016-10-04,1.679423451423645,1.713847911394138,1.6668830713972007,1.6855707057306568,281624000
2016-10-05,1.6777023077011108,1.7108974120620644,1.6725386560669524,1.6936851226990741,305440000
2016-10-06,1.655817985534668,1.6678665042588137,1.6292618824654979,1.6575392024952602,360212000
2016-10-07,1.6437697410583496,1.6713093362360476,1.639097831838572,1.6668832984621837,286260000
2016-10-10,1.6499167680740356,1.6612276737661165,1.6344256966319828,1.6523755994423366,287876000
2016-10-11,1.6260651350021362,1.646965724788722,1.613524757680365,1.644506893945705,388540000
2016-10-12,1.6334420442581177,1.6420481290424291,1.6059024556992094,1.6194263199672863,419920000
2016-10-13,1.6068856716156006,1.6179507029096694,1.5663139683700764,1.6142623982280104,390116000
2016-10-14,1.622623085975647,1.6376222976947075,1.6130333971923643,1.6265572631563714,330636000
2016-10-17,1.613279104232788,1.6376221308371626,1.6110661444502503,1.622377049253771,195328000
2016-10-18,1.637868046760559,1.647211863428187,1.6290160901406237,1.6356550869178548,269372000
2016-10-19,1.634425401687622,1.6420480003271343,1.6184425903059523,1.626802920297212,199060000
2016-10-20,1.6654072999954224,1.6708169386824685,1.630245234775092,1.6536046544721203,312084000
2016-10-21,1.6607359647750854,1.6636865390273317,1.644999021600519,1.6595064904413261,279508000
2016-10-24,1.7386826276779175,1.740649716031408,1.6718006856663457,1.672046674303505,339836000
2016-10-25,1.767206072807312,1.777779365456132,1.7273720856050583,1.735732300798773,397460000
2016-10-26,1.7743364572525024,1.7937617027899555,1.7507310466092623,1.7524522634765616,333792000
2016-10-27,1.7379449605941772,1.7913029229961683,1.7308142210804152,1.7878604889378613,388664000
2016-10-28,1.7349942922592163,1.7728611820911393,1.7317977297718334,1.7463051966569478,290856000
2016-10-31,1.7497479915618896,1.7613047697279676,1.739666442002893,1.7406500449900817,252388000
2016-11-01,1.6978652477264404,1.765730683352047,1.6791776130255662,1.7561409945843554,473224000
2016-11-02,1.6907339096069336,1.734010432464154,1.6877832189406765,1.7108968843269616,295848000
2016-11-03,1.6710630655288696,1.700077999698752,1.6386056974404062,1.6986026541266301,309664000
2016-11-04,1.6614735126495361,1.6899967063577874,1.6371304846094172,1.6599981669577906,328780000
2016-11-07,1.7524521350860596,1.7635171668503826,1.7089297393459073,1.7101592133750758,487580000
2016-11-08,1.7497479915618896,1.764747204309426,1.733519304392651,1.759091692319077,429884000
2016-11-09,1.720240831375122,1.7433545001151585,1.6897506693973128,1.7022909306748353,456532000
2016-11-10,1.6663908958435059,1.758107592059453,1.6415561309012603,1.7578617207108802,869280000
2016-11-11,2.1630871295928955,2.182758245506012,1.9302300663356309,1.9550649498376755,2175344000
2016-11-14,2.056617498397827,2.168497073841809,2.0561257556054975,2.166038125381929,1348796000
2016-11-15,2.1193196773529053,2.150301589604457,2.063748510357292,2.072600585785568,626092000
2016-11-16,2.253082513809204,2.275950073656001,2.1232530607491262,2.147596083197891,987984000
2016-11-17,2.27177095413208,2.330784320309661,2.2289860408799753,2.269803748126852,832988000
2016-11-18,2.295621633529663,2.319472680964328,2.257262885338537,2.271770351596788,576060000
2016-11-21,2.2862777709960938,2.319964610659471,2.2720160591541996,2.313571486091982,436436000
2016-11-22,2.3027522563934326,2.3049652160022016,2.271524364251846,2.294146172082548,330368000
2016-11-23,2.3140807151794434,2.3456014893706687,2.2845298572724144,2.3079241396679735,443236000
2016-11-25,2.3187596797943115,2.3419078406896356,2.3002901876220427,2.3251623775855297,195564000
2016-11-28,2.317528247833252,2.333042395020517,2.3049689750012723,2.311618029424007,278736000
2016-11-29,2.2963497638702393,2.325654495893426,2.2786193453485533,2.3148190183280453,444568000
2016-11-30,2.2704927921295166,2.318759256290163,2.2680301623097487,2.3049686702090457,440500000
2016-12-01,2.1581997871398926,2.269754403590708,2.0875239882970913,2.2680306093469653,1035524000
2016-12-02,2.1781461238861084,2.1867650927584408,2.0961423888734254,2.1239694461680787,478292000
2016-12-05,2.2626123428344727,2.28058911714773,2.191690203534435,2.2160696742407415,602284000
2016-12-06,2.299797296524048,2.3081701440007603,2.2549784200149245,2.27073892212742,498796000
2016-12-07,2.3411686420440674,2.3468325029073456,2.2680302252812816,2.2862533576644997,480804000
2016-12-08,2.3020131587982178,2.3793379837308026,2.2914242751538456,2.34412327589415,381544000
2016-12-09,2.2611348628997803,2.321467881085111,2.2338002840050817,2.3197440872755095,382312000
2016-12-12,2.2062196731567383,2.215085000418731,2.1557369314262704,2.2126223703710672,601332000
2016-12-13,2.2451283931732178,2.2727093337472506,2.2175476874485187,2.2185326455531627,387796000
2016-12-14,2.3751518726348877,2.391404851371221,2.2549780909215342,2.278865080102096,983980000
2016-12-15,2.4308066368103027,2.4610963298416313,2.3788462213562886,2.3862338768995066,746548000
2016-12-16,2.472670555114746,2.4798118541252965,2.406673425851203,2.458387487394947,1089528000
2016-12-19,2.502713680267334,2.522906730143705,2.437947871645791,2.4551860472616167,744656000
2016-12-20,2.58988881111145,2.6135294491340564,2.564031665120103,2.5753596225127935,848056000
2016-12-21,2.6061413288116455,2.6090964373934016,2.5539348019494286,2.601462426461305,576136000
2016-12-22,2.637662887573242,2.681004097844642,2.623379820603028,2.630521354088135,718612000
2016-12-23,2.703413248062134,2.7048909199949285,2.616976955171936,2.6196857072496305,647692000
2016-12-27,2.8890912532806396,2.890076211264854,2.738874122770622,2.7595598843842577,1194272000
2016-12-28,2.690361738204956,2.9533645624792473,2.676571385996024,2.945238071377652,2295764000
2016-12-29,2.7440454959869385,2.745523167808001,2.5315254289195743,2.5832394805199907,2175368000
2016-12-30,2.628549814224243,2.7561112171944004,2.6177145760934537,2.7420745145947696,1212932000
2017-01-03,2.512071132659912,2.619439299024829,2.447305333164635,2.570926479918963,1501996000
2017-01-04,2.57068133354187,2.5980159231941164,2.5002516468401983,2.546301853704682,1199220000
2017-01-05,2.505423069000244,2.605896099715852,2.4884312460135707,2.574128962275071,984296000
2017-01-06,2.5389139652252197,2.567233510618649,2.4921249264584233,2.532757389150976,822856000
2017-01-09,2.641848087310791,2.6595787359040894,2.548763004168346,2.548763004168346,916248000
2017-01-10,2.6219022274017334,2.6888840724853043,2.6012164641911886,2.654900670913393,880920000
2017-01-11,2.589641571044922,2.615252351356171,2.564769626471295,2.610327327753603,525664000
2017-01-12,2.547285556793213,2.578314077136613,2.5024666873413106,2.5667400005849386,625616000
2017-01-13,2.5470404624938965,2.5857027739446194,2.537928776856967,2.55122665241292,457820000
2017-01-17,2.489908218383789,2.5413759171939216,2.476610345173752,2.5364508920435815,580612000
2017-01-18,2.535219192504883,2.542114367579101,2.4406564224381517,2.4684834796373702,654424000
2017-01-19,2.589641571044922,2.6216550464339834,2.535957616045764,2.538173888409382,644872000
2017-01-20,2.5613224506378174,2.6300283140341216,2.539405610647343,2.6122976625805587,492024000
2017-01-23,2.587918281555176,2.6078652064109096,2.553688527136232,2.556151156841739,369904000
2017-01-24,2.643080234527588,2.6492368095268497,2.583239687660837,2.5980152328097423,428052000
2017-01-25,2.6544084548950195,2.6915933261211915,2.6184548987908283,2.685436750511288,522760000
2017-01-26,2.700212001800537,2.7075996568750793,2.6275660614944636,2.6571169166419533,458800000
2017-01-27,2.7524185180664062,2.7553736270467835,2.6805114141923023,2.707107160166379,471996000
2017-01-30,2.7093234062194824,2.7337028789279216,2.657363229767831,2.73148660592703,496004000
2017-01-31,2.6886377334594727,2.710062096061899,2.6645043841359475,2.6829738727960355,362756000
2017-02-01,2.806102991104126,2.810289180613092,2.705383623792411,2.723114044513781,590004000
2017-02-02,2.8415632247924805,2.8501824286246586,2.7595597235772322,2.7900955329522166,483240000
2017-02-03,2.8166913986206055,2.854122619663753,2.804871198435376,2.8430410205312056,372744000
2017-02-06,2.8888447284698486,2.8893372074333343,2.807333471356001,2.807333471356001,506768000
2017-02-07,2.933664321899414,2.9777443704131943,2.9033746271442804,2.9230751996135895,746224000
2017-02-08,2.920858383178711,2.9380963221716416,2.8659428656237522,2.9156870014808316,449580000
2017-02-09,2.86594295501709,2.9319400739401464,2.8467350994540177,2.927014814160365,842568000
2017-02-10,2.79797625541687,2.972326277566185,2.7728579463061993,2.9533645434013907,1651092000
2017-02-13,2.6689369678497314,2.806840938655868,2.6645041875646407,2.7923117526893817,1180724000
2017-02-14,2.6787877082824707,2.712524988306012,2.617469488484855,2.6593332597593418,850632000
2017-02-15,2.6842052936553955,2.703905864868147,2.6536694787304307,2.681742898390802,373020000
2017-02-16,2.6411099433898926,2.6950402645393887,2.601954930441998,2.6938089497143736,647176000
2017-02-17,2.6406173706054688,2.6450501511821183,2.580530706971194,2.627565855492,563740000
2017-02-21,2.735180139541626,2.7391202059340043,2.6649966060713837,2.6652429629674677,551952000
2017-02-22,2.7309887409210205,2.7566318497696405,2.7120028419778888,2.7472622342175907,433772000
2017-02-23,2.4777636528015137,2.623238920420828,2.457791783955978,2.601294413906689,1592888000
2017-02-24,2.5016801357269287,2.5149947898198013,2.359656845208708,2.3934366985141073,1029904000
2017-02-27,2.5744175910949707,2.58945821358181,2.5041457185052396,2.519926109269733,715400000
2017-02-28,2.502173900604248,2.593897437253338,2.484914202779895,2.584034484044283,625360000
2017-03-01,2.5344746112823486,2.5734323852145216,2.4930510989016903,2.559131290329917,504804000
2017-03-02,2.4410247802734375,2.5357071490961296,2.438312609422034,2.521652723951555,754332000
2017-03-03,2.4269702434539795,2.4353534226811244,2.372478520321904,2.4304221822791034,864692000
2017-03-06,2.408231496810913,2.4188339832537116,2.3465894509447156,2.3907251313297557,883568000
2017-03-07,2.43461275100708,2.4540917429893123,2.395408569589691,2.4082301190817503,603400000
2017-03-08,2.430176019668579,2.497735743785284,2.427956949269048,2.4829415492121663,638712000
2017-03-09,2.429682731628418,2.452120336925712,2.4015738816805245,2.414149004884137,478060000
2017-03-10,2.4439830780029297,2.4679002152124254,2.4257371842575153,2.456065098088673,499740000
2017-03-13,2.5112972259521484,2.5211599445678714,2.4536002162345776,2.4543399847958405,774136000
2017-03-14,2.509570837020874,2.533487743432355,2.4772702802245923,2.524118362185828,522016000
2017-03-15,2.5285556316375732,2.539404546022996,2.473570821236236,2.5211586552450416,615036000
2017-03-16,2.559623956680298,2.5601172924028957,2.5251045648417083,2.539158989438443,523100000
2017-03-17,2.6153483390808105,2.6165812079943196,2.559623745860428,2.577130108199134,1119688000
2017-03-20,2.698688268661499,2.702633543331177,2.616827699169849,2.632854760257934,748568000
2017-03-21,2.611403465270996,2.7112637462794593,2.6035133851884904,2.6814289253726185,913484000
2017-03-22,2.6646623611450195,2.6693471697338502,2.596362869929974,2.6003079100190574,616764000
2017-03-23,2.640498161315918,2.6767437555776104,2.6308821128165722,2.656771655042277,533940000
2017-03-24,2.649867057800293,2.6947424872889707,2.6239775226023876,2.6868524104131257,439500000
2017-03-27,2.6690995693206787,2.6730446080314425,2.553952267593291,2.6032658393419847,506644000
2017-03-28,2.6552913188934326,2.684879456400449,2.644935506037819,2.6703319378235784,432444000
2017-03-29,2.6466615200042725,2.6750167895390904,2.6444424508038673,2.6626883399144163,349992000
2017-03-30,2.697455644607544,2.7122498380976516,2.6481420582167323,2.653813067743887,525532000
2017-03-31,2.685866117477417,2.7095368196567944,2.6727981328660695,2.68783875437425,440808000
2017-04-03,2.6723053455352783,2.7036194608879462,2.6486346405824666,2.6863597678145896,445232000
2017-04-04,2.4849133491516113,2.574664217298131,2.474064433552563,2.5495142125753225,1271280000
2017-04-05,2.4664199352264404,2.524116901930757,2.4533517193514762,2.466173267507991,747048000
2017-04-06,2.48442006111145,2.4965018445259135,2.426476411016893,2.4715985094871407,635120000
2017-04-07,2.473818063735962,2.508337686830194,2.4587774396804285,2.4908313250224237,429068000
2017-04-10,2.4106976985931396,2.4812160395555902,2.40650598975797,2.474558827122488,756332000
2017-04-11,2.4193265438079834,2.4385588747554636,2.3756839737901276,2.380615214082827,618148000
2017-04-12,2.399354934692383,2.433627896495652,2.3941770255116652,2.4193270380649654,414092000
2017-04-13,2.3544788360595703,2.39688853416332,2.3544788360595703,2.3751907022050966,506892000
2017-04-17,2.446695566177368,2.44694199885634,2.362122598444247,2.3673005064508845,497292000
2017-04-18,2.4481747150421143,2.454339058817344,2.406504785762517,2.4323943241814665,370116000
2017-04-19,2.457791805267334,2.4898454628534177,2.4511343588305983,2.46568188571867,380828000
2017-04-20,2.496748924255371,2.501433731781274,2.4511337178342854,2.4723386856137792,404016000
2017-04-21,2.507105588912964,2.509817760187026,2.4745585930411487,2.486393714629048,341896000
2017-04-24,2.538418769836426,2.551486755811058,2.5177071384144374,2.538665202508204,371820000
2017-04-25,2.582555055618286,2.597102581684842,2.5315154980199877,2.55296690287803,388440000
2017-04-26,2.5648014545440674,2.5985810694356033,2.562828817587734,2.596115567172264,327004000
2017-04-27,2.6047463417053223,2.613129522681103,2.5541998825262846,2.5721993487676835,319700000
2017-04-28,2.5717058181762695,2.604745906218431,2.566034574032472,2.5978420282823707,348248000
2017-05-01,2.6294021606445312,2.6345803034173407,2.575403779550921,2.582554324193687,307732000
2017-05-02,2.551487445831299,2.603760109303401,2.5288031711719876,2.602527240174056,629972000
2017-05-03,2.5704729557037354,2.5800890042400897,2.5297892212312605,2.544583178232684,336904000
2017-05-04,2.560609817504883,2.5877322243033514,2.5527195046109696,2.576636640807235,209788000
2017-05-05,2.560856580734253,2.568007126279278,2.533487502596974,2.549021462584145,228428000
2017-05-08,2.533980369567871,2.5741707594807526,2.522638118899723,2.5726914581652487,365240000
2017-05-09,2.5381722450256348,2.587239391227207,2.531268367495991,2.5396517817223825,847672000
2017-05-10,2.99062442779541,3.003692648146999,2.8113695950630464,2.818026803994649,2129096000
2017-05-11,3.119086980819702,3.2159884116789885,2.9565987084732877,2.960050647498926,1939792000
2017-05-12,3.15336012840271,3.1955234028012334,3.1013343720329147,3.1222926752997475,962620000
2017-05-15,3.3116567134857178,3.31412245138423,3.1900986098084436,3.1945369850549064,1087540000
2017-05-16,3.373298168182373,3.388832126146833,3.288232341668894,3.362695685164261,1120700000
2017-05-17,3.1491684913635254,3.3252180885212232,3.144976783899975,3.30647885643409,1271368000
2017-05-18,3.2810816764831543,3.2899581899729884,3.132647625121178,3.1930567801200342,1156032000
2017-05-19,3.356858730316162,3.411654305731616,3.337606141778105,3.382281920719221,1018372000
2017-05-22,3.428438186645508,3.442754102837601,3.389686088795306,3.4005466662863166,836608000
2017-05-23,3.3822808265686035,3.4504052942668784,3.3496995696430503,3.4481838877298263,681248000
2017-05-24,3.420292854309082,3.4819998032822426,3.408198109645119,3.4792845412262525,815996000
2017-05-25,3.4126410484313965,3.4563295781911094,3.3677183514849136,3.455589030800383,608228000
2017-05-26,3.5010056495666504,3.585914382037418,3.3842562012676813,3.4044960270114477,779140000
2017-05-30,3.5757949352264404,3.6108443011170004,3.5308722300280797,3.546915935616526,989652000
2017-05-31,3.562959909439087,3.6283691352026066,3.5061893848627883,3.620717438404552,887316000
2017-06-01,3.563206195831299,3.5797437549685953,3.5177898755006214,3.5787562799051695,503340000
2017-06-02,3.5454344749450684,3.5864077433172987,3.539510566521937,3.560244010609572,487456000
2017-06-05,3.6532983779907227,3.6661334355876862,3.5175432689218282,3.529144159204467,817376000
2017-06-06,3.636760711669922,3.694765157625615,3.6234320354799614,3.648608293064707,758728000
2017-06-07,3.680696964263916,3.699455934297944,3.645647594676547,3.6611976820184116,612612000
2017-06-08,3.9477639198303223,3.949244779283194,3.746599132065319,3.7878193292535673,1161744000
2017-06-09,3.692544460296631,4.159049158150871,3.5234672879499245,4.066242026790177,3692928000
2017-06-12,3.701676845550537,3.744378142342247,3.507670347403907,3.600724402102928,1697532000
2017-06-13,3.7369730472564697,3.820153991062001,3.595046871263725,3.811021200339056,1672504000
2017-06-14,3.7448716163635254,3.8026293762906778,3.665393170527029,3.739935182436256,1184640000
2017-06-15,3.760915994644165,3.791275620010038,3.6160278403876838,3.6273820399125714,963824000
2017-06-16,3.742403268814087,3.81842637541501,3.7083411451138577,3.770541718900664,924960000
2017-06-19,3.8830950260162354,3.8882783872048488,3.7828829055830493,3.786585171921583,778176000
2017-06-20,3.8774189949035645,3.9921939943503273,3.8732231074634744,3.925303662876235,1095444000
2017-06-21,3.9361634254455566,3.9398659277608994,3.8431093662056073,3.9050632534128074,682652000
2017-06-22,3.9090120792388916,3.9576372830747117,3.8850697510569243,3.944308370154155,469132000
2017-06-23,3.796952486038208,3.9324609078713944,3.781895785484872,3.9166638952168724,1088588000
2017-06-26,3.755485773086548,3.8653240909426247,3.661197541977544,3.8297808673826133,1063960000
2017-06-27,3.6180026531219482,3.7465999414300133,3.612325670902897,3.7379610042720257,999492000
2017-06-28,3.7456119060516357,3.750301647426116,3.5975151321326035,3.685632743215561,994948000
2017-06-29,3.6204705238342285,3.7201887975477743,3.556295234042989,3.717227078382043,1064424000
2017-06-30,3.568142890930176,3.651323836270244,3.5419791563358323,3.6377482314377665,731060000
2017-07-03,3.4390523433685303,3.595047537279027,3.4205403016683595,3.5802379980762433,709072000
2017-07-05,3.530872344970703,3.5597511101273605,3.483481303402643,3.502486964323459,820188000
2017-07-06,3.5414860248565674,3.588383450011089,3.449666125092354,3.50174691270184,746284000
2017-07-07,3.6224443912506104,3.6407097353800637,3.575300289290965,3.5982553743971706,654972000
2017-07-10,3.793743133544922,3.8011479013923553,3.6698356177814646,3.695999350542832,958492000
2017-07-11,3.8475518226623535,3.855203518364601,3.7554850174150967,3.797445762277314,757956000
2017-07-12,4.011199951171875,4.023294465193558,3.864337524407443,3.9072855250357854,1145208000
2017-07-13,3.964794874191284,4.10474609710608,3.9183913156947616,4.023292942130979,1369132000
2017-07-14,4.071423530578613,4.0729041541958635,3.9741731583638975,3.981084304532809,941948000
2017-07-17,4.054148197174072,4.134367455521325,3.992441220225993,4.105488447190414,930792000
2017-07-18,4.096354961395264,4.110917807590156,3.981332816130015,3.993180635201578,776640000
2017-07-19,4.075128078460693,4.131898374015307,4.063033565890428,4.105487706024676,687044000
2017-07-20,4.134365081787109,4.134611773966645,4.0457540983138705,4.0956132242029515,699596000
2017-07-21,4.149175643920898,4.178795190334689,4.0995631979194975,4.1138793512517235,648332000
2017-07-24,4.101044178009033,4.165960015272796,4.090430762517662,4.156333839503097,652524000
2017-07-25,4.081298828125,4.095614984061849,4.037610283457839,4.078089945265795,496556000
2017-07-26,4.128442764282227,4.194345852172963,4.093639851310675,4.138809489255288,640404000
2017-07-27,3.9921936988830566,4.164973386772876,3.8890196002397968,4.153372259070626,782856000
2017-07-28,4.057602882385254,4.082039069638215,3.931474163667702,3.956403500061353,513348000
2017-07-31,4.011199951171875,4.107215986426618,3.9645496828025233,4.0711791366678085,559672000
2017-08-01,4.060070991516113,4.061798778862777,3.9739283164362345,4.001819606236166,431384000
2017-08-02,4.057602882385254,4.09512082159271,3.9805929950472776,4.091171862173042,478444000
2017-08-03,4.109190464019775,4.112892731334429,4.04007849249658,4.057109675402849,442420000
2017-08-04,4.127209186553955,4.197801787657575,4.109190762441015,4.131898694107295,589096000
2017-08-07,4.254076957702637,4.254570342091713,4.146706533963002,4.156333178989565,717412000
2017-08-08,4.20347785949707,4.3086261847999285,4.164232138983174,4.292088860545572,755336000
2017-08-09,4.248154640197754,4.250622975427268,4.138563004098742,4.1573219752136,530784000
2017-08-10,4.06624174118042,4.261729329653569,4.056121710157535,4.24938765616711,1328088000
2017-08-11,3.84952712059021,3.924562763321472,3.774244785592866,3.87865281473805,1497196000
2017-08-14,4.156580924987793,4.160283191991013,3.929499289984181,3.941100181688131,1279020000
2017-08-15,4.121530532836914,4.187926987854771,4.087221484203748,4.16176349001269,764532000
2017-08-16,4.076360702514648,4.160035494548472,4.044026605540096,4.136587024549323,596632000
2017-08-17,3.9855284690856934,4.085000045866216,3.9833072975130035,4.067969337591086,525444000
2017-08-18,3.9862701892852783,4.0568632608822774,3.940360235371827,4.039832076809952,601204000
2017-08-21,3.928264617919922,4.022059214711739,3.8843293916788144,4.0107052521167,623672000
2017-08-22,4.01571798324585,4.021647107244542,3.9455573108628452,3.9648268460583105,450456000
2017-08-23,4.096007823944092,4.107124872522273,3.973720289584098,3.9823673017681447,579520000
2017-08-24,4.080939769744873,4.132572601493176,4.054506315685935,4.128125403029625,469700000
2017-08-25,4.04684591293335,4.115277511210586,4.040422499075723,4.105148571635797,357200000
2017-08-28,4.075503349304199,4.078715056545875,4.010283451602476,4.065868698780349,389496000
2017-08-29,4.0688323974609375,4.0905726741404616,4.008553524633663,4.016706246188761,324096000
2017-08-30,4.093042850494385,4.104159897315108,4.058209311469168,4.08859565480524,384400000
2017-08-31,4.185932636260986,4.1898850717498455,4.105890163197444,4.113301215339644,612684000
2017-09-01,4.211132049560547,4.246706804512534,4.189886054619884,4.198533069482846,445432000
2017-09-05,4.098724842071533,4.164685927722926,4.040669568436136,4.159744913013204,695364000
2017-09-06,4.096255302429199,4.145417609363333,4.061422224259102,4.131583141868689,397672000
2017-09-07,4.11527681350708,4.1476393730992385,4.075008442630327,4.11305321573309,352868000
2017-09-08,4.043880939483643,4.118488567777649,4.019670626275912,4.103665994352666,498856000
2017-09-11,4.175063133239746,4.185686365439459,4.084150506309246,4.089585812737442,567444000
2017-09-12,4.1901326179504395,4.19976726883674,4.124912717795177,4.19976726883674,411488000
2017-09-13,4.208907127380371,4.237811073354014,4.1325701950274585,4.164932756991166,580960000
2017-09-14,4.184945106506348,4.2630113726283625,4.145417918940865,4.169875148316432,513712000
2017-09-15,4.449530124664307,4.449530124664307,4.2652343708444915,4.270422296385199,1364792000
2017-09-18,4.633331775665283,4.723503673862385,4.566876849929093,4.5737940842629525,1684460000
2017-09-19,4.628391265869141,4.6901525564360576,4.560947759398397,4.5829349522422795,874280000
2017-09-20,4.591087341308594,4.679529463019168,4.550818952277112,4.632096929932237,724920000
2017-09-21,4.465588569641113,4.513515393191882,4.3877692087374545,4.487328382624456,1075600000
2017-09-22,4.422107696533203,4.503879950540513,4.412226136438774,4.45422382704277,491232000
2017-09-25,4.224471569061279,4.392462322984361,4.203719869831027,4.391226833534277,874580000
2017-09-26,4.2481889724731445,4.414203562555073,4.208414869383313,4.359112589484931,1125620000
2017-09-27,4.3413262367248535,4.354666891537531,4.267706668110022,4.338608818093012,713720000
2017-09-28,4.340090274810791,4.352442346345035,4.292657264628326,4.348489438429388,435244000
2017-09-29,4.416426658630371,4.440142689368964,4.37887568762602,4.424085092748397,619092000
2017-10-02,4.422107696533203,4.495727227601511,4.3726989536586816,4.466575894961104,503480000
2017-10-03,4.431248188018799,4.461140717830595,4.387026902409356,4.42828339037735,390332000
2017-10-04,4.468305587768555,4.490539688895516,4.400862084856608,4.437424944114578,427848000
2017-10-05,4.465834617614746,4.496221439237787,4.435942086028341,4.492762822584873,437364000
2017-10-06,4.47892951965332,4.492270172299072,4.4221092335576495,4.438167304393852,318800000
2017-10-09,4.5799689292907715,4.6130731644327705,4.496961667646053,4.515737147732425,563492000
2017-10-10,4.667423725128174,4.766735976570185,4.626167232144283,4.729185009887465,974876000
2017-10-11,4.717081069946289,4.718563469330356,4.638026680415527,4.683976820509651,529508000
2017-10-12,4.719304084777832,4.7701952357176935,4.692128965040383,4.720539103310775,528292000
2017-10-13,4.807250499725342,4.817379439273406,4.734619557134227,4.781557786764896,628728000
2017-10-16,4.889763355255127,4.8927281527108715,4.773899240317055,4.837142912426885,576640000
2017-10-17,4.885317325592041,4.913727458847176,4.85073115835991,4.869012350868152,478596000
2017-10-18,4.881118297576904,4.894952766703675,4.775877379947897,4.894212038315825,567316000
2017-10-19,4.886553764343262,4.8914943097638695,4.7543846325160946,4.803546475660418,570772000
2017-10-20,4.864319324493408,4.9307742500192715,4.855425400948559,4.903599602879934,451620000
2017-10-23,4.857402324676514,4.91249329237817,4.837144439669931,4.886059372323642,428696000
2017-10-24,4.908292770385742,4.9100220787988045,4.840602361645024,4.8665419878409555,407244000
2017-10-25,4.784276962280273,4.921634498951088,4.722763045401439,4.868766654833862,828160000
2017-10-26,4.834426403045654,4.846037272057175,4.7879819845971525,4.811945393324472,322744000
2017-10-27,4.986853122711182,4.987100032131524,4.860612671141092,4.8865527675137255,572192000
2017-10-30,5.035768985748291,5.091353772569509,4.97104289425504,4.986854052928754,504056000
2017-10-31,5.109139919281006,5.135820742467771,5.061954306489395,5.067636521257408,411908000
2017-11-01,5.118774890899658,5.187206497016649,5.054543100970461,5.171889631202626,502576000
2017-11-02,5.087648391723633,5.133845908134283,5.031075023011289,5.089130790967099,342308000
2017-11-03,5.155583381652832,5.155583381652832,5.072823510278456,5.11877362515704,353640000
2017-11-06,5.178807735443115,5.187454278695054,5.106423681590806,5.1187757516075,389944000
2017-11-07,5.238097667694092,5.25959103879726,5.189430123935168,5.201535282518944,427700000
2017-11-08,5.167196273803711,5.2373571920500614,5.119763746077131,5.233651194508069,522988000
2017-11-09,5.072330474853516,5.097281991357805,4.950043400160365,5.071095456539959,978564000
2017-11-10,5.339633464813232,5.40213594615253,5.228216059538987,5.264037716113875,1253256000
2017-11-13,5.252921104431152,5.365079247319964,5.237604237396695,5.339633909944473,582376000
2017-11-14,5.29121208190918,5.306528946862564,5.218333754276892,5.262060750856264,529292000
2017-11-15,5.187453269958496,5.237356772852946,5.133597802805067,5.236121283370766,501948000
2017-11-16,5.22772216796875,5.291707053116871,5.218828716103121,5.261567609348659,441768000
2017-11-17,5.221545219421387,5.320116257013823,5.206475735776088,5.2847888939751755,515664000
2017-11-20,5.288743019104004,5.300848179169711,5.200300429625877,5.2371101999323395,396100000
2017-11-21,5.337409973144531,5.349021313006276,5.296647771317572,5.328516521778953,399176000
2017-11-22,5.313430309295654,5.364604364296588,5.280797701577879,5.364604364296588,356640000
2017-11-24,5.363615036010742,5.364604302984841,5.305271860968274,5.329746552241181,180752000
2017-11-27,5.293900489807129,5.373504424552337,5.290686550669087,5.3722685480146595,422896000
2017-11-28,5.209105491638184,5.308486760592151,5.148043000186751,5.299092494866648,512752000
2017-11-29,4.855832099914551,5.194518828512013,4.727526340591868,5.191799523116271,1396788000
2017-11-30,4.961886882781982,5.010588704117844,4.861517325832264,4.924557385858942,823768000
2017-12-01,4.8869805335998535,4.947548843661864,4.758180631951143,4.927276889483337,811548000
2017-12-04,4.61454963684082,4.951753486611761,4.561150897353036,4.945572688374243,1240844000
2017-12-05,4.641247272491455,4.763866851278657,4.464240178847123,4.509233430866469,981488000
2017-12-06,4.6788249015808105,4.70057981590424,4.569554753420891,4.590815505787302,467032000
2017-12-07,4.746314525604248,4.78611672278776,4.700084922634661,4.745572811181132,542600000
2017-12-08,4.733953952789307,4.815288386758836,4.725548484562322,4.796252306999405,466876000
2017-12-11,4.812320232391357,4.8152870893325845,4.732222167904817,4.74804383316323,372748000
2017-12-12,4.717884063720703,4.792049366878646,4.694398643728029,4.7688110278199005,455016000
2017-12-13,4.602682113647461,4.76015899077714,4.595265440342375,4.758923114323924,554280000
2017-12-14,4.609851360321045,4.680802741805193,4.563621752333666,4.596254361321391,438164000
2017-12-15,4.735685348510742,4.75595730843523,4.588838594151709,4.653856737296197,670036000
2017-12-18,4.892421245574951,4.895387632489703,4.746563279537735,4.7762290347999645,477704000
2017-12-19,4.84816837310791,4.88821765437953,4.819738499490322,4.883026124541412,373100000
2017-12-20,4.8652238845825195,4.896620128417174,4.8096000424589604,4.8874734214319435,288820000
2017-12-21,4.842728137969971,4.893654623804646,4.834322672043201,4.8686857784540205,300904000
2017-12-22,4.827402114868164,4.836796378809041,4.728020864793629,4.805894281653527,466276000
2017-12-26,4.881048679351807,4.8887124345860995,4.74211276107306,4.772026067435474,355080000
2017-12-27,4.874371528625488,4.943592375633982,4.853111254172869,4.867697043510228,329488000
2017-12-28,4.880058765411377,4.92900767237002,4.873878440742929,4.898105577499232,240248000
2017-12-29,4.78364372253418,4.906263289793141,4.78364372253418,4.906263289793141,279964000
2018-01-02,4.928266525268555,4.931975097719363,4.808366704007385,4.84001004539694,355616000
2018-01-03,5.252614974975586,5.283022911178578,5.037042002246591,5.045694552012825,914704000
2018-01-04,5.280303001403809,5.390561945196384,5.258053453556428,5.333949280133608,583268000
2018-01-05,5.325048446655273,5.362377941770757,5.218250546808225,5.295135151461175,580124000
2018-01-08,5.488211631774902,5.562376462665713,5.403663271892022,5.448656992429337,881216000
2018-01-09,5.486729621887207,5.53320631155976,5.405148098200573,5.493651661986156,497000000
2018-01-10,5.529743671417236,5.533204690452709,5.339881314783702,5.394268824130911,582664000
2018-01-11,5.53963565826416,5.593776116903368,5.518127346222,5.5623793756106235,406032000
2018-01-12,5.5124406814575195,5.5621313146029365,5.471897232768536,5.5277681920478,359916000
2018-01-16,5.441489219665527,5.624429605641397,5.356941303063626,5.538892893454774,702348000
2018-01-17,5.555456638336182,5.565345066349095,5.36213317897332,5.456075366975075,538408000
2018-01-18,5.5485334396362305,5.602920961181686,5.505023139482716,5.536172317788228,408632000
2018-01-19,5.688704490661621,5.7129316262650836,5.611820350109823,5.638766790715722,609380000
2018-01-22,5.777207374572754,5.778937884060255,5.63901322496283,5.696614671416147,550944000
2018-01-23,5.906255722045898,5.928999429795258,5.812066009441394,5.830606983285832,475228000
2018-01-24,5.829372406005859,5.945317056842168,5.773748529020101,5.909470505948162,579972000
2018-01-25,5.842967987060547,5.927021720419057,5.828135113976261,5.883758505924467,409884000
2018-01-26,6.0155253410339355,6.015772421988566,5.87387015182152,5.886725434390409,516356000
2018-01-29,6.102545738220215,6.133695386472402,5.948282811925666,6.000939820891114,455116000
2018-01-30,6.000446796417236,6.091917231860147,5.893896402029141,5.9606450599311005,570832000
2018-01-31,6.076588153839111,6.162372402728371,6.04321383349187,6.075846439405364,478576000
2018-02-01,5.94556188583374,6.103780906167273,5.88524113483108,5.8966129869325385,519224000
2018-02-02,5.773004531860352,5.883016365747189,5.714908924671192,5.85903631429547,718464000
2018-02-05,5.283021450042725,5.765835479580123,5.067942698768792,5.611819664809024,1165204000
2018-02-06,5.576716423034668,5.5796828094628586,5.043222362588904,5.053111260406739,1114800000
2018-02-07,5.656320095062256,5.808853001810103,5.604404794143706,5.675603257923874,802932000
2018-02-08,5.377460956573486,5.815034409321553,5.377213404002612,5.781907631580263,1144000000
2018-02-09,5.737405776977539,5.905760305698723,5.37745838142469,5.889938639059941,1674604000
2018-02-12,5.637284278869629,5.821460992964067,5.563119431257505,5.818494135003565,1093172000
2018-02-13,5.751002311706543,5.79723190330161,5.568556168952201,5.600941685464842,625524000
2018-02-14,5.968306541442871,5.9972310431510225,5.699581973480021,5.710706745557887,744988000
2018-02-15,6.093893527984619,6.140123133709007,5.970779771567889,6.05161957557638,698900000
2018-02-16,6.028132915496826,6.180418228257467,6.018985734313205,6.066698759191205,637656000
2018-02-20,6.1576762199401855,6.226649540396642,6.046922634557393,6.050631207155701,686240000
2018-02-21,5.970531940460205,6.229121034663457,5.966823839825248,6.222198995329635,892292000
2018-02-22,5.990072727203369,6.076157498489601,5.924519739111028,6.0044203463582315,534364000
2018-02-23,6.08358097076416,6.08358097076416,5.999227753883418,6.049938672192449,415300000
2018-02-26,6.099660396575928,6.134292106358563,6.037322847145525,6.1298395253610325,469312000
2018-02-27,6.086794853210449,6.157295362879815,6.063789309508929,6.0729417026409065,455436000
2018-02-28,5.986363887786865,6.1372595114285735,5.9747372600246305,6.0976802850482965,523116000
2018-03-01,5.7441887855529785,6.038064781515423,5.643014183931714,5.984137927134577,1040120000
2018-03-02,5.851299285888672,5.857731157872728,5.48791220161582,5.636581770758997,913428000
2018-03-05,5.829284191131592,5.868863421344419,5.6776459056146935,5.801083883445083,620776000
2018-03-06,5.990321636199951,6.0096167807084235,5.871583954901183,5.914626352576446,636808000
2018-03-07,5.982405662536621,6.034600925571789,5.886178593560381,5.887415237939275,581208000
2018-03-08,5.966079235076904,6.009863806615915,5.921799722692148,6.009863806615915,411912000
2018-03-09,6.06873893737793,6.081601739121654,5.997496227771388,6.013574965861866,505524000
2018-03-12,6.178323745727539,6.258471616899563,6.101886279979087,6.110049738096921,605060000
2018-03-13,6.127613067626953,6.295577805598525,6.086302249974199,6.221119156909702,619772000
2018-03-14,6.153091907501221,6.197865892724463,6.090754362170753,6.170654995786817,505496000
2018-03-15,6.167932987213135,6.249070251987616,6.125880004227634,6.166696342928952,401952000
2018-03-16,6.196133613586426,6.2151810505814415,6.146659346843217,6.18425975182233,399456000
2018-03-19,5.961626052856445,6.168180086769697,5.862677998532088,6.139238081666054,713772000
2018-03-20,6.173870086669922,6.212707135028757,5.964594575809371,5.964594575809371,554696000
2018-03-21,6.148639678955078,6.23373507357065,6.1182128440574095,6.167439412804749,438688000
2018-03-22,5.982653617858887,6.131818143198124,5.945300913799588,6.085312571074525,551196000
2018-03-23,5.762988090515137,5.998731848995828,5.751856404293622,5.996258088521984,735620000
2018-03-26,6.047712802886963,6.048949447546177,5.8354690040100525,5.887416572487547,611424000
2018-03-27,5.578697204589844,6.1842599251353825,5.438438329146964,6.128601491444846,1409000000
2018-03-28,5.47554349899292,5.674429027012245,5.3679375142096735,5.544312435454576,945904000
2018-03-29,5.728853225708008,5.8255747995804565,5.459466590834768,5.543819829044607,916628000
2018-04-02,5.468123435974121,5.804547383696589,5.380307043444752,5.6583515525170665,922092000
2018-04-03,5.57449197769165,5.698177178832927,5.475543911142948,5.6350979338523794,667432000
2018-04-04,5.596507549285889,5.60689705983273,5.2937259773642715,5.318710343939517,789168000
2018-04-05,5.476286888122559,5.6679988835895365,5.404796940860994,5.65488837491038,701240000
2018-04-06,5.299911022186279,5.481728430579818,5.270721305284137,5.373627489864116,662988000
2018-04-09,5.328606605529785,5.490881644087578,5.308569283326123,5.362991080732623,499524000
2018-04-10,5.637818813323975,5.664782001665425,5.501764811767425,5.558907596221926,761676000
2018-04-11,5.596507549285889,5.664287074154486,5.563854667046801,5.622976266459697,460244000
2018-04-12,5.803309440612793,5.821120234228695,5.645239767847968,5.689519281458002,593920000
2018-04-13,5.726624965667725,5.875294542336591,5.678387810631916,5.866883850157043,503036000
2018-04-16,5.726378917694092,5.759773986982077,5.632130642491671,5.733305260495595,350792000
2018-04-17,5.876038074493408,5.897312044382676,5.722915881851223,5.778574331982905,447224000
2018-04-18,5.847093105316162,5.9183357968942545,5.758040094709692,5.8255719099722665,391364000
2018-04-19,5.665771007537842,5.766203415613488,5.610360284087309,5.732808357753259,471996000
2018-04-20,5.657609462738037,5.741467744563186,5.626440922864354,5.657114521800595,386200000
2018-04-23,5.538128852844238,5.726624889874579,5.512155073064359,5.675419505711618,427508000
2018-04-24,5.4718337059021,5.659834803298917,5.406527932413079,5.563855434743755,414596000
2018-04-25,5.359527587890625,5.4812339774552985,5.202200080694767,5.4421492172352615,588492000
2018-04-26,5.57127571105957,5.579439167873963,5.455259033244982,5.521306975804389,375824000
2018-04-27,5.598733425140381,5.696939775045615,5.5564332090002555,5.677150164373744,400848000
2018-04-30,5.563359260559082,5.664781068969113,5.544064591679023,5.615059574473137,327844000
2018-05-01,5.618771076202393,5.621492071160562,5.4965697630116805,5.555196895059056,253788000
2018-05-02,5.598239898681641,5.6598347950727055,5.572018412420499,5.615308517430774,268248000
2018-05-03,5.763482570648193,5.789704054264329,5.584881121757189,5.6301500420549875,443144000
2018-05-04,5.913637161254883,5.916853097428764,5.717472603794044,5.734788457312451,400660000
2018-05-07,6.151607036590576,6.208749820964347,6.008379459798583,6.018274502147228,687616000
2018-05-08,6.194154262542725,6.196875257334085,6.102874252950048,6.151853574659141,506616000
2018-05-09,6.32724142074585,6.32946794739396,6.186982509279361,6.214193410921618,596760000
2018-05-10,6.434845924377441,6.443998319077037,6.362366111171555,6.380176903393178,994080000
2018-05-11,6.296319007873535,6.426436088848092,6.197618641746434,6.253029373607263,1214456000
2018-05-14,6.316850185394287,6.394277522323948,6.293102933393977,6.334413743752188,523140000
2018-05-15,6.074428081512451,6.255998259899748,5.9739956552292846,6.2532767926755914,963528000
2018-05-16,6.0855584144592285,6.147648241277397,5.9989786908281095,6.035836917379133,553828000
2018-05-17,6.127613067626953,6.221366391461874,6.071212449501698,6.0872916600045555,519784000
2018-05-18,6.083828926086426,6.242888041569234,6.078881403757523,6.179561548681732,483716000
2018-05-21,6.041774749755859,6.185002331994662,5.949010847406737,6.181291926883611,640624000
2018-05-22,6.00368070602417,6.080365410492757,5.943074740481439,6.055133802958922,518264000
2018-05-23,6.127193450927734,6.1284313321656025,5.946748890896969,5.947491525217017,442956000
2018-05-24,6.130906581878662,6.173233436306639,6.07026361612952,6.12348118238234,437372000
2018-05-25,6.170263290405273,6.186599831292713,6.107887664533281,6.143530811872501,292112000
2018-05-29,6.1531829833984375,6.221252284671248,6.106401272598585,6.152192961725743,352684000
2018-05-30,6.262094020843506,6.2707573014894,6.16209474018039,6.1868471729315395,390996000
2018-05-31,6.2422919273376465,6.316796610120592,6.219520011125515,6.230163334903064,493868000
2018-06-01,6.376698017120361,6.382886480200845,6.278431379761643,6.287094661538182,421968000
2018-06-04,6.555656909942627,6.577686192519927,6.378677654405407,6.410855486269727,642024000
2018-06-05,6.561103343963623,6.598727009887207,6.5140737615591435,6.558875440541781,391712000
2018-06-06,6.563082218170166,6.5663001429459635,6.454667046564452,6.471003585739468,371356000
2018-06-07,6.50739049911499,6.5712513936413925,6.417044041454236,6.559370187191497,369448000
2018-06-08,6.492043495178223,6.5346172643111355,6.415806152914098,6.434617983035637,360456000
2018-06-11,6.450954914093018,6.521003798296913,6.438083685971656,6.4794200484187074,265372000
2018-06-12,6.49946928024292,6.511597873941147,6.427192492915206,6.477439996064136,319160000
2018-06-13,6.49501371383667,6.575953779485196,6.4858551859758435,6.500954316758097,338208000
2018-06-14,6.6066460609436035,6.663328933585225,6.525210757643427,6.540062499306568,430016000
2018-06-15,6.565805912017822,6.62075614066537,6.518528943269654,6.549469370314861,432260000
2018-06-18,6.56159782409668,6.579171773510116,6.494519007189314,6.521746259408911,356268000
2018-06-19,6.439815521240234,6.52570616024331,6.3123411376602325,6.4583794905920655,594932000
2018-06-20,6.4927873611450195,6.545757077164398,6.442539851446378,6.480906153328913,369780000
2018-06-21,6.364076137542725,6.543035503153798,6.3564028758710185,6.524718913411771,359516000
2018-06-22,6.211598873138428,6.398231896662383,6.19625282814724,6.384865423018621,434160000
2018-06-25,5.918778419494629,6.108876262595807,5.830165110613594,6.105163563477341,665816000
2018-06-26,5.9898176193237305,6.080411448241831,5.938332715310094,6.032144468757382,478884000
2018-06-27,5.834621906280518,6.099719265117293,5.829176077813481,6.033383078548178,453892000
2018-06-28,5.961848735809326,5.973729942128947,5.817047300973255,5.824720560383284,338012000
2018-06-29,5.863828659057617,6.039570021893389,5.862590777847026,6.026946655070812,392300000
2018-07-02,5.996006965637207,5.999719665495059,5.773730778865184,5.794275266023665,357572000
2018-07-03,5.862344264984131,6.036600857321169,5.853928371104711,6.030660254118838,222732000
2018-07-05,6.008135795593262,6.01308590489407,5.878680877080173,5.91754194974374,306216000
2018-07-06,6.121994972229004,6.130410864336519,5.962342298021104,5.983629415671489,296352000
2018-07-09,6.169521331787109,6.205907589644901,6.090809156405648,6.196254285361601,303880000
2018-07-10,6.268529891967773,6.290559174779788,6.141550275047445,6.181896613099179,360016000
2018-07-11,6.126946449279785,6.210361804078836,6.1163026528401065,6.175708681050563,367508000
2018-07-12,6.218529224395752,6.266548817062336,6.16234159872692,6.172242759822992,345508000
2018-07-13,6.171253681182861,6.23709509565278,6.129174681101911,6.23709509565278,246988000
2018-07-16,6.143531799316406,6.196501990025121,6.131155815972334,6.143531799316406,197036000
2018-07-17,6.279421806335449,6.2945209396124415,6.068779407640491,6.094274479719289,362136000
2018-07-18,6.230163097381592,6.285855948763413,6.179173439196614,6.2719947007952,277640000
2018-07-19,6.2383317947387695,6.271995368661457,6.1962532715622105,6.211351930229627,235752000
2018-07-20,6.210115432739258,6.274718967860776,6.199224247099796,6.235857891804553,222352000
2018-07-23,6.17348051071167,6.185361715839446,6.021748466095487,6.183629059763035,301584000
2018-07-24,6.156154155731201,6.308133592834742,6.138579734859166,6.221500314004944,354620000
2018-07-25,6.234371662139893,6.246995502268984,6.107639430235458,6.1655601902637835,319112000
2018-07-26,6.307886123657227,6.344767151704547,6.197490899059358,6.214322686613513,325124000
2018-07-27,6.238084316253662,6.351450072825667,6.184124115909684,6.344519448204734,295420000
2018-07-30,6.042788505554199,6.258134061124621,6.007887522732283,6.252193458258903,340340000
2018-07-31,6.060858249664307,6.135610331028359,5.993532040582283,6.032393114086684,283988000
2018-08-01,6.100709438323975,6.1474916318231685,6.036848540907843,6.0922940161451375,283556000
2018-08-02,6.203431606292725,6.207391693703628,5.970512087383964,6.02942240058528,269668000
2018-08-03,6.24006462097168,6.263827033302697,6.211104712070844,6.227936027377469,214288000
2018-08-06,6.287836074829102,6.291301386866718,6.180906176460744,6.22744050156969,207508000
2018-08-07,6.360114097595215,6.378678542637714,6.30986706321565,6.336599543039704,258132000
2018-08-08,6.396498680114746,6.441548209075582,6.326449804495059,6.361350784661163,262100000
2018-08-09,6.347985744476318,6.417044613971682,6.340312484297559,6.414321935607632,204280000
2018-08-10,6.306649208068848,6.339074904335208,6.254916904203459,6.2660554769301156,256396000
2018-08-13,6.339568614959717,6.460360238297473,6.313578773665132,6.3153114297514374,375208000
2018-08-14,6.47100305557251,6.4851121626801564,6.361845258568456,6.445013216312816,466220000
2018-08-15,6.412835121154785,6.525705612760852,6.334122500251177,6.491794657323936,591136000
2018-08-16,6.372243404388428,6.48511441194385,6.312095200032592,6.482639120853932,801260000
2018-08-17,6.059866905212402,6.261598573101792,6.032886572288912,6.260855938824325,1143188000
2018-08-20,6.13461971282959,6.267292074334021,5.9088782218015945,6.019273912852223,854388000
2018-08-21,6.270260810852051,6.274716143663145,6.131152639527578,6.1509544858871985,673988000
2018-08-22,6.505409240722656,6.510359821530588,6.23412392761254,6.237589239755417,749856000
2018-08-23,6.60491418838501,6.670260348690982,6.452934746554991,6.466795996060694,720684000
2018-08-24,6.738082408905029,6.752686294113966,6.6088753453738045,6.61333067995877,531512000
2018-08-27,6.829170227050781,6.903427053674237,6.736348957714767,6.7677841556592515,505776000
2018-08-28,6.791546821594238,6.846002270466962,6.6714978243394505,6.823229880257018,475384000
2018-08-29,6.897049427032471,6.922062921635552,6.763065939614986,6.783869185933791,420108000
2018-08-30,6.880209445953369,6.9770442259925725,6.843308241633879,6.865845095127688,346608000
2018-08-31,6.951287746429443,6.964166016017611,6.850242716623302,6.8601492958626755,306592000
2018-09-04,7.026080131530762,7.063723901325676,6.909680197061578,6.938160901435282,391720000
2018-09-05,6.895314693450928,7.043910038146073,6.814330365217973,7.008494923759812,393156000
2018-09-06,6.754150390625,6.881446994105533,6.7212119150171805,6.878970349510498,322796000
2018-09-07,6.732851982116699,6.858414979468355,6.6171950906039445,6.662021270551889,295420000
2018-09-10,6.803929328918457,6.833648589365164,6.711552807362428,6.755388421289059,220140000
2018-09-11,6.756133079528809,6.845289937473325,6.736815437520146,6.757618688628142,243112000
2018-09-12,6.642207622528076,6.735822694596288,6.48667786274447,6.716257536130072,419092000
2018-09-13,6.719974517822266,6.81061745190911,6.690750769925217,6.7080868114960595,305536000
2018-09-14,6.8460307121276855,6.912155647241551,6.773466880056739,6.810368075228793,386936000
2018-09-17,6.784117221832275,6.869559807635637,6.7648000551812215,6.820523378015662,205528000
2018-09-18,6.712047100067139,6.890856743408067,6.705360680541675,6.788078610315109,299520000
2018-09-19,6.735823631286621,6.753655188534426,6.643447104654831,6.693474096148274,224860000
2018-09-20,6.594657897949219,6.656077073612248,6.540668183187939,6.613727540408757,430584000
2018-09-21,6.524569988250732,6.652114573328554,6.4913839934133115,6.6065453568288355,435128000
2018-09-24,6.580294609069824,6.583761817348175,6.406438204867244,6.493613929739359,293912000
2018-09-25,6.647408962249756,6.6724224565072445,6.560728298080709,6.646418398968016,280388000
2018-09-26,6.610507488250732,6.692730378037955,6.59465753166051,6.652361973667572,268548000
2018-09-27,6.622395038604736,6.666973689993917,6.590942648869463,6.645674927516839,214428000
2018-09-28,6.959705829620361,6.981995154316744,6.726411433152664,6.754397086559123,709396000
2018-10-01,7.166255950927734,7.233123474550782,6.998838438159332,7.037473248798194,622060000
2018-10-02,7.09492826461792,7.2504575562459115,7.07263893864645,7.138763876045599,383964000
2018-10-03,7.101120471954346,7.172693751697925,6.997103762678176,7.165263818045466,320552000
2018-10-04,6.916863918304443,7.089234258432791,6.839841815397138,7.064963798049253,391220000
2018-10-05,6.683319091796875,6.9542577322798955,6.625862174457692,6.892095521615473,426636000
2018-10-08,6.582027435302734,6.715515410614468,6.441109526399067,6.600106515241961,408612000
2018-10-09,6.576331615447998,6.656077396879092,6.508473066511357,6.56147174817955,273500000
2018-10-10,6.084726810455322,6.516148420069756,6.082497689372918,6.470331219335129,684940000
2018-10-11,5.823200702667236,6.1310405572503575,5.801654416415952,5.9975521192102565,725436000
2018-10-12,6.105778694152832,6.1800766030373,5.9351420184074,6.0802701563991075,608236000
2018-10-15,5.829392433166504,6.092406127491442,5.828401869839674,6.092406127491442,449760000
2018-10-16,6.088196754455566,6.0993414201351985,5.892794057086273,5.942078014376701,408712000
2018-10-17,6.019595623016357,6.1884992254729685,5.970559184697679,6.150359458532834,329668000
2018-10-18,5.932171821594238,6.127327008909181,5.871743194685495,6.08894019202198,524020000
2018-10-19,5.675595283508301,6.006962514214443,5.6391896075460055,5.9873978290320595,613608000
2018-10-22,5.726366996765137,5.8279070720717225,5.623588835239947,5.727853078124818,368844000
2018-10-23,5.474745273590088,5.552262404557416,5.367013363002802,5.459142365929109,626436000
2018-10-24,4.938564300537109,5.4829183507260275,4.924695467713403,5.436358562711674,884288000
2018-10-25,5.147342205047607,5.194645046842041,4.796657144027897,4.840988294695708,951720000
2018-10-26,4.910825729370117,5.073041916840247,4.782786099754351,4.911320774810144,664784000
2018-10-29,4.597041606903076,5.055457893772575,4.359041447810386,5.051990686523184,758016000
2018-10-30,5.027472972869873,5.037379550666025,4.597042276379911,4.620074644621499,807192000
2018-10-31,5.221389293670654,5.264977379565254,5.052485756061305,5.192165554608554,745772000
2018-11-01,5.4016852378845215,5.411096296902786,5.131241642928247,5.257795185700031,566528000
2018-11-02,5.3226823806762695,5.498024833610456,5.2060349347782315,5.3922745284325195,452960000
2018-11-05,5.244670391082764,5.3328371463739455,5.083939789167688,5.309556780936672,379332000
2018-11-06,5.227086067199707,5.320948666439074,5.1899368749067065,5.236744649352382,299012000
2018-11-07,5.294697284698486,5.38434964719211,5.230058418828138,5.293706721323058,483812000
2018-11-08,5.101522922515869,5.236248967742835,5.0480282573411275,5.235505927235626,511352000
2018-11-09,5.093597412109375,5.183992799896752,4.9789315724393886,5.01261308334997,413240000
2018-11-12,4.694124698638916,5.0242539023239985,4.672330415819614,5.00221209676428,617116000
2018-11-13,4.9360857009887695,5.0574384125100815,4.785756776723481,4.791948622386291,644712000
2018-11-14,4.883584499359131,5.123565874792832,4.775605516357931,5.109201522640789,526580000
2018-11-15,5.012365818023682,5.084434609245321,4.841728660841647,4.8776392950916305,840708000
2018-11-16,4.072254180908203,4.22654542575318,4.002414023206302,4.044764036724098,1963520000
2018-11-19,3.583622932434082,4.007614538980579,3.58188932837737,4.0068719707034255,1697820000
2018-11-20,3.6920969486236572,3.820384104822775,3.301539150693231,3.3201135112430618,1692032000
2018-11-21,3.5838699340820312,3.8461405711433354,3.556627554839746,3.829299814728879,1025496000
2018-11-23,3.5910520553588867,3.7047273366228306,3.5363195387709654,3.5491978057546882,411968000
2018-11-26,3.790417432785034,3.8008190554545203,3.629686854474979,3.7121572676729935,814832000
2018-11-27,3.8072586059570312,3.888490705898638,3.72850315059442,3.764413552246549,738060000
2018-11-28,3.964273452758789,3.9694742636369407,3.7923982263390967,3.924895614754748,804524000
2018-11-29,3.9010579586029053,4.0036911730386056,3.870813420145138,3.9665052806018184,549172000
2018-11-30,4.05153751373291,4.062197315560244,3.8604013185875687,3.9107263735194358,729564000
2018-12-03,4.215402603149414,4.330431408137613,4.148467725949104,4.278866804028709,890804000
2018-12-04,3.89486026763916,4.175738270348914,3.879737762458066,4.170780025419611,812112000
2018-12-06,3.9241135120391846,3.9290715208765,3.738679347649496,3.754297394656939,692308000
2018-12-07,3.659348726272583,3.9384916186861436,3.6100154673684206,3.9283273587357552,681676000
2018-12-10,3.764708995819092,3.789499746439385,3.6107589498672916,3.6144776333869713,629472000
2018-12-11,3.673727512359619,3.8646154478527586,3.594645256199173,3.856434532954165,671912000
2018-12-12,3.6913297176361084,3.7875173724044187,3.5901838169035876,3.679430116459748,654136000
2018-12-13,3.6910817623138428,3.8023919269740984,3.655135424260061,3.7381841539428886,471384000
2018-12-14,3.630591869354248,3.7332250807148677,3.6070406787581133,3.649432585409025,471820000
2018-12-17,3.5594420433044434,3.672735276953156,3.5014318620213363,3.6005946196283287,662868000
2018-12-18,3.642739772796631,3.7267800508235633,3.576052881742826,3.6033225236180506,564372000
2018-12-19,3.4337539672851562,3.6625718218009977,3.382189353712895,3.6090238629289817,745364000
2018-12-20,3.3492178916931152,3.515315316189248,3.2894723634968916,3.4253252500893248,749588000
2018-12-21,3.212125778198242,3.408715767879333,3.184608130322889,3.3757440972289046,863740000
2018-12-24,3.150397539138794,3.222290453288002,3.0864375351151834,3.1357710440016953,463840000
2018-12-26,3.2996366024017334,3.3006281568249354,3.0854452431294224,3.196507376880517,695100000
2018-12-27,3.251791000366211,3.281787772875762,3.1032949425553102,3.2473287682665144,637044000
2018-12-28,3.3132715225219727,3.4059887234706374,3.230470812150282,3.2723669445805466,628728000
2018-12-31,3.3095531463623047,3.389130951728482,3.27881259232379,3.3566552955081495,465140000
2019-01-02,3.3769829273223877,3.43300976547338,3.2240246801205985,3.2386511702127136,508752000
2019-01-03,3.1729559898376465,3.350704994204598,3.1655188592795396,3.3167417748790142,705552000
2019-01-04,3.37623929977417,3.4144167407610677,3.2153479125742086,3.2460882235070763,585620000
2019-01-07,3.5549800395965576,3.5919181579337387,3.3821890457815105,3.4335058842829964,709160000
2019-01-08,3.466477632522583,3.6387728650754028,3.3938409502867053,3.6365415129519585,786016000
2019-01-09,3.5346522331237793,3.5820023877661367,3.4672215634745385,3.5177943883948593,617260000
2019-01-10,3.6003475189208984,3.6090242121554184,3.4548263701592545,3.5153156888004435,523156000
2019-01-11,3.689594268798828,3.712401679425216,3.5502706821323295,3.5780361021528853,874764000
2019-01-14,3.7295069694519043,3.754793502372004,3.6137345803819314,3.637285774592915,730168000
2019-01-15,3.715376377105713,3.801647769092277,3.6970311995762875,3.7622305208363853,617012000
2019-01-16,3.6898410320281982,3.7756166280062256,3.684387246825539,3.742645200731957,470104000
2019-01-17,3.7612392902374268,3.8011523192010523,3.6296008385710294,3.656870718578732,493436000
2019-01-18,3.8903982639312744,3.9164285800705216,3.759503608388984,3.8110682269776825,651336000
2019-01-22,3.6881065368652344,3.871805375180775,3.657861995278282,3.860153781735895,661552000
2019-01-23,3.7009975910186768,3.8321402518400047,3.669761495731134,3.743389738594542,591020000
2019-01-24,3.9129581451416016,3.930559303132606,3.7808239200348126,3.785534159002344,708972000
2019-01-25,3.970224618911743,3.988321791967237,3.750827426026488,3.8534606634931157,1154572000
2019-01-28,3.421359062194824,3.5113491415161504,3.2475767107034397,3.3851647195512267,2511528000
2019-01-29,3.2624504566192627,3.423589870614671,3.247823965057454,3.375247928204983,1153932000
2019-01-30,3.4059879779815674,3.4203664606112083,3.2589792999802416,3.3385573226344136,974228000
2019-01-31,3.5636563301086426,3.599354883281194,3.380949104105789,3.4027649522729284,842852000
2019-02-01,3.587952136993408,3.6390209782231056,3.5346524162744193,3.5822503437925555,625048000
2019-02-04,3.698270082473755,3.7354559715584528,3.5817539341611235,3.603817555380121,528592000
2019-02-05,3.7173588275909424,3.754048939727334,3.6764542547714907,3.71016946739173,542424000
2019-02-06,3.792970895767212,3.8574266662735943,3.745124963345141,3.750578749480347,702464000
2019-02-07,3.654639482498169,3.7488440311894635,3.611751788290617,3.7466129149993415,637120000
2019-02-08,3.673231363296509,3.6838911631290676,3.573077049419915,3.587455532528874,461604000
2019-02-11,3.630591869354248,3.6833958066617254,3.5822499269282733,3.6291043013049493,495180000
2019-02-12,3.74760365486145,3.7632219376409886,3.654638687915158,3.6690174094314227,591060000
2019-02-13,3.7899956703186035,3.8631281274147784,3.7634695803135063,3.7771045173246294,605372000
2019-02-14,3.830900192260742,3.859161620302548,3.745868137747768,3.789004063817399,827264000
2019-02-15,3.900562286376953,4.062445020815011,3.8777548785081706,4.039637849368373,1516748000
2019-02-19,3.883208990097046,3.963778826670554,3.8708138488600423,3.8899025744165323,551892000
2019-02-20,3.9305593967437744,3.9977420689240257,3.9013066440673807,3.9124622246012457,540988000
2019-02-21,3.8616409301757812,3.9677448275400224,3.8470144373521085,3.9432023168388324,448548000
2019-02-22,3.946424961090088,3.9652659150615186,3.8998185898320425,3.9134535280622336,401740000
2019-02-25,3.9340298175811768,4.097400123693652,3.9253528882636495,4.029969689522631,656020000
2019-02-26,3.8946118354797363,3.98534567454629,3.861144395128432,3.9293188369279894,488464000
2019-02-27,3.8527169227600098,3.9067604323413523,3.7956982764723013,3.8802345730721055,500256000
2019-02-28,3.828148126602173,3.8688468342508746,3.805813738379342,3.8465122093622433,324944000
2019-03-01,3.882495403289795,3.9246827342467894,3.819710339984673,3.87802833679696,357188000
2019-03-04,3.8906853199005127,3.943791944150779,3.834104204905719,3.920961030205286,409992000
2019-03-05,3.884232521057129,3.922449310227375,3.8207029073730547,3.8750503623611467,362924000
2019-03-06,3.7733042240142822,3.8837362685121835,3.770574520786706,3.8752988964152246,403524000
2019-03-07,3.7040674686431885,3.7594077483750046,3.6579093495689143,3.7497292994835623,450104000
2019-03-08,3.7383134365081787,3.7489844603728097,3.593386642546014,3.614728690275275,422416000
2019-03-11,3.9988839626312256,4.021714639938068,3.7147382584791555,3.7618891876975735,859728000
2019-03-12,4.033129692077637,4.079535588584965,3.950491450297468,4.0266772366642085,579576000
2019-03-13,4.184508800506592,4.213791933021078,4.063157465934027,4.070602498606583,768900000
2019-03-14,4.108569622039795,4.205601140389938,4.10087656668901,4.193689282212502,519384000
2019-03-15,4.2140398025512695,4.256723419501709,4.148276540430737,4.151750793825906,661484000
2019-03-18,4.192697048187256,4.299406782509972,4.165647102759236,4.24555539066264,486992000
2019-03-19,4.360455513000488,4.404876735512573,4.270372939225768,4.287247683533354,854972000
2019-03-20,4.327946662902832,4.4428455392717945,4.2932036509999785,4.389490655990729,719148000
2019-03-21,4.564693450927734,4.590998856980265,4.346062985080759,4.351026340687899,824312000
2019-03-22,4.404875755310059,4.5860339122105795,4.390978743091003,4.537394369443883,747644000
2019-03-25,4.312560558319092,4.428452011351479,4.2463012357652055,4.364178314815477,525212000
2019-03-26,4.389243125915527,4.510345973086698,4.332910033920038,4.454261380203059,703508000
2019-03-27,4.380061149597168,4.461210076311994,4.310576061685591,4.414804166884617,474372000
2019-03-28,4.3986735343933105,4.464436342674858,4.345566668184602,4.406118094828707,480264000
2019-03-29,4.455998420715332,4.480318673320571,4.415051921189798,4.4654286068279845,456896000
2019-04-01,4.523498058319092,4.553773764393231,4.476099110012129,4.547817833471747,483824000
2019-04-02,4.541367053985596,4.5857882898936175,4.504639351966937,4.547571486262068,440920000
2019-04-03,4.680832386016846,4.739895168747722,4.586034492108522,4.59099784662336,783504000
2019-04-04,4.67189884185791,4.714334435344545,4.609113778357138,4.665446386163067,457376000
2019-04-05,4.7386555671691895,4.756027313373713,4.678600662856192,4.715080335889151,481744000
2019-04-08,4.759500026702881,4.784564351350331,4.684058553705899,4.70813030212942,424192000
2019-04-09,4.69671630859375,4.7371667596078275,4.654528730358178,4.725999445565127,439972000
2019-04-10,4.767192840576172,4.793001716968582,4.691503811538995,4.695970641427767,444772000
2019-04-11,4.753295421600342,4.801190890957182,4.703911324628297,4.7696741120197075,374600000
2019-04-12,4.715327739715576,4.795980608365704,4.706642104424839,4.7920098293763855,471708000
2019-04-15,4.583551406860352,4.712595744616628,4.543845529601712,4.70763239162645,440092000
2019-04-16,4.670658111572266,4.689518481922181,4.5900057227494715,4.622763108445306,394964000
2019-04-17,4.647825241088867,4.72649244009448,4.625490627449321,4.705646926919267,351004000
2019-04-18,4.623260021209717,4.6885267790091465,4.595465985340152,4.654528784894651,380988000
2019-04-22,4.677109718322754,4.692743857747559,4.568166793760471,4.599683098315762,279936000
2019-04-23,4.731706619262695,4.762975380866028,4.6805853819298555,4.6902635940141915,346856000
2019-04-24,4.744113922119141,4.784812387377058,4.681328860837998,4.7421282963354745,318204000
2019-04-25,4.638397216796875,4.726246611732647,4.5587374048909775,4.703911987709547,499296000
2019-04-26,4.419518947601318,4.489004507650223,4.30064927615956,4.484537203505553,868988000
2019-04-29,4.450290203094482,4.478084231648628,4.355243808071353,4.427459055831042,391920000
2019-04-30,4.491733551025391,4.5172939298826655,4.398920800745768,4.418029196784141,362920000
2019-05-01,4.478582382202148,4.586284755277775,4.4783338830487445,4.544097172337305,354280000
2019-05-02,4.54608154296875,4.587772593757041,4.445079671119755,4.488259823245239,394684000
2019-05-03,4.541615962982178,4.564446647558718,4.480071472967248,4.554520407017717,336824000
2019-05-06,4.463195323944092,4.47535521329689,4.318020255687678,4.355244474386474,422176000
2019-05-07,4.295933723449707,4.4148033756299,4.247790222121525,4.4148033756299,555220000
2019-05-08,4.316034317016602,4.396190645841569,4.256475483276503,4.26838734469083,419168000
2019-05-09,4.223470211029053,4.256724122828362,4.104601025463672,4.247045911532932,660248000
2019-05-10,4.18947172164917,4.258212715543854,4.0698575264241175,4.192697949472911,569500000
2019-05-13,3.932128429412842,4.080529491649819,3.9162460232760625,4.057450314763761,656912000
2019-05-14,4.021218776702881,4.056457844049771,3.933121108335654,3.971834193262264,524880000
2019-05-15,3.960170269012451,3.996649933438713,3.9063190991459917,3.965629675389673,502320000
2019-05-16,3.9753081798553467,4.017992277710945,3.912275319453882,3.954710918214644,781088000
2019-05-17,3.884481191635132,4.062661675740512,3.8450235572620977,3.9333692486664815,1022068000
2019-05-20,3.765859365463257,3.84080432009012,3.7410430644171724,3.78571231163381,572064000
2019-05-21,3.848001003265381,3.863883408153841,3.7879458742592704,3.826659191800054,361848000
2019-05-22,3.7770273685455322,3.835345379011772,3.7661080804872102,3.809288471143611,325868000
2019-05-23,3.65592360496521,3.71473789281593,3.59611650414154,3.71473789281593,591844000
2019-05-24,3.602072238922119,3.710022598078522,3.5953717575496245,3.674783537771877,357584000
2019-05-28,3.5569071769714355,3.6524496356158997,3.554921787536733,3.6196922482710323,428356000
2019-05-29,3.4827065467834473,3.544250538707785,3.4479637722032397,3.5092597383800683,559800000
2019-05-30,3.4561233520507812,3.5217129097736546,3.417862697733788,3.4859367658397282,394300000
2019-05-31,3.3654401302337646,3.4745076560908896,3.3637010206051516,3.4071789982563945,389720000
2019-06-03,3.3237016201019287,3.415377816073251,3.2943850641893366,3.3766203112800697,478644000
2019-06-04,3.5527682304382324,3.557985559569591,3.3656888343946365,3.3878004059898132,641836000
2019-06-05,3.510035991668701,3.6320227028941674,3.47376299308284,3.6265568274442597,511616000
2019-06-06,3.572148084640503,3.5967441739602424,3.511775843861505,3.5142603547671762,408140000
2019-06-07,3.6148791313171387,3.649164466797735,3.5589788445232435,3.5781092859932806,348856000
2019-06-10,3.6876742839813232,3.7562452035078784,3.671028349531437,3.671028349531437,402780000
2019-06-11,3.7453131675720215,3.785312926813548,3.7058104998942736,3.7475491318653398,383872000
2019-06-12,3.632270574569702,3.7080464735024403,3.6171154421703386,3.701835198298818,358892000
2019-06-13,3.68345046043396,3.7018352667303276,3.6367425703957896,3.6543822132026853,308080000
2019-06-14,3.5935134887695312,3.614631353049393,3.548793486774963,3.590283814836257,394428000
2019-06-17,3.603203296661377,3.6402216988116702,3.5689177139941894,3.591774690126991,276040000
2019-06-18,3.798231840133667,3.853635036866555,3.6536367279446753,3.6645682398321213,581920000
2019-06-19,3.8041954040527344,3.844940332977674,3.778108518159216,3.8335119639874926,331644000
2019-06-20,3.828542709350586,3.9087905440104374,3.8141329760826768,3.894877665415774,350168000
2019-06-21,3.7704052925109863,3.8628271045597877,3.7639457098660665,3.8136349529413693,434428000
2019-06-24,3.7927660942077637,3.8223311944751526,3.7445676428666683,3.791772384985034,282948000
2019-06-25,3.7634499073028564,3.8727659883014587,3.7607170882054692,3.7977354851308696,311868000
2019-06-26,3.956740617752075,4.017858483785668,3.8779835808193477,3.890902750597126,584072000
2019-06-27,4.055373668670654,4.074503878313571,4.006429806818568,4.042454498358668,445440000
2019-06-28,4.080218315124512,4.108541166361156,4.033510654715419,4.099348524838968,397668000
2019-07-01,4.128415107727051,4.321705493342889,4.0908996301336575,4.287419925501878,709756000
2019-07-02,4.030528545379639,4.13288818594991,4.017361067786199,4.111770086156782,400228000
2019-07-03,4.043447494506836,4.059596573016038,3.9835723656335356,4.053882152471348,246636000
2019-07-05,3.9808402061462402,3.989535755890419,3.9174863735850263,3.9850638265751157,396552000
2019-07-08,3.905808687210083,3.9400942616421504,3.8757469693085915,3.921212364820775,329788000
2019-07-09,3.9082937240600586,3.9363680273034034,3.850902862411246,3.863573485967393,342860000
2019-07-10,3.976616144180298,4.034006766119606,3.93785863796451,3.9517715160104028,452076000
2019-07-11,4.131149768829346,4.1718947004786635,4.012392720103022,4.049659431658763,682560000
2019-07-12,4.1641926765441895,4.235248350308452,4.158975346633324,4.158975346633324,506392000
2019-07-15,4.1557440757751465,4.201458011695431,4.127421707738953,4.185309409467861,289840000
2019-07-16,4.151024341583252,4.178104694984818,4.095372360134823,4.140837992750941,341444000
2019-07-17,4.216365337371826,4.223321775418077,4.123446659043422,4.152763211915992,348204000
2019-07-18,4.228041648864746,4.290898368571763,4.170153948441138,4.226799630979774,442192000
2019-07-19,4.184813976287842,4.272763664177601,4.178851245424811,4.266304315501294,344896000
2019-07-22,4.2563652992248535,4.26928446749446,4.198725896647237,4.206179426989189,315940000
2019-07-23,4.364192008972168,4.366179428168072,4.279968841741618,4.29562130799339,428176000
2019-07-24,4.438722610473633,4.4444370293573146,4.331394460394627,4.407418645679207,366236000
2019-07-25,4.3075456619262695,4.409905317375322,4.2841918312657095,4.397234455657635,392700000
2019-07-26,4.3495330810546875,4.396240742334675,4.3346264915523784,4.3346264915523784,274160000
2019-07-29,4.343321323394775,4.359470402443908,4.255123345438182,4.342327614108528,248160000
2019-07-30,4.358973026275635,4.371146793513117,4.282451729768207,4.296861698157642,197772000
2019-07-31,4.191770076751709,4.32841530996409,4.149534346321979,4.327421126674234,359416000
2019-08-01,4.097360134124756,4.292637970423486,4.045186373406644,4.202203799351424,421212000
2019-08-02,4.004690647125244,4.074007209948894,3.9572378238767767,4.004690647125244,428348000
2019-08-05,3.746307373046875,3.822331585896889,3.6993511718936496,3.8210893307733085,589156000
2019-08-06,3.785064935684204,3.866555029992153,3.737363567316987,3.821089626245906,361272000
2019-08-07,3.8233258724212646,3.835251333859253,3.7068050253081624,3.724196125791917,372560000
2019-08-08,3.9318959712982178,3.933138226420226,3.8235738361800475,3.880964695975573,309300000
2019-08-09,3.8305301666259766,3.8943806090826705,3.7800957473959875,3.8909023896141144,341816000
2019-08-12,3.762705087661743,3.8305306121227263,3.74084182207671,3.778357077090595,279200000
2019-08-13,3.8769888877868652,3.922951373665097,3.7222076630151775,3.7612134737148106,351956000
2019-08-14,3.7284200191497803,3.799972319138916,3.684693718905749,3.7887922574571142,419880000
2019-08-15,3.6961214542388916,3.7671768872418476,3.6618361113938542,3.7473012780983,477200000
2019-08-16,3.964193344116211,4.013385265899939,3.8976098530353194,3.958976015488605,1007960000
2019-08-19,4.242948532104492,4.258849300158553,4.061335271493826,4.077484348368043,815112000
2019-08-20,4.170651435852051,4.237980089757165,4.149533338828632,4.237482998232929,463188000
2019-08-21,4.254128456115723,4.309283340257819,4.215122648342093,4.236737361813581,427244000
2019-08-22,4.260339736938477,4.306301979946658,4.221085148604145,4.263817955610752,303488000
2019-08-23,4.035745143890381,4.238228187022557,4.015869539733784,4.183818702873682,568056000
2019-08-26,4.110527515411377,4.1386020504512615,4.072267105940194,4.114502825976818,318208000
2019-08-27,4.019845485687256,4.1515212063418945,3.9905289293806834,4.148788387342444,290968000
2019-08-28,4.0093994140625,4.0621219212705,3.954189937963268,3.993483382367593,255612000
2019-08-29,4.153144359588623,4.185474015673862,4.097437284155335,4.100918946723606,357976000
2019-08-30,4.16582727432251,4.24913909537312,4.147672823226955,4.199400652267596,290616000
2019-09-03,4.082765102386475,4.126037336263914,4.059885737634711,4.092961536949312,296140000
2019-09-04,4.19691276550293,4.204373672640568,4.143444116868633,4.143444116868633,227728000
2019-09-05,4.469978332519531,4.47619552108995,4.2973864835473625,4.299127315320723,695676000
2019-09-06,4.442869186401367,4.503549723228419,4.404819454977584,4.44659940341439,376976000
2019-09-09,4.48887825012207,4.5754231997659005,4.472464626380474,4.47395690335909,417524000
2019-09-10,4.555527210235596,4.582136790985411,4.446351465394073,4.456050315577529,352812000
2019-09-11,4.5841264724731445,4.6323726411701935,4.541102797851077,4.570199821606527,361512000
2019-09-12,4.582633972167969,4.68534349163841,4.5746759541097894,4.630631583854863,327840000
2019-09-13,4.524689674377441,4.553040562902472,4.48091985660155,4.51598551662954,324592000
2019-09-16,4.481665134429932,4.516233204088188,4.439139046979034,4.449584034270801,231832000
2019-09-17,4.503053665161133,4.507281466788618,4.441875530424798,4.488380873986106,223048000
2019-09-18,4.475945472717285,4.511757267620517,4.389401013212603,4.496089785228219,258152000
2019-09-19,4.400343894958496,4.5003179031757075,4.389649876932377,4.481914420746016,245476000
2019-09-20,4.294649600982666,4.422974490707629,4.284453641507711,4.399348989262219,350244000
2019-09-23,4.348117351531982,4.393627987782096,4.2911670361485745,4.294897727212279,249712000
2019-09-24,4.290671348571777,4.409048373497199,4.255108577586994,4.379454235851104,317268000
2019-09-25,4.432424068450928,4.45207079453201,4.245408050238086,4.290172550436639,308432000
2019-09-26,4.4102911949157715,4.4314302014339715,4.359309498930814,4.422726044144418,234564000
2019-09-27,4.271522045135498,4.419244647621382,4.210841020792035,4.368511503260496,362056000
2019-09-30,4.328968524932861,4.3391649573473305,4.26604957361088,4.297385009121314,186184000
2019-10-01,4.327227592468262,4.501311654683677,4.322502682675596,4.352096811976308,366008000
2019-10-02,4.303354263305664,4.317280914728532,4.230985007369558,4.305343649411506,293372000
2019-10-03,4.5090203285217285,4.515237513725679,4.2774888793517745,4.307829141593345,450588000
2019-10-04,4.525435447692871,4.554781026972775,4.446102866898809,4.511259767403537,265524000
2019-10-07,4.5841264724731445,4.683851443574872,4.581639502769681,4.590343659561317,480984000
2019-10-08,4.407556056976318,4.492359696487562,4.389401602417057,4.492359696487562,444436000
2019-10-09,4.4940996170043945,4.543589504862352,4.455552774681767,4.484400767760316,292412000
2019-10-10,4.5517964363098145,4.6027781304495905,4.486639536337521,4.491862030522236,309124000
2019-10-11,4.625409126281738,4.708720473400981,4.616953524504496,4.635854114003878,446404000
2019-10-14,4.638838768005371,4.659728746039414,4.585618655483492,4.616705067845868,200040000
2019-10-15,4.883550643920898,4.956168929382708,4.71518662925876,4.7291137551197995,664124000
2019-10-16,4.829833030700684,4.954427694538078,4.81839334993224,4.84947975864148,428944000
2019-10-17,4.831822395324707,4.9193615349174875,4.77735857266491,4.874348480439834,263436000
2019-10-18,4.737320423126221,4.8648991788332,4.662961779081986,4.832320490182595,307440000
2019-10-21,4.874597072601318,4.88802661239417,4.779845578825487,4.7987461666534745,261868000
2019-10-22,4.864649772644043,5.036743978175857,4.856940309699533,4.931547495369261,328720000
2019-10-23,4.851718902587891,4.865894109763343,4.750750197776818,4.782582749588405,279916000
2019-10-24,4.895736217498779,4.929309119275089,4.858929733657293,4.893000219060766,232020000
2019-10-25,5.086730003356934,5.107619973415817,4.968601586609567,4.976311048084749,423092000
2019-10-28,5.142685890197754,5.1951593727047545,5.10115402814372,5.130499599346877,330792000
2019-10-29,5.046443462371826,5.13522633756321,5.0270457624179,5.128760121351249,211236000
2019-10-30,5.048432350158691,5.079021648128186,4.980290903691012,5.073301570839169,205960000
2019-10-31,4.999191761016846,5.048432621386472,4.919362075375267,5.027542645655289,209732000
2019-11-01,5.038236141204834,5.070565794442492,4.938759263431624,4.963877037510496,283640000
2019-11-04,5.234950065612793,5.2473849113939135,5.096180696817892,5.119308608723132,376716000
2019-11-05,5.212817192077637,5.260814324386149,5.164819585428227,5.234701858026008,300868000
2019-11-06,5.163577556610107,5.214310224843128,5.0760379234743285,5.188695336038116,269012000
2019-11-07,5.181233882904053,5.264794260554901,5.136469377936064,5.2501214716749915,280340000
2019-11-08,5.167307376861572,5.198891370489453,5.126770671726105,5.1643232978060345,189100000
2019-11-11,5.177254676818848,5.2003825913508255,5.080264766074003,5.166560660798432,243436000
2019-11-12,5.212817192077637,5.268772815950008,5.1804870652443125,5.215552716028571,283504000
2019-11-13,5.186954021453857,5.209087245194441,5.120553401550179,5.181482498429327,300188000
2019-11-14,5.2172932624816895,5.219531677050822,5.135971314916239,5.19590570695983,518080000
2019-11-15,5.078027725219727,5.266784137947912,4.989741954699469,5.215056302877689,1053628000
2019-11-18,5.279219627380371,5.305829212198422,5.067583350709462,5.070567430321754,574588000
2019-11-19,5.172529220581055,5.271757070400809,5.1143356544169425,5.2481315725735955,414564000
2019-11-20,5.251862525939941,5.335671461810984,5.13696717967048,5.14965058310742,472588000
2019-11-21,5.226992130279541,5.303091585149256,5.20535602005856,5.2473849930734895,288388000
2019-11-22,5.2446513175964355,5.296130127617209,5.221025339088648,5.249624783398198,224100000
2019-11-25,5.501299858093262,5.506273797518019,5.359794459543421,5.372726417443207,506476000
2019-11-26,5.396600723266602,5.488367672442759,5.390134507414551,5.483642287883037,385244000
2019-11-27,5.431443214416504,5.476489490194554,5.405062737577762,5.442145122688888,215784000
2019-11-29,5.394110679626465,5.428952988858122,5.370218539187122,5.400581665449979,141556000
2019-12-02,5.207705020904541,5.400583371427015,5.192523927668455,5.387143919511813,372036000
2019-12-03,5.168132781982422,5.172114489013946,4.98670308268692,5.024034196907252,465232000
2019-12-04,5.2119340896606445,5.274152767797512,5.183313554680586,5.251754005692972,273424000
2019-12-05,5.195013046264648,5.249516596794772,5.1644011704724315,5.233837551741166,184884000
2019-12-06,5.280375003814697,5.313226935848196,5.254243270631001,5.264198487857676,232236000
2019-12-09,5.280375003814697,5.335127749179644,5.24876818597086,5.257478763698759,211880000
2019-12-10,5.325422763824463,5.377188764051814,5.257728507924325,5.310489935126667,256388000
2019-12-11,5.40904426574707,5.414519826084976,5.333386594889991,5.335875399645226,233796000
2019-12-12,5.576537132263184,5.594704979938755,5.371215722129446,5.380175039586367,404348000
2019-12-13,5.574546813964844,5.6987354787049584,5.520540741890279,5.57952442400408,454704000
2019-12-16,5.603415489196777,5.67583814092192,5.593958221025733,5.622081287471226,320976000
2019-12-17,5.681560516357422,5.704208014812838,5.6126221196757395,5.622079384645918,321196000
2019-12-18,5.711925506591797,5.772402089725288,5.707943323769652,5.716405165584833,343548000
2019-12-19,5.86000394821167,5.873443395544048,5.741539625107838,5.7465172333561885,445360000
2019-12-20,5.957314491271973,5.982699535294677,5.907290617285012,5.9264538879845015,603044000
2019-12-23,5.943628311157227,6.018041827513099,5.932926876417132,5.985937048601777,355060000
2019-12-24,5.938649654388428,5.955822074319842,5.893852119730991,5.928196959593819,138864000
2019-12-26,5.9528350830078125,5.980957670496352,5.923218643267122,5.942133176740019,182852000
2019-12-27,5.895096302032471,5.981455871108426,5.868715354342196,5.96801642187753,254644000
2019-12-30,5.781858444213867,5.878421971488268,5.750500361530669,5.873195624374401,258056000
2019-12-31,5.856023788452148,5.865481056746165,5.727355476853931,5.74651875151284,231004000
2020-01-02,5.970754623413086,5.970754623413086,5.891363982921088,5.941885342751538,237536000
2020-01-03,5.875185966491699,5.918988068029837,5.826157518294826,5.851045086775378,205384000
2020-01-06,5.899825572967529,5.905051920734205,5.755727427577195,5.781859166410573,262636000
2020-01-07,5.97125244140625,6.017045403475826,5.883150748902034,5.928197022093987,314856000
2020-01-08,5.98245096206665,6.023764259600942,5.926952001977037,5.967020659997875,277108000
2020-01-09,6.048155307769775,6.120577964594168,5.994398450534082,6.068811961421722,255112000
2020-01-10,6.080507755279541,6.185781859126946,6.066322091859231,6.155419203881554,316296000
2020-01-13,6.271145820617676,6.296282128119939,6.140984150343223,6.163632128120506,319840000
2020-01-14,6.154175758361816,6.2537255760549,6.140985045565615,6.228340052126756,359088000
2020-01-15,6.111617565155029,6.189266562204564,6.085734566138518,6.166867794798315,263104000
2020-01-16,6.195239067077637,6.201212102853012,6.141730957829296,6.165125150161636,284192000
2020-01-17,6.20395040512085,6.221869514641433,6.156415325826517,6.2144031003351135,253792000
2020-01-21,6.170601844787598,6.204199999194537,6.136505739519911,6.16736635092024,217916000
2020-01-22,6.224606513977051,6.311214823727861,6.196981400554024,6.215895935392397,239240000
2020-01-23,6.293046474456787,6.301508314316864,6.175826780010042,6.2646751491590695,244516000
2020-01-24,6.233816146850586,6.458301325406744,6.179561337282814,6.408526174948215,373512000
2020-01-27,5.977972030639648,6.02899133900115,5.779618620640297,5.929192314169117,470536000
2020-01-28,6.171346664428711,6.203700169229386,5.990663184429591,6.043922549302255,310976000
2020-01-29,6.1108717918396,6.1930004533573255,6.071051388818257,6.15691349496701,258848000
2020-01-30,6.117589473724365,6.131028921567064,5.958061063241171,6.013062069994138,290504000
2020-01-31,5.884146213531494,6.083743794323115,5.842335433644446,6.071797721586541,370420000
2020-02-03,5.981206893920898,6.0006189034883555,5.859755803690975,5.86597757728614,255564000
2020-02-04,6.150442123413086,6.169605872146606,6.073042338363258,6.123066221076983,271544000
2020-02-05,6.24078369140625,6.281599042941354,6.15741039787647,6.2713950863848416,208220000
2020-02-06,6.327640533447266,6.327640533447266,6.193995099773727,6.27512832406216,218284000
2020-02-07,6.261440277099609,6.309722042005786,6.236054755001405,6.287572013355755,189752000
2020-02-10,6.544659614562988,6.545405828690706,6.279109918334532,6.284087527331507,529608000
2020-02-11,6.667107105255127,6.781838501593895,6.590951474951808,6.65292143870491,638556000
2020-02-12,6.782832622528076,6.789303609316135,6.6810427471678455,6.719867243823403,374644000
2020-02-13,6.739030838012695,6.806227140199574,6.697468796769711,6.724845173517911,528016000
2020-02-14,7.212141990661621,7.341059034322316,7.117818524879411,7.149176609223402,1041924000
2020-02-18,7.3808770179748535,7.399294072717978,7.089444856367331,7.108856863085856,620164000
2020-02-19,7.832088470458984,7.849758840322369,7.503325127505003,7.503325127505003,694332000
2020-02-20,7.682764530181885,7.872406892694111,7.375404030472952,7.784056461298665,810052000
2020-02-21,7.318661212921143,7.5956590844997995,7.2337950040236585,7.5705227712258205,768180000
2020-02-24,6.801248073577881,7.0150317449623065,6.669842252847712,6.724345781914618,856916000
2020-02-25,6.521763801574707,6.938380143586625,6.419973914531026,6.876410184653906,1055496000
2020-02-26,6.661133289337158,6.8552557873010365,6.520519381374337,6.522012284469121,747732000
2020-02-27,6.290336608886719,6.648930749588357,6.1979487749822635,6.347611926679557,906416000
2020-02-28,6.7253804206848145,6.784897141438854,6.021141893667339,6.037826334431292,1133252000
2020-03-02,6.883760452270508,6.9126474759438485,6.499517154839416,6.895464783839426,890744000
2020-03-03,6.6212873458862305,6.999305007399189,6.535872165639812,6.9395394123948435,652792000
2020-03-04,7.084970951080322,7.094433875085668,6.653910847652948,6.728618217428023,597408000
2020-03-05,6.805566787719727,7.052349007113652,6.7609913459099165,6.885503158817926,540328000
2020-03-06,6.625024795532227,6.683545501636067,6.424809580590504,6.626020817874118,515412000
2020-03-09,6.112034797668457,6.459671686540949,5.931243723511115,5.974075523944306,614160000
2020-03-10,6.501508712768555,6.501508712768555,6.125732346102121,6.38845186990878,580648000
2020-03-11,6.137685775756836,6.389946856189542,6.040566703714004,6.361558080137427,499964000
2020-03-12,5.386630058288574,5.879945599168345,5.373929705464922,5.614486423807878,816540000
2020-03-13,5.997483730316162,6.001966067301604,5.468806878347698,5.73999325320208,634836000
2020-03-16,4.890824794769287,5.6304254089305035,4.8310591701357986,5.289511654181511,726972000
2020-03-17,5.410536766052246,5.499936546857381,4.756351898864725,5.003134146835945,833632000
2020-03-18,5.050696849822998,5.2280016368582345,4.499358867162587,4.982962586228591,874268000
2020-03-19,5.3034563064575195,5.397089051683916,4.815868008217613,5.029280865027534,765512000
2020-03-20,5.123661518096924,5.735512301243073,5.108221984216086,5.453617551932971,804636000
2020-03-23,5.296483516693115,5.390863877993336,4.943617068293397,5.122665029285088,643876000
2020-03-24,6.205170154571533,6.291830739752973,5.678983523079029,5.702640595125703,1101644000
2020-03-25,6.116518497467041,6.51993651399452,6.067709603569407,6.320219550387866,793432000
2020-03-26,6.405884265899658,6.529897835657393,6.2255909210386315,6.323706009766051,696108000
2020-03-27,6.293574810028076,6.552310269100053,6.192720061989183,6.225591175797797,638828000
2020-03-30,6.613818168640137,6.623032205750341,6.314989641822439,6.35906683290393,602252000
2020-03-31,6.5642619132995605,6.858109822313093,6.418582867740398,6.653910081745785,949960000
2020-04-01,6.053018569946289,6.512716463918711,6.008443592103317,6.366290699169608,656912000
2020-04-02,6.3618059158325195,6.375004040795711,6.034090873043499,6.08215214884335,675764000
2020-04-03,6.073934555053711,6.365789947234799,5.936473522309856,6.324203053403894,663212000
2020-04-06,6.683794021606445,6.720649696082763,6.2985542597634785,6.356078940367916,727884000
2020-04-07,6.450457572937012,6.929081100031503,6.407376411266441,6.905423556642297,784520000
2020-04-08,6.647685527801514,6.672587985050832,6.489555470489437,6.559531142622338,542444000
2020-04-09,6.5480756759643555,6.796352144168481,6.48507263965406,6.773442208223735,525564000
2020-04-13,6.719902515411377,6.728618304084489,6.399907202770345,6.488310473583268,398408000
2020-04-14,7.071025848388672,7.105141867954812,6.8205079558991155,6.848149593092248,530948000
2020-04-15,6.993579864501953,7.0765047828116625,6.857613073884868,6.902935179098929,366148000
2020-04-16,7.338726997375488,7.445807245831523,7.135773058997118,7.148971187418579,745620000
2020-04-17,7.279456615447998,7.442317852517511,7.145481916842971,7.420901716686655,539120000
2020-04-20,7.148222923278809,7.308843270603872,7.1038968447451385,7.152954622799317,449388000
2020-04-21,6.711435794830322,7.091445616166111,6.651670181611287,7.030186206973382,735160000
2020-04-22,7.125810623168945,7.1686429049582365,6.858110524397839,6.903681511157267,483356000
2020-04-23,7.072519779205322,7.2998783766301765,7.047368434745223,7.167896158666759,424160000
2020-04-24,7.211474418640137,7.213466463069181,6.987602158038459,7.062309523825545,352328000
2020-04-27,7.397994518280029,7.557867748351384,7.321295094747298,7.345948667480106,479388000
2020-04-28,7.255552291870117,7.57529872664852,7.250073931686254,7.545415682520919,442904000
2020-04-29,7.432360649108887,7.485153640742768,7.315070332920072,7.390275492933663,379160000
2020-04-30,7.278462886810303,7.432359499221081,7.264517624193777,7.3783211316071595,375916000
2020-05-01,7.0418901443481445,7.194292483570223,6.993579499567315,7.080986751472618,342096000
2020-05-04,7.253810405731201,7.267506783566804,6.994576674262659,6.994576674262659,317556000
2020-05-05,7.314819812774658,7.477432203170718,7.253808818035892,7.357900981818073,368896000
2020-05-06,7.415675640106201,7.520514961486035,7.356408265525156,7.394259969444956,323464000
2020-05-07,7.591981887817383,7.655233805990565,7.503578629444722,7.554877331984038,373732000
2020-05-08,7.781988143920898,7.788213639441063,7.629834696531762,7.663701829138328,339216000
2020-05-11,8.0339994430542,8.080815810300923,7.748369065529269,7.777006721824612,469060000
2020-05-12,7.772026538848877,8.140581362852945,7.762314728379577,8.091772948717608,493060000
2020-05-13,7.749615669250488,8.046949472924325,7.565088875981364,7.886578477433536,625852000
2020-05-14,7.999137878417969,8.0046162389776,7.65747702951931,7.811124761788539,602312000
2020-05-15,8.457588195800781,8.46729953029396,7.843246781889326,7.858935199100992,987660000
2020-05-18,8.716075897216797,8.88167683840197,8.646598471953777,8.726285957195563,774460000
2020-05-19,8.77110767364502,9.052005832955741,8.728524288612244,8.755917031619921,717320000
2020-05-20,8.934968948364258,9.007683809546332,8.854036071033905,8.955886844050895,587536000
2020-05-21,8.740978240966797,9.017144765603891,8.703375432354866,9.016149218326575,761068000
2020-05-22,8.990997314453125,9.05748714261694,8.679220028686307,8.790782119460506,1038764000
2020-05-26,8.683700561523438,9.14588900952472,8.638129582307922,9.120986082397753,770780000
2020-05-27,8.49195671081543,8.599036016310325,7.965520111033462,8.59131672321985,1175892000
2020-05-28,8.45385456085205,8.726285899870943,8.346524488362034,8.379395599557078,734896000
2020-05-29,8.840835571289062,8.840835571289062,8.451860639795001,8.521089170178403,745256000
2020-06-01,8.771857261657715,8.806222645268207,8.655563458390905,8.798752240118027,389876000
2020-06-02,8.790782928466797,8.802736146428314,8.62418643742466,8.761896855847086,391320000
2020-06-03,8.735251426696777,8.831623838211076,8.666022881980009,8.787796002330985,365440000
2020-06-04,8.736248970031738,8.912388271948576,8.64755539239078,8.697881042993215,424280000
2020-06-05,8.889219284057617,8.965953240892395,8.677950951924133,8.76415262832775,481748000
2020-06-08,8.774615287780762,8.859072050015294,8.655776508944166,8.846615376117425,387736000
2020-06-09,9.014782905578613,9.078313178349852,8.721050788735848,8.769632482507,468488000
2020-06-10,9.334425926208496,9.467216327764026,9.121911673712983,9.136113250908178,632180000
2020-06-11,8.765894889831543,9.229289397995633,8.755680170871136,9.118423392635822,583652000
2020-06-12,8.9016752243042,9.155546372764283,8.673216375848513,9.130882024444821,570908000
2020-06-15,9.142088890075684,9.150559653170792,8.71357262950941,8.784826639639853,400004000
2020-06-16,9.03720474243164,9.234771362037131,8.808247914587062,9.193165484284528,535716000
2020-06-17,9.20412826538086,9.266910589860908,9.038949737386892,9.082300523775523,408304000
2020-06-18,9.186192512512207,9.250469802483888,9.083049287665657,9.195161281980702,254408000
2020-06-19,9.229289054870605,9.412405087364501,9.195406943583055,9.210604521255469,524160000
2020-06-22,9.493873596191406,9.49835845482481,9.241248418658067,9.267906669276206,398468000
2020-06-23,9.417387962341309,9.609223760973583,9.375035085564633,9.518039245168492,375108000
2020-06-24,9.203629493713379,9.523521851780817,9.112942971120358,9.443548049476501,449372000
2020-06-25,9.45724868774414,9.4721972631526,9.150561019377776,9.323462311698346,376072000
2020-06-26,9.123406410217285,9.46721610323142,9.093510204419653,9.46721610323142,592084000
2020-06-29,9.16825008392334,9.172734941922375,8.86928521099889,9.1381048813653,342248000
2020-06-30,9.464978218078613,9.493379483238378,9.23452633815172,9.281862096879214,367892000
2020-07-01,9.497114181518555,9.542706926011183,9.380518290650997,9.487896412589489,326648000
2020-07-02,9.579079627990723,9.703897268706609,9.545196562472253,9.605736929256501,364056000
2020-07-06,9.805294036865234,9.874554159667008,9.678981462887307,9.708130664633469,315892000
2020-07-07,9.837684631347656,10.035250331547491,9.816757188984752,9.911927631799411,357800000
2020-07-08,10.180745124816895,10.18971484215439,9.931109851071897,9.959262104406426,365480000
2020-07-09,10.472733497619629,10.533522858711208,10.19818394553141,10.344427963094862,494548000
2020-07-10,10.443085670471191,10.618477930540756,10.342932393289248,10.552207713445835,497676000
2020-07-13,10.017562866210938,10.755009139002913,9.990406608173963,10.558440369980536,457076000
2020-07-14,10.341191291809082,10.366852594335969,9.75173213658674,10.040233376502643,542676000
2020-07-15,10.191954612731934,10.396994057811794,10.021046274849274,10.378309526653245,403984000
2020-07-16,10.099776268005371,10.171527353998105,9.861351715438127,9.980439491512932,344964000
2020-07-17,10.166296005249023,10.2131337464676,10.052939034613193,10.190213351910279,266284000
2020-07-20,10.474478721618652,10.494908161522394,10.12170023378326,10.238795062200655,284852000
2020-07-21,10.292855262756348,10.523556960018096,10.251249391175662,10.476718279060025,277036000
2020-07-22,10.402726173400879,10.565910768554447,10.255984157807204,10.331722094937254,367292000
2020-07-23,10.094793319702148,10.510603105060774,9.996632984171347,10.413937722405896,411660000
2020-07-24,10.159320831298828,10.328983272480894,9.743261994750066,9.840923390985049,473292000
2020-07-27,10.385537147521973,10.405716636707364,10.182489650442864,10.196940228932192,292132000
2020-07-28,10.18024730682373,10.346172824798396,10.1740194451191,10.338450010177334,271636000
2020-07-29,10.429383277893066,10.479957918378492,10.31129246650235,10.354891294507025,284508000
2020-07-30,10.577372550964355,10.586341318065257,10.259722142656354,10.339196994838801,308880000
2020-07-31,10.578118324279785,10.729345196481006,10.396995248418266,10.526795731850012,386080000
2020-08-03,10.972251892089844,11.060446486718522,10.678269909994247,10.695460438207306,412720000
2020-08-04,11.189002990722656,11.189002990722656,10.868363657948816,11.011866768848385,310336000
2020-08-05,11.24779987335205,11.332506580940676,11.127716100125092,11.205197994341091,249924000
2020-08-06,11.296379089355469,11.318801476170018,11.140170333097835,11.310579712581976,244316000
2020-08-07,11.160850524902344,11.465047272124,10.999409884640297,11.273460477418752,342516000
2020-08-10,11.126470565795898,11.368881025799643,10.819034882228621,11.295136986086273,427796000
2020-08-11,10.812557220458984,11.098317491574115,10.758493721569288,11.035534226796273,354512000
2020-08-12,11.400771141052246,11.427428441497376,10.920434129138265,10.952822240724048,464412000
2020-08-13,11.403512001037598,11.681300500548199,11.316563329189249,11.506156253897396,374460000
2020-08-14,11.524092674255371,11.664356876470226,11.401019002979302,11.490209613163513,366436000
2020-08-17,12.294424057006836,12.366923082983908,11.776468107391905,11.810350216026855,621300000
2020-08-18,12.218438148498535,12.45287677557738,12.044540832043971,12.40703504191184,503448000
2020-08-19,12.096610069274902,12.27250033410157,12.05624919671835,12.254064801327434,622624000
2020-08-20,12.099098205566406,12.332290819064154,11.837753348298996,11.93367169799506,921388000
2020-08-21,12.639730453491211,12.764548088001417,12.153164638813207,12.159642451084375,999868000
2020-08-24,12.67635440826416,12.867941232553465,12.464338144000836,12.839290026426893,490564000
2020-08-25,12.706000328063965,12.71721104864007,12.53035810263913,12.5871615578878,289076000
2020-08-26,12.728920936584473,12.82409136442748,12.633999509151844,12.755080235422875,321244000
2020-08-27,12.584670066833496,12.805655066718726,12.523132755342244,12.73739094301535,317604000
2020-08-28,13.102377891540527,13.10262689195199,12.598871498450452,12.631259609222237,537160000
2020-08-31,13.328344345092773,13.528151947873681,12.992756452252905,13.137255557317225,500840000
2020-09-01,13.777425765991211,13.949630647103293,13.39413750128578,13.437500302872197,511316000
2020-09-02,14.301268577575684,14.680319697982243,13.856175532405885,14.657391497757109,874012000
2020-09-03,12.974465370178223,13.840725107880663,12.838146289033148,13.785150980513366,945128000
2020-09-04,12.5827054977417,13.133463404372108,11.667848528156505,12.743446288728798,1463684000
2020-09-08,11.87544059753418,12.510432336762877,11.667348976243487,11.697503200446143,795728000
2020-09-09,12.674914360046387,12.768866950123394,12.193187256323037,12.360906908639747,736200000
2020-09-10,12.272933006286621,13.024057300031474,12.12863879167486,12.94829670555492,698684000
2020-09-11,12.12614917755127,12.612610574725382,11.858246276405783,12.446137258689868,636928000
2020-09-14,12.831668853759766,13.273023027770241,12.591429400402054,13.039761475956796,1201744000
2020-09-15,12.950042724609375,13.25682221304241,12.787307442411516,13.238131137079726,727556000
2020-09-16,12.475043296813965,13.051470091595386,12.474296072141467,12.916397348697215,556384000
2020-09-17,12.424205780029297,12.55005801210448,11.99680748160983,12.093999936822648,792512000
2020-09-18,12.1508207321167,12.592672993531387,11.950953315876442,12.554045465543362,698460000
2020-09-21,12.477783203125,12.483016627072208,11.866965149094044,11.887400695173824,721044000
2020-09-22,12.59790325164795,12.608121024990037,12.117174508183115,12.53535123728596,646452000
2020-09-23,12.085525512695312,12.68687406505385,12.04116641481339,12.53585102033723,647012000
2020-09-24,12.309070587158203,12.529872669499609,11.976123939065822,12.034190722797042,731240000
2020-09-25,12.833161354064941,12.842880979305574,12.207142005563057,12.408255730099048,588016000
2020-09-28,12.993904113769531,13.010601640307375,12.709802791708746,12.999137539161858,573808000
2020-09-29,13.184051513671875,13.400367358569484,12.892474170877144,12.896710345478045,621460000
2020-09-30,13.48784065246582,13.579550597046405,13.108789549903188,13.11601652435821,689184000
2020-10-01,13.571576118469238,13.719358341774951,13.418310444661264,13.714624017312177,525004000
2020-10-02,13.021068572998047,13.476876636179565,13.009853546705289,13.18330571184835,552496000
2020-10-05,13.599488258361816,13.601232733408866,13.181061420646227,13.19426999628857,479820000
2020-10-06,13.69318962097168,14.097411520223703,13.621915230093496,13.786394959299862,784420000
2020-10-07,13.919975280761719,14.074736369831703,13.819792021827784,13.955612959185514,418084000
2020-10-08,13.79511833190918,14.040093944013766,13.714623411586466,14.030623394171375,378900000
2020-10-09,13.719358444213867,13.780665094461844,13.617680744942344,13.72359556957293,346892000
2020-10-12,14.181147575378418,14.30176637112015,13.868636537321477,13.94539343424756,434744000
2020-10-13,14.203329086303711,14.303263268238275,13.974552820948032,14.251427164697901,344604000
2020-10-14,14.050811767578125,14.297530937265298,13.915988081551372,14.24544575809428,276100000
2020-10-15,13.925955772399902,13.961592497317445,13.72434294529411,13.767207595825163,267224000
2020-10-16,13.76795482635498,14.076977879491116,13.749014676143386,13.992494903591206,242392000
2020-10-19,13.455192565917969,13.939410268080456,13.364478929074481,13.859164430309328,298068000
2020-10-20,13.60247802734375,13.756241845405201,13.464414483515402,13.540673229981198,229212000
2020-10-21,13.482110977172852,13.74802034288647,13.43501014514702,13.58204516755645,219596000
2020-10-22,13.318876266479492,13.568835305575032,13.1900332336967,13.47986707572771,290480000
2020-10-23,13.547403335571289,13.550394135898697,13.249346221187796,13.407595303610165,233484000
2020-10-26,13.09981632232666,13.649577805301476,12.997390459978721,13.384665762754866,336896000
2020-10-27,13.354512214660645,13.399619486373137,13.149908603860732,13.264047645682204,250520000
2020-10-28,12.587188720703125,13.218193334409735,12.56924582198825,13.156388537797922,376520000
2020-10-29,12.982939720153809,13.151157516010835,12.709803385953837,12.798024396978246,320080000
2020-10-30,12.494482040405273,12.895712202598007,12.26121961191501,12.809485711152558,416820000
2020-11-02,12.541088104248047,12.796280599298889,12.355923696333516,12.617845017655036,299652000
2020-11-03,12.978452682495117,13.063682887469264,12.563016632474788,12.668433313890562,272900000
2020-11-04,13.75075912475586,13.783905100563205,13.294951096689376,13.347036272004377,410228000
2020-11-05,14.1153564453125,14.293791998345476,13.946889592613063,14.117849095729678,319028000
2020-11-06,14.516088485717773,14.542753759132953,13.851191618571832,14.065263882570674,383348000
2020-11-09,13.587774276733398,14.645179920761693,13.567837827664581,14.506618224863628,582976000
2020-11-10,12.729741096496582,13.56360312015557,12.588437650213546,13.56360312015557,644068000
2020-11-11,13.37569808959961,13.392644692449075,12.907428639416796,13.012596256393248,404744000
2020-11-12,13.414322853088379,13.722597713712116,13.27401668464067,13.436502877183004,365812000
2020-11-13,13.255077362060547,13.625655192905109,13.018076883230666,13.58428594217903,346312000
2020-11-16,13.472637176513672,13.60646357995193,13.114519808578546,13.130967305619025,413776000
2020-11-17,13.37993335723877,13.553384573065271,13.261807196529444,13.509772694181835,312028000
2020-11-18,13.386409759521484,13.562851731669731,13.143428673187737,13.42279465375542,510924000
2020-11-19,13.39787769317627,13.444978524071423,13.058700374675698,13.171094964124507,565936000
2020-11-20,13.046487808227539,13.451955146489949,13.023808681876831,13.411583145369244,341088000
2020-11-23,13.0985746383667,13.340309476449224,12.974466868389637,13.129726118332753,361356000
2020-11-24,12.916897773742676,13.120503208532503,12.844377045037543,13.101064907711441,346500000
2020-11-25,13.193021774291992,13.227662195341338,12.97894952410503,12.99140992255428,259916000
2020-11-27,13.219439506530762,13.365229132389386,13.128975881494377,13.332831332124405,167276000
2020-11-30,13.359245300292969,13.37021124893075,12.931348945909454,13.223176273112598,286952000
2020-12-01,13.347784042358398,13.486096664221465,13.186543220522184,13.449711765076747,296948000
2020-12-02,13.501799583435059,13.630392605453737,13.19252740479343,13.30841094984548,283360000
2020-12-03,13.357708930969238,13.620954255438248,13.290901005987134,13.548661260406087,199520000
2020-12-04,13.519497871398926,13.521242861894294,13.350481990906417,13.410060816255628,202244000
2020-12-07,13.56785774230957,13.692002161308737,13.46141332691698,13.562373622565351,223244000
2020-12-08,13.311842918395996,13.559881665713313,13.243538190304427,13.546170890394157,271920000
2020-12-09,12.893790245056152,13.375658648592895,12.831468887287063,13.262483420440846,401300000
2020-12-10,12.935172080993652,13.031396655684688,12.812772649418692,12.832217643916875,207764000
2020-12-11,12.976054191589355,12.982785004370417,12.786347593211344,12.930185195475408,209264000
2020-12-14,13.270709991455078,13.350481252818426,13.040121159359513,13.050591101752886,270156000
2020-12-15,13.322312355041504,13.425515937821444,13.149059056353826,13.401335220553591,193016000
2020-12-16,13.20465087890625,13.39884408132627,13.174735939570619,13.384135760177303,223116000
2020-12-17,13.303115844726562,13.34125648065479,13.140830805209069,13.328542301379823,231384000
2020-12-18,13.234062194824219,13.36668143509461,13.03313824503037,13.34075573347772,342064000
2020-12-21,13.294143676757812,13.331786023918719,12.930436289077491,13.037379962322126,302332000
2020-12-22,13.2402982711792,13.299129654478302,13.016689375128038,13.281181451452612,185580000
2020-12-23,12.972064971923828,13.237055302531518,12.967827545846838,13.218109557528855,179144000
2020-12-24,12.956610679626465,13.094964178276724,12.90176852813386,12.999986293991261,97884000
2020-12-28,12.863125801086426,13.025161685689636,12.726767422475538,13.025161685689636,212564000
2020-12-29,12.906253814697266,13.035134902377251,12.805542671902463,12.88805646583581,170372000
2020-12-30,13.108176231384277,13.175981710757751,12.859888338350087,12.953120278145812,225396000
2020-12-31,13.017685890197754,13.113411217008528,12.878085702431163,13.09895299632336,192424000
2021-01-04,13.076019287109375,13.613479253749597,12.92545084499774,13.066796036911752,560640000
2021-01-05,13.366437911987305,13.405076856763436,13.049596092356595,13.062309324604874,322760000
2021-01-06,12.578447341918945,13.20714519003149,12.550029191559036,13.18470945781889,580424000
2021-01-07,13.305858612060547,13.339512676724356,12.849666782088335,12.930434635384632,461480000
2021-01-08,13.238801002502441,13.382638612575214,13.004722188085635,13.324306483553258,292528000
2021-01-11,13.582566261291504,13.921096308910437,13.324306724946876,13.380395567585643,518344000
2021-01-12,13.446208000183105,13.715187600487056,13.30685790200758,13.713192510435519,291476000
2021-01-13,13.493071556091309,13.586055290946524,13.346741517718936,13.451440936900354,210028000
2021-01-14,13.162518501281738,13.560876476777679,13.142825311605426,13.536197464827335,283120000
2021-01-15,12.82274341583252,13.287161896457812,12.811775176828125,13.190189882912284,277780000
2021-01-19,12.988019943237305,13.056572862335285,12.807287445364308,12.979044892252457,226188000
2021-01-20,13.327546119689941,13.392110759074399,13.019429339264908,13.074271482544104,258572000
2021-01-21,13.827863693237305,13.959237226928826,13.215120034647857,13.380146684400248,337780000
2021-01-22,13.67330551147461,13.802186604239331,13.588299278392899,13.700727061039379,246820000
2021-01-25,13.61422348022461,13.788972601299603,13.198664758310809,13.742356162385255,251112000
2021-01-26,13.39684772491455,13.605748262959864,13.34923373913582,13.541681919123254,163980000
2021-01-27,12.880827903747559,13.19492712938978,12.757181781831777,13.192184594045496,371272000
2021-01-28,13.013696670532227,13.30162199857024,12.923455463539968,12.95910366922323,228316000
2021-01-29,12.952620506286621,13.296634637804713,12.874594241549072,13.037626732062714,271552000
2021-02-01,13.19916820526123,13.232821327016481,12.865873065962797,13.015943223280544,217204000
2021-02-02,13.5180025100708,13.533208177107893,13.247527071774433,13.360454111923822,220440000
2021-02-03,13.491826057434082,13.891929046731677,13.477866134624353,13.597023775479286,245408000
2021-02-04,13.625194549560547,13.634417798850047,13.299627828583862,13.492325175349118,201340000
2021-02-05,13.552151679992676,13.697984368062173,13.507031081489062,13.685769436183508,169152000
2021-02-08,14.397480964660645,14.432380774378426,13.688014429574338,13.688014429574338,434624000
2021-02-09,14.222480773925781,14.541565792790065,14.181846750202897,14.299758642023518,287560000
2021-02-10,14.72204875946045,14.862396381578142,14.300507596143618,14.421909473206185,485352000
2021-02-11,15.207158088684082,15.228597220621056,14.882339786927213,14.937432032198304,450828000
2021-02-12,14.918488502502441,15.247545230196673,14.73277015205529,15.006984725766184,374756000
2021-02-16,15.286432266235352,15.328562137060997,14.90726913449547,15.021192763254522,321960000
2021-02-17,14.863395690917969,15.179988324043537,14.737755421903262,15.127637657234107,274756000
2021-02-18,14.786613464355469,14.830736516708235,14.533338832562045,14.686898922585039,233868000
2021-02-19,14.883837699890137,15.133621451996458,14.804315578862303,14.98155717225238,271724000
2021-02-22,14.314716339111328,15.089994124865994,14.284053959471905,14.732518363727369,325884000
2021-02-23,14.101579666137695,14.198053394853817,13.35122992204336,14.035019925437572,391780000
2021-02-24,14.45755672454834,14.465285082228274,13.716680430519219,14.082382854481477,448320000
2021-02-25,13.269463539123535,14.3336633080336,13.178474888234955,14.005354056686674,824436000
2021-02-26,13.675299644470215,13.814898867470841,13.32280970449686,13.713190182892967,500932000
2021-03-01,13.802186965942383,13.885199062295472,13.51451173836479,13.835341784593728,353184000
2021-03-02,13.367932319641113,13.880712294925438,13.357711524851588,13.860270705346387,264116000
2021-03-03,12.768150329589844,13.413051207077928,12.762166962212012,13.387873897050037,377592000
2021-03-04,12.334893226623535,12.93791536777413,12.049212120822903,12.764162806346638,573344000
2021-03-05,12.425881385803223,12.514128448535434,11.645866892554002,12.514128448535434,542840000
2021-03-08,11.560113906860352,12.435603674084037,11.533439801994518,12.414414640051222,543112000
2021-03-09,12.488773345947266,12.58503018119177,12.028931897775243,12.099753496667573,521824000
2021-03-10,12.436903953552246,12.94736663668477,12.426181162680194,12.808217687288016,384376000
2021-03-11,12.960833549499512,13.013451519761361,12.702484861457213,12.91744296360553,299916000
2021-03-12,12.82367992401123,12.85634771978624,12.558348854288102,12.616451888507894,243964000
2021-03-15,13.158087730407715,13.173548832704668,12.735153857472499,12.83240859533205,221988000
2021-03-16,13.257834434509277,13.478527766958353,13.083772684178307,13.322919832651639,272128000
2021-03-17,13.307710647583008,13.419428593633414,12.956844570714871,13.006968295981748,243864000
2021-03-18,12.69051456451416,13.150854487628825,12.685028551725626,13.103474248516884,293896000
2021-03-19,12.813454627990723,12.889014536593395,12.580791371714232,12.717945495627424,299208000
2021-03-22,13.153099060058594,13.360825558253854,12.874301724797736,12.880287158091585,297804000
2021-03-23,13.037885665893555,13.310946712995412,12.988509662487068,13.22092361875845,222048000
2021-03-24,12.611215591430664,13.126168365857225,12.60498187447751,13.118188104676085,245840000
2021-03-25,12.503732681274414,12.68278194780578,12.241145164615615,12.468073129658247,295144000
2021-03-26,12.80696964263916,12.823927099731126,12.342390872874107,12.522935565816912,363968000
2021-03-29,12.915696144104004,13.0296590866071,12.668070270981813,12.788017694881296,273520000
2021-03-30,12.839390754699707,12.942630924656342,12.673060003954117,12.809715674519502,200204000
2021-03-31,13.314691543579102,13.436633799038589,12.949860763887894,12.982777790954895,314776000
2021-04-01,13.777026176452637,13.835129204542868,13.477280798414757,13.538128259715098,308276000
2021-04-05,13.952333450317383,13.97876657407877,13.698472914587166,13.832635263043771,255672000
2021-04-06,13.826651573181152,14.01891697125034,13.738873462216315,13.964554358734274,191744000
2021-04-07,14.107941627502441,14.207689643014694,13.677027574965955,13.845851593018876,251284000
2021-04-08,14.281007766723633,14.435119364750422,14.213177925757599,14.216919297413037,244416000
2021-04-09,14.363797187805176,14.371777448243606,14.139363421566275,14.178264931921397,195172000
2021-04-12,15.170762062072754,15.313901610057965,14.103701731984685,14.253823650541044,869324000
2021-04-13,15.640080451965332,15.660529096417902,15.087722573627937,15.193206795688422,676212000
2021-04-14,15.238592147827148,15.6809766998769,15.189216132761569,15.585716806366602,385500000
2021-04-15,16.0966854095459,16.17349151367383,15.59220609905645,15.623128308875406,598480000
2021-04-16,15.8724946975708,16.125108122447834,15.82536274319291,16.0126405831472,335208000
2021-04-19,15.323126792907715,15.767756314158476,15.194700651254927,15.497437759770289,404420000
2021-04-20,15.133106231689453,15.45803661793701,14.925379775783004,15.284723542634095,334132000
2021-04-21,15.321883201599121,15.323878028896175,15.064282220242037,15.08074025890028,216776000
2021-04-22,14.81291389465332,15.399685082246794,14.746331191725861,15.336344329965497,277788000
2021-04-23,15.2268705368042,15.296445004947893,14.862788442781444,14.896702404932322,227500000
2021-04-26,15.4390869140625,15.440084803333924,15.08697469275611,15.146824267123838,197796000
2021-04-27,15.343080520629883,15.631104301229037,15.31589873770508,15.539335580819824,164572000
2021-04-28,15.23834228515625,15.493200723239772,15.177246540337377,15.325872106378812,209416000
2021-04-29,15.286221504211426,15.397690199904106,15.033608086346442,15.36128198854834,173196000
2021-04-30,14.97176742553711,15.326373960860678,14.959299039328798,15.136353548083626,201912000
2021-05-03,14.799448013305664,15.208417054015928,14.7503221859339,15.08697327520045,203912000
2021-05-04,14.315169334411621,14.600699789762439,13.975027035475872,14.600450555269253,405324000
2021-05-05,14.422150611877441,14.776258621126953,14.35132901002754,14.672020570032824,292024000
2021-05-06,14.486488342285156,14.534617237657999,14.182255771749805,14.4588080917108,193380000
2021-05-07,14.775009155273438,14.933110372752017,14.634862332097414,14.771019501267666,229328000
2021-05-10,14.229883193969727,14.76877473037972,14.214172860878566,14.750071681096927,268904000
2021-05-11,14.270283699035645,14.318661830890395,13.715432492355607,13.790243752058554,285584000
2021-05-12,13.72391128540039,14.224399880312989,13.674785449771695,13.974279724476874,303408000
2021-05-13,13.630894660949707,14.045350711147945,13.425162994144586,13.998467988858465,285404000
2021-05-14,14.20719051361084,14.291976846057006,13.713933617580155,13.855078332435786,258616000
2021-05-17,14.12988567352295,14.133626093303139,13.818670761725361,14.12140694475875,216980000
2021-05-18,13.980514526367188,14.368038055729718,13.968793845011385,14.231133153637117,186256000
2021-05-19,14.030388832092285,14.044104340700125,13.50920235882469,13.532393535433826,344000000
2021-05-20,14.575760841369629,14.646831663636233,14.23462070423462,14.266539837566173,321592000
2021-05-21,14.954058647155762,15.183730127808582,14.832116394533218,15.125626149353618,672992000
2021-05-24,15.572749137878418,15.705414174003659,15.137844497008365,15.174252706728867,554816000
2021-05-25,15.608409881591797,15.778730264045185,15.44357551176999,15.726362482639168,435408000
2021-05-26,15.660528182983398,15.754042484575189,15.547064658382558,15.69469233324552,370440000
2021-05-27,15.44906234741211,15.710403750659239,15.421132862507694,15.660280028278496,581476000
2021-05-28,16.20366096496582,16.236578947504775,15.462031299114846,15.462031299114846,644536000
2021-06-01,16.223609924316406,16.34704949574134,15.86326820041709,16.229096888512235,472804000
2021-06-02,16.736072540283203,16.87622037084965,16.194687499998437,16.211395728661874,594168000
2021-06-03,16.927085876464844,17.215609998459154,16.541308933559474,16.65876306621484,580008000
2021-06-04,17.534055709838867,17.616596077162153,17.052519499034798,17.06947505300827,617120000
2021-06-07,17.574703216552734,17.76771725198459,17.149526305796652,17.52707469646401,575756000
2021-06-08,17.41311264038086,17.57719836078649,17.207629259933416,17.483185585690848,323848000
2021-06-09,17.318572998046875,17.534828657267983,17.216308277254168,17.47571420990751,381656000
2021-06-10,17.385173797607422,17.452022006490658,17.136744250662534,17.310346354499423,287772000
2021-06-11,17.784513473510742,17.898253261934265,17.40388509556701,17.439552830587203,416308000
2021-06-14,17.977569580078125,17.9982722041519,17.62238417950147,17.865078154683058,321376000
2021-06-15,17.747844696044922,17.97507495598846,17.68748377402905,17.8740566646082,243032000
2021-06-16,17.76954460144043,17.91371508228744,17.54431057593765,17.75009034027756,307124000
2021-06-17,18.614604949951172,18.79194830496863,17.71566527623226,17.73387307540823,809656000
2021-06-18,18.59615135192871,19.330718581922177,18.54152604115206,18.74106970383863,968856000
2021-06-21,18.385133743286133,18.494135068349298,17.78201553321056,18.39311488047978,672384000
2021-06-22,18.843584060668945,18.920409647101682,18.343978923682204,18.429284231032042,580144000
2021-06-23,19.013694763183594,19.108977447011597,18.86453654386818,18.964308379906097,332356000
2021-06-24,19.161609649658203,19.37561988275195,19.04462715758127,19.18380992868427,320924000
2021-06-25,18.987506866455078,19.30128891794506,18.851319416019447,19.236436935503985,278364000
2021-06-28,19.939321517944336,20.032857236494127,19.274843407992705,19.31699651878365,495436000
2021-06-29,19.98097801208496,20.052812050401002,19.612072127487256,19.837056837882255,367632000
2021-06-30,19.956785202026367,20.116419372850345,19.81835223637548,19.953542508047825,326568000
2021-07-01,20.16580581665039,20.40924764246024,19.973246122217304,20.079004759784198,480136000
2021-07-02,20.440176010131836,20.458385715167392,20.241382131269432,20.39353374130317,342764000
2021-07-06,20.651195526123047,20.794366948413263,20.30374197663126,20.690105954402014,446708000
2021-07-07,20.325193405151367,20.827293427168946,20.285535100146795,20.8058429274563,418428000
2021-07-08,19.857261657714844,20.086984820406965,19.65572366995776,19.811117972492724,503300000
2021-07-09,20.004423141479492,20.03435525988892,19.709100137865747,19.916874216592717,296624000
2021-07-12,20.465618133544922,20.4858202675907,20.141609472181255,20.193739960128703,321984000
2021-07-13,20.203718185424805,20.41448567344241,20.068029336079224,20.353873559779505,290708000
2021-07-14,19.79615020751953,20.371083224348496,19.707604117466037,20.31122089134156,380100000
2021-07-15,18.922903060913086,19.801640805909646,18.815399378990502,19.766471657258307,550564000
2021-07-16,18.119487762451172,19.113211442977995,18.031689563231986,18.98700141266361,688224000
2021-07-19,18.73682975769043,18.998479381294242,17.824667948945038,17.874305524272554,749060000
2021-07-20,18.569461822509766,18.794945132479892,18.122485771322793,18.687192164183777,434687000
2021-07-21,19.36564064025879,19.48237382941793,18.699168004217075,18.838847442192375,371017000
2021-07-22,19.54922103881836,19.841550705361282,19.23194698322062,19.597111677737608,323826000
2021-07-23,19.513296127319336,19.654971750636307,19.205999570900207,19.611071698865306,195672000
2021-07-26,19.24990463256836,19.397565194519427,18.87077204812226,19.266865977371694,203943000
2021-07-27,19.16409683227539,19.577150119068563,18.698163285947036,19.220965756845324,248863000
2021-07-28,19.45842933654785,19.601102183245256,18.95159086611591,19.27484982328238,202191000
2021-07-29,19.617061614990234,19.80762505431973,19.2838234605119,19.474386899841395,190781000
2021-07-30,19.454437255859375,19.585136481217972,19.218976552723575,19.37362109560357,183497000
2021-08-02,19.704858779907227,19.91537695317592,19.316747951416353,19.654973822672737,217444000
2021-08-03,19.769712448120117,20.175781820042896,19.176071129798512,19.6948831028393,301811000
2021-08-04,20.2276611328125,20.27156118889958,19.782679477126937,19.94430985832058,231309000
2021-08-05,20.58983039855957,20.68561164706014,20.295504585968366,20.45314439887646,211435000
2021-08-06,20.3194522857666,20.522986511252395,20.163808690158564,20.47709211719844,178497000
2021-08-09,20.248613357543945,20.46112586521887,20.096960345968807,20.399267299813797,146443000
2021-08-10,19.890439987182617,20.383310504258183,19.78966907249903,20.275557520496264,179238000
2021-08-11,19.65397834777832,20.003178821250415,19.385594031751758,19.99719201633086,185925000
2021-08-12,19.85950469970703,19.983219923418048,19.57515626394466,19.824584849910885,151652000
2021-08-13,20.141860961914062,20.167802514416586,19.80563126679169,19.859508704764945,183063000
2021-08-16,19.904401779174805,20.240631404089072,19.40853610963206,20.088978398634914,210876000
2021-08-17,19.413530349731445,19.7248175706279,19.22296688145729,19.640010842343834,204585000
2021-08-18,18.99648666381836,19.589128991914862,18.956577166874165,19.455434460739273,285913000
2021-08-19,19.752750396728516,20.448157848964946,18.719117056246247,19.449444360898706,766555000
2021-08-20,20.768423080444336,20.8173108732515,19.88744183759088,19.94530793349124,675741000
2021-08-23,21.907817840576172,21.94672826931929,20.902122080659282,20.923073996366316,575807000
2021-08-24,21.743188858032227,21.9088098112893,21.485779125252666,21.703281272193063,297299000
2021-08-25,22.162233352661133,22.418645969756334,21.672356269378028,21.687321379149566,347701000
2021-08-26,22.01756477355957,22.288942483035,21.74020025936337,22.149263059479914,237940000
2021-08-27,22.584266662597656,22.670070557019205,22.11633866678472,22.133300012367442,304722000
2021-08-30,22.636146545410156,22.990334740001824,22.499460525203325,22.777822203844707,262580000
2021-08-31,22.33778190612793,22.647127467460674,22.07334149912779,22.647127467460674,259850000
2021-09-01,22.393661499023438,22.64912199389681,22.30983905945331,22.437569306889998,201767000
2021-09-02,22.348752975463867,22.545337883825013,22.247966214051775,22.470495343605453,187834000
2021-09-03,22.794811248779297,22.93750922846225,22.153168059674176,22.27790436202972,280532000
2021-09-07,22.614192962646484,22.850692500855242,22.474487011995723,22.78483174949806,198107000
2021-09-08,22.29187774658203,22.562305994875448,21.93063995060258,22.465510489496793,254434000
2021-09-09,22.130218505859375,22.490457050966747,22.084316013138185,22.26493395688202,196856000
2021-09-10,22.430580139160156,22.578266724683587,22.223018761676062,22.30085332657019,248376000
2021-09-13,22.105270385742188,22.915557731283194,21.81188995971526,22.636147711099213,297500000
2021-09-14,22.19508171081543,22.36272658870624,22.039410651348902,22.228011138976065,199755000
2021-09-15,22.293869018554688,22.31981514344312,21.919660118755335,22.261936936889985,166538000
2021-09-16,22.19508171081543,22.230007727042683,21.880745661445022,22.13620615441447,156033000
2021-09-17,21.85379981994629,22.273911214791905,21.78394779506993,22.252955607329,294503000
2021-09-20,21.068462371826172,21.38778701785786,20.61841355645307,21.10139179807724,349440000
2021-09-21,21.201181411743164,21.379802756895952,20.905806301905702,21.371820211672656,204688000
2021-09-22,21.894712448120117,21.91367146665539,21.151283289924628,21.32092472783552,268726000
2021-09-23,22.434574127197266,22.487461820172715,21.843822003613315,22.09329462367587,248555000
2021-09-24,22.034420013427734,22.102277360773,21.814884783571202,22.02344353743368,217655000
2021-09-27,21.614307403564453,21.753014117831665,21.28001501008737,21.66420116567819,245215000
2021-09-28,20.655332565307617,21.37381486341932,20.607433491656852,21.169247409834707,343069000
2021-09-29,20.473718643188477,20.972663870201263,20.423822978492204,20.895826640226495,218394000
2021-09-30,20.67229652404785,21.021558534466575,20.64435571548034,20.724186869005347,221009000
2021-10-01,20.698246002197266,20.814997869776846,20.16038154346578,20.706228547845832,240978000
2021-10-04,19.69037437438965,20.49866509219777,19.51374772206686,20.460745149157145,345635000
2021-10-05,20.407861709594727,20.604446668323913,19.812120875182806,19.907919046676803,279282000
2021-10-06,20.656330108642578,20.676286468248467,20.037637281066957,20.077553806928158,297202000
2021-10-07,21.030542373657227,21.277021060391967,20.927759015939795,21.047504806233384,256919000
2021-10-08,20.78705596923828,21.16126489932197,20.73117434597139,21.056486855696548,151258000
2021-10-11,20.651344299316406,21.01856804632995,20.467732425809636,20.531598501082726,163388000
2021-10-12,20.627391815185547,21.012577186630253,20.4846938393816,20.784060195567157,162134000
2021-10-13,20.894824981689453,20.94571798280508,20.669301932615472,20.87386937593445,180652000
2021-10-14,21.700122833251953,21.709102719216897,21.077438735594637,21.243088891444785,243589000
2021-10-15,21.81588363647461,21.88473833095273,21.616306660056754,21.76399328000742,226994000
2021-10-18,22.175121307373047,22.243975990824204,21.59833961734775,21.70311955926144,189494000
2021-10-19,22.242977142333984,22.3317881818893,21.99051062121753,22.229004834810024,161473000
2021-10-20,22.056371688842773,22.38567543781395,21.935626663665868,22.257945210436517,146276000
2021-10-21,22.644128799438477,22.663089722334,22.03641428104515,22.050384685989254,187590000
2021-10-22,22.67805290222168,23.08119987988695,22.51340200615871,22.77484837507565,249384000
2021-10-25,23.11713218688965,23.305732673219815,22.72196763172872,22.924538524453713,230235000
2021-10-26,24.664857864379883,25.20571622107296,23.873531450575534,23.93839486421811,485898000
2021-10-27,24.3994197845459,25.0370717258524,24.230775672972076,24.422371980713933,245990000
2021-10-28,24.88838768005371,24.897369471375516,24.471270169615977,24.825520850776506,234204000
2021-10-29,25.513063430786133,25.654764066294884,24.94726013432384,24.94825747657164,292503000
2021-11-01,25.77251625061035,25.839374347203503,25.173781601491516,25.59489225344684,265740000
2021-11-02,26.345306396484375,26.6217224937928,25.74557436813177,25.7675292231353,294112000
2021-11-03,26.541889190673828,26.727497632609634,26.17965600054016,26.613737804003005,239910000
2021-11-04,29.738136291503906,31.298836258876868,27.060795434946982,27.171561344732318,1153631000
2021-11-05,29.689237594604492,31.33375987513204,29.347958100058552,30.123319409166225,851260000
2021-11-08,30.739017486572266,31.034392580176473,29.84390851205834,30.085398573379145,503101000
2021-11-09,30.592323303222656,32.24183779308199,29.90078641906877,32.21389698577576,646746000
2021-11-10,29.396852493286133,30.784918765255455,28.717289384564676,29.29407104741433,636206000
2021-11-11,30.325891494750977,30.525470354822794,29.714185657516225,30.40372797344251,332172000
2021-11-12,30.325891494750977,30.615280651522603,29.567494491133164,29.946693944604604,413054000
2021-11-15,29.96166229248047,30.57935600274197,29.185303594652737,30.487551019532958,384909000
2021-11-16,30.1392822265625,30.325888001469504,29.64333096717068,29.69622055809208,264484000
2021-11-17,29.19927406311035,30.444642523145944,28.739246093754417,30.353832978774516,428508000
2021-11-18,31.608182907104492,32.69089325728903,31.254929555488342,32.29872451850737,781711000
2021-11-19,32.915409088134766,33.018192418976476,31.837687740669246,32.17497397590366,533867000
2021-11-22,31.888587951660156,34.573911251550705,31.832706327709936,33.446293929247794,754335000
2021-11-23,31.679027557373047,32.29173255622799,30.814853381586094,31.468472250509617,532163000
2021-11-24,32.605064392089844,32.785682275830176,30.862747802338053,31.394624226420213,435162000
2021-11-26,31.43654441833496,32.64099706934784,31.2838672949203,32.531228506198715,283069000
2021-11-29,33.305599212646484,33.341522577161264,31.968425532112303,32.29773128790808,454964000
2021-11-30,32.60706329345703,33.282636999598125,31.79677797027339,33.09902325931394,622066000
2021-12-01,31.372526168823242,33.222843560767245,31.317635170167748,33.152982981954075,484368000
2021-12-02,32.062156677246094,32.413458348891545,30.963344820067583,31.151970308797033,472890000
2021-12-03,30.632001876831055,32.0651488092906,30.070119147107587,31.936403568189156,544325000
2021-12-06,29.977306365966797,30.18089951334633,27.982278547489575,29.820616888870113,658938000
2021-12-07,32.362552642822266,32.38451208748878,30.590083198512986,30.89547671326527,593053000
2021-12-08,31.762746810913086,32.22582532268798,31.35855105329913,31.93540331263959,475551000
2021-12-09,30.429405212402344,32.14099894850159,30.367528154513945,31.670932420721524,488507000
2021-12-10,30.137983322143555,31.24278357928564,29.80165319511943,31.0880909467893,488825000
2021-12-13,28.10503387451172,30.233796207467403,28.060123228578693,30.188885561534377,598344000
2021-12-14,28.280681610107422,28.62100349476861,27.195842071505684,27.643949113929793,667035000
2021-12-15,30.398466110229492,30.439384993244534,27.782674736715105,28.343558104801343,698297000
2021-12-16,28.330583572387695,31.09807330257781,28.037169139263874,31.090089780244078,707366000
2021-12-17,27.745752334594727,28.86452488757024,27.70483344742643,27.929386691044225,713758000
2021-12-20,27.663911819458008,28.088066423723266,27.091053166532397,27.250735034271646,461847000
2021-12-21,29.01721954345703,29.062130190371207,27.346544620384616,28.31761243890149,524385000
2021-12-22,29.34157371520996,29.49626637276533,28.39246340115357,28.83358636542172,395184000
2021-12-23,29.581092834472656,29.999260737951445,29.37250856669955,29.695864054966595,343022000
2021-12-27,30.88349723815918,31.025215214480056,29.58109059029503,29.60105129762086,403686000
2021-12-28,30.261735916137695,31.267731950374376,29.952350666603206,31.24976807539833,420591000
2021-12-29,29.941377639770508,30.487291454884854,29.307639364299206,30.212838350656018,343139000
2021-12-30,29.527206420898438,30.39647583779783,29.48129830530272,29.76772672316927,308864000
2021-12-31,29.3525447845459,29.970315904627515,29.27270386110287,29.61502255799349,266530000
2022-01-03,30.061140060424805,30.649967690712824,29.725807360139775,29.755748425658155,391547000
2022-01-04,29.23179054260254,30.40744890598463,28.29266068276136,30.216828510864207,527154000
2022-01-05,27.54913902282715,29.357538070443287,27.478280983281813,28.891465241719928,498064000
2022-01-06,28.121997833251953,28.381481331155296,27.01121087291353,27.585066961351565,454186000
2022-01-07,27.192852020263672,28.365518095345266,27.003229072578133,28.085076387090762,409939000
2022-01-10,27.34554672241211,27.41440984015935,25.593035959641192,26.528174103666952,594681000
2022-01-11,27.76171875,28.009226996384303,26.785663592042308,27.268700993300914,404089000
2022-01-12,27.94335174560547,28.538165945281214,27.553128122944685,28.01121548200883,383413000
2022-01-13,26.522186279296875,28.423399112253964,26.445337738615446,28.322600004609768,540171000
2022-01-14,26.888456344604492,27.142950637215478,26.1579107320568,26.24773202314796,395832000
2022-01-18,25.851518630981445,26.585058455010692,25.718783542206612,26.20780945704016,424270000
2022-01-19,25.017179489135742,26.490245813728656,25.00220991034634,26.02716920354063,488315000
2022-01-20,24.102005004882812,25.52816592790516,24.030147591877117,25.25371283114106,435181000
2022-01-21,23.32754898071289,24.773668763232777,23.216769512080788,23.460284088756683,718958000
2022-01-24,23.325550079345703,23.33353360141309,20.846487542973147,22.285621139528853,913982000
2022-01-25,22.279632568359375,22.89740375021859,21.956277081612978,22.501191486192454,664616000
2022-01-26,22.726743698120117,24.009189816429384,22.25568159985635,23.19381403507695,755959000
2022-01-27,21.900388717651367,23.947313152254385,21.631922323422884,23.521161726766028,573353000
2022-01-28,22.794607162475586,22.8125710384111,21.253675136018625,21.96825173742082,543774000
2022-01-31,24.437335968017578,24.460290972976274,23.00618592049365,23.135926717655092,564680000
2022-02-01,24.589038848876953,25.09503128734258,23.842524208533753,25.054112398731533,518925000
2022-02-02,25.191837310791016,25.76569347477143,24.50420547493788,25.742740370347118,543419000
2022-02-03,23.900402069091797,25.027157834017917,23.73273670872328,24.409388646213237,410178000
2022-02-04,24.27066421508789,24.586036123662737,23.585029410428525,23.924353784526822,354829000
2022-02-07,24.678857803344727,25.13195412147848,24.153902167281217,24.323564396360993,376868000
2022-02-08,25.0580997467041,25.179857022998263,23.93234129371506,24.31058777349292,410359000
2022-02-09,26.651927947998047,26.671888658006182,25.30261555051223,25.571080056956752,524282000
2022-02-10,25.772680282592773,26.871492136649884,25.54912640450638,25.943341891805627,513200000
2022-02-11,23.90140151977539,26.100024146681793,23.72575262390276,25.864493128365556,605472000
2022-02-14,24.21877098083496,24.825562419077983,23.707787514804277,23.886432615759617,440424000
2022-02-15,26.442344665527344,26.4922445340871,24.734744665885565,24.899415754979135,699869000
2022-02-16,26.458311080932617,26.52917102458829,25.50121738608982,26.20681300824524,732676000
2022-02-17,24.458295822143555,25.733755858622583,24.11697644225443,25.579063213609647,810595000
2022-02-18,23.595016479492188,24.936345412834687,23.054093778189063,24.61897658197623,761255000
2022-02-22,23.3435115814209,24.016171787907638,22.954287318634705,22.989217603574094,633422000
2022-02-23,22.342506408691406,24.106994175655707,22.256678790095112,23.754695100866613,566511000
2022-02-24,23.700801849365234,23.752698549006187,20.8484821049316,20.973233676940158,735801000
2022-02-25,24.108991622924805,24.168871850041366,23.334534721068575,23.67385918065925,528866000
2022-02-28,24.33654022216797,24.61598446694235,23.659888105648218,23.944321576419384,477319000
2022-03-01,23.430341720581055,24.328554607429982,23.086028049660978,24.24272507991095,412056000
2022-03-02,24.175983428955078,24.364641033795944,23.372447983953073,23.712827876260754,389642000
2022-03-03,23.67090606689453,24.281793413023205,23.426350459230303,24.21790863660906,365095000
2022-03-04,22.894319534301758,23.636966955127175,22.441144110309114,23.341505344158694,431415000
2022-03-07,21.31319808959961,22.99114500980663,21.291238708054614,22.775536020572545,450821000
2022-03-08,21.474903106689453,22.332341322019484,20.61247291155514,21.270275724010467,557467000
2022-03-09,22.97217559814453,23.177800600931413,22.206569302526024,22.346314265208143,492742000
2022-03-10,22.616823196411133,22.746586101874037,21.842232493155823,22.49005319391326,428066000
2022-03-11,22.059839248657227,23.102940302954398,22.00593652699091,22.980162727551132,367209000
2022-03-14,21.291236877441406,22.221542360192014,21.1205481082041,21.829256910095523,385354000
2022-03-15,22.931249618530273,22.996132023942444,21.28325099056678,21.47889393725402,491996000
2022-03-16,24.45148277282715,24.552299054127236,23.12988952261609,23.457292552284873,671422000
2022-03-17,24.720993041992188,24.79685323515595,23.862555326463934,24.076167120982394,471941000
2022-03-18,26.404922485351562,26.520712789888094,24.579248007289475,24.753929194458188,730719000
2022-03-21,26.685413360595703,27.10265486766904,25.919807094663252,26.45882662219231,591727000
2022-03-22,26.475797653198242,27.188500789536455,26.02461941553547,26.678427854459326,547007000
2022-03-23,25.587417602539062,26.563639075959117,25.528524804569468,26.078522194510693,502120000
2022-03-24,28.098840713500977,28.268531837117266,25.859917039185778,26.11844711768974,877379000
2022-03-25,27.641672134399414,28.306462114881743,27.22143772985282,27.835319803468362,579016000
2022-03-28,28.16771697998047,28.198660780217054,27.15655743522871,27.705559052925192,425494000
2022-03-29,28.60392189025879,28.89339386605595,27.929149831104116,28.64285057154714,488984000
2022-03-30,27.639673233032227,28.444208063230455,27.453012836269764,28.252557591806983,463487000
2022-03-31,27.236412048339844,28.19666368490603,27.220442282936776,27.731510949600096,523440000
2022-04-01,26.6634521484375,27.44602766304198,26.219261218650903,27.325247285194962,517235000
2022-04-04,27.310277938842773,27.507918058034864,26.56463575752181,26.679426533913535,397120000
2022-04-05,25.883874893188477,27.269352943730603,25.773076554519676,27.204470536288614,436615000
2022-04-06,24.36264419555664,25.254020976141952,23.959379064062016,24.88868689300515,703833000
2022-04-07,24.16400718688965,24.67707303806538,23.435334266714467,24.396583559935085,557992000
2022-04-08,23.07698631286621,23.8795260910143,23.020090688541902,23.873536476701478,524781000
2022-04-11,21.877168655395508,22.279436135946174,21.62063574834751,22.173629781756052,575207000
2022-04-12,21.46491813659668,22.683699749756602,21.243321479658512,22.496041696902733,662258000
2022-04-13,22.162649154663086,22.459110293944573,21.416009317470518,21.68851390489682,516943000
2022-04-14,21.21936798095703,22.73560855917908,21.12454130662309,22.464101591348445,569097000
2022-04-18,21.743410110473633,22.047854170473418,21.040689165787903,21.161469536392858,525701000
2022-04-19,22.15765953063965,22.332340741600348,21.27526524698662,21.680527560297847,512781000
2022-04-20,21.442960739135742,22.628801491972297,21.161473633865274,22.476079663374364,468974000
2022-04-21,20.146318435668945,22.35130326457004,19.963650470316455,21.66954403745964,656209000
2022-04-22,19.479536056518555,20.448772191837854,19.46456392428075,20.266104182229988,624713000
2022-04-25,19.865833282470703,19.908754409123173,19.061298239164504,19.167104604165587,641566000
2022-04-26,18.75385284423828,19.75203534038587,18.636067279230755,19.68216287027666,653143000
2022-04-27,18.381532669067383,19.132164853990513,18.256759849659264,18.564198736347848,499460000
2022-04-28,19.746047973632812,20.000585605277607,18.456396224687087,18.932528613649104,570327000
2022-04-29,18.513294219970703,20.091420341877647,18.48334805551463,19.36673991620479,500435000
2022-05-02,19.497501373291016,19.53842532093115,18.357576663441748,18.507303670385827,572049000
2022-05-03,19.566375732421875,19.788971942411177,19.098228203230406,19.364743170731728,475751000
2022-05-04,20.297046661376953,20.36292670436252,18.716923264105464,19.886794272202142,648855000
2022-05-05,18.809755325317383,19.88879023761166,18.46638060148286,19.830896979302434,626331000
2022-05-06,18.641061782836914,19.47654062399215,17.95730714361305,18.70195175204548,633297000
2022-05-09,16.91919708251953,18.221823872571708,16.796419517005482,18.001226735376935,644455000
2022-05-10,17.56302261352539,18.16492737651773,16.99405882150625,17.656851643260232,761474000
2022-05-11,16.599773406982422,17.720733401801667,16.537887724428106,17.315471187551733,670167000
2022-05-12,16.145605087280273,16.75749197618236,15.538711130202692,16.189525752393525,708728000
2022-05-13,17.6738224029541,17.895419085973305,16.56284608468857,16.757491408122753,670437000
2022-05-16,17.232624053955078,17.755671895048422,17.074912165379693,17.47717962452616,521446000
2022-05-17,18.143966674804688,18.337614359005986,17.601954209019933,18.04115321874996,585830000
2022-05-18,16.907215118408203,18.085070787489677,16.833350206512566,17.67282130331116,545161000
2022-05-19,17.092884063720703,17.65486074699978,16.703591448652563,16.906223592330786,621310000
2022-05-20,16.66366195678711,17.378360361940025,15.726368287812404,17.30050299605302,739105000
2022-05-23,16.867292404174805,16.884261708504855,16.14959916192552,16.244425835409945,639889000
2022-05-24,16.124637603759766,16.566833193060056,15.751317794776025,16.479991432038986,588550000
2022-05-25,16.94415283203125,17.079905368342203,15.97092425449637,15.990888366746299,781132000
2022-05-26,17.818557739257812,18.059118973315748,15.992881259502376,16.00685575522456,996575000
2022-05-27,18.776809692382812,18.84668215480725,18.06710157397695,18.15294570090489,738379000
2022-05-31,18.638065338134766,19.165105599325045,18.31665005645975,18.945504221241023,664100000
2022-06-01,18.286701202392578,19.01836870114875,18.089061133544874,18.68996812436311,544514000
2022-06-02,19.556394577026367,19.583345936482782,18.164928787379736,18.258757824402238,648656000
2022-06-03,18.68598175048828,19.29687105430401,18.488341597340362,19.047325348696557,598779000
2022-06-06,18.751861572265625,19.3018608947112,18.5302648665471,19.104220743979752,422406000
2022-06-07,18.891605377197266,18.965470299087695,18.154945715304475,18.43842998315099,388914000
2022-06-08,18.618043899536133,19.14918886431723,18.505224558437913,18.768800398425874,363252000
2022-06-09,18.019006729125977,18.902585229950912,18.012018004898287,18.45131169043326,395574000
2022-06-10,16.94673728942871,17.668575580223607,16.841904493178646,17.571731259755435,465248000
2022-06-13,15.621865272521973,16.285796991229645,15.580930768510546,15.974297907810348,604153000
2022-06-14,15.810561180114746,16.040191246565456,15.387241563186638,15.705729359064668,469680000
2022-06-15,16.500457763671875,16.840909715372316,15.900422196048005,16.06915045143413,563936000
2022-06-16,15.575940132141113,15.916392943958204,15.376261580184906,15.834523928335084,545749000
2022-06-17,15.854493141174316,15.9693081959155,15.303379735845638,15.622865436740238,630334000
2022-06-21,16.53938865661621,16.98067807199888,16.380643675300785,16.448535233491057,483089000
2022-06-22,16.333723068237305,16.63523803952557,16.15401188075244,16.199937522982893,437135000
2022-06-23,16.19894027709961,16.558360761085417,15.827537079076826,16.492466783521426,463680000
2022-06-24,17.098487854003906,17.112465303147033,16.28379871027583,16.473494023135874,472153000
2022-06-27,16.841899871826172,17.302159729097916,16.599290214543977,17.284188996018592,427968000
2022-06-28,15.956327438354492,17.17436698853459,15.91938621875453,16.872852064808622,461149000
2022-06-29,15.517033576965332,15.794586883557068,15.145631406490011,15.788596955968533,482352000
2022-06-30,15.134650230407715,15.541994845285537,14.838127375234018,15.336325419135894,686070000
2022-07-01,14.49967098236084,15.038803524181898,14.368881846227062,14.875067404670956,577610000
2022-07-05,14.939963340759277,14.946952066314836,14.032424007393097,14.152231139263709,651397000
2022-07-06,15.105695724487305,15.29439224990289,14.765242940869179,14.985888603236944,529066000
2022-07-07,15.832528114318848,15.919388265162539,15.364281576027004,15.431174346701193,492903000
2022-07-08,15.812560081481934,16.01124079035871,15.364280941862427,15.405215450126937,467972000
2022-07-11,15.127660751342773,15.502058363657559,15.013843557279245,15.501059566316355,437321000
2022-07-12,15.05777359008789,15.406212969174792,14.85310295738434,15.243474689136713,458483000
2022-07-13,15.139640808105469,15.350302309232742,14.44176424359817,14.56656344936429,521918000
2022-07-14,15.347308158874512,15.448145758029392,14.70434254342208,15.083732275086524,456235000
2022-07-15,15.736681938171387,15.75664931750774,15.420190739657972,15.633847697054403,385935000
2022-07-18,16.07514190673828,16.869863072333697,15.976301874008866,16.275819317517627,670517000
2022-07-19,16.964706420898438,17.08251690860308,16.146023887163786,16.459518688005346,702366000
2022-07-20,17.77839469909668,17.904193653189743,16.774012086751018,16.919777466324557,760538000
2022-07-21,18.02100372314453,18.114852584461335,17.51681579289386,17.856269769328147,557049000
2022-07-22,17.291175842285156,17.938133588583703,17.109467128189134,17.86425306982176,536671000
2022-07-25,16.99665069580078,17.09649042421537,16.622253142459385,16.991657662023613,480748000
2022-07-26,16.506439208984375,16.891818745719867,16.45152726669257,16.861866257846795,397865000
2022-07-27,17.76141929626465,17.907184639586514,16.885827487094517,17.004635782366,569776000
2022-07-28,17.955110549926758,18.11086009552277,17.411985687188125,17.946126134465974,474646000
2022-07-29,18.13382339477539,18.21469265324764,17.663579330275038,17.784385247533635,435460000
2022-08-01,18.411376953125,18.815727059641716,17.96110121179728,18.15279222547974,476469000
2022-08-02,18.496238708496094,18.907577522415323,18.06293587544904,18.092888368674423,489527000
2022-08-03,18.86264991760254,18.93753019924968,18.107863838709722,18.154789221455992,418146000
2022-08-04,19.184131622314453,19.243036855177056,18.729862647284317,18.818720371263073,409652000
2022-08-05,18.9585018157959,19.1981161198537,18.636020636412223,18.779788457132817,386068000
2022-08-08,17.76441764831543,18.2097022715193,17.214304052200333,17.473886632127186,981859000
2022-08-09,17.058557510375977,17.418977745827792,16.69713942952305,17.224291252645365,668263000
2022-08-10,18.067930221557617,18.08889639705217,17.289182479721063,17.6695709828763,597422000
2022-08-11,17.91318130493164,18.67695387002045,17.84728732822926,18.101878818020555,509327000
2022-08-12,18.6789493560791,18.68793567728393,17.92416312056551,18.130831369711036,478094000
2022-08-15,19.00143051147461,19.133218463446653,18.58310478628588,18.670962786172225,457666000
2022-08-16,18.848674774169922,19.11125281035759,18.471281688551823,18.88960928236418,451240000
2022-08-17,18.3055477142334,18.657981332845214,18.115854280880267,18.49324736132435,446799000
2022-08-18,18.742847442626953,18.83469872730568,18.153794950823045,18.271605449183827,415447000
2022-08-19,17.820329666137695,18.49025135099446,17.74145609340944,18.37643415192169,441588000
2022-08-22,17.00663948059082,17.529797971537494,16.93874791361986,17.461906404566534,409593000
2022-08-23,17.153398513793945,17.436942664447834,16.94273704308187,16.961707525081724,369986000
2022-08-24,17.194337844848633,17.378042316071028,16.867863413110875,16.984674160286165,522661000
2022-08-25,17.884225845336914,17.918171626071466,16.805960762250074,16.816942772656006,770691000
2022-08-26,16.23387908935547,17.895205487932916,16.210915322065308,17.828313684831375,769127000
2022-08-29,15.775618553161621,16.311755674946216,15.741673723289146,15.994267589292031,496132000
2022-08-30,15.44315242767334,16.013234313197124,15.157611610192205,15.934361699639338,530181000
2022-08-31,15.069753646850586,15.515037314685223,14.93497027531041,15.359287767857783,573710000
2022-09-01,13.914613723754883,14.356901987282448,13.248685287003793,14.186176179149008,1178865000
2022-09-02,13.625078201293945,14.14823567963121,13.569167449536392,14.077350584914733,743157000
2022-09-06,13.44337272644043,13.756868510463313,13.329555512837128,13.708945272705602,535751000
2022-09-07,13.696037292480469,13.819875427153379,13.328519264616045,13.545235047868433,512657000
2022-09-08,13.971675872802734,13.989652898597146,13.351489912462663,13.441371231733896,624873000
2022-09-09,14.368157386779785,14.455043335947318,14.107499539277185,14.1384581232082,486612000
2022-09-12,14.486002922058105,14.527947731810595,14.179404839818012,14.350181361214242,484159000
2022-09-13,13.113801956176758,13.903766352893664,13.081844277875383,13.78392363062557,714956000
2022-09-14,13.110806465148926,13.27259399594672,12.896087899117584,13.236640893849893,588507000
2022-09-15,12.912069320678711,13.215671132338676,12.773251402722765,12.997957145239825,523625000
2022-09-16,13.180716514587402,13.19469811993345,12.600477035450059,12.72531334171146,670751000
2022-09-19,13.36447525024414,13.44536950238442,12.992962670832137,12.994959906915472,569685000
2022-09-20,13.158745765686035,13.465343911425606,13.039902113440293,13.197695205969652,524818000
2022-09-21,13.243633270263672,14.012625346801554,13.092830994775037,13.195696747526322,807679000
2022-09-22,12.544548034667969,13.131778195732636,12.411722811191895,13.052881193995141,759162000
2022-09-23,12.499608993530273,12.594484849369591,12.240948352013458,12.403734995875771,663309000
2022-09-26,12.211986541748047,12.642422835414386,12.198004936367159,12.47464261841831,547343000
2022-09-27,12.39674186706543,12.719318763958155,12.241945148901097,12.49061861104703,553854000
2022-09-28,12.719322204589844,12.80620817097851,12.337822465998016,12.39374888989408,542414000
2022-09-29,12.203996658325195,12.483629696855662,11.930355327743255,12.431697751600325,532763000
2022-09-30,12.123104095458984,12.616457643964583,12.05918777299638,12.071172142984711,565638000
2022-10-03,12.495615005493164,12.661397986074181,12.089147450998603,12.330831119191432,547478000
2022-10-04,13.149755477905273,13.20268651528483,12.862132554319986,12.862132554319986,584182000
2022-10-05,13.191701889038086,13.303555685075708,12.604472555223252,12.894092749837501,507131000
2022-10-06,13.11280345916748,13.638114568042825,13.085838394985783,13.202685736539443,644157000
2022-10-07,12.060186386108398,12.653408390945094,12.006257199525558,12.48862450071268,672478000
2022-10-10,11.654715538024902,12.108120441007816,11.393058603226073,12.021234494107956,698699000
2022-10-11,11.570826530456543,11.830485290733634,11.26822291287926,11.545858700912863,667482000
2022-10-12,11.484938621520996,11.719630502652882,11.330141889388276,11.563835628802222,492590000
2022-10-13,11.94433879852295,12.062184311753931,10.79884044614339,10.95663354254968,850103000
2022-10-14,11.212296485900879,12.095138555665246,11.18932684468692,12.041209377307327,713432000
2022-10-17,11.872430801391602,11.932352643403792,11.501917332402892,11.502915474188297,580774000
2022-10-18,11.951326370239258,12.475638376699207,11.602783491739201,12.327832454158484,659362000
2022-10-19,12.035216331481934,12.33382546739314,11.81850053084603,11.86344167010799,523131000
2022-10-20,12.178030967712402,12.752277756580911,12.089146821227374,12.09713671776913,652398000
2022-10-21,12.449674606323242,12.481633241323104,11.87143332263106,12.082156494590066,609494000
2022-10-24,12.582499504089355,12.693354192196825,12.048200327410264,12.49161907984014,517457000
2022-10-25,13.243633270263672,13.282582706939756,12.647414970734918,12.677376368924335,505482000
2022-10-26,12.879112243652344,13.370467582837385,12.691358709095725,12.852148126630082,532953000
2022-10-27,13.158745765686035,13.819879536767937,13.104816577345671,13.61215172838995,583113000
2022-10-28,13.815882682800293,13.831862475965329,13.043895236732384,13.086839145065817,521040000
2022-10-31,13.479324340820312,13.819878330285551,13.2795864472885,13.759956486013305,486341000
2022-11-01,13.525262832641602,13.906762493344775,13.501294098029572,13.792911480150275,432817000
2022-11-02,13.201685905456543,14.19138809055393,13.193696962756292,13.831859953561809,672628000
2022-11-03,13.403422355651855,13.762951481566452,12.939032155387688,13.025918106836965,500065000
2022-11-04,14.137459754943848,14.21036409974022,13.679060329272222,13.967682330980322,612576000
2022-11-07,14.282271385192871,14.393126083132001,13.93572663883021,14.209367030009965,410061000
2022-11-08,14.582877159118652,14.871498236897642,14.197382040182664,14.781615950345596,595292000
2022-11-09,13.757959365844727,14.192390121308478,13.740981430455777,14.143453551229962,454414000
2022-11-10,15.72937297821045,15.752342620008893,14.527948421204893,14.780617338263776,700819000
2022-11-11,16.305614471435547,16.367533537797133,15.461721942772888,15.786296065522002,655487000
2022-11-14,16.273658752441406,16.518338717650273,15.901147120330615,16.196759933471668,527852000
2022-11-15,16.6441707611084,16.97573472460198,16.360542356241957,16.700097166882006,545876000
2022-11-16,15.889163970947266,16.340571692497278,15.85221272363111,16.140834757175984,649547000
2022-11-17,15.656469345092773,16.244698687867267,15.514655111106975,15.694419686718572,710894000
2022-11-18,15.38882064819336,15.981044462160867,15.10019861437429,15.945090404179322,492072000
2022-11-21,15.296940803527832,15.456731110524126,15.060250720781186,15.127163364237928,404739000
2022-11-22,16.016996383666992,16.03697064838447,15.10219563199428,15.307926177427646,472866000
2022-11-23,16.497365951538086,16.505356800578657,16.026984003688426,16.076917762150764,427241000
2022-11-25,16.248695373535156,16.465410273649304,16.150824128322316,16.296632854209083,167934000
2022-11-28,15.806272506713867,16.33557910048079,15.704406802903588,16.005011300506297,303741000
2022-11-29,15.618515968322754,15.911132417725737,15.499672352706904,15.806269451521853,298384000
2022-11-30,16.9051570892334,16.912149678099013,15.580554981628687,15.6804489721848,565298000
2022-12-01,17.11693572998047,17.24679783970152,16.61746285278934,16.981079427481237,470977000
2022-12-02,16.85820960998535,16.915150636132893,16.42766419266872,16.641439305658572,371389000
2022-12-05,16.592491149902344,16.977085530136808,16.454636135070988,16.66141865731802,352255000
2022-12-06,15.970149040222168,16.55553084429332,15.802325903042705,16.51257690097359,352694000
2022-12-07,16.10300636291504,16.168936767313863,15.650482915932596,15.75537271529558,372388000
2022-12-08,17.15089988708496,17.160889573039334,15.942174561334516,16.25584460322099,515456000
2022-12-09,16.98307991027832,17.564467197257134,16.957108244828135,17.141912716034206,465338000
2022-12-12,17.516517639160156,17.519514736231685,16.779296541065285,17.019043348066607,457328000
2022-12-13,18.05295181274414,18.770195420423224,17.692332261799088,18.51146764054295,656589000
2022-12-14,17.655372619628906,18.232764469083662,17.40164060757752,17.968042465025786,496888000
2022-12-15,16.934127807617188,17.30173986952119,16.68239457922902,17.127923524585228,478542000
2022-12-16,16.55353355407715,17.023039400348072,16.39270394689365,16.846225910038616,478232000
2022-12-19,16.23686408996582,16.59148937740911,16.127979749041472,16.55452963419861,354039000
2022-12-20,16.068044662475586,16.292807881891594,15.835291407365762,16.047066889019305,403260000
2022-12-21,16.483606338500977,16.60947488301715,16.085026742432447,16.097015130166447,325025000
2022-12-22,15.322830200195312,16.120988676666293,14.866312166020125,16.077034434147475,565045000
2022-12-23,15.189972877502441,15.322832113426353,14.86731337215991,15.179983189076383,349326000
2022-12-27,14.10611343383789,15.084081428997655,14.041181425633663,15.058108816249748,464902000
2022-12-28,14.02120590209961,14.246967523902235,13.869365687694097,13.912320585471353,351066000
2022-12-29,14.587608337402344,14.667523942349547,14.21200518468432,14.386820927757261,354923000
2022-12-30,14.598596572875977,14.613580152560912,14.217997644037638,14.31889101828184,310490000
2023-01-03,14.299909591674805,14.980192432307444,14.081140585137454,14.835344825073602,401277000
2023-01-04,14.733452796936035,14.837343262850888,14.225988854764774,14.551645434254098,431324000
2023-01-05,14.249963760375977,14.548648374304229,14.133086509590795,14.475725368544696,389168000
2023-01-06,14.84333610534668,14.994176946626181,14.019205996590792,14.45874173703761,405044000
2023-01-09,15.611526489257812,16.03907482336761,15.125039380250245,15.267889243337127,504231000
2023-01-10,15.892229080200195,15.945172704430046,15.455689492558554,15.490652443025239,384101000
2023-01-11,15.984131813049316,16.011103777484436,15.546593810156406,15.823302234215715,353285000
2023-01-12,16.493593215942383,16.619459833672344,15.475667427433098,16.083027207439695,551409000
2023-01-13,16.88118553161621,16.904162001817628,16.147960048723682,16.260839889557317,447287000
2023-01-17,17.6833438873291,17.709317461991862,16.88119065568685,16.88119065568685,511102000
2023-01-18,17.35868263244629,17.854158152300805,17.263781558432793,17.648375934651437,439624000
2023-01-19,16.74732780456543,17.17887355641003,16.713365152180454,17.018042058487556,452932000
2023-01-20,17.8201961517334,17.837178429750637,16.80726509622476,16.993067946601407,564967000
2023-01-23,19.17276954650879,19.2247147792948,17.799218927189443,18.044958004082773,655163000
2023-01-24,19.244693756103516,19.474452780290186,18.80016309844602,18.807155689842816,496204000
2023-01-25,19.302631378173828,19.349582719059857,18.560414551747876,18.893063715882672,449537000
2023-01-26,19.781126022338867,20.14474263652142,19.25767822252368,19.680232657858443,489535000
2023-01-27,20.343530654907227,20.606253883767415,19.384543617188243,19.441482734234384,542142000
2023-01-30,19.141801834106445,20.118769651142287,19.12981344690093,19.92897130354372,488611000
2023-01-31,19.516407012939453,19.66624851924581,18.930025867048208,19.14979328260832,498017000
2023-02-01,20.920923233032227,21.169659387182808,19.590326660737446,19.670242250628736,660477000
2023-02-02,21.686111450195312,21.925858185295397,20.67817638476242,20.977859327303104,564276000
2023-02-03,21.077756881713867,21.72207738368297,20.76708391302964,20.9778619200745,429366000
2023-02-06,21.0667724609375,21.547264471015012,20.764090426847382,20.784069803716758,452197000
2023-02-07,22.149627685546875,22.235537474634327,21.12770531761483,21.3594611160502,664150000
2023-02-08,22.181591033935547,22.853881881192613,21.98479821168747,22.363398373809797,559651000
2023-02-09,22.313457489013672,22.995738195263232,22.09668714435072,22.582174978590846,523876000
2023-02-10,21.242582321166992,22.05472500108008,20.789062350237074,21.667135439240298,550737000
2023-02-13,21.76502799987793,22.02475409836545,20.939898676889246,21.5152915865635,474919000
2023-02-14,22.94678497314453,23.024701862590533,21.343475492983863,21.55525189893666,675474000
2023-02-15,22.740001678466797,22.830905348150583,22.082696315415404,22.525228183306545,420575000
2023-02-16,21.978809356689453,22.5262301612366,21.90388764913277,22.109669887606003,412026000
2023-02-17,21.365455627441406,21.717083871627388,20.952890859592024,21.608199514245356,465888000
2023-02-21,20.63322639465332,21.47134072519899,20.596264744241374,20.977862013234812,410015000
2023-02-22,20.73212242126465,21.081753858938534,20.399473261638228,20.685172986353002,513184000
2023-02-23,23.63905143737793,23.862816211883125,23.000725173511558,23.415288568210517,1117995000
2023-02-24,23.26145362854004,23.449257089535415,22.922812171124363,23.200519010604086,589716000
2023-02-27,23.476226806640625,23.854827009250346,23.429277371082858,23.645049286961875,452994000
2023-02-28,23.191530227661133,23.79988950766087,23.181540538896495,23.347365942780517,455963000
2023-03-01,22.674072265625,23.23148459935281,22.484272025585433,23.167550984389926,460026000
2023-03-02,23.2894229888916,23.355353400499368,22.40835276964801,22.464295399339527,389415000
2023-03-03,23.86481475830078,23.874804445027564,23.105615715106577,23.29541595223961,412393000
2023-03-06,23.529170989990234,24.222437736222577,23.462240277861365,23.865815628810815,437429000
2023-03-07,23.26740264892578,24.10366224367853,23.220443334628193,23.579126969767078,515154000
2023-03-08,24.15961265563965,24.178596857110083,23.403282221510484,23.46622622618509,513573000
2023-03-09,23.415271759033203,24.432370990770355,23.36231723479036,24.153616530475606,501257000
2023-03-10,22.944684982299805,23.606100023101337,22.705896084995054,23.388292457422022,474866000
2023-03-13,22.9456844329834,23.277391485551078,22.27727749488012,22.731874936608868,421890000
2023-03-14,24.041715621948242,24.197577774691457,23.439248344671885,23.475217706481274,474910000
2023-03-15,24.206573486328125,24.26452084975583,23.339341111840906,23.73998553895474,524486000
2023-03-16,25.518409729003906,25.565367136764166,23.872865210794142,24.00574890060099,583253000
2023-03-17,25.702247619628906,26.375651279421106,25.645296921004547,25.95902028263856,848547000
2023-03-20,25.877092361450195,26.000983238469185,25.107772930663263,25.59234458217973,432747000
2023-03-21,26.175830841064453,26.36866095810992,25.358555335995277,26.15684854280883,547408000
2023-03-22,26.44458770751953,27.56459639821907,26.213791142891207,26.401624569988297,797295000
2023-03-23,27.166950225830078,27.474678371614985,26.66639389662088,27.091017232493737,564889000
2023-03-24,26.755311965942383,27.142969248408896,26.3316872285577,27.007089867354004,454920000
2023-03-27,26.507537841796875,26.97612295141189,26.34168427554185,26.813266991321488,361026000
2023-03-28,26.386638641357422,26.48954817207098,25.82713452804624,26.423606568217767,356104000
2023-03-29,26.960132598876953,27.054049321086534,26.57347575940691,26.801274739572264,393694000
2023-03-30,27.358781814575195,27.47468035198424,27.07803019459777,27.204918683423134,364516000
2023-03-31,27.75243377685547,27.809382571922825,27.081027225666862,27.115996118368173,433933000
2023-04-03,27.940263748168945,27.975232636511667,27.311820418959282,27.484667727431294,398716000
2023-04-04,27.4287166595459,27.97523371673916,27.282845889494656,27.941263393705515,368592000
2023-04-05,26.85722541809082,26.97412061023067,26.371655203421952,26.80527136414144,515015000
2023-04-06,27.013086318969727,27.056047553520614,26.403625256641565,26.560485977879456,397654000
2023-04-10,27.554609298706055,27.596571970496065,26.645414265265643,26.79927739516235,395279000
2023-04-11,27.144968032836914,27.76541901115848,27.1020048950003,27.699477407319026,314378000
2023-04-12,26.4715633392334,27.44370219574786,26.424604031245995,27.345789313498337,446259000
2023-04-13,26.439594268798828,26.863219050562652,26.305713912619126,26.710354492654048,353615000
2023-04-14,26.734333038330078,26.859222480822282,26.196808771126577,26.48055798084649,395660000
2023-04-17,26.978116989135742,26.98211316139373,26.409620037298097,26.541503250119483,321471000
2023-04-18,27.642528533935547,28.08513749604695,27.332803260522113,27.508648184223265,604812000
2023-04-19,27.906293869018555,27.97523308017652,27.207912752047683,27.336798357649375,358660000
2023-04-20,27.080026626586914,28.00520817494305,26.976118523026464,27.64652455149464,427713000
2023-04-21,27.09501075744629,27.158955227215888,26.6983625730689,26.928158664013214,345103000
2023-04-24,27.018083572387695,27.341796428628392,26.64741139924113,26.989109891102213,339282000
2023-04-25,26.21779441833496,27.222905335174318,26.20180972570906,27.054054156094942,378527000
2023-04-26,26.932157516479492,27.305827272348722,26.68138006807285,26.978118263771744,406337000
2023-04-27,27.20191764831543,27.470680716229086,26.601449417885966,27.338797504535222,377161000
2023-04-28,27.724458694458008,27.73344960649909,27.047056930698307,27.20092196442208,292216000
2023-05-01,28.884429931640625,29.03229974718171,27.755430216862095,27.81537661530885,570329000
2023-05-02,28.185047149658203,28.81049480525915,28.05816057967745,28.65463265110566,402730000
2023-05-03,27.777408599853516,28.341909379215185,27.44770056792737,27.815375094782077,383387000
2023-05-04,27.537620544433594,27.834356814204146,27.21590486366876,27.626540615871196,321850000
2023-05-05,28.654632568359375,28.72956508673925,27.7064725625765,27.801387848122303,361494000
2023-05-08,29.125213623046875,29.194152833187378,28.324923456766907,28.496770293145723,344979000
2023-05-09,28.545726776123047,28.94737161540953,28.42483542221699,28.873437666396427,314869000
2023-05-10,28.859451293945312,29.087250267045963,28.435826537614037,28.97934408614239,369350000
2023-05-11,28.552719116210938,28.924391692794167,28.221013976145482,28.870438607270344,322149000
2023-05-12,28.314931869506836,28.754543198981384,28.02119130356018,28.503763865404448,274222000
2023-05-15,28.927392959594727,28.943379556146176,28.127102678492278,28.48278682439075,293926000
2023-05-16,29.187158584594727,29.8435789202714,28.806496990692356,28.81548790146732,449405000
2023-05-17,30.151309967041016,30.172291303095026,29.40397230888541,29.557835439948157,432535000
2023-05-18,31.649980545043945,31.799847490043984,30.293181883981152,30.383102432113493,748725000
2023-05-19,31.23634910583496,31.55206961057156,30.888657314495276,31.508107900453748,473908000
2023-05-22,31.148427963256836,31.492123586083498,30.652866345174697,30.8736696538163,372000000
2023-05-23,30.660856246948242,31.260325929202107,30.603907456096916,30.972580557946717,356253000
2023-05-24,30.510990142822266,30.579929358273947,29.77963722467679,30.183279227752074,721419000
2023-05-25,37.946407318115234,39.44508061098546,36.60259571255149,38.488926318360186,1543911000
2023-05-26,38.911556243896484,39.13535716800428,37.516790924073234,37.8564903887327,714397000
2023-05-30,40.075523376464844,41.90090712766281,39.91366790954096,40.559096455146374,923401000
2023-05-31,37.800533294677734,40.25935493570893,37.78854287268503,39.453069566174214,1002580000
2023-06-01,39.73482894897461,40.01458010495206,38.30609329724924,38.45495978773049,635873000
2023-06-02,39.292213439941406,40.46417621230153,39.02345037446548,40.061532803064914,482731000
2023-06-05,39.1363525390625,39.53000121935848,38.67276227118168,38.87458325572637,396094000
2023-06-06,38.619815826416016,39.12536886577813,38.114262787053896,38.79566268178252,388729000
2023-06-07,37.44572448730469,39.46814549212033,37.32681796379226,38.88460205575025,511998000
2023-06-08,38.47991943359375,38.833643027365426,37.47570715034152,37.694534053593046,417772000
2023-06-09,38.73971939086914,39.679982507586125,38.53687882707075,39.0065091445359,427717000
2023-06-12,39.45115661621094,39.49911945587758,38.58783312564601,39.16937922135142,388701000
2023-06-13,40.989959716796875,41.06890039349555,39.70896332197463,40.154614126267326,613208000
2023-06-14,42.96341323852539,42.966409248322705,40.52031971750945,40.79211040782438,740465000
2023-06-15,42.619686126708984,43.2551909701653,42.11408081517457,42.56872727104233,568622000
2023-06-16,42.65864944458008,43.68684489706271,42.627671619358104,43.41605669949975,655709000
2023-06-20,43.773780822753906,43.95564168389906,42.64066770306491,42.96441594228362,451153000
2023-06-21,43.01137924194336,43.58093756834967,42.04713658375585,43.46702437838124,551603000
2023-06-22,42.99139404296875,43.392077979853475,42.201011539171446,42.21999389255843,417737000
2023-06-23,42.176029205322266,42.77555900672088,41.98218049927132,42.43083108618956,358140000
2023-06-26,40.600257873535156,42.7305923048299,40.06867198268561,42.42782760853359,594322000
2023-06-27,41.843284606933594,41.90723378479605,40.41640261431228,40.76712632853293,462175000
2023-06-28,41.08488082885742,41.81231277067348,40.4863497310759,40.628237095961644,582639000
2023-06-29,40.79011535644531,41.567507592478876,40.568288623316235,41.5255405787365,380514000
2023-06-30,42.26895523071289,42.51676261089797,41.468582218513255,41.647443251980995,501148000
2023-07-03,42.379859924316406,42.86448159225988,42.169026247288805,42.48377875814638,198209000
2023-07-05,42.2839469909668,43.143272032107916,42.0521259526018,42.102086134617814,323618000
2023-07-06,42.07011795043945,42.146058807449926,41.31370920237291,41.81132135922697,303582000
2023-07-07,42.46979904174805,43.18024602401447,42.14705329030634,42.288940665727566,355881000
2023-07-10,42.147056579589844,42.77756426984942,41.616469261927726,42.623685218893456,353908000
2023-07-11,42.37187576293945,42.724600671080424,42.03414233997435,42.44781661195004,298244000
2023-07-12,43.867706298828125,43.90068146612332,42.74358509464824,42.99938563817074,481277000
2023-07-13,45.94108581542969,46.118944360019775,44.45724522752528,44.48322589317595,478204000
2023-07-14,45.43349075317383,48.050444811535804,45.02480978329466,46.546619140200846,772075000
2023-07-17,46.424713134765625,46.45968564777863,45.22665203775024,46.25285039179776,510488000
2023-07-18,47.456905364990234,47.858591818877,45.698281650417556,46.664525451589654,569164000
2023-07-19,47.040225982666016,47.780648286916495,46.705488579051746,47.4269247186503,427502000
2023-07-20,45.484439849853516,47.05021703797439,45.02679746035021,46.47066830923723,537865000
2023-07-21,44.27438735961914,45.83017417101583,44.06555098011311,45.7522321711593,963769000
2023-07-24,44.577152252197266,45.07376568294936,44.005600454709025,44.6960587806985,382516000
2023-07-25,45.6433219909668,46.14692613209552,44.88791196755602,44.90589946333249,348081000
2023-07-26,45.4164924621582,46.01702469777884,44.59513601307883,45.9850482020561,364237000
2023-07-27,45.86415481567383,47.35798619218416,45.71427043709448,46.48267087434162,455976000
2023-07-28,46.7134895324707,46.99027362998194,46.34477822974176,46.63155284037136,331194000
2023-07-31,46.6924934387207,47.09318113651824,46.46966808257679,46.71747543236002,251055000
2023-08-01,46.470680236816406,46.8633748778781,45.99105555116221,46.423716057239794,237858000
2023-08-02,44.23442459106445,45.80419670368741,43.353113509905164,45.79520486142881,530142000
2023-08-03,44.48023223876953,45.08276192345427,43.76579051634056,43.76579051634056,324176000
2023-08-04,44.64509963989258,45.60634618505477,44.35832507301121,44.94986170170467,362666000
2023-08-07,45.38153076171875,45.50443580088547,44.52819761374418,45.07576998074253,322154000
2023-08-08,44.629119873046875,45.20666758358326,44.02159299987499,44.817971444919216,353843000
2023-08-09,42.5207633972168,44.27738970488,42.10108946258739,44.23941737277786,586449000
2023-08-10,42.35489273071289,43.53996721168232,41.80232325660613,42.12707017302428,492705000
2023-08-11,40.823089599609375,41.985183246912044,40.607258703595875,41.71838968414298,533085000
2023-08-14,43.71881866455078,43.76578283263548,40.27951001276461,40.45437254104037,690286000
2023-08-15,43.90568161010742,45.2326473732039,43.67586169687328,44.52520013627042,676512000
2023-08-16,43.452030181884766,44.640100549597996,43.372090845714155,44.48522285041412,527451000
2023-08-17,43.31013870239258,44.0275762613196,42.967404358099586,43.9356490828273,452395000
2023-08-18,43.265174865722656,43.543956241722725,41.627455303744846,42.60169211486707,583768000
2023-08-21,46.93031311035156,47.028236135596124,44.187458298338946,44.45924519865085,692573000
2023-08-22,45.632328033447266,48.14936145105243,45.29759061646536,48.09740011660735,755293000
2023-08-23,47.07920837402344,47.163142412730515,45.172697380646554,45.83018449557039,779046000
2023-08-24,47.126163482666016,50.22674065271713,47.122168802250776,50.176780465500904,1156044000
2023-08-25,45.982051849365234,47.767654577471944,44.98882507843675,46.975274808576536,925341000
2023-08-28,46.79841995239258,46.943307161709576,44.85294200358458,46.445695012544455,685192000
2023-08-29,48.74589538574219,49.04266428440614,46.35476299443785,46.62954971759292,701397000
2023-08-30,49.22551727294922,49.88799757012422,48.38717195801793,49.005687906612565,735206000
2023-08-31,49.31644821166992,49.705144301675666,48.91975894986802,49.34143020878583,528570000
2023-09-01,48.471107482910156,49.76109942188399,48.10439357486219,49.72313090360501,463830000
2023-09-05,48.51008224487305,48.81284699146263,47.82261987711322,48.18533532160486,382653000
2023-09-06,47.02811813354492,48.515077394105326,46.54745522657099,48.40715496062999,468670000
2023-09-07,46.20868682861328,46.31161549020898,45.120447146044796,45.49318758272593,433330000
2023-09-08,45.54015350341797,46.57343135473317,45.239365149462806,45.909897697113266,473069000
2023-09-11,45.14642333984375,46.13073165236794,44.28102751943213,46.11574274684167,473966000
2023-09-12,44.838645935058594,45.64108624011381,44.49988211053749,44.70673820080512,349256000
2023-09-13,45.45322036743164,45.897909142211645,44.471904231366715,44.568836579722586,398355000
2023-09-14,45.54914855957031,45.95486307158811,45.099462264257156,45.91789017811765,370097000
2023-09-15,43.86932373046875,45.567133950218214,43.77738515441512,45.309314822834715,506831000
2023-09-18,43.935272216796875,44.211080299105845,41.97064663049677,42.7181249588287,500271000
2023-09-19,43.489585876464844,43.93527332902396,42.97194633294254,43.802366857424914,373064000
2023-09-20,42.20948791503906,43.872326816521394,42.193500252380844,43.56953710623469,367108000
2023-09-21,40.988338470458984,42.07058192849427,40.95136557382746,41.55394487986268,450736000
2023-09-22,41.5809211730957,42.08556931771517,41.20218442357063,41.54294571690647,479236000
2023-09-25,42.19249725341797,42.50627702068914,41.14822547100166,41.561937649909076,419091000
2023-09-26,41.8817138671875,42.79007909728291,41.625892229485075,41.97165113191076,402282000
2023-09-27,42.43832778930664,42.842048671557556,41.599917076129024,42.30042752855497,444935000
2023-09-28,43.05888748168945,43.41563643301945,42.085569148140415,42.430325448929366,424663000
2023-09-29,43.46860885620117,44.11315866784139,43.276741660093485,43.796378806191775,397830000
2023-10-02,44.75070571899414,45.14342881532186,43.83034792394179,43.9992285379224,433298000
2023-10-03,43.4865837097168,45.09845913874494,43.215773206538074,44.776681779419775,470850000
2023-10-04,44.01022720336914,44.11215712134903,43.26175000991843,43.71143633979229,361821000
2023-10-05,44.65676498413086,44.8686186057068,43.85732490767925,44.01921042720179,393483000
2023-10-06,45.73002243041992,45.75700398969615,43.99523549081201,44.16211860779347,434436000
2023-10-09,45.241363525390625,45.573132266606365,44.33699712951298,44.810664938003,409675000
2023-10-10,45.76599884033203,46.22667525132618,45.05649586993077,45.27834086872442,368582000
2023-10-11,46.77328872680664,46.82625308984122,46.01781654956794,46.16371442393257,378137000
2023-10-12,46.912193298339844,47.575730741552675,46.297625211200135,46.74431143305413,481325000
2023-10-13,45.42923355102539,47.0830797443062,45.24836026520754,46.92718670300792,474115000
2023-10-16,46.06279373168945,46.19270015345539,44.88061784699003,45.03151331618372,375099000
2023-10-17,43.90730285644531,44.722734656513275,42.450321291409665,43.96925981519668,812333000
2023-10-18,42.16651153564453,43.18879926057118,41.79577241593963,42.5612359572998,627294000
2023-10-19,42.07158660888672,43.26675013363428,41.85273785103801,42.781089631153165,501233000
2023-10-20,41.35807800292969,42.44032133844881,41.0492920242925,41.860724837875836,477266000
2023-10-23,42.94497299194336,43.21778487682209,40.91639251850647,41.200194491752654,478530000
2023-10-24,43.63249206542969,43.666468707017636,42.661174865100485,43.046902951307125,401463000
2023-10-25,41.74980163574219,43.619496263453854,41.52595915637694,43.367669662136635,398379000
2023-10-26,40.297821044921875,42.22647269652664,39.852133556535904,41.8237544285133,541001000
2023-10-27,40.47169876098633,41.177206691835266,39.987037067133414,41.1012595868594,416784000
2023-10-30,41.132240295410156,41.73681712722262,40.45271510334961,41.05829449956598,388028000
2023-10-31,40.751502990722656,40.85043664876845,39.20258684468398,40.42173556666503,517969000
2023-11-01,42.29542922973633,42.35138985981638,40.840445223590976,40.8554341335007,437593000
2023-11-02,43.4755973815918,43.853331578454224,42.864025551225126,43.29772036984495,409172000
2023-11-03,44.97355651855469,45.27734115862164,43.692450744970955,43.989244118396975,424610000
2023-11-06,45.719032287597656,45.90290564428218,44.86762640814462,45.25335828782106,400733000
2023-11-07,45.92289352416992,46.18570644456995,45.12644949582393,45.68705835405159,343165000
2023-11-08,46.54145812988281,46.834252666745705,45.93587876150922,46.067786497149605,346719000
2023-11-09,46.91719055175781,48.19629482563236,46.71732955595706,47.43382754729244,540496000
2023-11-10,48.30121994018555,48.43812523395567,47.249956995666594,47.46680439879944,421245000
2023-11-13,48.586021423339844,49.081676995363466,48.06538560948801,48.28623183718149,384136000
2023-11-14,49.62130355834961,49.79918059248535,49.005736641538505,49.64528886328257,416954000
2023-11-15,48.85383987426758,49.92508940872805,48.1663208904743,49.90010916476034,475497000
2023-11-16,49.445430755615234,49.49040129899944,48.296236480687845,48.64499167888518,339756000
2023-11-17,49.263553619384766,49.68225956451404,48.972756588136555,49.48939362933796,325205000
2023-11-20,50.373779296875,50.512682115669016,49.14663666812377,49.27754565599921,414120000
2023-11-21,49.90909957885742,50.48169721701578,49.187603987551,50.090971605091276,565747000
2023-11-22,48.68195724487305,50.29982538193606,47.6566732297451,49.81716500278888,899420000
2023-11-24,47.74261474609375,48.886815068886136,47.711634365879085,48.43613001762004,294645000
2023-11-27,48.20829391479492,48.49609089003982,47.61870599505968,47.76660139816942,395662000
2023-11-28,47.78758239746094,48.289234319970646,47.439826002688484,48.202293315261734,401491000
2023-11-29,48.106361389160156,48.727928411184934,47.826558260033494,48.345196613263326,382005000
2023-11-30,46.73732376098633,48.076387698516726,46.389567324354005,47.990445435742124,526247000
2023-12-01,46.73232650756836,47.16702396235708,46.1547312180282,46.49249632095064,369317000
2023-12-04,45.47819137573242,46.044796441168046,44.978540825820026,46.044796441168046,437543000
2023-12-05,46.53755569458008,46.571531508809755,45.243344800588865,45.43822537417424,371718000
2023-12-06,45.475196838378906,47.35804843216662,45.38425283422849,47.18615263660435,380590000
2023-12-07,46.56753158569336,46.600512368918565,45.57613709541874,45.67207911260122,350823000
2023-12-08,47.47697830200195,47.71183534651791,46.52156105756746,46.566535548739374,359224000
2023-12-11,46.59851837158203,47.50196552269277,45.80200812005124,47.46199285274284,509728000
2023-12-12,47.627891540527344,47.6368849146668,46.017875514105,46.017875514105,372387000
2023-12-13,48.058624267578125,48.56431567041087,47.5789179572985,47.59990503689136,447792000
2023-12-14,48.320457458496094,48.64026163902283,47.393026859915174,48.360433934153576,391232000
2023-12-15,48.860130310058594,49.373816223552424,48.09060027989247,48.164556381448534,479948000
2023-12-18,50.04640579223633,50.4021872923408,49.1199739909024,49.369821256751614,412587000
2023-12-19,49.573692321777344,49.66963433728467,48.86512588284418,49.39380199579273,464444000
2023-12-20,48.081607818603516,49.9684548790202,48.0686152726536,49.624663268494515,397894000
2023-12-21,48.9600715637207,49.06500695718709,48.389417453965386,48.781180068606574,300425000
2023-12-22,48.8001708984375,49.352830653569725,48.43738988482299,49.16494577989552,252507000
2023-12-26,49.24889373779297,49.56969677808233,48.930088377699356,48.93808291084912,244200000
2023-12-27,49.386810302734375,49.64965012045702,49.05501239405432,49.48075464580007,233648000
2023-12-28,49.49175262451172,49.85353103645047,49.38181919963959,49.612680916818,246587000
2023-12-29,49.49175262451172,49.966464794426166,48.721223622528726,49.78257525535323,389293000
