Price,Close,High,Low,Open,Volume
Ticker,AAPL,AAPL,AAPL,AAPL,AAPL
Date,,,,,
2014-01-02,17.140668869018555,17.261524304035053,17.1062720875793,17.219690112290372,234684800
2014-01-03,16.7641544342041,17.158327131767653,16.747109960318376,17.13229785851057,392467600
2014-01-06,16.855571746826172,16.944507866306182,16.53546030242972,16.65476666937577,412610800
2014-01-07,16.735031127929688,16.918482291238522,16.66933565590281,16.867661640417246,317209200
2014-01-08,16.841005325317383,16.90608016083291,16.693190569616743,16.69690761853635,258529600
2014-01-09,16.625946044921875,16.94636694683437,16.589689092258308,16.944506767229026,279148800
2014-01-10,16.5150089263916,16.758578287868534,16.45829992187067,16.72851917244468,304976000
2014-01-13,16.601463317871094,16.811254805576336,16.420180236801833,16.421110326464518,378492800
2014-01-14,16.93180274963379,16.942338250531037,16.661272402528937,16.67862635515359,332561600
2014-01-15,17.27174186706543,17.359749524261954,17.095107596265763,17.152746670409964,391638800
2014-01-16,17.175373077392578,17.255943350016796,17.095731239632833,17.19551564554863,229278000
2014-01-17,16.75454330444336,17.107811826935624,16.730682039769448,17.08952944443786,426739600
2014-01-21,17.014850616455078,17.04583815980695,16.746799429656505,16.764462858955508,328526800
2014-01-22,17.090463638305664,17.269575423022378,16.975806080053488,17.071870118192457,379985200
2014-01-23,17.235185623168945,17.24510217124028,16.88284696307366,17.04181790067182,403239200
2014-01-24,16.921886444091797,17.217825457841826,16.880980698042105,17.167623778808316,429354800
2014-01-27,17.059167861938477,17.192418975899475,16.911973672872886,17.04584374352102,554878800
2014-01-28,15.695671081542969,15.959071827177636,15.558390170428595,15.765704189228552,1065523200
2014-01-29,15.517486572265625,15.722630939857495,15.451481644648252,15.616650357785904,502810000
2014-01-30,15.4874267578125,15.695670863434858,15.391983335613128,15.57295529137813,678501600
2014-01-31,15.512838363647461,15.54165790713428,15.29436987297284,15.344881029901815,464797200
2014-02-03,15.541657447814941,15.73378718039417,15.472554427100121,15.575125784251677,401464000
2014-02-04,15.766633033752441,15.787396211479097,15.57977270903229,15.675527268261256,376681200
2014-02-05,15.88438606262207,15.967744919419342,15.687918725056674,15.697525788204805,328344800
2014-02-06,15.976974487304688,16.00783784656534,15.83045594187944,15.900598578032783,257765200
2014-02-07,16.200490951538086,16.30180660868762,16.128791664859886,16.25348708987321,370280400
2014-02-10,16.49072265625,16.584245066497818,16.14812070253428,16.168695166625184,345559200
2014-02-11,16.708005905151367,16.763805687757472,16.506619901344237,16.541224224099576,282256800
2014-02-12,16.706762313842773,16.820236557040584,16.623217447533474,16.738872671079726,308100800
2014-02-13,16.9720458984375,16.985138433426723,16.653135120869997,16.667474643232943,307398000
2014-02-14,16.958328247070312,17.020366288329832,16.871666782301464,16.910944389294848,272924400
2014-02-18,17.02069091796875,17.18279441696208,17.00884369561583,17.021002248854078,260251600
2014-02-19,16.75196075439453,17.048737160109056,16.65781568269876,16.98202415225871,313768000
2014-02-20,16.558063507080078,16.740431764671914,16.49103914759047,16.615423292898935,305858000
2014-02-21,16.374134063720703,16.66467557099066,16.353870927536107,16.609185444539865,278784800
2014-02-24,16.445831298828125,16.519714902846104,16.28591053927269,16.30866764827539,288909600
2014-02-25,16.27468490600586,16.508800560807728,16.24164057040515,16.502878618963123,231952000
2014-02-26,16.127857208251953,16.366338183638398,16.073302747639826,16.323006611789282,276217200
2014-02-27,16.449573516845703,16.48417617554246,16.08733109578913,16.121311093094782,301882000
2014-02-28,16.404998779296875,16.60794148858977,16.276560686061522,16.493531593493024,371968800
2014-03-03,16.452383041381836,16.542475841268228,16.298071193374476,16.317087343729327,238781200
2014-03-04,16.56085968017578,16.60450423815078,16.452686439288208,16.553379420821148,259140000
2014-03-05,16.595779418945312,16.67028401919585,16.495086412582264,16.550889527399754,200062800
2014-03-06,16.545589447021484,16.660621985269117,16.462978590104132,16.609184157068423,185488800
2014-03-07,16.535924911499023,16.58393310245774,16.399070933658916,16.55618804411653,220729600
2014-03-10,16.550888061523438,16.62601698139411,16.470458195837313,16.471082522056154,178584000
2014-03-11,16.71205711364746,16.79466796544885,16.60294819015581,16.692106975857538,279224400
2014-03-12,16.728269577026367,16.751338018656057,16.584557980499596,16.66280521549915,199326400
2014-03-13,16.542476654052734,16.82335363283877,16.496026766032426,16.754148294300123,257742800
2014-03-14,16.356678009033203,16.549956130945258,16.30399318865017,16.484490101332312,237199200
2014-03-17,16.42057991027832,16.521271240107875,16.392834853869434,16.45050761108877,199544800
2014-03-18,16.565855026245117,16.58362418799424,16.372576892095463,16.394398348391327,209647200
2014-03-19,16.561491012573242,16.716736843729212,16.491037028757415,16.59266571002944,224756000
2014-03-20,16.481685638427734,16.605447107641115,16.439601045038494,16.51878228016755,208398400
2014-03-21,16.611677169799805,16.63911089856623,16.407800512603597,16.582373791961604,374046400
2014-03-24,16.808700561523438,16.849538165588214,16.6799511451126,16.784696461258203,355700800
2014-03-25,16.989511489868164,17.013204263123743,16.8211714306881,16.880715527061216,282293200
2014-03-26,16.827083587646484,17.114508314209324,16.798404546516213,17.037196771601263,299768000
2014-03-27,16.75477409362793,16.880718243700127,16.68182777732858,16.8345796778299,222031600
2014-03-28,16.736064910888672,16.800906619002124,16.654701028761355,16.781579138336372,200564000
2014-03-31,16.732332229614258,16.85921038936992,16.70707946514846,16.809955178615663,168669200
2014-04-01,16.885387420654297,16.89224668620878,16.73325823392948,16.764119934313804,200760000
2014-04-02,16.913440704345703,16.9424327500739,16.842052744728193,16.908141423218286,180420800
2014-04-03,16.796232223510742,16.911887445468217,16.760382567634508,16.877284777575603,162344000
2014-04-04,16.578947067260742,16.83395026369861,16.54029210754426,16.828028319874356,275251200
2014-04-07,16.31863784790039,16.55026117438066,16.2693843438997,16.46047974826366,289850400
2014-04-08,16.317707061767578,16.401253567423893,16.169941526126784,16.372261521481143,243888400
2014-04-09,16.532180786132812,16.537480066289213,16.27343673139613,16.29276420338346,206169600
2014-04-10,16.318954467773438,16.592038104030046,16.309289897254747,16.54340558561118,239652000
2014-04-11,16.198314666748047,16.298694696112655,16.1213144120234,16.179296852483837,271717600
2014-04-14,16.262840270996094,16.27780245664329,16.12349232657808,16.269697870048148,205674000
2014-04-15,16.146879196166992,16.261598770848096,15.940195498387249,16.218891509800876,266490000
2014-04-16,16.179609298706055,16.244451002899066,16.027791439470256,16.149681589907594,214765600
2014-04-17,16.364471435546875,16.452383256283483,16.18553282140875,16.21047258117381,284334400
2014-04-21,16.558679580688477,16.588916944947737,16.333913841132183,16.376934075272658,182548800
2014-04-22,16.57520294189453,16.579255235139115,16.41309789315222,16.469521997651906,202563200
2014-04-23,16.358549118041992,16.557439535454563,16.349195875908244,16.492909157187558,394940000
2014-04-24,17.69965171813965,17.769170039799157,17.480186858491265,17.713368584030842,759911600
2014-04-25,17.829641342163086,17.831197995244242,17.580873195967907,17.598640684397957,390275200
2014-04-28,18.520151138305664,18.57190029923248,17.84866236378932,17.85645728614107,669485600
2014-04-29,18.46527862548828,18.579064149288527,18.377368507510017,18.509234516912294,337377600
2014-04-30,18.39545249938965,18.68661829761012,18.386412254865512,18.474946715879238,456640800
2014-05-01,18.438783645629883,18.542280282292356,18.279172569351733,18.45499281887119,244048000
2014-05-02,18.473072052001953,18.523575876663045,18.38360361509863,18.465591792097477,191514400
2014-05-05,18.734312057495117,18.73556070995785,18.392645781422864,18.397011070432573,287067200
2014-05-06,18.530128479003906,18.84186712681431,18.530128479003906,18.760503248167925,374564400
2014-05-07,18.46527862548828,18.619901739650604,18.321878398383348,18.556307044528477,282864400
2014-05-08,18.4323673248291,18.633622521498012,18.382523967134137,18.440517179231193,230297200
2014-05-09,18.355566024780273,18.377822428129697,18.192240788947846,18.32421720932082,291597600
2014-05-12,18.584095001220703,18.61011326459921,18.413873848848922,18.416696498102908,213208800
2014-05-13,18.613245010375977,18.637696248372837,18.517321824325435,18.558072771540882,159737200
2014-05-14,18.616697311401367,18.72735655372146,18.54992641725249,18.571556684594555,166404000
2014-05-15,18.458385467529297,18.70227337472336,18.433934230308807,18.642713140874942,230846000
2014-05-16,18.73080062866211,18.73142676782233,18.35117446482239,18.452428198539515,276256400
2014-05-19,18.9527530670166,19.03864633694949,18.725164781119577,18.741466170250003,317755200
2014-05-20,18.956512451171875,19.009489866217308,18.831746654216815,18.950242686940264,234836000
2014-05-21,19.006668090820312,19.018892874930373,18.8734393733875,18.928924691790073,196859600
2014-05-22,19.036754608154297,19.11763369789149,18.937382650993445,19.015752161854294,200760000
2014-05-23,19.251806259155273,19.270615547401217,19.01168020547344,19.036131443108687,232209600
2014-05-27,19.612308502197266,19.619517473150268,19.298827086715217,19.306663870976948,348866000
2014-05-28,19.5615291595459,19.743975101048687,19.55431851261992,19.624538193143803,315481600
2014-05-29,19.917951583862305,19.96466089432377,19.679392570066735,19.681900474979685,376474000
2014-05-30,19.843341827392578,20.193499224480576,19.714814225436868,19.99945470630735,564020800
2014-06-02,19.706987380981445,19.900718927322455,19.514196717900113,19.873446706147746,369350800
2014-06-03,19.985671997070312,20.02329058705515,19.69444852815832,19.701031362863276,292709200
2014-06-04,20.21388053894043,20.310120148022126,19.94083863088193,19.982532137441392,335482000
2014-06-05,20.293197631835938,20.356521423649784,20.14460838113146,20.25714773734758,303805600
2014-06-06,20.237390518188477,20.415763184431352,20.202909332631915,20.37312879564793,349938400
2014-06-09,20.561216354370117,20.60071502394442,20.13331549578934,20.3417796732171,301660000
2014-06-10,20.681907653808594,20.85745767226186,20.532690640374035,20.787237999714364,251108000
2014-06-11,20.59633445739746,20.793827876517742,20.510754254806944,20.655581646048738,182724000
2014-06-12,20.251811981201172,20.653381518963936,20.166231807470623,20.63582618225791,218996000
2014-06-13,20.03017807006836,20.284725399436336,19.942403071177026,20.232059395600224,218100000
2014-06-16,20.232067108154297,20.352757986908887,20.06748955030867,20.08065689337158,142244000
2014-06-17,20.205730438232422,20.34178011201388,20.14428843405124,20.256199938451655,118904000
2014-06-18,20.227680206298828,20.25181838335809,20.04554729727698,20.24742871070936,134056000
2014-06-19,20.157455444335938,20.254008128301912,20.04334742252721,20.251813292529278,142112000
2014-06-20,19.94899559020996,20.308871723464147,19.946800753959643,20.15526499516278,403592000
2014-06-23,19.931434631347656,20.1047898145373,19.88096345683156,20.03895813893701,174776000
2014-06-24,19.810745239257812,20.13112262409524,19.79099673962861,19.913880757328123,156144000
2014-06-25,19.82829475402832,19.902902407386538,19.672494941866727,19.795378923477294,147476000
2014-06-26,19.946800231933594,19.979716078148844,19.705420149970905,19.830499026253264,130516000
2014-06-27,20.183786392211914,20.188174389140414,19.918266538390373,19.929239041965115,256116000
2014-06-30,20.392250061035156,20.56780006886323,20.20792238539878,20.210117220893096,197929200
2014-07-01,20.52172088623047,20.64241174936028,20.436140701163612,20.52172088623047,152892000
2014-07-02,20.512941360473633,20.640213361124317,20.427359515966693,20.59852153081159,113860000
2014-07-03,20.633630752563477,20.648991253196737,20.451497906362643,20.554633413829837,91567200
2014-07-07,21.05934715270996,21.063735151489453,20.648999788784987,20.657777460513667,225872000
2014-07-08,20.92328643798828,21.241470618374205,20.609491928597446,21.125167775369654,260888000
2014-07-09,20.932064056396484,21.05494805726568,20.79381955541864,20.943036559689354,145744000
2014-07-10,20.855260848999023,20.967174016951187,20.521716180560507,20.57438218557852,158744000
2014-07-11,20.89476203918457,21.04178422073604,20.815764696285758,20.925483042070873,136072000
2014-07-14,21.164663314819336,21.261215972411012,20.989115006852032,21.035196500474775,171240000
2014-07-15,20.91670036315918,21.252438152972555,20.85306353694697,21.241467325523434,181911600
2014-07-16,20.798208236694336,21.307301266695106,20.78943056860496,21.27877510103139,213585200
2014-07-17,20.42735481262207,20.907921561692884,20.313248503167138,20.853062404919267,229192000
2014-07-18,20.721403121948242,20.789427948355964,20.41199663892835,20.54365996950546,199952000
2014-07-21,20.613882064819336,20.846484407740043,20.565605727797532,20.844289572192963,156316000
2014-07-22,20.785043716430664,20.822347552238355,20.653382036176453,20.776266047857835,220788000
2014-07-23,21.327056884765625,21.478467094008483,20.8837937409848,20.938652924926128,371672000
2014-07-24,21.29193878173828,21.355575613828748,21.158082285646067,21.294133617098325,182916000
2014-07-25,21.43238639831543,21.469690243018483,21.206366819718745,21.252448335087724,173876000
2014-07-28,21.728622436523438,21.776898780921467,21.40605187691425,21.465299052385948,221272000
2014-07-29,21.588184356689453,21.820788423127798,21.559658185201346,21.796650249495805,172572000
2014-07-30,21.537710189819336,21.658399357709612,21.43237984818862,21.601347027071583,132040000
2014-07-31,20.9781494140625,21.384106998009592,20.91890223822624,21.320471824550715,227372000
2014-08-01,21.094451904296875,21.201977105625463,20.804795492440835,20.824545668383184,194044000
2014-08-04,20.9759521484375,21.193195674401192,20.883789141514818,21.14711417093985,159832000
2014-08-05,20.872817993164062,20.995702000519323,20.70604564448975,20.925482328577882,223732000
2014-08-06,20.837703704833984,20.951811698297103,20.78284454332984,20.791622210070752,154232000
2014-08-07,20.83550262451172,21.159677627067726,20.751700841575115,20.934739629835494,186844000
2014-08-08,20.892845153808594,20.910487816949143,20.570874122729915,20.78699253995923,167460000
2014-08-11,21.16849708557129,21.18834549438019,20.914889371322566,21.00971654508526,146340000
2014-08-12,21.164093017578125,21.364772817901493,21.084702725747828,21.179529925295306,135180000
2014-08-13,21.44415855407715,21.44415855407715,21.179525425860042,21.203783658904523,127664000
2014-08-14,21.501501083374023,21.516937991210934,21.347132005004916,21.46401169041249,112464000
2014-08-15,21.60734748840332,21.65365819502697,21.360355370581033,21.589704833738267,195804000
2014-08-18,21.867572784423828,21.913883495343285,21.607349492712377,21.719817641018352,190288000
2014-08-19,22.169694900512695,22.20277445988529,21.902856037900644,21.922704446522715,277596000
2014-08-20,22.17852210998535,22.29319603939136,22.04179401348493,22.14985404825803,210796000
2014-08-21,22.18071937561035,22.260109635780253,22.077070886916534,22.17851362324561,133912000
2014-08-22,22.343915939331055,22.3769955040281,22.094719692606866,22.116772174906046,176736000
2014-08-25,22.392436981201172,22.531369162295277,22.33509916952081,22.447569039452357,161080000
2014-08-26,22.24909019470215,22.383612532700376,22.242474617832837,22.36596987271777,132608000
2014-08-27,22.522544860839844,22.619577808964394,22.20718946193173,22.277758419886858,209476000
2014-08-28,22.549001693725586,22.665881335505905,22.396836742919284,22.40345231773762,273840000
2014-08-29,22.604143142700195,22.69235476951254,22.537984001966727,22.683533438581623,178380000
2014-09-02,22.78056526184082,22.877596532255033,22.652658493457587,22.72763727889115,214256000
2014-09-03,21.81905174255371,22.75850027978913,21.739661488351285,22.736447805287558,501684000
2014-09-04,21.638227462768555,22.072666600922947,21.565452753396258,21.799212105626097,342872000
2014-09-05,21.825672149658203,21.918293572572153,21.68012275722514,21.788182766454412,233828000
2014-09-08,21.69115447998047,21.9006556027129,21.622791274509257,21.89845153205019,185426800
2014-09-09,21.60955238342285,22.73204151252556,21.20157565306971,21.849928935547425,759385200
2014-09-10,22.273345947265625,22.29760418141187,21.558835122630573,21.613967167054497,403478400
2014-09-11,22.368173599243164,22.370379352165312,21.969018127656664,22.143235593583015,249412400
2014-09-12,22.418901443481445,22.535781140217583,22.290994661865813,22.319662727056794,250504400
2014-09-15,22.412282943725586,22.725434302519442,22.370383724993655,22.672506317020943,245266000
2014-09-16,22.242473602294922,22.330685215683772,21.80803279441453,22.008714256936575,267632400
2014-09-17,22.401254653930664,22.449771126467677,22.182930527514095,22.332889768766407,243706000
2014-09-18,22.44756317138672,22.571058411187213,22.3968409507564,22.47843698133684,149197600
2014-09-19,22.2645263671875,22.571060423663752,22.163083599378492,22.557829270361545,283609600
2014-09-22,22.286579132080078,22.524749989511935,22.180726539330337,22.449771209855587,211153600
2014-09-23,22.635013580322266,22.701172711178234,22.171904711820257,22.185135864992812,253608800
2014-09-24,22.438749313354492,22.681330050512976,22.317458103526743,22.529166702952818,240687200
2014-09-25,21.583099365234375,22.20939875664556,21.550019792871797,22.165293781826747,400368000
2014-09-26,22.218212127685547,22.218212127685547,21.69997128800555,21.728639343116782,249482000
2014-09-29,22.077075958251953,22.14985066054082,21.750693515636005,21.755105021378856,199065200
2014-09-30,22.218212127685547,22.39242957604537,22.16969566326935,22.231443278891295,221056400
2014-10-01,21.87198257446289,22.204980561046995,21.76612831930831,22.182926399454907,205965200
2014-10-02,22.03076934814453,22.101338310711792,21.620586727442085,21.891835493795675,191031200
2014-10-03,21.969017028808594,22.09912784226667,21.84111028566591,21.929321890677983,173878400
2014-10-06,21.969017028808594,22.196160776029597,21.924910385054346,22.04179004663436,148204800
2014-10-07,21.777151107788086,22.07927522758962,21.772741285836634,21.927110291576998,168376800
2014-10-08,22.229238510131836,22.297601699208336,21.680122197400564,21.77936087581411,229618800
2014-10-09,22.277755737304688,22.57767419312337,22.187340059482427,22.39243133173349,309506000
2014-10-10,22.21380043029785,22.500486004707604,22.11897326216707,22.204979102739618,265326400
2014-10-13,22.01091766357422,22.44535845835113,22.01091766357422,22.3461214478422,214333600
2014-10-14,21.777151107788086,22.167485126586413,21.73745598024114,22.138817077662054,254754400
2014-10-15,21.51032066345215,21.86537119730449,20.989873980879647,21.605147856018238,403734400
2014-10-16,21.228044509887695,21.55001547250744,21.040595880742195,21.071469693425144,288618000
2014-10-17,21.538990020751953,21.832292945946204,21.349335624197533,21.501500628583383,272718800
2014-10-20,21.999893188476562,22.0439981544462,21.660279566521222,21.68233204950604,310069200
2014-10-21,22.597522735595703,22.718812224356014,22.332887911716284,22.718812224356014,378495600
2014-10-22,22.712194442749023,22.95918658455324,22.626188596026264,22.679114882664198,273052400
2014-10-23,23.11796760559082,23.16648407038686,22.8533328019296,22.95257148423869,284298800
2014-10-24,23.203975677490234,23.263517546583884,23.05181069286705,23.195154348273302,188215600
2014-10-27,23.179712295532227,23.261308310797435,23.08929495300893,23.122374509602725,136750800
2014-10-28,23.539182662963867,23.539182662963867,23.23264855963643,23.243675644071406,192243600
2014-10-29,23.671497344970703,23.678114604593432,23.455380640536507,23.519334023582427,210751600
2014-10-30,23.59210205078125,23.67369638887315,23.35393124676415,23.58769054561635,162619200
2014-10-31,23.81705093383789,23.82587226571303,23.64283341492221,23.81925668743093,178557200
2014-11-03,24.125783920288086,24.32425962447853,23.819249875898173,23.865560593126517,209130400
2014-11-04,23.94936752319336,24.14563753035351,23.755303269624058,24.116969463660542,166297600
2014-11-05,24.006694793701172,24.103727719110864,23.845708502225662,24.059621079153604,149743600
2014-11-06,24.075349807739258,24.095284279287643,23.876015231005013,24.053201709190077,139874000
2014-11-07,24.14402198791504,24.212681631289175,24.0421393368529,24.08643555390866,134766000
2014-11-10,24.10415267944336,24.214894902515553,24.068714356959994,24.14623357515208,108782000
2014-11-11,24.29683494567871,24.307909840201386,24.008906275797333,24.075350573558424,109769200
2014-11-12,24.640134811401367,24.68000206340698,24.223744826958374,24.22595845388701,187769600
2014-11-13,24.987871170043945,25.12740574058527,24.717659918380342,24.76195781443533,238091600
2014-11-14,25.289093017578125,25.29130833508409,24.631283971055666,25.060964318436323,176254400
2014-11-17,25.247013092041016,25.975697167343963,25.094189963882705,25.30902847040002,186986800
2014-11-18,25.57480239868164,25.623529234114827,25.224856662199446,25.23593155744945,176896000
2014-11-19,25.39762306213379,25.634611370842972,25.204932660066536,25.568167045568607,167476800
2014-11-20,25.76085662841797,25.88267375556895,25.43748952428082,25.45077974074694,173582000
2014-11-21,25.796297073364258,26.039929657903386,25.69884336363163,26.026641130137097,228717200
2014-11-24,26.274696350097656,26.305704033966634,25.82951387892503,25.880454349656052,189803200
2014-11-25,26.046571731567383,26.52276365072891,26.013348725152895,26.372154152803223,275361600
2014-11-26,26.35664939880371,26.378797505718207,26.097512999340402,26.121876423884018,163073200
2014-11-28,26.341142654418945,26.445240604225752,26.14623696932436,26.41644654759456,99257600
2014-12-01,25.4862117767334,26.412016706663472,24.644570316872606,26.31456302252599,335256000
2014-12-02,25.388763427734375,25.636826635033596,24.972373244924736,25.13848659245195,237395600
2014-12-03,25.67669105529785,25.769714114035114,25.495073883090356,25.636823788725856,172253600
2014-12-04,25.57923698425293,25.95797516620508,25.53494077306719,25.641252355829824,168178000
2014-12-05,25.470703125,25.709906655550004,25.390968614816668,25.68997218310833,153275600
2014-12-08,24.89484977722168,25.393189734858176,24.722092195607758,25.27137262485243,230659600
2014-12-09,25.275798797607422,25.315666054772095,24.219317327639516,24.405365091005237,240832000
2014-12-10,24.795175552368164,25.437480589406686,24.704367835672656,25.340028611708053,178261200
2014-12-11,24.72209358215332,25.204929724668364,24.660076520077197,24.86384348731442,165606800
2014-12-12,24.303483963012695,24.777460443975695,24.270260965044063,24.46516662877917,224112400
2014-12-15,23.97125816345215,24.717659535142577,23.554866395951,24.518323230465633,268872400
2014-12-16,23.643463134765625,24.398725859585284,23.53493623614128,23.559299658863985,243162800
2014-12-17,24.232606887817383,24.327843549256745,23.658961463483624,23.72540745356735,213647200
2014-12-18,24.950220108032227,24.950220108032227,24.509466587898828,24.777462531788583,236024800
2014-12-19,24.757522583007812,25.080889560103337,24.73094554010154,24.86383582400781,353719200
2014-12-22,25.014448165893555,25.136263569530744,24.799608031914275,24.841690607788273,180670000
2014-12-23,24.925859451293945,25.100832364272758,24.908140290280144,25.07868425790161,104113600
2014-12-24,24.808469772338867,24.96350818676613,24.808469772338867,24.934715821170208,57918400
2014-12-26,25.247013092041016,25.36439958533375,24.80847480804959,24.828407598325413,134884000
2014-12-29,25.229291915893555,25.419766968695274,25.182778699160025,25.202713176301835,110395600
2014-12-30,24.921424865722656,25.231503375143216,24.830617137057683,25.169488011217492,119526000
2014-12-31,24.44744873046875,25.056530862029568,24.409796786067787,24.98787123520523,165613600
2015-01-02,24.21489143371582,24.682223683318185,23.7763515496625,24.67114878668056,212818400
2015-01-05,23.53272819519043,24.064291334734435,23.34668202573598,23.984556779313202,257142000
2015-01-06,23.53493309020996,23.79406943566659,23.173912432554356,23.596948452562806,263188400
2015-01-07,23.864944458007812,23.964611763586213,23.632385158602347,23.743127360263635,160423600
2015-01-08,24.781888961791992,24.839475377960017,24.075353197005057,24.19274134644537,237458000
2015-01-09,24.808469772338867,25.083109973520873,24.409797149823067,24.954648607400006,214798000
2015-01-12,24.197168350219727,24.945784941196703,24.097501055815137,24.939140680208624,198603200
2015-01-13,24.412019729614258,24.983450095288372,24.121875600672528,24.680015748447666,268367600
2015-01-14,24.318986892700195,24.471809973965815,24.03105650747729,24.150658281810262,195826400
2015-01-15,23.658971786499023,24.3765810194726,23.62353514883972,24.363292491574416,240056000
2015-01-16,23.475135803222656,23.82729694872675,23.300162889264197,23.7054798283151,314053200
2015-01-20,24.07978630065918,24.13515740540139,23.588090620181628,23.88487893049971,199599600
2015-01-21,24.263622283935547,24.59806258830847,23.98012076721873,24.130730261496435,194303600
2015-01-22,24.89484977722168,24.91035361942313,24.30127144897852,24.42087324158633,215185600
2015-01-23,25.0233154296875,25.193857723073517,24.702161943737746,24.872705926916115,185859200
2015-01-26,25.049884796142578,25.32895560764828,24.983440491359584,25.191634674096495,222460000
2015-01-27,24.172801971435547,24.91256058364469,24.148438557603445,24.899270373505317,382274800
2015-01-28,25.53937339782715,26.161745900344954,25.53937339782715,26.053217294657106,585908400
2015-01-29,26.33449935913086,26.398730047323408,25.59474047597541,25.76306911779753,337745600
2015-01-30,25.949111938476562,26.57812679485473,25.880450628531435,26.22375210888169,334982000
2015-02-02,26.274696350097656,26.39429814064602,25.709912088376672,26.146236669694193,250956400
2015-02-03,26.279130935668945,26.37658294685454,26.048786899589032,26.245907929445366,207662800
2015-02-04,26.48068618774414,26.6910974758925,26.203830563701008,26.245913159289206,280598800
2015-02-05,26.6696834564209,26.73416763569182,26.51625552310522,26.687470850061043,168984800
2015-02-06,26.445104598999023,26.738617841332328,26.338371739759072,26.68747462417415,174826400
2015-02-09,26.620763778686523,26.647445716847848,26.333921068225507,26.3606047028478,155559200
2015-02-10,27.132186889648438,27.16109458407621,26.71860158755748,26.72082395138966,248034000
2015-02-11,27.76813316345215,27.777027708402922,27.238920462338385,27.29895652017989,294247200
2015-02-12,28.119461059570312,28.346267722765855,27.921562092612835,28.030517303345807,297898000
2015-02-13,28.25732421875,28.301795249028654,27.939351432520557,28.301795249028654,217088800
2015-02-17,28.424087524414062,28.657564628509785,28.22174047466967,28.348484752088876,252609600
2015-02-18,28.621994018554688,28.635334989242327,28.339597698284383,28.379622306808475,179566800
2015-02-19,28.561960220336914,28.69092860974826,28.535278275259678,28.568630706606225,149449600
2015-02-20,28.79543113708496,28.79543113708496,28.473011930350665,28.599754534742676,195793600
2015-02-23,29.573698043823242,29.573698043823242,28.831021027550666,28.911070270754642,283896400
2015-02-24,29.389129638671875,29.70710413481809,29.166771084946955,29.560346675058298,276912400
2015-02-25,28.637557983398438,29.26238839870181,28.495248638062286,29.253492156099437,298846800
2015-02-26,28.999998092651367,29.10005874917597,28.152812664929638,28.637552615299487,365150000
2015-02-27,28.564186096191406,29.03336285897491,28.51526693473168,28.906616833486662,248059200
2015-03-02,28.70425796508789,28.968865123087966,28.52859624288527,28.739836139406872,192386800
2015-03-03,28.76430320739746,28.799881390989704,28.481906888632807,28.67536114133918,151265200
2015-03-04,28.581958770751953,28.808765380244864,28.53304302450965,28.706482375027377,126665200
2015-03-05,28.108339309692383,28.628657394839173,27.963805942775803,28.590856856303365,226068400
2015-03-06,28.150590896606445,28.76652330753673,28.074989807114648,28.55083525175208,291368400
2015-03-09,28.27066421508789,28.81099722348831,27.808158051686863,28.452998147289698,354114000
2015-03-10,27.685867309570312,28.288458858638602,27.527992921124646,28.10834895145407,275426400
2015-03-11,27.18110466003418,27.74367143696153,27.152198663532047,27.73922501306153,275756000
2015-03-12,27.672523498535156,27.772585873420383,27.045472395807206,27.19667629203401,193450800
2015-03-13,27.481292724609375,27.883762858746906,27.2567118077468,27.661404305960183,207309200
2015-03-16,27.783706665039062,27.783706665039062,27.321202061794885,27.545783028554364,143497200
2015-03-17,28.248424530029297,28.310684639667738,27.939346345423655,27.99493597138094,204092400
2015-03-18,28.566402435302734,28.719830373617224,28.09944983193032,28.239535104003725,261083600
2015-03-19,28.350711822509766,28.739839239681466,28.328476309392133,28.62865997763241,183238000
2015-03-20,27.994945526123047,28.550840278963356,27.830400652138934,28.517487849174326,274780400
2015-03-23,28.28622817993164,28.428537502319035,28.13280025254547,28.266216726686977,150838800
2015-03-24,28.170602798461914,28.470784779166674,28.14169510373466,28.290676608620394,131369200
2015-03-25,27.434600830078125,28.199514883696004,27.434600830078125,28.137254753092005,206620800
2015-03-26,27.625825881958008,27.76813521878184,27.261157994289306,27.29673617672582,190291600
2015-03-27,27.405685424804688,27.728104574747505,27.330084348278795,27.699198580157148,158184800
2015-03-30,28.099449157714844,28.106119642444803,27.572458810054766,27.58357741557871,188398800
2015-03-31,27.668073654174805,28.126131711225387,27.652508623977777,28.037187954473346,168362400
2015-04-01,27.6280517578125,27.821504320484593,27.37233906824674,27.754796072263535,162485600
2015-04-02,27.86597442626953,27.919340005191067,27.614709866405345,27.801490240861305,128880400
2015-04-06,28.317358016967773,28.352936195517167,27.645836013226795,27.676966071227053,148776000
2015-04-07,28.0194034576416,28.48857847251313,28.012732972076122,28.381847310542977,140049200
2015-04-08,27.928232192993164,28.106119702993404,27.788146923979166,27.983821827810612,149316800
2015-04-09,28.141698837280273,28.14614695850273,27.719218930050666,27.983824463106682,129936000
2015-04-10,28.26176643371582,28.28622600566424,27.85262758741642,28.00605380654829,160752000
2015-04-13,28.20619010925293,28.58864889678969,28.152824516405257,28.54417445923701,145460400
2015-04-14,28.08388900756836,28.30402352421156,27.997169298088878,28.239539333182478,102098400
2015-04-15,28.19062042236328,28.268445585854018,28.019405062683663,28.10834883372793,115881600
2015-04-16,28.054977416992188,28.261770933185833,28.04163644706391,28.07943699283474,113476000
2015-04-17,27.739229202270508,28.04830745205387,27.674745018986492,27.917116721430638,207828000
2015-04-20,28.37294578552246,28.48857146529368,27.83261453362563,27.921558277697777,188217200
2015-04-21,28.21952247619629,28.506363493308605,28.166155206372657,28.484129675573577,129740400
2015-04-22,28.599754333496094,28.65534396850471,28.088330709293473,28.23731052396591,150618000
2015-04-23,28.833232879638672,29.00000179276501,28.493024568294725,28.52860275072968,183083600
2015-04-24,28.96887969970703,29.046706571075703,28.735402478524165,29.015576501112864,178103600
2015-04-27,29.49586296081543,29.602597517346723,29.162325105730794,29.42026186129765,387816800
2015-04-28,29.031129837036133,29.916115857851434,28.810997058474765,29.89833016079196,475696000
2015-04-29,28.604202270507812,29.26015928080993,28.528601181683193,28.942188199206498,253544400
2015-04-30,27.828174591064453,28.60420550349986,27.701430277592415,28.60420550349986,332781600
2015-05-01,28.673131942749023,28.93551677409575,27.861524660384124,28.039410467610814,234050400
2015-05-04,28.61754035949707,29.033353092023468,28.519702069490858,28.795427851060936,203953200
2015-05-05,27.972702026367188,28.56195073733543,27.968253906023552,28.495242503867665,197085600
2015-05-06,27.797042846679688,28.18394624917403,27.430150899410055,28.141697581751504,288564000
2015-05-07,27.968976974487305,28.152072553223462,27.69209940387363,27.859564934554776,175763600
2015-05-08,28.495929718017578,28.495929718017578,28.158765372131114,28.286039082313177,222201600
2015-05-11,28.205659866333008,28.482535721818746,28.05159103941516,28.44457727863671,168143200
2015-05-12,28.105180740356445,28.330699748396363,27.8707283299041,28.044892198904186,192640000
2015-05-13,28.13643455505371,28.39991365035305,28.105174467776415,28.167694642331004,138776800
2015-05-14,28.79290199279785,28.79290199279785,28.393219150803873,28.449040986155204,180814000
2015-05-15,28.752716064453125,28.913483246079785,28.627675680320152,28.819702957980056,152832000
2015-05-18,29.069782257080078,29.18812428658893,28.6611659750214,28.665632676256102,203531600
2015-05-19,29.042991638183594,29.223853873876013,28.946976291486887,29.181428725830614,178532800
2015-05-20,29.040752410888672,29.246176365558323,28.87998524513075,29.02735571492461,145819600
2015-05-21,29.337726593017578,29.391316786883003,28.98939885062926,29.04298904449469,158921600
2015-05-22,29.59450340270996,29.690518733383474,29.33995596401194,29.38461615898261,182384000
2015-05-26,28.942508697509766,29.67712607533172,28.830865009082903,29.607907533642262,282790400
2015-05-27,29.48285675048828,29.531980234316904,29.038517156439617,29.10326898125325,183332800
2015-05-28,29.424802780151367,29.462761215729895,29.272969037837246,29.442666174616694,122933200
2015-05-29,29.089876174926758,29.351121969971384,29.005025890228723,29.301998479577218,203538000
2015-06-01,29.14792823791504,29.337723842184424,29.038519620453748,29.089874755325262,128451200
2015-06-02,29.018430709838867,29.174731201453856,28.875526916491566,28.99610060799593,134670400
2015-06-03,29.054149627685547,29.237246894728884,29.00502613687366,29.174726707712786,123934000
2015-06-04,28.884449005126953,29.156859818974553,28.783970388532666,28.93357249005647,153800400
2015-06-05,28.725914001464844,28.958134735546285,28.661162174075283,28.915709597179813,142507200
2015-06-08,28.5361270904541,28.85096310562746,28.319538065016676,28.781741157699003,210699200
2015-06-09,28.451278686523438,28.598649180909273,28.04936240860745,28.29051149393801,224301600
2015-06-10,28.77727508544922,28.879985359644007,28.54728768135469,28.5629177278905,156349200
2015-06-11,28.7125186920166,29.06754475059088,28.687956947940076,28.844257407020468,141563600
2015-06-12,28.395450592041016,28.654464723898236,28.38205389678882,28.623204632611635,147544800
2015-06-15,28.33962631225586,28.411078186682165,28.06944885884555,28.15653077756676,175955600
2015-06-16,28.49146270751953,28.547284539510578,28.216820248109983,28.364188998721836,125976400
2015-06-17,28.42447853088379,28.553983890961618,28.299436464414363,28.51825880307548,131672400
2015-06-18,28.553983688354492,28.649997310216285,28.406614933605677,28.408848283941207,141628800
2015-06-19,28.268177032470703,28.54058786108312,28.223520245685513,28.516026117287105,218867600
2015-06-22,28.493701934814453,28.594180571703895,28.37535989915212,28.466906836655117,136157200
2015-06-23,28.364187240600586,28.493694291643774,28.330693802772586,28.46466755408458,121075600
2015-06-24,28.605342864990234,28.982699035849468,28.384288863009008,28.404383907031253,221123600
2015-06-25,28.469141006469727,28.848728871803647,28.469141006469727,28.772811980155872,127752400
2015-06-26,28.301673889160156,28.57854974843953,28.2480853978426,28.507097858833646,176267200
2015-06-29,27.805971145629883,28.23914911428784,27.79480780117253,28.013628432264692,196645600
2015-06-30,28.006935119628906,28.161003951342472,27.879661385814753,28.038195215404492,177482800
2015-07-01,28.268177032470703,28.344095614262187,28.131971618164496,28.335163916195704,120955200
2015-07-02,28.232454299926758,28.288276139840534,28.082850474261843,28.230220949336946,108844000
2015-07-06,28.134199142456055,28.185555969816395,27.877418412748074,27.89751515512277,112241600
2015-07-07,28.06498908996582,28.167701072115218,27.636276059999904,28.109645880970817,187787200
2015-07-08,27.368331909179688,27.830536680664583,27.361633560883114,27.794811588567054,243046400
2015-07-09,26.81011199951172,27.701028047461744,26.62031809305281,27.65413790846935,314380000
2015-07-10,27.52686309814453,27.654136814244254,27.064658370882672,27.22765887920902,245418000
2015-07-13,28.05829429626465,28.080622694595846,27.759088307274325,27.917622150037687,165762000
2015-07-14,28.0471248626709,28.216823729856447,27.91985113816857,28.14313849368475,127072400
2015-07-15,28.317302703857422,28.390987940927992,28.040426856633054,28.07168695050287,134596800
2015-07-16,28.694656372070312,28.708056475146563,28.435643929657154,28.522725860632445,144889600
2015-07-17,28.942508697509766,28.942508697509766,28.65000277896658,28.821935013130545,184658800
2015-07-20,29.489564895629883,29.690522167865755,29.1836588787485,29.243947423257225,235600800
2015-07-21,29.194820404052734,29.679353534603262,29.098808480959107,29.66372519211815,307025600
2015-07-22,27.960041046142578,28.02256122890645,27.238822186865725,27.238822186865725,461802400
2015-07-23,27.946640014648438,28.377582879483903,27.924309921228467,28.1788573135842,203998000
2015-07-24,27.799274444580078,28.076150275307967,27.665302378327695,27.982369999286025,168649200
2015-07-27,27.412986755371094,27.600549012105486,27.26785134311559,27.484438638044374,177822000
2015-07-28,27.5491886138916,27.66753232312042,27.36386143510259,27.5491886138916,134472400
2015-07-29,27.46211051940918,27.57598754415561,27.30134335589593,27.49783731287758,148046800
2015-07-30,27.32367706298828,27.368333857175575,27.17630657578471,27.312512012667707,134513200
2015-07-31,27.084758758544922,27.38396301770405,26.997676820219656,27.37503131844666,171540000
2015-08-03,26.446155548095703,27.368331734567274,26.240729881542865,27.129414326745238,279904000
2015-08-04,25.597660064697266,26.28091876777398,25.287290803917507,26.21839858625679,496554400
2015-08-05,25.76736068725586,26.222867088448904,25.03051174636031,25.22030565430392,397250400
2015-08-06,25.823434829711914,26.130723785560797,25.59689502299034,26.011846088492206,211612000
2015-08-07,25.91090965270996,26.07464798007613,25.68212639758036,25.700070652053586,154681600
2015-08-10,26.852962493896484,26.913522213707832,26.13745117547773,26.13745117547773,219806400
2015-08-11,25.455581665039062,26.507539920424335,25.419694871898546,26.42454903744614,388331200
2015-08-12,25.848108291625977,25.88848201140172,24.589796021750065,25.240260746466667,404870000
2015-08-13,25.827917098999023,26.108289621325852,25.691095171202885,26.027542197995082,194143200
2015-08-14,26.009605407714844,26.088109394236614,25.572224831908866,25.641756689791208,171718000
2015-08-17,26.278759002685547,26.388664562359022,25.90642343750448,26.02754458360224,163538800
2015-08-18,26.130718231201172,26.341558908737895,26.020812685174974,26.115017438911718,138242800
2015-08-19,25.79652214050293,26.135211002376796,25.72250336489135,26.041006221375795,193146000
2015-08-20,25.26717758178711,25.648483611062783,25.038392595214948,25.58792388594571,274006400
2015-08-21,23.721763610839844,25.098953580109377,23.69709068702081,24.7692351538536,513102000
2015-08-24,23.12961769104004,24.40363080241053,20.635422526171478,21.279158605812704,648825200
2015-08-25,23.2686824798584,24.921759955444056,23.214851419487346,24.921759955444056,414406400
2015-08-26,24.60325050354004,24.648109423295963,23.562507821628127,24.020074279164454,387098400
2015-08-27,25.327741622924805,25.399516948122706,24.677276775735773,25.172977094026702,338464400
2015-08-28,25.41073226928711,25.415217478388872,25.018210589422267,25.15951777812047,212657600
2015-08-31,25.291845321655273,25.688852065786055,25.12137834657979,25.128107013407043,224917200
2015-09-01,24.161380767822266,25.094459555420123,24.080633351142133,24.7064249747842,307383600
2015-09-02,25.19763946533203,25.19763946533203,24.47764300591158,24.724372203967487,247555200
2015-09-03,24.755781173706055,25.29633868870744,24.681762392214587,25.231292036299056,212935600
2015-09-04,24.509048461914062,24.7737202433098,24.33858316703833,24.441760070123664,199985200
2015-09-08,25.19091796875,25.246992491313335,24.744565248298265,25.065311585810885,219374400
2015-09-09,24.706430435180664,25.57446278945002,24.6211960813706,25.51614652882644,340043200
2015-09-10,25.249229431152344,25.408480828757018,24.65035409552812,24.733343272285687,251571200
2015-09-11,25.61707878112793,25.61707878112793,25.067549271104706,25.07427793846086,199662000
2015-09-14,25.86380958557129,26.218200942508812,25.762876139817724,26.14866908926784,233453600
2015-09-15,26.08138084411621,26.137455364923568,25.664186272408795,26.002876857237627,173364800
2015-09-16,26.110532760620117,26.139690886531813,25.892963412159954,26.074644256798294,148694000
2015-09-17,25.55203628540039,26.128482269521882,25.50717735491766,25.94231616788589,256450400
2015-09-18,25.44661521911621,25.63726994658994,25.092225570992877,25.168486092975602,297141200
2015-09-21,25.84137535095215,25.877263856489446,25.493714437664757,25.49595618581724,200888000
2015-09-22,25.43539810180664,25.61035029936734,25.238014731218577,25.430911182697873,201384800
2015-09-23,25.641756057739258,25.731475630663425,25.41297277247823,25.486989837226535,143026800
2015-09-24,25.794273376464844,25.906422391145128,25.2043701752995,25.401751825083856,200878000
2015-09-25,25.729230880737305,26.173341803252995,25.57446466798422,26.11726728689416,224607600
2015-09-28,25.220073699951172,25.697827938171578,25.220073699951172,25.53633306574261,208436000
2015-09-29,24.461942672729492,25.460069935780723,24.192785720478692,25.30754720650309,293461600
2015-09-30,24.740076065063477,25.018205173145,24.38792818838707,24.710916222809423,265892000
2015-10-01,24.578580856323242,24.58755298372046,24.069423321895563,24.464188371081597,255716400
2015-10-02,24.758024215698242,24.8993331170644,24.123261879057416,24.226438802014084,232079200
2015-10-05,24.847736358642578,24.98007309082527,24.464186919279005,24.64586778233064,208258800
2015-10-06,24.966615676879883,25.06306390790795,24.621196470669094,24.814092932725227,192787200
2015-10-07,24.847736358642578,25.0697909369566,24.540449142000504,25.063062269622574,187062400
2015-10-08,24.56063461303711,24.715400803406812,24.27128994512158,24.715400803406812,247918400
2015-10-09,25.148296356201172,25.184183152026744,24.55839142763354,24.67278390489033,211064400
2015-10-12,25.031661987304688,25.289605086536547,24.99577518923133,25.285119878499245,121868800
2015-10-13,25.074283599853516,25.22231944888777,24.82531258391268,24.85671417950354,132197200
2015-10-14,24.71988868713379,25.01371859456382,24.574094607652142,24.96213099969483,177849600
2015-10-15,25.089981079101562,25.143812134243223,24.782692121453554,24.881383815261927,150694000
2015-10-16,24.90605926513672,25.12138521880401,24.79166676400584,25.072039366894277,156930400
2015-10-19,25.060829162597656,25.065314371947483,24.69746559994444,24.852231847025056,119036800
2015-10-20,25.518388748168945,25.608108311660388,24.85671017602895,24.973344410686988,195871200
2015-10-21,25.516143798828125,25.92436613580862,25.50268475367488,25.569974845666728,167180800
2015-10-22,25.90642738342285,25.90642738342285,25.592409739553904,25.643999049201902,166616400
2015-10-23,26.70941734313965,26.743062399364046,26.092597586974016,26.175586786234405,237467600
2015-10-26,25.85708236694336,26.496331552156278,25.7763349213103,26.485117674920797,265335200
2015-10-27,25.693342208862305,26.13969484741818,25.56773413771088,25.883995208345304,279537600
2015-10-28,26.752025604248047,26.758755982685184,26.032029124710814,26.22716902919141,342205600
2015-10-29,27.034643173217773,27.070531681932156,26.527729110805993,26.624177338903035,204909200
2015-10-30,26.803617477416992,27.18941040444977,26.792401890203436,27.1378210990291,197461200
2015-11-02,27.180435180664062,27.220808894271993,26.82828734412862,27.095202545828723,128813200
2015-11-03,27.492218017578125,27.698571858643568,27.072779954997515,27.092967673829296,182076000
2015-11-04,27.36436653137207,27.77258898002908,27.27913387462253,27.617822752863653,179544400
2015-11-05,27.238216400146484,27.636924307296095,27.07152584230477,27.447706558500503,158210800
2015-11-06,27.269752502441406,27.43869612369773,27.170640079941062,27.281016097958513,132169200
2015-11-09,27.159374237060547,27.438693853221398,27.042240758858657,27.247224775357775,135485600
2015-11-10,26.303401947021484,26.596238324393862,26.143468814900338,26.332686615909036,236511600
2015-11-11,26.154727935791016,26.449815607494255,25.95199522605524,26.21329554495548,180872000
2015-11-12,26.06687355041504,26.31465717319497,26.051105548563132,26.188513158379727,130102400
2015-11-13,25.30549430847168,26.033078732806032,25.289726310103216,25.94973261652534,183249600
2015-11-16,25.719974517822266,25.733489456288183,25.00365356321389,25.0892510378034,152426800
2015-11-17,25.609600067138672,25.915951293932938,25.526253931504694,25.886666634032267,110467600
2015-11-18,26.420522689819336,26.465573622274636,26.01731048558764,26.075878072645857,186698800
2015-11-19,26.756160736083984,26.97466139984939,26.301140064054348,26.499366602206727,173183200
2015-11-20,26.873291015625,27.012949932525594,26.77192384325411,26.850763831598456,137148400
2015-11-23,26.524145126342773,26.970156985280802,26.43178846701266,26.86653673188203,129930000
2015-11-24,26.778688430786133,26.884560036961126,26.38223532153861,26.42953932712212,171212800
2015-11-25,26.587215423583984,26.857526196649168,26.56243689308843,26.8530200718774,85553200
2015-11-27,26.53766632080078,26.67282260715604,26.490362308009868,26.645791006168274,52185600
2015-11-30,26.648040771484375,26.89807746428209,26.524148097185197,26.578209573886948,156721200
2015-12-01,26.43178939819336,26.762919139912682,26.323666453091068,26.749404201420703,139409600
2015-12-02,26.193012237548828,26.605234983152144,26.14796130387344,26.431785279477698,133546400
2015-12-03,25.949743270874023,26.307904693128734,25.72899120307998,26.253843207752347,166278000
2015-12-04,26.81247329711914,26.86203035765792,25.92946189404851,25.970008423709054,231108000
2015-12-07,26.64353370666504,26.9994419961202,26.53766210119315,26.80121544281288,128336800
2015-12-08,26.63227081298828,26.71561522541016,26.323666540590864,26.4723360202465,137238000
2015-12-09,26.044355392456055,26.510639827965388,25.922715750333996,26.499376229801133,185445600
2015-12-10,26.168237686157227,26.341687416196915,26.019568207563573,26.138954746675367,116850800
2015-12-11,25.494712829589844,25.992533043941886,25.42037724120592,25.94748210960295,187544800
2015-12-14,25.3370361328125,25.382087073004815,24.73109119130159,25.26945800394082,257274800
2015-12-15,24.888771057128906,25.409118521842476,24.85723505545938,25.215396386682134,213292400
2015-12-16,25.080236434936523,25.22665454602249,24.50808236403071,25.019417503128814,224954000
2015-12-17,24.548633575439453,25.285226958728675,24.548633575439453,25.233416828828133,179091200
2015-12-18,23.88412094116211,24.670271389359083,23.834563874077595,24.53286550142011,385813200
2015-12-21,24.176956176757812,24.185966708438013,23.78050137574492,24.165692582511763,190362400
2015-12-22,24.154434204101562,24.264810225644474,23.978731388772907,24.192727680349428,131157600
2015-12-23,24.46529197692871,24.51935346093538,24.147677106399406,24.163445110842336,130629600
2015-12-24,24.33463478088379,24.553135435419996,24.316613718562987,24.553135435419996,54281600
2015-12-28,24.06208038330078,24.25805563214703,23.917915275615144,24.235528437721936,106816800
2015-12-29,24.49457359313965,24.65000228462855,24.071088840671305,24.09361431456941,123724800
2015-12-30,24.17470932006836,24.48556500921053,24.14317331038366,24.45853512581429,100855200
2015-12-31,23.710676193237305,24.109382410367616,23.611562045406348,24.104878003004163,163649200
2016-01-04,23.730945587158203,23.735451712532264,22.97633113383233,23.113738741825244,270597600
2016-01-05,23.13627052307129,23.843581164379312,23.06869409127937,23.82105568711534,223164000
2016-01-06,22.683494567871094,23.059676977036663,22.496531613200904,22.65195856498295,273829600
2016-01-07,21.726146697998047,22.555096713640157,21.721642291419773,22.2284731013443,324377600
2016-01-08,21.841032028198242,22.325337438994353,21.7959810814847,22.199193413329677,283192000
2016-01-11,22.19468879699707,22.314075360632692,21.926631005645223,22.293802948807883,198957600
2016-01-12,22.516807556152344,22.681246784383312,22.264517774858547,22.64971077654453,196616800
2016-01-13,21.93789291381836,22.793874642374632,21.91762050355392,22.597899416901196,249758400
2016-01-14,22.41769027709961,22.633939612925026,21.56621474715147,22.066288113904072,252680400
2016-01-15,21.879322052001953,22.00997218287025,21.480615908897953,21.66983191753492,319335600
2016-01-19,21.77345848083496,22.22172181853563,21.51215814338778,22.167660331630024,212350800
2016-01-20,21.802738189697266,22.118099967207257,21.043617548233343,21.42205133752865,289337600
2016-01-21,21.692359924316406,22.048266485215724,21.386008711417897,21.863554876137204,208646000
2016-01-22,22.845687866210938,22.85469840108571,22.158651338201818,22.217217237012118,263202000
2016-01-25,22.399667739868164,22.870456380223203,22.34785761669965,22.868203317846383,207178000
2016-01-26,22.52356719970703,22.72404686256047,22.09107186311873,22.510052257496053,300308000
2016-01-27,21.043615341186523,21.76669377517496,21.02559427725693,21.633792295506485,533478800
2016-01-28,21.194541931152344,21.29140302003716,20.811603701747394,21.126965506389833,222715200
2016-01-29,21.926626205444336,21.926626205444336,21.253104857792184,21.352218987904827,257666000
2016-02-01,21.721643447875977,21.78471545482899,21.48962782862026,21.73065398009545,163774000
2016-02-02,21.28238868713379,21.633790816826192,21.237336030389166,21.494130158792558,149428800
2016-02-03,21.70362663269043,21.814002666468223,21.19229128885224,21.399528414724234,183857200
2016-02-04,21.878009796142578,22.043341274884668,21.558673279542926,21.710414757132185,185886800
2016-02-05,21.29369354248047,21.950487266896594,21.218956298789394,21.859894731130765,185672400
2016-02-08,21.51791000366211,21.67418035345721,21.071743199945878,21.092125612911335,216085600
2016-02-09,21.513376235961914,21.728533687948552,21.273307525570605,21.354840621157955,177324800
2016-02-10,21.350318908691406,21.821398828125623,21.311817633098723,21.72401213062633,169374400
2016-02-11,21.221227645874023,21.45223878323419,20.969834087640063,21.24161179465735,200298800
2016-02-12,21.28689956665039,21.402405093828406,21.06494966663968,21.332196698832412,161405600
2016-02-16,21.88707160949707,21.934632298950824,21.42731655020201,21.5201726406854,196231600
2016-02-17,22.222267150878906,22.242649566362235,21.77610029204698,21.893869391071842,179452800
2016-02-18,21.801013946533203,22.39665705404077,21.762510947381458,22.38533233760041,156084000
2016-02-19,21.751184463500977,21.91425067774679,21.69682963472199,21.742125037386337,141496800
2016-02-22,21.941425323486328,21.945955900104785,21.724004299335455,21.8123315363996,137123200
2016-02-23,21.4454402923584,21.85536946725895,21.41373315882516,21.832721761579375,127770400
2016-02-24,21.764772415161133,21.82818666911204,21.135156996778832,21.284634933584957,145022800
2016-02-25,21.91425132751465,21.91425132751465,21.57226532515957,21.753450397006887,110330800
2016-02-26,21.948223114013672,22.199614845314983,21.873484144430357,22.013900929565107,115964400
2016-02-29,21.89839744567871,22.24717758078485,21.889338019426862,21.9368987113174,140865200
2016-03-01,22.768081665039062,22.82243649472265,22.063727256060517,22.115818525109407,201628400
2016-03-02,22.81790542602539,22.849612550915705,22.566511987317377,22.76355060162895,132678400
2016-03-03,22.987764358520508,23.035325042947726,22.74995920847582,22.779402771151197,147822800
2016-03-04,23.329755783081055,23.497350862041575,22.958327917325843,23.184808407562386,184220400
2016-03-07,23.071563720703125,23.288984742123198,22.865465684869566,23.18933279267324,143315600
2016-03-08,22.881322860717773,23.046654373151963,22.738640778851057,22.824702740117004,126247600
2016-03-09,22.901704788208008,23.005885592690777,22.70919501445261,22.944734900725788,108806800
2016-03-10,22.91302490234375,23.155358895590112,22.68201562186655,22.967381450145442,134054400
2016-03-11,23.159894943237305,23.164423792669737,22.987769290352173,23.155364365895892,109632800
2016-03-14,23.21878433227539,23.307113333053255,23.051189215538997,23.080632791768085,100304400
2016-03-15,23.68532943725586,23.82121738210756,23.519997923615165,23.54491091509402,160270800
2016-03-16,24.00012969970703,24.077132210915895,23.687585623155126,23.692116199054723,153214000
2016-03-17,23.96163558959961,24.113377097226152,23.771391086978394,23.898219603453242,137682800
2016-03-18,23.98880958557129,24.120168665301076,23.82347981962583,24.08393096279268,176820800
2016-03-21,23.986539840698242,24.38061525037524,23.81214896617975,23.99106868838975,142010800
2016-03-22,24.16999053955078,24.29908430898353,23.82800462379058,23.837064047879885,129777600
2016-03-23,24.036375045776367,24.2492672705037,23.984285497965914,24.11564460377253,102814000
2016-03-24,23.932191848754883,24.06355094153387,23.755537351249522,23.88689644402851,104532000
2016-03-28,23.823484420776367,24.04996492146888,23.79404084982452,24.00693307340639,77645600
2016-03-29,24.387414932250977,24.41232791999096,23.75326898090197,23.755534269217073,124760400
2016-03-30,24.813199996948242,25.007973341395775,24.595778950848203,24.607103665628895,182404400
2016-03-31,24.684106826782227,24.890204891270198,24.659193835956014,24.849438336091747,103553600
2016-04-01,24.910579681396484,24.912844969298952,24.50517954227434,24.636538594083206,103496000
2016-04-04,25.166515350341797,25.408849431326896,24.974005531017948,25.007977953716814,149424800
2016-04-05,24.869823455810547,25.07818683156625,24.78149619796451,24.801880341726193,106314800
2016-04-06,25.13027572631836,25.13480630388501,24.7316695679972,24.96494593122594,105616400
2016-04-07,24.582183837890625,25.007966385416278,24.487062480662832,24.901520316557768,127207600
2016-04-08,24.60936164855957,24.860753308555065,24.49838500596205,24.665981749836867,94326800
2016-04-11,24.690900802612305,25.051005658976695,24.64787068702946,24.679577815525835,117630000
2016-04-12,25.012500762939453,25.02608903663491,24.609365849493436,24.76337089246503,108929200
2016-04-13,25.37487030029297,25.442813399819443,25.094035020850985,25.094035020850985,133029200
2016-04-14,25.388460159301758,25.454139702479686,25.214070958932584,25.279750502110513,101895600
2016-04-15,24.87887954711914,25.433757741234675,24.8517029962933,25.390725898548595,187756000
2016-04-18,24.342119216918945,24.675044022744533,24.21981956812419,24.66145574884801,243286000
2016-04-19,24.213029861450195,24.459892764585337,24.059023060112374,24.432714483910782,129539600
2016-04-20,24.262853622436523,24.48027467966977,24.020519573737165,24.15187866912047,122444000
2016-04-21,24.00012969970703,24.217550689360117,23.898212476867243,24.217550689360117,126210000
2016-04-22,23.93445587158203,24.115640936723352,23.69438712899229,23.782714373073755,134732400
2016-04-25,23.79856300354004,23.927656774123356,23.669469232956722,23.780444155199945,112126400
2016-04-26,23.633235931396484,23.848393407654267,23.533585702810786,23.533585702810786,224064800
2016-04-27,22.154315948486328,22.355883396183575,21.66964795875265,21.742121628397634,458408400
2016-04-28,21.47714614868164,22.16791063433047,21.345787044478975,22.106761659841137,328970800
2016-04-29,21.23027992248535,21.452231555372222,20.95170989694444,21.286900043048345,274126000
2016-05-02,21.207637786865234,21.3072897781457,20.926802398967762,21.282376780325585,192640400
2016-05-03,21.556407928466797,21.683236419465825,21.216687275083462,21.334456341309902,227325200
2016-05-04,21.33219337463379,21.719474722918175,21.24839498908705,21.560937376849367,164102000
2016-05-05,21.245607376098633,21.434731072238087,21.11800668397035,21.41878098572205,143562000
2016-05-06,21.127117156982422,21.293453492797425,20.928878915913128,21.275226067774742,174799600
2016-05-09,21.1430721282959,21.366373347698225,21.097499209131772,21.1909223895964,131745600
2016-05-10,21.286623001098633,21.320802256007195,20.988127767650703,21.26611649121097,134747200
2016-05-11,21.07927131652832,21.32080169828695,21.067877652380467,21.300295188935703,114876400
2016-05-12,20.584819793701172,21.140797351688654,20.386583204873755,21.127126342370754,305258800
2016-05-13,20.625829696655273,20.887868323514734,20.50734358750293,20.50734358750293,177571200
2016-05-16,21.391433715820312,21.507642463277467,20.883308372958975,21.05192379387707,245039200
2016-05-17,21.302574157714844,21.57828381454151,21.193202622631627,21.54410629634626,187667600
2016-05-18,21.546382904052734,21.694491852089957,21.39371753322122,21.45524054073366,168249600
2016-05-19,21.464357376098633,21.564616080500596,21.320806562601753,21.564616080500596,121768400
2016-05-20,21.6967716217041,21.744621885494894,21.53726900397226,21.564612756893798,128104000
2016-05-23,21.97247886657715,22.145652472550694,21.7993052606036,21.844878177138224,152074400
2016-05-24,22.307430267333984,22.350722360838052,22.065898179024362,22.152485842890183,140560800
2016-05-25,22.699350357055664,22.726692368008063,22.35528223232984,22.48288291925164,152675200
2016-05-26,22.879362106323242,22.95227704133742,22.476050013878265,22.713023987281645,225324800
2016-05-27,22.865686416625977,22.893030165646426,22.61504146843989,22.658335303115027,145364800
2016-05-31,22.75403594970703,22.877080213373,22.51706200543505,22.694792029031795,169228800
2016-06-01,22.435035705566406,22.681124268100326,22.40541461020609,22.56263640980064,116693200
2016-06-02,22.266416549682617,22.29375855981205,22.018048947623726,22.23907280112426,160766400
2016-06-03,22.31198501586914,22.391735433109687,22.204890853390957,22.28236392901657,114019600
2016-06-06,22.47376823425293,23.216590240671206,22.227681444651946,22.327938381737916,93170000
2016-06-07,22.564916610717773,22.75631941500039,22.548966521896663,22.61504595799249,89638000
2016-06-08,22.544404983520508,22.68567667004546,22.485161064871615,22.56263241058802,83392400
2016-06-09,22.706186294555664,22.783657644976127,22.435033091226014,22.44414767452766,106405600
2016-06-10,22.519344329833984,22.637830449824023,22.43959388960711,22.450985816251396,126851600
2016-06-13,22.179824829101562,22.585415869010873,22.125139080405937,22.487436294282386,152082000
2016-06-14,22.207172393798828,22.439589907996815,22.04539246135026,22.175272223368346,127727600
2016-06-15,22.134258270263672,22.423640633323316,22.10919360138673,22.289202705853434,117780800
2016-06-16,22.22768211364746,22.273253292019113,21.890449483038555,21.977035417316305,125307200
2016-06-17,21.721837997436523,22.02261234944432,21.715002493277378,22.015776845285174,244032800
2016-06-20,21.669424057006836,22.00437758305134,21.653473971882285,21.874497821771726,137647600
2016-06-21,21.85399627685547,21.95425323250543,21.573728444965415,21.632972376778547,142185600
2016-06-22,21.771961212158203,22.077291901443324,21.726388299887315,21.931462059034185,116876400
2016-06-23,21.89728546142578,21.940579298719243,21.70360534149718,21.86082886562265,128960800
2016-06-24,21.28207015991211,21.569173515659553,21.111175595038773,21.170419530955098,301245600
2016-06-27,20.972177505493164,21.202315965632827,20.849133231906485,21.190922301282,181958400
2016-06-28,21.32535743713379,21.341309261800948,20.994962048588413,21.16813565519468,161779600
2016-06-29,21.509929656982422,21.544108917765705,21.334476929561966,21.411950036566033,146124000
2016-06-30,21.783353805541992,21.822089478340487,21.487137689611927,21.51903785996703,143345600
2016-07-01,21.849443435668945,21.981602339421965,21.72184269462725,21.758299304169284,104106000
2016-07-05,21.644359588623047,21.737782758376927,21.5235944089345,21.735503678072735,110820800
2016-07-06,21.767406463623047,21.79702929584953,21.503090484737402,21.555497169027284,123796400
2016-07-07,21.860824584960938,21.988425252929453,21.787909669203398,21.806137094321244,100558400
2016-07-08,22.02943992614746,22.077290176471557,21.885889175175173,21.98614609748002,115648400
2016-07-11,22.09780502319336,22.25047040152665,22.040840174105185,22.045396597123375,95179600
2016-07-12,22.198060989379883,22.261861339375837,22.12970421656814,22.141096142822185,96670000
2016-07-13,22.07273292541504,22.255019338119848,22.0658956855439,22.195777166665824,103568800
2016-07-14,22.51023292541504,22.55580411528833,22.175279290715043,22.191229381013642,155676000
2016-07-15,22.507951736450195,22.62643960051111,22.444151381230917,22.539851914059835,120548000
2016-07-18,22.747203826904297,22.81556060236729,22.46693600606127,22.48972159788227,145975600
2016-07-19,22.756319046020508,22.785940142371054,22.635552102985354,22.685681449447255,95119600
2016-07-20,22.776823043823242,22.89075273196067,22.72669370289412,22.785937627485726,105104000
2016-07-21,22.656057357788086,23.013796501190217,22.587698851026794,22.74720145399346,130808000
2016-07-22,22.480606079101562,22.62643593553281,22.40085390956624,22.617321352202232,113254800
2016-07-25,22.179824829101562,22.52161380069927,22.084124334277067,22.387177639649902,161531600
2016-07-26,22.02716064453125,22.323378463935835,21.97019581298642,22.061339891143888,224959200
2016-07-27,23.4581298828125,23.777133463227504,23.412558687794494,23.75890428984844,369379200
2016-07-28,23.77484703063965,23.79991170167832,23.428501535677558,23.43078061625265,159479200
2016-07-29,23.74523162841797,23.82270474067875,23.62446640542836,23.740675204604763,110934800
2016-08-01,24.16448402404785,24.187269610665414,23.790794840547626,23.790794840547626,152671600
2016-08-02,23.806747436523438,24.16904299572096,23.697374175420425,24.164486573288297,135266400
2016-08-03,24.105243682861328,24.116635608645094,23.872826144980184,23.88194072866465,120810400
2016-08-04,24.254159927368164,24.28394149053734,24.1189936837763,24.18772251920903,109634800
2016-08-05,24.62299919128418,24.66194471273675,24.32517659087174,24.345794191224247,162213600
2016-08-08,24.826885223388672,24.826885223388672,24.549682052499616,24.63215417756125,112148800
2016-08-09,24.92769432067871,24.957477631510976,24.744420340400605,24.794821253027322,105260800
2016-08-10,24.742122650146484,24.94830735513366,24.687140644765385,24.9047789874568,96034000
2016-08-11,24.72608757019043,24.95518131150681,24.70775965140195,24.861252038600757,109938000
2016-08-12,24.783357620239258,24.84292247424229,24.69171978666066,24.69171978666066,74641600
2016-08-15,25.0811824798584,25.09492754442996,24.760450906365758,24.774195970937317,103472800
2016-08-16,25.05827522277832,25.253006320033588,25.019329702465953,25.115548663654174,135177600
2016-08-17,25.02161979675293,25.055984209017407,24.820016176986197,24.994127917372026,101424000
2016-08-18,24.989547729492188,25.108675715492865,24.975800915373384,25.02391214301918,87938800
2016-08-19,25.053691864013672,25.12929321865578,24.8245981211078,24.918525646819003,101472400
2016-08-22,24.858963012695312,24.99412748465648,24.70776030048799,24.939145474693174,103280800
2016-08-23,24.936853408813477,25.044527746957115,24.86354348145878,24.877288546635743,85030800
2016-08-24,24.749004364013672,24.913952189197687,24.66882187895119,24.872715232901683,94700400
2016-08-25,24.64361572265625,24.71463422902995,24.439722415840986,24.602378775893236,100344800
2016-08-26,24.49928855895996,24.73067201043777,24.354958363848603,24.606962911552,111065200
2016-08-29,24.471790313720703,24.613829044778868,24.350370925679744,24.4259722703323,99881200
2016-08-30,24.283937454223633,24.398484329007708,24.16939057943956,24.238119403448643,99455600
2016-08-31,24.306842803955078,24.41451712962516,24.201459904831218,24.20604275792366,118649600
2016-09-01,24.451171875,24.467208364417324,24.196877722920807,24.31600568032861,106806000
2016-09-02,24.680274963378906,24.742129518121565,24.471798773843027,24.673400681432458,107210000
2016-09-06,24.67339324951172,24.810850881486054,24.629866630709817,24.719213042785295,107521600
2016-09-07,24.82459259033203,24.916230416647313,24.52906151808449,24.703173213298903,169457200
2016-09-08,24.17397117614746,24.574885229446362,24.109825207275087,24.570304123604007,212008000
2016-09-09,23.626434326171875,24.21978796010266,23.626434326171875,23.972366327084888,186228000
2016-09-12,24.1556453704834,24.219791340326505,23.488981724228417,23.51647360323829,181171200
2016-09-13,24.73066520690918,24.923104831500968,24.568008883132496,24.629865163405185,248704800
2016-09-14,25.605812072753906,25.89447073680145,24.87958517982304,24.909368491067717,443554800
2016-09-15,26.476362228393555,26.513018064052147,25.999846851910497,26.084612160986165,359934400
2016-09-16,26.32745361328125,26.604656844016898,26.125851740340764,26.37327341248133,319547600
2016-09-19,26.020469665527344,26.616113091620228,25.944868305287013,26.389310758745914,188092000
2016-09-20,26.018178939819336,26.144181210282788,25.775340107122563,25.899050950528483,138057200
2016-09-21,26.01358985900879,26.11438989663228,25.75929571682569,26.08231691904578,144012800
2016-09-22,26.25872039794922,26.33203031168562,26.11668167540222,26.19686412045044,124296000
2016-09-23,25.8211612701416,26.297676780372424,25.555413378412794,26.212911447504933,209924800
2016-09-26,25.860105514526367,25.976943832886214,25.555412112457752,25.57602971389645,119477600
2016-09-27,25.9082088470459,25.928828191435294,25.73638855113548,25.887591250502936,98429600
2016-09-28,26.1052303314209,26.263305567441613,25.98610235860507,26.045667218936227,118564400
2016-09-29,25.69973373413086,26.070866191988394,25.612678749231804,25.924246350133995,143548000
2016-09-30,25.899044036865234,25.972353952515935,25.612676905753705,25.763877842100538,145516400
2016-10-03,25.77762222290039,25.899043351469228,25.722640224578978,25.821150584988203,86807200
2016-10-04,25.887588500976562,26.18770069331425,25.80282320143898,25.90133356387867,118947200
2016-10-05,25.899044036865234,26.03879133667536,25.81657016327741,25.97922648400721,85812400
2016-10-06,26.091487884521484,26.194579376189363,25.917376139540035,26.047959511314456,115117200
2016-10-07,26.130434036254883,26.24498091770134,26.0044335153718,26.18770747697811,97433600
2016-10-10,26.586332321166992,26.746697258697147,26.281637192012965,26.35036427330586,144944000
2016-10-11,26.643606185913086,27.191140157120522,26.62069541060492,26.964336066066327,256164000
2016-10-12,26.881858825683594,27.028480428464434,26.74669435697869,26.88415025249878,150347200
2016-10-13,26.799379348754883,26.90476223139379,26.51072082370723,26.755850990417443,140769600
2016-10-14,26.948291778564453,27.07200258849478,26.833744926537804,27.005565204577774,142608800
2016-10-17,26.929973602294922,26.996409258081005,26.753570419030886,26.879572692790912,94499600
2016-10-18,26.911638259887695,27.081167115049958,26.9070554069165,27.07429458343945,98214000
2016-10-19,26.831459045410156,26.978078896927713,26.0708679102204,26.861240601927424,80138400
2016-10-20,26.81771469116211,26.89102462364147,26.650477226996685,26.771896638805003,96503200
2016-10-21,26.712331771850586,26.783352025203126,26.639021839372905,26.76044125117844,92770800
2016-10-24,26.952878952026367,26.973496549729994,26.803967670951774,26.826876695460204,94154800
2016-10-25,27.09033966064453,27.11554011643567,26.8749909467373,27.021610827060186,192516000
2016-10-26,26.480945587158203,26.50614603935615,25.95861211950365,26.187705868323828,264536800
2016-10-27,26.22665023803711,26.542798947275006,26.139593504476434,26.43512461756348,138248000
2016-10-28,26.05254554748535,26.39389479823127,25.990689246651762,26.08690996485436,151446800
2016-10-31,26.011301040649414,26.16937626592226,25.933408267382227,26.036501489543532,105677600
2016-11-01,25.541662216186523,26.063995697126007,25.32173242146709,25.99297719249639,175303200
2016-11-02,25.564573287963867,25.738685044826394,25.482101137709808,25.52104665963332,113326800
2016-11-03,25.290550231933594,25.665889635814263,25.226074923961,25.555361038381356,107730400
2016-11-04,25.062585830688477,25.387267372329607,24.894489715353398,24.991202693230072,123348000
2016-11-07,25.424102783203125,25.447129423904983,25.205345304485295,25.34811328774893,130240000
2016-11-08,25.57378387451172,25.72576290730673,25.26061655555887,25.40108138641951,97016800
2016-11-09,25.532337188720703,25.63365655178101,24.880674418259332,25.30206718672597,236705600
2016-11-10,24.82080078125,25.580690643591737,24.36947184170158,25.580690643591737,228538000
2016-11-11,24.968170166015625,25.069489503833324,24.53526330257498,24.6665171007387,136575600
2016-11-14,24.341840744018555,24.82540737785127,23.966501287964054,24.80238072992031,204702000
2016-11-15,24.664213180541992,24.795466974827097,24.44545744234022,24.539867203300282,129058000
2016-11-16,25.327388763427734,25.382654810784636,24.54677385191776,24.569800493239743,235362000
2016-11-17,25.318178176879883,25.410286500520794,25.06027697886951,25.285940527128584,110528000
2016-11-18,25.343507766723633,25.454038105396624,25.251401200786297,25.26521683431287,113715600
2016-11-21,25.728063583374023,25.787932508481216,25.331998968318366,25.35732880464079,117058400
2016-11-22,25.744184494018555,25.886950757404758,25.65207615055681,25.778723585598748,103862000
2016-11-23,25.612930297851562,25.67740561027784,25.405686967323877,25.642864762386477,109705600
2016-11-25,25.741870880126953,25.76029289272484,25.54844326148879,25.58989191142412,45903600
2016-11-28,25.691213607788086,25.898456876694922,25.649764954006717,25.65897596116035,108776000
2016-11-29,25.665889739990234,25.7971435479873,25.345814633526857,25.50930609564107,114115200
2016-11-30,25.449434280395508,25.836287869395303,25.391866792489708,25.698126249785442,144649200
2016-12-01,25.21225929260254,25.546151813381687,25.10633531398931,25.414897996750025,148347600
2016-12-02,25.306673049926758,25.350423154767572,25.06488885007847,25.138575178927937,106112000
2016-12-05,25.124757766723633,25.33660572760053,24.926725442523757,25.32969790926202,137298000
2016-12-06,25.318178176879883,25.41258969173736,25.143174294464316,25.214557410796452,104782000
2016-12-07,25.56687355041504,25.6037175875377,25.136269846671315,25.159296491462786,119994800
2016-12-08,25.81787109375,25.889254226207107,25.467859736213335,25.52773042362734,108273200
2016-12-09,26.239261627197266,26.411964099750527,25.86161902775977,25.86161902775977,137610400
2016-12-12,26.08959197998047,26.481050281412198,25.903072083360275,26.087288788046205,105497600
2016-12-13,26.524795532226562,26.692891608292033,26.193206249175397,26.213929700955966,174935200
2016-12-14,26.524795532226562,26.75736691181415,26.476439054584976,26.490254689105356,136127200
2016-12-15,26.66986846923828,26.8794149900372,26.534010027083767,26.568549117922718,186098000
2016-12-16,26.704404830932617,26.82644761625008,26.63071852148697,26.819539799242705,177404400
2016-12-19,26.858686447143555,27.02908571582107,26.653746335091068,26.66526053515615,111117600
2016-12-20,26.930068969726562,27.056718140345637,26.867896858490077,26.881712492804798,85700000
2016-12-21,26.955406188964844,27.03369890411242,26.89093086873785,26.895537252651614,95132800
2016-12-22,26.778093338012695,26.82875300931792,26.628417515561896,26.79190897316127,104343600
2016-12-23,26.831052780151367,26.831052780151367,26.616901664526413,26.616901664526413,56998000
2016-12-27,27.001453399658203,27.12579937689471,26.824144563724218,26.831052380767325,73187600
2016-12-28,26.886323928833008,27.176462844896196,26.75737154265103,27.061327852446198,83623600
2016-12-29,26.879417419433594,26.966919385501626,26.80342789907889,26.81494034479222,60158000
2016-12-30,26.66986846923828,26.987640402700062,26.580063319416027,26.8609929703761,122345200
2017-01-03,26.745851516723633,26.787300172530355,26.425776468979528,26.665257396216138,115127600
2017-01-04,26.71591567993164,26.828749207054972,26.653743573753964,26.676770214678285,84472400
2017-01-05,26.851781845092773,26.909349338670825,26.66756516291481,26.692895000634792,88774400
2017-01-06,27.1511287689209,27.20869625243724,26.819539501684314,26.890922619062124,127007600
2017-01-09,27.399824142456055,27.50114349478166,27.15804172007064,27.160343154935852,134247600
2017-01-10,27.427453994750977,27.489626108498722,27.24093589668743,27.349161297891264,97848400
2017-01-11,27.5748291015625,27.61627776672702,27.310018282834758,27.342255938316,110354400
2017-01-12,27.45969581604004,27.471210018062205,27.220214819907678,27.379101672346597,108344800
2017-01-13,27.411340713500977,27.54489773368931,27.35837784107434,27.427459543053317,104447600
2017-01-17,27.63239288330078,27.687657177157718,27.222512669956387,27.250143938474743,137759200
2017-01-18,27.63009262084961,27.747530794962067,27.565617311711918,27.63239581241036,94852000
2017-01-19,27.58173370361328,27.653116824309897,27.487323939803588,27.494231757055484,102389200
2017-01-20,27.63239288330078,27.736013653885067,27.570220772314254,27.736013653885067,130391600
2017-01-23,27.650819778442383,27.818915880985873,27.57943488959548,27.63239775829992,88200800
2017-01-24,27.62548828125,27.65542274456876,27.51726111543693,27.52877531653976,92844000
2017-01-25,28.065303802490234,28.11596347786842,27.69687219540411,27.729109851222866,129510400
2017-01-26,28.079124450683594,28.19425945104648,28.000831736890078,28.016950566668054,105350400
2017-01-27,28.0814208984375,28.173529233733234,28.00082676386137,28.125172752987556,82251600
2017-01-30,28.007726669311523,28.007726669311523,27.78436634710621,27.846538445695344,121510000
2017-01-31,27.943256378173828,27.952467386430914,27.775160308737572,27.8972030937086,196804000
2017-02-01,29.647253036499023,30.047923973514425,29.246583856303737,29.251188481832827,447940000
2017-02-02,29.596599578857422,29.794631897723733,29.423897097763813,29.469952146814403,134841600
2017-02-03,29.72324562072754,29.748575455818408,29.511397687986015,29.54593677509147,98029200
2017-02-06,30.001873016357422,30.050231256335138,29.68179789677811,29.734762520001542,107383600
2017-02-07,30.287410736083984,30.416361365033605,30.03871873154924,30.05944218685019,152735200
2017-02-08,30.404842376708984,30.4462927944268,30.21602284651169,30.245959064105634,92016400
2017-02-09,30.624542236328125,30.63148000174361,30.323892795787284,30.446464689958976,113399600
2017-02-10,30.55517578125,30.744817537679015,30.538988830436082,30.633809708650592,80262000
2017-02-13,30.82575225830078,30.948327712231414,30.700868920481543,30.777187888155584,92141600
2017-02-14,31.225845336914062,31.242032282112998,30.816499477718178,30.867378783556042,132904800
2017-02-15,31.339170455932617,31.51493664705215,31.13334178123319,31.341485397736633,142492400
2017-02-16,31.302167892456055,31.42936264279203,31.18421879315438,31.37617191834929,90338400
2017-02-17,31.387725830078125,31.41316547764519,31.244340650449203,31.244340650449203,88792800
2017-02-21,31.614370346069336,31.625934464811078,31.4478569170343,31.50567398186942,98028800
2017-02-22,31.70920181274414,31.711513225718168,31.477933475849756,31.55193750864108,83347600
2017-02-23,31.57506561279297,31.79476982608597,31.52187488362987,31.771645109824725,83152800
2017-02-24,31.605133056640625,31.605133056640625,31.2859816094627,31.431681796891738,87106400
2017-02-27,31.667558670043945,31.78550773189387,31.51723572435573,31.71612655354803,81029600
2017-02-28,31.68144416809082,31.785514192325238,31.61437438813764,31.702257467162898,93931600
2017-03-01,32.32899475097656,32.41225148179693,31.822520128099818,31.8895863837367,145658400
2017-03-02,32.13703918457031,32.442311454867365,32.09078270915152,32.377556623929394,104844000
2017-03-03,32.32668685913086,32.338250981396506,32.051476982031915,32.095418529316575,84432400
2017-03-06,32.22492980957031,32.324377031281756,32.053793495595706,32.23186757749497,87000000
2017-03-07,32.26654815673828,32.37292957863088,32.0977197885904,32.16016320597213,69785200
2017-03-08,32.14628982543945,32.33130514891458,32.104663230316284,32.134725706058425,74828800
2017-03-09,32.072303771972656,32.09774344010522,31.69533863548709,32.08618284185272,88623600
2017-03-10,32.17868423461914,32.22956356366392,32.063050037494754,32.20412389914153,78451200
2017-03-13,32.19255447387695,32.24574520771233,32.10467489816524,32.11161266654051,69686800
2017-03-14,32.14398193359375,32.296616327969346,32.109289571651075,32.215674541184775,61236400
2017-03-15,32.48394775390625,32.551014009818594,32.15323224191797,32.24111532727662,102767200
2017-03-16,32.53715133666992,32.6134703311406,32.43770409095031,32.54408910626947,76928000
2017-03-17,32.3752555847168,32.60883533337657,32.352127339597125,32.60883533337657,175540000
2017-03-20,32.715213775634766,32.72446295450743,32.43075123884514,32.47006642458355,86168000
2017-03-21,32.34055709838867,33.025112795244745,32.31511744511997,32.865537109184174,158119600
2017-03-22,32.705963134765625,32.74759326450858,32.32205690311891,32.34287373242752,103440800
2017-03-23,32.590328216552734,32.742966140564654,32.51863560860373,32.66895859115008,81385200
2017-03-24,32.525569915771484,32.77996642873326,32.45850366901273,32.724460772576016,89582400
2017-03-27,32.58108139038086,32.65971177065704,32.058412739296315,32.23649033017133,94300400
2017-03-28,33.25639724731445,33.31189940587128,32.52096188655429,32.58803169997819,133499200
2017-03-29,33.33039855957031,33.415970261765054,33.11532065510559,33.22863990542014,116760000
2017-03-30,33.28645324707031,33.41827790567941,33.187009546470556,33.34658527894468,84829200
2017-03-31,33.22400665283203,33.36508046474853,33.073680132236916,33.237882186975554,78646800
2017-04-03,33.23324966430664,33.33038191415727,33.082926700486944,33.23556460548382,79942800
2017-04-04,33.480716705322266,33.50846777533685,33.11068597037959,33.129187860014184,79565600
2017-04-05,33.3072624206543,33.640289345938676,33.25869452368603,33.35351537608284,110871600
2017-04-06,33.22400665283203,33.42289754292948,33.1754387544553,33.36970329021344,84596000
2017-04-07,33.149993896484375,33.34425840175549,33.13380695214871,33.24018838313695,66688800
2017-04-10,33.11068344116211,33.274885493579646,33.04824000952453,33.21013064924229,75733600
2017-04-11,32.754539489746094,33.152321357737605,32.39144646476976,33.05750048166255,121517600
2017-04-12,32.79385757446289,32.87479939158076,32.611153574835186,32.74760460341332,81400000
2017-04-13,32.62038803100586,32.927975233219755,32.62038803100586,32.819278871201554,71291600
2017-04-17,32.80078887939453,32.81235300209678,32.5787697216858,32.71984354935364,66328400
2017-04-18,32.65508270263672,32.849347224425514,32.63426940291809,32.70365059752099,58790000
2017-04-19,32.53482437133789,32.840100236409285,32.4816336477722,32.81234916826621,69313600
2017-04-20,32.94185256958008,33.05286034983566,32.645829469649385,32.65970500107212,93278400
2017-04-21,32.90254211425781,32.99735943555886,32.805409851471275,32.94185730189468,69283600
2017-04-24,33.21937561035156,33.2910682125583,33.11299064880763,33.186998192294524,68537200
2017-04-25,33.42521667480469,33.510784841033605,33.27257870622726,33.281831417042675,75486000
2017-04-26,33.2286262512207,33.441396183672424,33.15924858724086,33.411330176698456,80164800
2017-04-27,33.254058837890625,33.33963048673875,33.14305107023772,33.28412483847564,56985200
2017-04-28,33.221710205078125,33.37203680935701,33.13383059695688,33.3234688839435,83441600
2017-05-01,33.899314880371094,34.042700126921005,33.52466128577298,33.55703871334473,134411600
2017-05-02,34.114383697509766,34.248519727248016,33.95943436890024,34.12132146380019,181408800
2017-05-03,34.01032638549805,34.109773620952154,33.36508917721564,33.670361594710705,182788000
2017-05-04,33.88775634765625,34.02883020439361,33.72124282728181,33.88544493418944,93487600
2017-05-05,34.44972610473633,34.45434892975689,33.9409330425496,33.9409330425496,109310800
2017-05-08,35.3863639831543,35.54593968681708,34.465917067774505,34.465917067774505,195009600
2017-05-09,35.6130256652832,35.81885442023473,35.488138740913115,35.58527105493648,156521600
2017-05-10,35.444183349609375,35.60144765064016,35.178226178926415,35.529755032223434,103222800
2017-05-11,35.75071716308594,35.778586322509284,35.36987172307813,35.40238278953829,109020400
2017-05-12,36.249996185302734,36.32430567087355,35.91791559499993,35.92488199853969,130108000
2017-05-15,36.157108306884766,36.377719374463794,36.0061648247098,36.229096845874075,104038800
2017-05-16,36.10369110107422,36.240701748573535,35.92952394269511,36.21283613713365,80194000
2017-05-17,34.891483306884766,35.89468772244948,34.76608452665892,35.66943127386498,203070800
2017-05-18,35.42327880859375,35.60905783309512,35.09584721998728,35.128358283517,134272800
2017-05-19,35.54404067993164,35.757685347800766,35.44418652206005,35.61835371750733,107843200
2017-05-22,35.76001739501953,35.89702810060654,35.509216155409966,35.762338349143555,91865600
2017-05-23,35.71587371826172,35.97131671775423,35.602083250330374,35.97131671775423,79675600
2017-05-24,35.60906982421875,35.801815316993704,35.45348085754433,35.72518131070188,76712000
2017-05-25,35.73214340209961,35.8436129669423,35.5370769787863,35.69963233154739,76942400
2017-05-26,35.67174530029297,35.81804680168177,35.60207774994407,35.76231205271489,87710400
2017-05-30,35.685691833496094,35.862179957978796,35.606736899657,35.62763610977203,80507600
2017-05-31,35.474361419677734,35.80179648979682,35.38611914589491,35.755352628315414,97804800
2017-06-01,35.571903228759766,35.6067387909086,35.34897122214482,35.569582275325985,65616400
2017-06-02,36.09904861450195,36.09904861450195,35.504558565386986,35.6647929311988,111082800
2017-06-05,35.746070861816406,35.866827767268795,35.63692935400107,35.84128310541234,101326800
2017-06-06,35.86682891845703,36.18265222816433,35.7112399888613,35.7391056050753,106499600
2017-06-07,36.080474853515625,36.2221309800143,35.87379659125762,35.999198955536784,84278400
2017-06-08,35.99221420288086,36.11993391222931,35.85520005346969,36.05259085718083,85003200
2017-06-09,34.59656524658203,36.03867095620318,33.909187474788965,36.03867095620318,259530800
2017-06-12,33.76985549926758,33.925444425377805,33.09408597369239,33.84416853209419,289229200
2017-06-13,34.04155349731445,34.241265329747584,33.707151959897104,34.173922248975565,136661600
2017-06-14,33.70946502685547,34.252865569188764,33.40292920701269,34.252865569188764,126124800
2017-06-15,33.50743103027344,33.55155393551454,33.024410655631954,33.2821781421212,128661600
2017-06-16,33.038352966308594,33.55620904100653,33.02209566246163,33.389008269576124,201444400
2017-06-19,33.98350524902344,34.07639655398497,33.36114945126553,33.36114945126553,130165600
2017-06-20,33.67465591430664,34.10659083553055,33.6584021469157,34.10659083553055,99600400
2017-06-21,33.87434768676758,33.920795093838045,33.581748156797836,33.79307181127359,85063200
2017-06-22,33.818626403808594,34.06710309612845,33.70019044179757,33.85113747224597,76425200
2017-06-23,33.96956253051758,34.17391979838276,33.69786218670951,33.70250763646279,141757600
2017-06-26,33.86274719238281,34.43401357939867,33.760568542753184,34.17624600181138,102769600
2017-06-27,33.37739181518555,33.94169522684023,33.35184715797583,33.67463680265872,99047600
2017-06-28,33.865055084228516,33.93007719192478,33.24502056505684,33.55387734833366,88329600
2017-06-29,33.365779876708984,33.7025058690851,33.04066927982692,33.60497269002048,125997600
2017-06-30,33.44474411010742,33.663034209976,33.389009336702564,33.544598259420724,92096400
2017-07-03,33.323978424072266,33.74198025584956,33.23109070298372,33.64444708567476,57111200
2017-07-05,33.46097946166992,33.62353469869996,33.14283538752267,33.368091767206586,86278400
2017-07-06,33.14517593383789,33.32398857199731,33.070866443025984,33.2125225640592,96515200
2017-07-07,33.48188781738281,33.614256538801015,33.18464286168929,33.18464286168929,76806800
2017-07-10,33.686256408691406,33.89293466698357,33.2937991046057,33.46564534206682,84362400
2017-07-11,33.7953987121582,33.86971174179813,33.528343791700344,33.609619681498685,79127200
2017-07-12,33.84416198730469,33.946337072521985,33.63051737440347,33.874348550542635,99538000
2017-07-13,34.315589904785156,34.48279072975798,33.774509949448294,33.788442760955796,100797600
2017-07-14,34.61050796508789,34.67785460697006,34.213408692796655,34.3620312435945,80528400
2017-07-17,34.73124313354492,35.042420850642074,34.50134481787771,34.5594005207737,95174000
2017-07-18,34.852012634277344,34.863624487757846,34.524577500704176,34.64765535202909,71475200
2017-07-19,35.0703010559082,35.16318879245551,34.821820868312145,34.94489871378533,83692000
2017-07-20,34.912391662597656,35.23750586474434,34.877559643250706,35.1817710903488,68974800
2017-07-21,34.8961296081543,34.93560706851231,34.57333997963682,34.83110749186586,105010400
2017-07-24,35.31878662109375,35.4000660686827,34.810217807955894,34.968131252101045,85972800
2017-07-25,35.4697265625,35.72516962312926,35.25143647237522,35.25143647237522,75415600
2017-07-26,35.63692855834961,35.74607006372819,35.544037270290794,35.611383897063476,63124000
2017-07-27,34.9634895324707,35.76001615615087,34.20644393162103,35.704281368132484,129905200
2017-07-28,34.71733093261719,34.886852693502604,34.64534238525931,34.80789774113855,68854800
2017-07-31,34.53851318359375,34.91007126526908,34.39918156054586,34.81021356914964,79383600
2017-08-01,34.84504318237305,34.88452064600083,34.464197808236975,34.62443215930494,141474400
2017-08-02,36.49150466918945,37.09760655177292,36.26392722992396,36.988461510367614,279747200
2017-08-03,36.12691879272461,36.50776421266773,35.99919548713142,36.47060769768784,108389200
2017-08-04,36.31734085083008,36.55188471492229,36.154785522081,36.243031362019245,82239600
2017-08-07,36.87931442260742,36.90485908074103,36.38235760900434,36.47292438903443,87481200
2017-08-08,37.17424392700195,37.58063402025614,36.75392102607237,36.830555011727434,144823600
2017-08-09,37.40182113647461,37.450589506452154,36.94898717285623,36.983819191811335,104526000
2017-08-10,36.21050262451172,37.301571894907305,36.04963902653811,37.278256989530945,163217200
2017-08-11,36.71407699584961,36.96819669849492,36.38535954469906,36.508920736715325,105028400
2017-08-14,37.26660919189453,37.35053788468499,37.01015942021377,37.14304799936353,88490800
2017-08-15,37.67458724975586,37.81446600331374,37.33420885712396,37.45543995609141,117862000
2017-08-16,37.523048400878906,37.88673814928685,37.336539834236234,37.75385315230165,110686400
2017-08-17,36.80265808105469,37.46709365530444,36.79799438919675,37.42279747604051,111762400
2017-08-18,36.7187385559082,37.185008251856246,36.5368936590769,36.80266724347307,109712400
2017-08-21,36.6511344909668,36.80966449509237,36.16154984085042,36.71874203805428,105474000
2017-08-22,37.25028610229492,37.301576053957554,36.83997004634937,36.88892637280111,86418400
2017-08-23,37.29690170288086,37.41113902754948,37.04045557520558,37.0847517532884,77596400
2017-08-24,37.13139724731445,37.474105841624464,36.96353983143378,37.40183103302768,79275600
2017-08-25,37.26893997192383,37.43213366731331,37.131391254192394,37.21998008462911,101920400
2017-08-28,37.6442756652832,37.76783682215001,37.28524608855897,37.3342059607867,103864000
2017-08-29,37.97999954223633,38.028955868971686,37.3015762700593,37.3248911781703,118067600
2017-08-30,38.08258056640625,38.20847182478453,37.9100594904343,38.18749054128076,109078400
2017-08-31,38.23411560058594,38.355346719281485,38.11288448189038,38.15018691185141,107140400
2017-09-01,38.24577331542969,38.45326319213896,38.14785710413093,38.42062445503937,66364400
2017-09-05,37.7864990234375,38.2924012492851,37.4321330356037,38.17583381778042,117874000
2017-09-06,37.746856689453125,37.99864270278832,37.42279945659071,37.933365242740834,86606800
2017-09-07,37.59532165527344,37.823796351489214,37.38550172981959,37.78882399234343,87714000
2017-09-08,36.982181549072266,37.56967879635614,36.958866641662645,37.50207125663692,114446000
2017-09-11,37.65127182006836,37.7794966770566,37.27592463362364,37.41813701003698,126323200
2017-09-12,37.5020637512207,38.224783048013585,37.01481287713145,37.910049647749496,286856000
2017-09-13,37.21997833251953,37.292253126048635,36.81432595984093,37.27126828542117,179629600
2017-09-14,36.90058517456055,37.16169507812137,36.856288982201704,37.066112489582196,95042800
2017-09-15,37.27359390258789,37.52770998723289,36.8352993291783,36.944872972530696,196458400
2017-09-18,36.99151611328125,37.41815342973672,36.8353161488997,37.327230956220404,113077600
2017-09-19,37.0055046081543,37.247966915453084,36.93789704704315,37.187349559950114,83242400
2017-09-20,36.385345458984375,36.895907619878884,35.863122290701426,36.81197895992902,211805600
2017-09-21,35.76054763793945,36.322403372403244,35.61134150486139,36.322403372403244,150046800
2017-09-22,35.41085433959961,35.49944672624575,35.10078454369383,35.32925571428282,186581600
2017-09-25,35.09843826293945,35.396850466334385,34.77438109406429,34.967883368623426,177549200
2017-09-26,35.702266693115234,35.88411157067662,35.364221910846254,35.385203191175236,146640000
2017-09-27,35.95637893676758,36.070616268553735,35.79551535680401,35.856132681053886,102016800
2017-09-28,35.73490524291992,35.96804006499396,35.59968661923437,35.877117626679286,88022000
2017-09-29,35.930728912353516,35.93306253671468,35.43648434795901,35.71857897938585,105199200
2017-10-02,35.85845947265625,36.00766558760655,35.6043434195518,35.963369410810394,74795200
2017-10-03,36.01466751098633,36.156879899456726,35.88178250782671,35.90509385639331,64921200
2017-10-04,35.78153610229492,35.87012848444186,35.54374111446189,35.816508464521334,80655200
2017-10-05,36.22681427001953,36.23847172079551,35.91441451040859,35.94471961360071,85135200
2017-10-06,36.205841064453125,36.25013725286414,36.033320003630024,36.12890614100588,69630400
2017-10-09,36.33174514770508,36.53923508460299,36.250150059964795,36.32475138468038,65051600
2017-10-10,36.3457145690918,36.83529908108613,36.1592095715271,36.38301699154666,62468000
2017-10-11,36.497257232666016,36.59750349897214,36.31074866289442,36.36203860851548,67622400
2017-10-12,36.3690299987793,36.68842354695349,36.30608260464513,36.45062860441081,64500400
2017-10-13,36.5998420715332,36.66744961407022,36.464623429103604,36.53922473268391,65576800
2017-10-16,37.27359390258789,37.30156894094005,36.75370072417806,36.81198442564828,96486000
2017-10-17,37.411136627197266,37.50438911175879,37.12204823328972,37.25027306757751,75989200
2017-10-18,37.24562072753906,37.467101671243675,37.20832185675938,37.39949057557953,65496800
2017-10-19,36.364376068115234,36.620825848350755,36.14056858477861,36.5438909142801,170336800
2017-10-20,36.42731857299805,36.77702083129883,36.359711034962906,36.511247257284445,95896400
2017-10-23,36.408668518066406,36.76303448048517,36.25246859793545,36.576525891982904,87937200
2017-10-24,36.625484466552734,36.70008576487536,36.415660977975,36.43664225962618,71028800
2017-10-25,36.46461868286133,36.730392239980006,36.19884512574264,36.58118609488452,84828400
2017-10-26,36.69775390625,36.79567010653239,36.550877827148845,36.65578778764032,68002000
2017-10-27,38.012638092041016,38.1408629713092,36.998500069249204,37.13604877730256,177816800
2017-10-30,38.86824417114258,39.18297765530634,38.168839590650364,38.208472089995574,178803200
2017-10-31,39.40910720825195,39.551319586418295,38.91952623556408,39.14333366383427,144187200
2017-11-01,38.90787887573242,39.61894095100599,38.60946652239726,39.60261980233873,134551200
2017-11-02,39.192298889160156,39.283221336309026,38.532526851703295,38.84026655427204,165573600
2017-11-03,40.21576690673828,40.62608301597917,39.89403963313046,40.56546922766644,237594400
2017-11-06,40.62373733520508,40.79625836120741,40.03390659851328,40.18544278973433,140105200
2017-11-07,40.754302978515625,40.85688288274763,40.47221179923316,40.54448303429965,97446000
2017-11-08,41.087684631347656,41.087684631347656,40.64239624240402,40.71933116489338,97638000
2017-11-09,41.003753662109375,41.055043607575804,40.36496296870802,40.82423885297688,117930400
2017-11-10,40.86806106567383,41.03418345671718,40.774473299264116,40.97100975081118,100582000
2017-11-13,40.704261779785156,40.828267119235015,40.57089552595637,40.59429424176089,67928400
2017-11-14,40.088932037353516,40.58963410298454,40.05149550138336,40.48668541413889,99130000
2017-11-15,39.56015396118164,39.850281756846655,39.39637358062257,39.768389781494854,116632400
2017-11-16,40.03276824951172,40.21292482835104,39.8455891985037,40.051482941483414,94550000
2017-11-17,39.810508728027344,40.10063656393219,39.691183770672424,40.01874457722222,87598000
2017-11-20,39.77071762084961,39.90642234859549,39.67244941871851,39.8432486578885,65049600
2017-11-21,40.510074615478516,40.64109889041839,39.957898335272105,39.957898335272105,100525200
2017-11-22,40.93590545654297,40.94526280289188,40.48901630283123,40.56154734000195,102355600
2017-11-24,40.938236236572266,41.062241580805996,40.863363199223556,40.96865385426304,56106800
2017-11-27,40.73234558105469,40.963980061627794,40.55686588762935,40.95696115950226,82867200
2017-11-28,40.49370574951172,40.9148542614237,40.21059687014083,40.78149151802341,105715200
2017-11-29,39.65373229980469,40.45859977302255,39.11091694330612,40.39074919226411,166665600
2017-11-30,40.208248138427734,40.276098715053735,39.41039961629005,39.87600344692711,166108800
2017-12-01,40.02106475830078,40.16612681204002,39.424433156736974,39.76369314346366,159037200
2017-12-04,39.728599548339844,40.38840127674619,39.688824583342225,40.355645213210316,130169600
2017-12-05,39.6911735534668,40.13104386915621,39.40104579224594,39.55546880564466,109400800
2017-12-06,39.54376220703125,39.82219055504739,38.9471341128749,39.19046438055372,114240000
2017-12-07,39.616294860839844,39.87834337776579,39.52036511084257,39.54844071761512,102693200
2017-12-08,39.62799072265625,40.009367709349114,39.49930847795134,39.8900428102044,93420800
2017-12-11,40.40009307861328,40.45156739313269,39.49227724451726,39.5882069734073,141095200
2017-12-12,40.173152923583984,40.33459482276244,40.11700170310015,40.27844003213489,77636800
2017-12-13,40.306514739990234,40.60365776912856,40.243341053812145,40.36032751036392,95273600
2017-12-14,40.294822692871094,40.50773893926903,40.16145639453041,40.336936111203535,81906000
2017-12-15,40.704261779785156,40.75105564125142,40.350964020050625,40.62471185827822,160677200
2017-12-18,41.27750015258789,41.45999873588689,40.91250298598988,40.91718344380719,117684400
2017-12-19,40.8376350402832,41.03651346570218,40.732347932179394,40.952283065190386,109745600
2017-12-20,40.793174743652344,41.0435238791349,40.53580313694786,40.91483807578267,93902400
2017-12-21,40.94761276245117,41.18392777340611,40.7347000493088,40.75107630256071,83799600
2017-12-22,40.94761276245117,41.04354254768744,40.82828781969152,40.87040124532036,65397600
2017-12-26,39.90876770019531,40.119341926636636,39.70052834785274,39.96258047892696,132742000
2017-12-27,39.915771484375,39.957884885654636,39.707535781048676,39.79878505396375,85992800
2017-12-28,40.02808380126953,40.208243932293136,39.88769863447187,40.0093655410203,65920800
2017-12-29,39.59524154663086,39.913444903186715,39.592903102369796,39.897068653071464,103999600
2018-01-02,40.3041877746582,40.31354869395776,39.60226877326652,39.81284661577082,102223600
2018-01-03,40.29715347290039,40.83997234023749,40.2339833574163,40.367346060248224,118071600
2018-01-04,40.48433303833008,40.587281691749936,40.262059483979016,40.369685025177354,89738400
2018-01-05,40.94526290893555,41.031831750925626,40.48901640769327,40.58026570794173,94640000
2018-01-08,40.793174743652344,41.08797929939686,40.6949029882612,40.793174743652344,82271200
2018-01-09,40.78850555419922,40.959304811209066,40.57325086464644,40.839979889760095,86336000
2018-01-10,40.77913284301758,40.781474856775525,40.47730939010454,40.514745908802524,95839600
2018-01-11,41.01076889038086,41.05990476936201,40.825931873561046,40.84932702105531,74670800
2018-01-12,41.43426513671875,41.49743882718429,41.09734354776063,41.22134891451,101672400
2018-01-16,41.223690032958984,41.97240267540656,41.21199067273534,41.623781733545634,118263600
2018-01-17,41.90455627441406,41.9396507884389,40.961645582745746,41.214333224012265,137547200
2018-01-18,41.94198226928711,42.138522225627405,41.705670917084234,41.967719432013624,124773600
2018-01-19,41.75480651855469,42.01685503172588,41.509134252385074,41.78990102651753,129700400
2018-01-22,41.41320037841797,41.59569894193177,41.31961265307756,41.483392957494715,108434400
2018-01-23,41.42255783081055,41.98409489474454,41.371087080839246,41.48339306556889,130756400
2018-01-24,40.76275634765625,41.48339326253361,40.524103005097594,41.47169390424431,204420400
2018-01-25,40.035099029541016,40.93355401821586,39.89939433279178,40.830605381361764,166116000
2018-01-26,40.128692626953125,40.243340638442135,39.78943262048329,40.243340638442135,156572000
2018-01-29,39.298091888427734,39.812831581035425,39.08985613945785,39.812831581035425,202561600
2018-01-30,39.066463470458984,39.16005122173868,38.535343878079864,38.729541853621896,184192800
2018-01-31,39.174076080322266,39.41039096493843,38.95648302394709,39.043051843776865,129915600
2018-02-01,39.25596618652344,39.45250253219605,39.017312869553834,39.11324259904017,188923200
2018-02-02,37.552650451660156,39.026680435753946,37.45906271971327,38.839501401717044,346375200
2018-02-05,36.614418029785156,38.343477505754464,36.49977003097488,37.22508740195526,290954000
2018-02-06,38.14459991455078,38.30604177963437,36.03182500659377,36.22602293342309,272975200
2018-02-07,37.328041076660156,38.23117676302514,37.218077079981796,38.1586457232369,206434400
2018-02-08,36.30089569091797,37.66963864747033,36.272820084061365,37.503516309901045,217562000
2018-02-09,36.744911193847656,37.09260194445449,35.295412891463684,36.89996378245455,282690400
2018-02-12,38.22494888305664,38.50216084208162,37.00332640992512,37.23590527913192,243278000
2018-02-13,38.607879638671875,38.70420051241455,37.975925806374015,38.0464045819101,130196800
2018-02-14,39.3197021484375,39.359639279128274,38.26488298242506,38.302468550622955,162579600
2018-02-15,40.63999938964844,40.66348992516853,39.70263991420008,39.88823055901645,204588800
2018-02-16,40.50843048095703,41.06990903078648,40.35338150172052,40.491987467345076,160704400
2018-02-20,40.37217712402344,40.938348059316176,40.27115672319348,40.419161773030865,135722000
2018-02-21,40.188941955566406,40.905466051719024,40.17484333201391,40.60241196228296,149886400
2018-02-22,40.52489471435547,40.86553803994185,40.33930402017819,40.360446583179325,123967600
2018-02-23,41.22966384887695,41.264901443927855,40.76920562691521,40.799747265758924,135249600
2018-02-26,42.04485321044922,42.14352204456397,41.39645647853849,41.42934608991008,152648800
2018-02-27,41.90859603881836,42.39959224122291,41.85456387295106,42.075395661320265,155712400
2018-02-28,41.84517288208008,42.43249005630509,41.82872986524554,42.112989370138706,151128400
2018-03-01,41.11219787597656,42.235147908327306,40.562469918991304,41.943837330028686,195208000
2018-03-02,41.39645767211914,41.417600226175026,40.51313051032975,40.59535633347892,153816000
2018-03-05,41.539772033691406,41.75590432996107,40.99943950066743,41.16153961904458,113605600
2018-03-06,41.50453567504883,41.87572061331402,41.37767672423165,41.795846326329126,95154000
2018-03-07,41.119239807128906,41.31188151451228,40.94069671967741,41.098097254279125,126814000
2018-03-08,41.56795883178711,41.61024394557519,41.128646754391646,41.22496404180873,95096400
2018-03-09,42.282127380371094,42.28682692041123,41.67366778667732,41.80757779258068,128740800
2018-03-12,42.69090270996094,42.84830325175137,42.33616449649583,42.35495548786584,128828400
2018-03-13,42.279788970947266,43.10908053311904,42.108293360008226,42.895296221645985,126774000
2018-03-14,41.920352935791016,42.409001275131494,41.77234785465769,42.362016616189074,117473600
2018-03-15,41.96967315673828,42.34320950886789,41.83341876152464,41.93443556913107,90975200
2018-03-16,41.821685791015625,42.08010321814218,41.72771288457882,41.96968729351634,157618800
2018-03-19,41.182682037353516,41.692472927584866,40.79740210449804,41.65723533010099,133787200
2018-03-20,41.16858673095703,41.53507208120745,41.09810795174742,41.16858673095703,78597600
2018-03-21,40.23592758178711,41.133346395785146,40.23357601878862,41.121599334891776,148219600
2018-03-22,39.66741180419922,40.56717875163702,39.608680074305354,39.9375763278309,165963200
2018-03-23,38.74884033203125,39.91877519588673,38.74884033203125,39.55933735467391,164115200
2018-03-26,40.588314056396484,40.6658403493108,39.10122662256602,39.48415854628537,150164800
2018-03-27,39.54759216308594,41.147443725030264,39.213996406406345,40.80210090680353,163690400
2018-03-28,39.11063003540039,39.942273284293705,38.80757590603423,39.29152475547946,166674000
2018-03-29,39.416015625,40.34867524643881,39.20927890749268,39.423063141760636,153594000
2018-04-02,39.157615661621094,39.68855277274752,38.638429197641905,39.14822016248353,150347200
2018-04-03,39.55934143066406,39.64391525993994,38.734749283749345,39.383146251731,121112000
2018-04-04,40.3157958984375,40.40976520228885,38.70889714356491,38.734739239828905,138422000
2018-04-05,40.59537124633789,40.931315010965584,40.42622358235605,40.543687038748985,107732800
2018-04-06,39.55699920654297,40.52019750734215,39.51471049340316,40.165459119311066,140021200
2018-04-09,39.949310302734375,40.66348632700051,39.902325651152246,39.90937316965461,116070800
2018-04-10,40.70106887817383,40.87726398154254,40.29699448767235,40.64233717705092,113634400
2018-04-11,40.51078414916992,40.8584748625263,40.336937000142214,40.46144793637185,89726400
2018-04-12,40.910152435302734,41.11218962484706,40.65173152378146,40.73865687658323,91557200
2018-04-13,41.04878234863281,41.309551389869554,40.8420490834302,41.060529412322865,100497200
2018-04-16,41.304840087890625,41.3917618744456,41.07226121814989,41.1192458707553,86313600
2018-04-17,41.87336349487305,42.03781157474124,41.44344692448237,41.462241502852926,106421600
2018-04-18,41.779380798339844,42.0096116408246,41.55385308021811,41.77233328119219,83018000
2018-04-19,40.59537124633789,41.20383109012524,40.56248162193588,40.82089907518021,139235200
2018-04-20,38.932071685791016,40.22416915558696,38.86394090267961,40.078515678822626,261964400
2018-04-23,38.81931686401367,39.21399228063409,38.549148815653716,39.192849722893605,146062000
2018-04-24,38.27898406982422,39.075386001140814,37.87490957405361,38.92033340945452,134768000
2018-04-25,38.44578552246094,38.86160713670381,38.154478462401514,38.2038111036761,113528400
2018-04-26,38.579689025878906,38.93442729205529,38.37999976208661,38.55619490612709,111852000
2018-04-27,38.133323669433594,38.60552529366012,37.73629676460138,38.527999011826125,142623200
2018-04-30,38.824012756347656,39.293866490425344,38.020563301238745,38.08869410011174,169709600
2018-05-01,39.726139068603516,39.74962960710038,38.82636863760575,39.094185152429375,214277600
2018-05-02,41.481040954589844,41.758252952550066,40.830292492766674,41.16623621077268,266157600
2018-05-03,41.55622482299805,41.69953039478505,40.98065455702421,41.318949912370606,136272800
2018-05-04,43.18660354614258,43.28527239361948,41.85691670617901,41.875711284464984,224805200
2018-05-07,43.49905776977539,44.0887228912663,43.402736897928456,43.50375372593912,169805600
2018-05-08,43.70813751220703,43.74807464321056,43.149010508759716,43.45911564553858,113611200
2018-05-09,44.01590347290039,44.02529897149268,43.513160057763855,43.825613260281884,92844800
2018-05-10,44.645503997802734,44.723030300623904,44.084028881643164,44.10517502583062,111957200
2018-05-11,44.475704193115234,44.82237867598851,44.20685496134849,44.6879558593665,104848800
2018-05-14,44.37192916870117,44.6973795056611,44.30353925656138,44.574745471679925,83115200
2018-05-15,43.96865463256836,44.117230403575014,43.65263963890767,44.04883689689626,94780800
2018-05-16,44.37900161743164,44.4450380927892,43.86488799085089,43.88139800932075,76732400
2018-05-17,44.098365783691406,44.55116421714171,43.949790004496656,44.33655555797642,69176000
2018-05-18,43.9379997253418,44.29174885556378,43.89555155700583,44.14553369993248,73190800
2018-05-21,44.24931716918945,44.63608288502022,44.079517235554135,44.33657416895187,73603200
2018-05-22,44.13846206665039,44.5440947186547,44.0488444625845,44.426178333735365,60962800
2018-05-23,44.42144775390625,44.45446418814226,43.80828129121295,43.94742531983463,80233600
2018-05-24,44.37192916870117,44.53465433718114,43.91441666990919,44.51814791639791,92936000
2018-05-25,44.47334289550781,44.72568208078346,44.25401655460162,44.39079998901704,69844000
2018-05-29,44.31296920776367,44.51342847074933,44.07006178001697,44.24222226649526,90056400
2018-05-30,44.21863555908203,44.336551920572916,44.048835710653414,44.270519046019764,74762000
2018-05-31,44.07007598876953,44.39080875384174,43.89791904530758,44.15261891155814,109931200
2018-06-01,44.86483383178711,44.86954789692039,44.27760885562374,44.334210023930105,93770000
2018-06-04,45.23980712890625,45.614780422839644,45.12660839080849,45.19499832047591,105064800
2018-06-05,45.58883285522461,45.73740865401023,45.36479244017438,45.532235292656786,86264000
2018-06-06,45.7468376159668,45.7704223312926,45.261022707842756,45.66429830937113,83734400
2018-06-07,45.62421417236328,45.798728137869944,45.360078994572234,45.78457874591241,85388800
2018-06-08,45.209144592285156,45.27989514815871,44.753989040222194,45.08415350293508,106627200
2018-06-11,45.09830093383789,45.27281848426944,44.85775409225702,45.126603314070564,73234000
2018-06-12,45.345924377441406,45.42374962276294,45.07943219787274,45.13603335770362,67644400
2018-06-13,44.97330093383789,45.4874181569556,44.91198571944777,45.37893351770335,86553600
2018-06-14,44.99688720703125,45.178479423187866,44.860103786934765,45.173761760833635,86440400
2018-06-15,44.53464889526367,44.84594980536363,44.39786548917626,44.815290400984246,246876800
2018-06-18,44.51107406616211,44.62427277739509,44.14788961977815,44.30825775933685,73939600
2018-06-19,43.791778564453125,43.94271136204255,43.26351197362925,43.66206984812118,134314000
2018-06-20,43.98280334472656,44.14788553301849,43.801211138344534,43.94742987527894,82514800
2018-06-21,43.737545013427734,44.4191015421544,43.614910971313066,44.15968406816612,102847600
2018-06-22,43.610198974609375,43.90027229792236,43.558315473070756,43.89319760212371,108801600
2018-06-25,42.96164321899414,43.610183154437664,42.6220435497621,43.251716437079224,126652400
2018-06-26,43.4946403503418,43.989890655786986,43.04891651485026,43.15504415067627,98276800
2018-06-27,43.43096160888672,44.166758662861064,43.400302198797014,43.683300788900816,101141200
2018-06-28,43.74698257446289,43.914425438825695,43.34606755089744,43.41681810764965,69460800
2018-06-29,43.65500259399414,44.145535169386115,43.13617123876956,43.93328352507445,90950800
2018-07-02,44.14317321777344,44.171475595281485,43.25644335717007,43.35077861799314,70925200
2018-07-03,43.374359130859375,44.32476482948047,43.28474153395483,44.287030725676225,55819200
2018-07-05,43.7234001159668,43.96159354939329,43.45926852886405,43.69038366757895,66416800
2018-07-06,44.32947540283203,44.43795643576801,43.67621777946467,43.72810126426766,69940800
2018-07-09,44.945011138916016,44.96859225753732,44.64314547179164,44.69031130755683,79026400
2018-07-10,44.89076232910156,45.1100850442981,44.850667597646556,44.97566225723099,63756400
2018-07-11,44.30826187133789,44.756342693838846,44.2445860160065,44.454477036854996,75326000
2018-07-12,45.0511360168457,45.14075362545193,44.64550334429064,44.69738684416554,72164400
2018-07-13,45.12188720703125,45.24216063196947,45.020477238201885,45.06292901075361,50055600
2018-07-16,45.022830963134766,45.43317764323029,44.907271620687844,45.16668908392699,60172400
2018-07-17,45.150177001953125,45.249226320159714,44.619553341082245,44.749262066777305,62138000
2018-07-18,44.90254592895508,45.23271387754126,44.79170426889305,45.2279962158199,65573600
2018-07-19,45.25160217285156,45.40960972875177,44.73512772676942,44.73512772676942,81147200
2018-07-20,45.147830963134766,45.381303127712265,44.84832230515157,45.228013249989196,82704800
2018-07-23,45.18790817260742,45.2704510650198,44.70445037102443,44.9685818691092,63957600
2018-07-24,45.51572036743164,45.67137084476869,45.29167997651918,45.38601163631743,74791600
2018-07-25,45.94493865966797,45.9520133543751,45.38129492550352,45.52987071139773,66839600
2018-07-26,45.80107498168945,46.21378224932292,45.65957390766355,45.89540663202553,76304000
2018-07-27,45.039337158203125,46.032194609591265,44.83180678717591,45.98502877974518,96096000
2018-07-30,44.787010192871094,45.32706574902872,44.58891149442645,45.256315185720446,84118000
2018-07-31,44.876617431640625,45.31290950732972,44.65257701379592,44.878978062458756,157492000
2018-08-01,47.52029800415039,47.58161322223618,46.532158229193854,46.96137555136066,271742800
2018-08-02,48.90935134887695,49.14282705476914,47.24909045809848,47.303330980206844,249616000
2018-08-03,49.05086135864258,49.22773594418698,48.45891877596613,48.82446030579577,133789600
2018-08-06,49.30554962158203,49.34799778485918,48.833884170830686,49.05320687813959,101701600
2018-08-07,48.84331130981445,49.406951326592235,48.76076842427552,49.36450316730122,102349600
2018-08-08,48.8763427734375,49.00840855209186,48.2325203032362,48.59334416224635,90102000
2018-08-09,49.260746002197266,49.472994037920536,48.86454511071905,49.414035850383826,93970400
2018-08-10,49.114013671875,49.48557133409341,48.910486075946345,49.07378193457011,98444800
2018-08-13,49.4311408996582,49.92339381288648,49.15424931305655,49.5352718097257,103563600
2018-08-14,49.639404296875,49.831098200524664,49.28677981496923,49.73643570353363,82992000
2018-08-15,49.755374908447266,49.87370484948711,49.30335366700067,49.51398081760587,115230400
2018-08-16,50.484283447265625,50.600244468404085,50.04646125852407,50.11272573092973,114001600
2018-08-17,51.492454528808594,51.5800175244301,50.446418345260085,50.51268281942928,141708000
2018-08-20,50.99073028564453,51.87110156077517,50.90789789788546,51.61551211353429,121150800
2018-08-21,50.89133071899414,51.40015154482209,50.65230557912929,51.30785435109778,104639200
2018-08-22,50.89371871948242,51.20374265030856,50.60735861499351,50.668892507987,76072400
2018-08-23,50.99782943725586,51.367018204194856,50.78720232734104,50.799032430245035,75532800
2018-08-24,51.156394958496094,51.33152093949992,50.907901389318916,51.26052587214312,73905600
2018-08-27,51.577659606933594,51.76698825071557,51.196637020361884,51.39069626215936,82100400
2018-08-28,51.99416732788086,52.192960731402756,51.809572937304424,51.83087145672263,91107200
2018-08-29,52.770416259765625,52.89111510335813,51.92554241033305,52.10066840120375,109019200
2018-08-30,53.25556182861328,54.019972076612355,52.63314531345547,52.83430761557534,195175200
2018-08-31,53.870887756347656,54.164343686155206,53.48513100986998,53.605826244438276,173360400
2018-09-04,54.043636322021484,54.23769549548698,53.63421584694756,54.05547003518039,109560400
2018-09-05,53.69102478027344,54.35367315366947,53.27213940080851,54.19274617173465,133332000
2018-09-06,52.79881286621094,53.804617207503874,52.37282442296422,53.539555725515555,137160000
2018-09-07,52.372825622558594,53.33602933601762,52.233197177478694,52.50298926252407,150479200
2018-09-10,51.66994857788086,52.502992310884245,51.22976108607632,52.28999626644421,158066000
2018-09-11,52.97631072998047,53.082806943997085,51.25105834056841,51.59421441290767,142996000
2018-09-12,52.31839370727539,53.248465165484035,52.02729949768136,53.23426615255607,197114800
2018-09-13,53.58216094970703,54.04128166600447,52.67338793396075,52.89821408368517,166825600
2018-09-14,52.97394561767578,53.683925243538226,52.66155646009072,53.425966846149215,127997200
2018-09-17,51.56344223022461,52.76330562803429,51.4190795969982,52.5739770516672,148780400
2018-09-18,51.64864730834961,52.502989516991164,51.383585819005404,51.542147486225396,126286800
2018-09-19,51.67940902709961,51.97523383237658,50.952865183133554,51.71017596241406,108495200
2018-09-20,52.0722770690918,52.60476183960247,51.86401520328172,52.12197723657592,106435200
2018-09-21,51.511383056640625,52.38702376647529,51.423816457857285,52.24976062216609,384986800
2018-09-24,52.25212478637695,52.36335520071056,51.26762259076125,51.31258853840368,110773600
2018-09-25,52.58345413208008,52.732550997350124,51.99416978895151,52.006003504013755,98217600
2018-09-26,52.1645622253418,52.95263993684514,52.008365862094074,52.30182536778894,95938800
2018-09-27,53.236637115478516,53.5892616223279,52.902945831595176,52.969213917547854,120724800
2018-09-28,53.42360305786133,53.44726687937326,53.01654777196668,53.19877328106708,91717600
2018-10-01,53.7833137512207,54.29449987051598,53.56795604203852,53.94660961803524,94403200
2018-10-02,54.26137924194336,54.43177465148295,53.634231978459695,53.780959954563045,99152800
2018-10-03,54.921653747558594,55.25297609687015,54.37970066265418,54.44359983400097,114619200
2018-10-04,53.95608139038086,54.987918497825,53.657887663337085,54.61636079385546,128168000
2018-10-05,53.0804443359375,54.055485523559796,52.202438179564524,53.94898929690006,134322000
2018-10-08,52.95737075805664,53.201130092168086,52.11249343818389,52.5881820039128,118655600
2018-10-09,53.69102478027344,53.78569089712608,52.59765731141301,52.92661439379682,107564000
2018-10-10,51.2037239074707,53.56795704512589,51.13035993373505,53.35732992876048,167962400
2018-10-11,50.7516975402832,51.946830350297546,50.2476145806156,50.76826546098694,212497600
2018-10-12,52.56451416015625,52.746743237513996,51.31731586452513,52.164558475955246,161351600
2018-10-15,51.44038009643555,52.49824981109706,51.41908157869824,52.33968816048203,123164000
2018-10-16,52.5739860534668,52.77278307881881,51.29838956224378,51.81194102118885,116736000
2018-10-17,52.34679412841797,52.68995019740248,51.90897195034415,52.6094867130337,91541600
2018-10-18,51.12325668334961,52.003631525989235,50.40854299687499,51.55870989702403,130325200
2018-10-19,51.90187072753906,52.363356709270114,51.456949057386716,51.606045917308556,132314800
2018-10-22,52.218997955322266,52.860347780678396,51.81431160695901,52.01547032624564,115168400
2018-10-23,52.71125411987305,52.83431826872994,50.810875570252065,51.078302390515155,155071200
2018-10-24,50.903160095214844,53.066230717386226,50.77299647127529,52.68047766425556,163702000
2018-10-25,52.01782989501953,52.391752849252924,51.29601671156717,51.52321173088781,119423200
2018-10-26,51.18952560424805,52.110132264199265,50.33044920447651,51.09485949880697,189033600
2018-10-29,50.22868728637695,51.99180242637242,48.77322705892924,51.87347250273323,183742000
2018-10-30,50.47954177856445,50.924459797370716,49.525802965453806,49.970720984260076,146640000
2018-10-31,51.795372009277344,52.17166028299006,51.26525267501024,51.326786543689,153435600
2018-11-01,52.59055709838867,52.62368933605675,51.310226322888035,51.84034573672041,233292800
2018-11-02,49.10218811035156,50.56237905391569,48.617034661599845,49.592075767555244,365314800
2018-11-05,47.708251953125,48.3709001672699,46.89887580704983,48.349601650275304,264654800
2018-11-06,48.224178314208984,48.449004447935366,47.731925396254766,47.78635615026074,127531600
2018-11-07,49.68674087524414,49.712773606380615,48.30938225721915,48.74483556791726,133697600
2018-11-08,49.51336669921875,49.900465705616156,49.100140512007044,49.867217871500884,101450400
2018-11-09,48.558685302734375,48.92441156528244,48.03146693327073,48.815170208722876,137463200
2018-11-12,46.11259078979492,47.4615112411498,46.02234507817881,47.25964697792753,204542000
2018-11-13,45.65184783935547,46.82740062772841,45.46660939385389,45.5093586786769,187531600
2018-11-14,44.362308502197266,46.186196076134955,44.15569357677625,46.04845400043511,243204000
2018-11-15,45.45711898803711,45.59011034254825,44.38605662645267,44.73991147050331,185915200
2018-11-16,45.9605712890625,46.30255100942695,44.99400713028098,45.240990470687876,147713200
2018-11-19,44.139076232910156,45.28850573158445,43.93246490893677,45.122266527022944,167701200
2018-11-20,42.03020095825195,43.09651261910129,41.68109683232495,42.36030580111065,271300800
2018-11-21,41.98270034790039,42.81152632280583,41.928079679401435,42.68328208090455,124496800
2018-11-23,40.916385650634766,41.939951460996944,40.871266438053844,41.545724560613166,94496000
2018-11-26,41.469722747802734,41.548093408796746,40.43428567560382,41.379480709113416,179994000
2018-11-27,41.379493713378906,41.50536079593518,40.58154192418176,40.73115539333304,165549600
2018-11-28,42.970645904541016,43.05376369196034,41.54335510075574,41.97082991406699,184250000
2018-11-29,42.64054489135742,43.41237317618883,42.201195033571544,43.379125333484275,167080000
2018-11-30,42.41018295288086,42.82578279276526,42.042079512806076,42.81628133855752,158126000
2018-12-03,43.89210510253906,43.92060222453163,43.03478165307171,43.80661011281747,163210000
2018-12-04,41.961334228515625,43.31500152005368,41.86159070426997,42.97302165192976,165377200
2018-12-06,41.493473052978516,41.507721605310024,40.472284525567396,40.79051427344338,172393600
2018-12-07,40.01395797729492,41.43887185964096,39.96883512455502,41.20138621258329,169126400
2018-12-10,40.27755355834961,40.3939191668276,38.788518040620986,39.185118502126784,248104000
2018-12-11,40.047203063964844,40.797654902921295,39.66010032633159,40.76678423507608,189126800
2018-12-12,40.15882110595703,40.82852869193123,40.139821820886,40.4675495230678,142510800
2018-12-13,40.59817123413086,40.98290045214236,40.26569277287988,40.4889298641813,127594400
2018-12-14,39.299110412597656,40.1540598989454,39.2516140241877,40.13506061883299,162814800
2018-12-17,38.933387756347656,39.98070006589324,38.64602860130792,39.2919896885735,177151600
2018-12-18,39.439231872558594,39.78595878885459,39.04025421520292,39.275366243130854,135366000
2018-12-19,38.209068298339844,39.76697367284492,37.78159337881256,39.42262018513315,196189200
2018-12-20,37.24486541748047,38.498789039513056,36.88151275562685,38.09268708722474,259092000
2018-12-21,35.796199798583984,37.56071950978802,35.53496783964715,37.25198753673331,382978400
2018-12-24,34.8700065612793,35.9909387378282,34.8130087201228,35.18348562828449,148676800
2018-12-26,37.32562255859375,37.33987111908619,34.84389801591564,35.219125811772976,234330000
2018-12-27,37.083370208740234,37.23061372589875,35.63946113582049,37.00975026203208,212468400
2018-12-28,37.102378845214844,37.64622296552479,36.70340472744858,37.403986609027776,169165600
2018-12-31,37.460975646972656,37.84570111622469,37.16174150533906,37.64858765548356,140014000
2019-01-02,37.503726959228516,37.724590460067255,36.6274044817337,36.784145853458895,148158800
2019-01-03,33.76806640625,34.60638999543763,33.72294357800193,34.19316388930112,365248800
2019-01-04,35.20962142944336,35.27849429775803,34.15043745176816,34.32380096292475,234428400
2019-01-07,35.1312370300293,35.34497620753609,34.64914163479425,35.314101925245296,219111200
2019-01-08,35.80095672607422,36.055068075400506,35.27136481535477,35.51834826233486,164101200
2019-01-09,36.40892028808594,36.69865303809117,35.53497493470445,35.92919831490206,180396400
2019-01-10,36.52528762817383,36.56565974711911,35.82707935334201,36.2165556097032,143122800
2019-01-11,36.166683197021484,36.50153878834281,35.98144470474648,36.30680246578782,108092800
2019-01-14,35.622833251953125,35.924440921467415,35.43759480894233,35.824697423210985,129756800
2019-01-15,36.3519172668457,36.427910763494,35.634709844065036,35.68695695839793,114843600
2019-01-16,36.7960205078125,37.01925755806657,36.33529785069117,36.354297134089684,122278800
2019-01-17,37.01450729370117,37.441982116151216,36.397043258635236,36.620280311678194,119284800
2019-01-18,37.24248504638672,37.49421914523494,37.04299443379252,37.40397347819809,135004000
2019-01-22,36.40654754638672,37.2211215121317,36.2450554347819,37.145127995415336,121576000
2019-01-23,36.55378341674805,36.84351614102213,36.02656509052752,36.60840409054777,92522400
2019-01-24,36.264060974121094,36.68678517553782,36.03607676090995,36.59891663750267,101766000
2019-01-25,37.465728759765625,37.553600900151864,36.64878130027886,36.924261855530716,134142000
2019-01-28,37.11901092529297,37.12613520548955,36.49204890178823,36.997890914463724,104768400
2019-01-29,36.73427200317383,37.55360024747364,36.59890709133916,37.107126146086244,166348800
2019-01-30,39.244503021240234,39.4582386532504,38.05232406307242,38.76953172900132,244439200
2019-01-31,39.527103424072266,40.13506597381766,39.080629341215584,39.44873274205534,162958400
2019-02-01,39.54610824584961,40.13032086817942,39.405988969666886,39.65060250317511,130672400
2019-02-04,40.66940689086914,40.76677685151774,39.72658881786463,39.757463103861134,125982000
2019-02-05,41.365238189697266,41.578977394234336,40.93064275033117,41.05175909628241,144406400
2019-02-06,41.379493713378906,41.695350007409324,41.04938886264292,41.476860058781234,112958400
2019-02-07,40.59578323364258,41.30823993167424,40.453290444539384,40.942510130722376,126966800
2019-02-08,40.64349365234375,40.70311969069085,40.16886907695841,40.30481819124638,95280000
2019-02-11,40.409751892089844,40.83429258000177,40.366822896722226,40.79613104681893,83973600
2019-02-12,40.75796127319336,40.784196867041736,40.47414084136545,40.569544655033816,89134000
2019-02-13,40.588619232177734,41.13717929868625,40.526609486645974,40.87721074640527,89960800
2019-02-14,40.736515045166016,40.846224930971815,40.397839543176595,40.47654636001206,87342800
2019-02-15,40.645870208740234,40.95115518004431,40.486072890892316,40.84382905782214,98507200
2019-02-19,40.76750564575195,40.88914507060669,40.42406278544301,40.4765339806188,75891200
2019-02-20,41.02986526489258,41.33753763113266,40.78182257054154,40.82952266876856,104457600
2019-02-21,40.79852294921875,41.11096283125137,40.61726108922249,40.97501734607539,68998800
2019-02-22,41.254058837890625,41.26121367050578,40.87483815215059,40.92253824934637,75652800
2019-02-25,41.55457305908203,41.945719682081254,41.48779219461515,41.537879662607395,87493600
2019-02-26,41.578426361083984,41.80977566356522,41.30176069059117,41.43055496170665,68280800
2019-02-27,41.707210540771484,41.738217238147755,41.19681191554491,41.311296503110974,111341600
2019-02-28,41.296993255615234,41.71676290033313,41.24213831860219,41.57604632138093,112861600
2019-03-01,41.73106002807617,41.77398901650412,41.234971094746605,41.566491627202,103544800
2019-03-04,41.940956115722656,42.394112543739396,41.4925671504077,41.90279457840128,109744800
2019-03-05,41.8646354675293,41.976732715355126,41.628515035862925,41.96242304785135,78949600
2019-03-06,41.62373352050781,41.85508277180671,41.48540071586533,41.65950767718971,83241600
2019-03-07,41.141963958740234,41.60466257047475,41.027482991072056,41.46871346445025,99185600
2019-03-08,41.239749908447266,41.27791144259841,40.42644995336146,40.62202508642293,95997600
2019-03-11,42.66838073730469,42.72085192885243,41.82169411946825,41.85508454688193,128044000
2019-03-12,43.14778518676758,43.5675511663907,42.780486770223504,42.930745544199205,129870400
2019-03-13,43.338584899902344,43.71780557424151,43.15016460861008,43.46737552238741,124130000
2019-03-14,43.82036209106445,43.9086110924784,43.5413127001033,43.86090735580744,94318000
2019-03-15,44.39037322998047,44.67896473572131,43.82273605791112,44.087475702611776,156171600
2019-03-18,44.84355545043945,44.931800829531916,44.31168852645204,44.314075897314986,104879200
2019-03-19,44.48817443847656,45.07489619113061,44.34268677569581,44.92225369569541,126585600
2019-03-20,44.87693405151367,45.19414495340022,44.05886306469387,44.41661922842223,124140800
2019-03-21,46.52976608276367,46.82551249017216,45.27046466941773,45.320552133949356,204136800
2019-03-22,45.56621170043945,47.14987887158073,45.50181457067001,46.58939274805469,169630800
2019-03-25,45.0152587890625,45.78800963482693,44.504860232689936,45.675912432509676,175381200
2019-03-26,44.55018615722656,46.00267911768265,44.0230940523578,45.71170377934582,199202000
2019-03-27,44.95087432861328,45.25854305952079,44.49294682904075,45.01765519484567,119393600
2019-03-28,45.010498046875,45.21084063526759,44.72667756034346,45.065352975754955,83121600
2019-03-29,45.303855895996094,45.334862595503004,44.96756422056934,45.27523656677985,94256000
2019-04-01,45.61153030395508,45.71646906225277,44.92940835895731,45.70693049851085,111448000
2019-04-02,46.27457046508789,46.37951286036313,45.56621293626409,45.575751499796354,91062800
2019-04-03,46.591773986816406,46.86605222606471,46.06706209372375,46.09091395769468,93087200
2019-04-04,46.67287063598633,46.83505168659805,46.06468441762447,46.45821474988475,76457200
2019-04-05,46.98530578613281,47.00915765087475,46.7301046626718,46.854127808619374,74106400
2019-04-08,47.72467041015625,47.755673467497736,46.82789269236552,46.84697345649762,103526800
2019-04-09,47.581573486328125,48.380563770007704,47.51717635283578,47.77714861794036,143072800
2019-04-10,47.848697662353516,47.8773206328261,47.26674699962892,47.38599906529268,86781200
2019-04-11,47.45040512084961,47.93933940985185,47.32876930114629,47.90356523914055,83603200
2019-04-12,47.43132400512695,47.73422532565795,46.79690566698891,47.51003081940437,111042800
2019-04-15,47.51717758178711,47.66505261953051,47.22620224726255,47.362151350453125,70146400
2019-04-16,47.521942138671875,48.02756966837451,47.35737372664653,47.57202960118193,102785600
2019-04-17,48.447349548339844,48.50697558632508,47.369309762567,47.591116877015516,115627200
2019-04-18,48.621456146240234,48.69062074842897,48.30186145878901,48.44496176516435,96783200
2019-04-22,48.78125,48.87903756789539,48.25892536678017,48.375793702017404,77758000
2019-04-23,49.484840393066406,49.54923753304765,48.63099509296689,48.757402002269444,93292000
2019-04-24,49.40851593017578,49.72333948607253,49.38228033057737,49.45621602782266,70162400
2019-04-25,48.960121154785156,49.55161030134446,48.92195962551455,49.32980323611612,74172800
2019-04-26,48.72639083862305,48.89334298926619,48.20644998172418,48.86949112233834,74596400
2019-04-29,48.800331115722656,49.12469688428121,48.62145301481061,48.750243646182206,88818800
2019-04-30,47.86061096191406,48.5117260495488,47.48854519755136,48.43063553973298,186139600
2019-05-01,50.20989227294922,51.352325495464314,49.90221989618125,50.05724976982913,259309200
2019-05-02,49.88313293457031,50.717897315952065,49.63986136370917,50.047701352042424,127985200
2019-05-03,50.50324630737305,50.52471080427624,50.140719033888494,50.29813262307989,83569600
2019-05-06,49.72333526611328,49.809196890304364,48.53558583087321,48.724002474337155,129772400
2019-05-07,48.38294219970703,49.47052032079765,47.898779164566115,49.10322560559148,155054800
2019-05-08,48.39248275756836,48.97443337179271,48.11820448511399,48.15397864611798,105358000
2019-05-09,47.872554779052734,48.10151673222708,46.90422848199932,47.796231701804864,139634400
2019-05-10,47.209346771240234,47.60918573031847,46.1534958760035,47.26680951074046,164834800
2019-05-13,44.465576171875,45.36580404744378,43.7784343150076,44.94202857472407,229722400
2019-05-14,45.16946792602539,45.418465818898284,44.39134448751161,44.63076708397739,146118800
2019-05-15,45.710567474365234,45.909288693023,44.53739806425962,44.59725372096499,106178800
2019-05-16,45.509456634521484,46.08167660785888,45.2125712406131,45.46875522341543,132125600
2019-05-17,45.25087356567383,45.7057750661255,44.714565600818894,44.755267006370964,131516400
2019-05-20,43.83588790893555,44.13756275712424,43.1631109114661,43.938841538280705,154449200
2019-05-21,44.67626190185547,45.01145210514859,44.22135673647284,44.34585752053852,113459200
2019-05-22,43.76165771484375,44.46316775527912,43.70659154583368,44.21177332231356,118994400
2019-05-23,43.01466369628906,43.22535309271578,42.57173044037936,43.04818271299096,146118800
2019-05-24,42.84946060180664,43.608429762680224,42.76566123520502,43.14394936030299,94858800
2019-05-28,42.67229080200195,43.23732830832482,42.595677466437365,42.83749298760257,111792800
2019-05-29,42.468780517578125,42.94044331585505,42.138376171721504,42.23893322191725,113924800
2019-05-30,42.689048767089844,42.91171002345526,42.29878877414538,42.60524939880032,84873600
2019-05-31,41.91571807861328,42.61483166128946,41.89656383142089,42.19344552965514,108174400
2019-06-03,41.491939544677734,42.59807084717863,40.766489319881806,42.042612284986966,161584400
2019-06-04,43.00988006591797,43.055370949044665,41.78403739904803,42.00430577492002,123872000
2019-06-05,43.70419692993164,44.29078518409569,43.36900677323679,44.120793541794136,119093600
2019-06-06,44.345855712890625,44.4057113648459,43.61082655329625,43.8334914782854,90105200
2019-06-07,45.526206970214844,45.94998600483363,44.477538442467015,44.65470883240894,122737600
2019-06-10,46.107994079589844,46.77598137160348,45.87814682931208,45.92363769731587,104883600
2019-06-11,46.64191818237305,46.92683167348995,46.35221886941992,46.65389004356182,107731600
2019-06-12,46.493473052978516,46.91964496831461,46.3019342514873,46.43601031654152,73012800
2019-06-13,46.48390197753906,47.11597757221876,46.35222245417614,46.615585154201376,86698400
2019-06-14,46.14632034301758,46.34982739236637,45.56212852455843,45.86140682062975,75046000
2019-06-17,46.4216423034668,46.67782620889428,46.009835187677666,46.1846126421805,58676400
2019-06-18,47.5134162902832,47.95395301650747,46.73768937090985,46.9388034867993,106204000
2019-06-19,47.37454605102539,47.85578778829949,47.240469987030195,47.80790034833085,84496800
2019-06-20,47.7552375793457,48.03057213210239,47.41286133169161,47.97310938789001,86056000
2019-06-21,47.59242248535156,48.08802900374868,47.44158508352656,47.597211960109185,191202400
2019-06-24,47.54453659057617,47.92282470708887,47.446372455538985,47.53495764148546,72881600
2019-06-25,46.823883056640625,47.707349446417524,46.75684136270738,47.50862823550264,84281200
2019-06-26,47.836639404296875,48.12155290184591,47.2500547257955,47.35061178611295,104270000
2019-06-27,47.82227325439453,48.26041706742118,47.78157184924549,47.953952766753574,83598800
2019-06-28,47.38652420043945,47.76481237594813,47.178227691464755,47.56848407525534,124442400
2019-07-01,48.25563049316406,48.95953359072476,48.04014794005199,48.64349397414677,109012000
2019-07-02,48.538143157958984,48.633914390891135,48.210135361751455,48.22210722253035,67740800
2019-07-03,48.94038391113281,48.94756629824377,48.5285766680393,48.669835152287746,45448000
2019-07-05,48.89727783203125,49.100788508582276,48.57884532744974,48.68658842285855,69062000
2019-07-08,47.889320373535156,48.219721152484205,47.50384975367812,48.07846266312846,101354400
2019-07-09,48.181400299072266,48.24604176393507,47.59960154221708,47.69297620031747,82312000
2019-07-10,48.6578483581543,48.77755964433517,48.258013100706,48.32744769253809,71588400
2019-07-11,48.303497314453125,48.935572672212935,48.293922020330136,48.67699589131601,80767200
2019-07-12,48.674617767333984,48.84221286513295,48.41125143272195,48.47110708574294,70380800
2019-07-15,49.13191223144531,49.28992836732956,48.84220928460961,48.86375644132579,67789600
2019-07-16,48.9619255065918,49.34739606869253,48.722502887977654,48.983472665475254,67467200
2019-07-17,48.68659591674805,49.103188977468086,48.66744166691155,48.854191036192866,56430000
2019-07-18,49.23965835571289,49.292331625927645,48.77038839924491,48.84221591801951,74162400
2019-07-19,48.50462341308594,49.44076665116611,48.44955723828679,49.27077499857013,83717200
2019-07-22,49.6131591796875,49.615552090872,48.74884331314436,48.758418611181895,89111600
2019-07-23,50.00102615356445,50.017787492917954,49.62992030943461,49.910048029344715,73420800
2019-07-24,49.96031951904297,50.075241357956344,49.601185575801686,49.72089689021544,59966400
2019-07-25,49.56526565551758,50.09678409812618,49.4958310584991,50.01298473022078,55638400
2019-07-26,49.73765563964844,50.21410430811092,49.594000608507464,49.675403421281054,70475600
2019-07-29,50.202117919921875,50.43196517257796,49.905236299643015,49.91002577350826,86693600
2019-07-30,49.986637115478516,50.317041386472205,49.634685692889065,49.98184764180235,135742800
2019-07-31,51.0066032409668,53.0009944904186,50.590010139554515,51.81585302243199,277125600
2019-08-01,49.90285110473633,52.20130954173058,49.49822997674807,51.21249302793154,216071600
2019-08-02,48.84700393676758,49.42400967424095,48.274784021316925,49.20853077764251,163448400
2019-08-05,46.28996658325195,47.56130005899529,46.108006714672,47.40328391275704,209572000
2019-08-06,47.166255950927734,47.42243990688443,46.45756339111695,47.00105375926209,143299200
2019-08-07,47.65467834472656,47.77917913440648,46.404895585633525,46.78557668796127,133457600
2019-08-08,48.70574188232422,48.72968560566816,47.73847610399667,47.932407841865114,108038000
2019-08-09,48.30439758300781,48.72978317779984,47.89582967763902,48.378900020496346,98478800
2019-08-12,48.18181610107422,48.559139553712626,47.862173717775995,47.97513018657987,89927600
2019-08-13,50.222225189208984,50.98407789993375,48.18180328537323,48.31158474007361,188874000
2019-08-14,48.727359771728516,49.61418628971105,48.68890573469573,48.82589686643298,146189600
2019-08-15,48.48463821411133,49.30176654519396,47.98714860628682,48.898010052333305,108909600
2019-08-16,49.62861251831055,49.78723269268097,48.98932781591775,49.09507459883136,110481600
2019-08-19,50.553897857666016,51.125886205011135,50.476989765853084,50.61878493455606,97654400
2019-08-20,50.55630111694336,51.27489599056535,50.546689438817666,50.68127493565582,107537200
2019-08-21,51.104251861572266,51.34698612513652,50.85430792354824,51.18836961984207,86141600
2019-08-22,51.060997009277344,51.536853889289645,50.65002720346251,51.23643854407338,89014800
2019-08-23,48.700931549072266,50.96245911325128,48.306786768888905,50.33278606566632,187272000
2019-08-26,49.6262092590332,49.794441106144575,49.28253222326784,49.47479876304336,104174400
2019-08-27,49.06623840332031,50.12129694945658,48.91482789577303,49.95546709208185,103493200
2019-08-28,49.3954963684082,49.44116009127208,48.86436404932155,49.051822946314466,63755200
2019-08-29,50.231849670410156,50.306355759343454,49.667070999812736,50.109281524994124,83962000
2019-08-30,50.16695785522461,50.577923970977196,49.79684411690572,50.508229228326634,84573600
2019-09-03,49.43634796142578,49.74397297835489,49.08065722319765,49.611789494397975,80092000
2019-09-04,50.275115966796875,50.344810722376806,49.82569572550079,50.08284938745984,76752400
2019-09-05,51.2580680847168,51.42389794369397,50.83267892479877,50.950443061493466,95654800
2019-09-06,51.253265380859375,51.53205173117485,51.07301615444194,51.44312995297315,77449200
2019-09-09,51.47196578979492,52.017521111519436,50.72693789572652,51.63298798303403,109237600
2019-09-10,52.079994201660156,52.099221220377856,50.88073870497151,51.39745153948648,127111600
2019-09-11,53.735897064208984,53.764739433347756,52.32754966606249,52.40926543357923,177158400
2019-09-12,53.615718841552734,54.41602564529335,53.56044345285348,54.026688587811584,128906800
2019-09-13,52.57268142700195,53.06295761966519,52.156907647555165,52.87309674944196,159053200
2019-09-16,52.849063873291016,52.904342934889065,52.286687250476454,52.32754329567108,84632400
2019-09-17,53.041324615478516,53.07016697794983,52.66159923635368,52.863481104937044,73274800
2019-09-18,53.53882598876953,53.558053012289186,52.738519012265336,53.12785615379395,101360000
2019-09-19,53.10383224487305,53.77675982238734,52.962033385800865,53.356178252850775,88242400
2019-09-20,52.32756042480469,53.48836609065656,52.26507533531982,53.204775683939985,221652400
2019-09-23,52.56547927856445,52.83465027251121,52.30832196549194,52.620754678997145,76662000
2019-09-24,52.315521240234375,53.47152241710132,52.19776078738406,53.12063572645369,124763200
2019-09-25,53.12063217163086,53.233588612399416,52.18573994945917,52.524609271764845,87613600
2019-09-26,52.84666442871094,53.09901405388438,52.59191280094367,52.8731011259611,75334000
2019-09-27,52.589515686035156,53.10382666173709,52.21940189013441,53.002883868542426,101408000
2019-09-30,53.82721710205078,53.97381992879909,53.062958600700476,53.08939529625113,103909600
2019-10-01,53.97623062133789,54.84863804778662,53.88250117060058,54.09159276622988,139223200
2019-10-02,52.623146057128906,53.733479772786325,52.37560048942201,53.6085059878896,138449200
2019-10-03,53.0701789855957,53.10382536010926,51.70268764433087,52.495781281747504,114426000
2019-10-04,54.55782699584961,54.67318912519149,53.80799149102436,54.22857296123739,138478800
2019-10-07,54.56985092163086,55.259603442439,54.276645225102136,54.37999002003267,122306000
2019-10-08,53.93055725097656,54.81017419574898,53.9137358998427,54.27183228459761,111820000
2019-10-09,54.56263732910156,54.74528854203184,54.22857560601276,54.56263732910156,74770400
2019-10-10,55.298057556152344,55.38217532730824,54.627532058419334,54.77893891244817,113013600
2019-10-11,56.768898010253906,57.11257146209531,55.83159977697895,55.985412312624774,166795600
2019-10-14,56.687171936035156,57.230325218831695,56.3987739424967,56.45404933835654,96427600
2019-10-15,56.55499267578125,57.114963649042345,56.44924588810258,56.812146302927566,87360000
2019-10-16,56.32667922973633,56.535770821642835,56.045490882530835,56.086346932926865,73903200
2019-10-17,56.54537582397461,56.754463724015515,56.12239235171388,56.49971210622329,67585200
2019-10-18,56.81695556640625,57.09814389578318,56.307448635792866,56.37954905370019,97433600
2019-10-21,57.80231475830078,57.91767689190389,57.03565787328163,57.08372359535983,87247200
2019-10-22,57.670135498046875,58.208477458025,57.58841973582485,57.95853350048938,82293600
2019-10-23,58.44400405883789,58.458427076554564,57.97295482779117,58.184448414812785,75828800
2019-10-24,58.540130615234375,58.833336257215784,58.114741500691004,58.763637850238034,69275200
2019-10-25,59.26111602783203,59.29716439200196,58.37188759558214,58.439180320151635,73477200
2019-10-28,59.8547477722168,59.90281348892253,59.2947731880061,59.463005030065744,96572800
2019-10-29,58.47043991088867,60.02298808307294,58.29740403976976,59.835529194446124,142839600
2019-10-30,58.46323013305664,58.953510046434744,57.97055188420088,58.82372855934893,124522000
2019-10-31,59.785057067871094,59.883594183478614,57.021235828674115,59.41975464010306,139162000
2019-11-01,61.481807708740234,61.508240739941634,59.881193789695324,59.972517565501164,151125200
2019-11-04,61.88555908203125,61.96967684280091,61.37605584677562,61.844699369305836,103272000
2019-11-05,61.7966423034668,62.05139394165395,61.60197373719849,61.77741161321152,79897600
2019-11-06,61.823062896728516,61.88314595655953,61.37364278268977,61.71010645087188,75864400
2019-11-07,62.53660202026367,62.75837481141287,62.21840915502444,62.370274265996805,94940400
2019-11-08,62.707733154296875,62.78004634493175,61.914664167239536,62.358202234680874,69986400
2019-11-11,63.20433044433594,63.26941234380963,62.25939599544993,62.26421442476554,81821200
2019-11-12,63.14646911621094,63.34654794595366,62.89577839042329,63.04763614769878,87388800
2019-11-13,63.751522064208984,63.82624818099094,62.93194031614897,62.9464029609209,102734400
2019-11-14,63.31037139892578,63.850329538427395,63.18020029158952,63.57793757671805,89182800
2019-11-15,64.06245422363281,64.067272650884,63.39955633590938,63.56105824716516,100206400
2019-11-18,64.38545227050781,64.4649967640047,63.69362924762607,64.07207801003676,86703200
2019-11-19,64.1902084350586,64.60240830888569,63.97326152022207,64.57830146137563,76167200
2019-11-20,63.44296646118164,64.13960829630712,62.770424127126624,64.00944450755844,106234400
2019-11-21,63.15850067138672,63.64060821168935,62.958421922589864,63.563469239710386,121395200
2019-11-22,63.103092193603516,63.44056619594247,62.87650092995132,63.2983452719704,65325200
2019-11-25,64.20953369140625,64.22640923191557,63.28147459636047,63.327275431238874,84020400
2019-11-26,63.708106994628906,64.39993018161393,63.27661865903487,64.3468980545779,105207600
2019-11-27,64.5638427734375,64.59759383329151,63.95397701165096,64.01905888316979,65235600
2019-11-29,64.421630859375,64.60242121725912,64.09620674390789,64.2649473538178,46617600
2019-12-02,63.67679214477539,64.66270160521697,63.50564595427411,64.4264661607481,94487200
2019-12-03,62.54142379760742,62.56070486863775,61.779692755265934,62.26661887986274,114430400
2019-12-04,63.09342575073242,63.4718820212091,62.837909284948175,62.93192380768448,67181600
2019-12-05,64.01910400390625,64.09383749534416,63.33210614010042,63.58762273539566,74424400
2019-12-06,65.25569915771484,65.32560684844641,64.4337044765978,64.47709976941329,106075600
2019-12-09,64.34209442138672,65.27737714430648,63.85757384735053,65.08453701422351,128042400
2019-12-10,64.71813201904297,65.10140670875774,64.08656483345956,64.74705730032277,90420400
2019-12-11,65.2701187133789,65.34967056737132,64.72292937034965,64.79765544144777,78756800
2019-12-12,65.43647766113281,65.70163837389192,64.43851852305019,64.54940123697496,137310400
2019-12-13,66.32596588134766,66.36212248785799,65.3087183320386,65.43647657929492,133587600
2019-12-16,67.46134948730469,67.6855352336153,66.76712034653099,66.77193877684546,128186000
2019-12-17,67.59391784667969,67.92174758501162,67.20581728332861,67.3914334748193,114158400
2019-12-18,67.43238830566406,67.95306540143068,67.28293612524905,67.44685094529272,116028400
2019-12-19,67.49991607666016,67.77953950681885,67.24199397293245,67.37457068647116,98369200
2019-12-20,67.3600845336914,68.13386528761846,67.14795598094871,68.0326267960508,275978000
2019-12-23,68.45928955078125,68.51955300989285,67.58426294746009,67.62283244405702,98572000
2019-12-24,68.52436065673828,68.67382019117778,68.19894391383995,68.6256064889227,48478800
2019-12-26,69.88391876220703,69.9007942963268,68.62803033131719,68.65695561473434,93121200
2019-12-27,69.85739135742188,70.86258898425908,69.45242272121374,70.17558415289048,146266000
2019-12-30,70.2719955444336,70.55403170483157,68.75335966764395,69.77542534439749,144114400
2019-12-31,70.78546142578125,70.79269274701018,69.78990785044671,69.88874081149524,100805600
2020-01-02,72.40052795410156,72.46079141879511,71.15668916006118,71.4097927692221,135480400
2020-01-03,71.69664764404297,72.45596582996416,71.47246932030643,71.62915285765841,146322800
2020-01-06,72.26792907714844,72.30649856939735,70.5685026643333,70.81920068576198,118387200
2020-01-07,71.92806243896484,72.53310260522755,71.70870255084994,72.27758611058375,108872000
2020-01-08,73.08511352539062,73.38643082203993,71.63155918060959,71.63155918060959,132079200
2020-01-09,74.63748168945312,74.83032176731344,73.81066900497032,74.06135963491325,170108400
2020-01-10,74.80623626708984,75.370308736383,74.30484750773756,74.87132551313572,140644800
2020-01-13,76.40442657470703,76.43094632364196,75.0039042885127,75.1220256778742,121532000
2020-01-14,75.37268829345703,76.55144471689502,75.24975587757001,76.34172912165194,161954400
2020-01-15,75.04969024658203,76.05247495120804,74.61820187883205,75.17263004032235,121923600
2020-01-16,75.98979187011719,76.10068190640935,75.23047392822782,75.59205460116348,108829200
2020-01-17,76.83109283447266,76.83349837052724,75.93195936574989,76.23809509330889,137816400
2020-01-21,76.31041717529297,76.90099467937888,76.17301471865545,76.459869381581,110843200
2020-01-22,76.58281707763672,77.1348251407198,76.48880253772091,76.79493830286927,101832400
2020-01-23,76.95159912109375,77.03114362991317,76.08862248837322,76.63581926484824,104472000
2020-01-24,76.72984313964844,77.93993070377184,76.53940855639385,77.19748815287878,146537600
2020-01-27,74.47357177734375,75.15333787807808,73.4924810810553,74.74113795467083,161940000
2020-01-28,76.58039093017578,76.7515370876536,75.25459488094803,75.35342783283777,162234000
2020-01-29,78.18341827392578,79.02951978699829,77.46990081498579,78.20993802730467,216229200
2020-01-30,78.07008361816406,78.12311574202653,76.83588948795824,77.26737779773116,126743200
2020-01-31,74.60855865478516,77.78323285410741,74.31447274556798,77.36138873428479,199588400
2020-02-03,74.4036865234375,75.56797344941275,72.8512990512171,73.3526878513845,173788400
2020-02-04,76.8600082397461,77.05044280806926,75.60170706629567,76.00667569866678,136616400
2020-02-05,77.48674011230469,78.28462753135985,76.88410566550306,77.98571584340952,118826800
2020-02-06,78.39311981201172,78.39553270453209,77.19990767879175,77.75674147890366,105425600
2020-02-07,77.32755279541016,78.14183107037995,76.8370524098855,77.89295663582978,117684000
2020-02-10,77.6948013305664,77.6948013305664,75.83428641741939,75.91401971596468,109348800
2020-02-11,77.22606658935547,78.26264398287658,77.00860470842123,78.19015914717811,94323200
2020-02-12,79.06000518798828,79.06483505188083,77.67548599053883,77.67548599053883,113730400
2020-02-13,78.49700164794922,78.82319807398167,78.12973294999506,78.33269781258844,94747600
2020-02-14,78.5163345336914,78.76520890109116,78.00891869878639,78.46558778851511,80113600
2020-02-18,77.07869720458984,77.25991671212415,76.01795548104556,76.19917498857986,152531200
2020-02-19,78.1949691772461,78.42451672179727,77.32028463710277,77.32028463710277,93984000
2020-02-20,77.39276885986328,78.44384294584167,76.88777163956716,77.95576130740083,100566000
2020-02-21,75.64099884033203,77.42903672549149,75.02485563249914,76.98685711850104,129554000
2020-02-24,72.04801177978516,73.49776723386336,69.88546431842104,71.8257200728422,222195200
2020-02-25,69.60759735107422,73.09909512359589,69.13643119372864,72.71732938397975,230673600
2020-02-26,70.71182250976562,71.97552869907848,69.22582460812832,69.23307309062069,198054800
2020-02-27,66.08951568603516,69.10500967174747,65.95420576749399,67.92104419759342,320605600
2020-02-28,66.05085754394531,67.27107285671417,61.94563554811998,62.1606861550344,426510000
2020-03-02,72.20024871826172,72.83572613943491,67.10435837488609,68.20617210459764,341397200
2020-03-03,69.9072036743164,73.45426993984877,69.05667582944147,73.3745366413102,319475600
2020-03-04,73.14981842041016,73.3092923901448,70.82779719372856,71.6275782870545,219178400
2020-03-05,70.7770767211914,72.37905058025478,70.41221917601806,71.40529829391956,187572800
2020-03-06,69.8371353149414,70.26964775134793,67.95245619771107,68.13850549074616,226176800
2020-03-09,64.31359100341797,67.19376858532901,63.54763339444034,63.728852881306615,286744800
2020-03-10,68.94554901123047,69.21133903609883,65.08678222072572,66.96422060751131,285290000
2020-03-11,66.55101776123047,67.95003374263217,65.68841155580724,67.0246098194062,255598800
2020-03-12,59.97880554199219,65.23900324323806,59.92323260860385,61.84174314573799,418474000
2020-03-13,67.16475677490234,67.6359302649127,61.119275269390535,64.00429300943405,370732000
2020-03-16,58.52422332763672,62.60044826219108,57.9902283526449,58.46139822062626,322423600
2020-03-17,61.0975341796875,62.24525368604919,57.60362153116066,59.804833950382424,324056000
2020-03-18,59.601871490478516,60.40648633083556,57.294342975256725,57.93465394251518,300233600
2020-03-19,59.145198822021484,61.09270335868853,58.62087096114338,59.77584268914572,271857200
2020-03-20,55.39032745361328,60.848656123776394,55.09070998430256,59.72509337905043,401693200
2020-03-23,54.21360397338867,55.21152015646839,51.372084613414366,55.1100377172106,336752800
2020-03-24,59.652610778808594,59.848327192203485,56.61295613694801,57.110704962845915,287531200
2020-03-25,59.324005126953125,62.39990248221937,59.02922116877282,60.587707831235264,303602000
2020-03-26,62.44580078125,62.503788640032134,59.526959345508246,59.565620375975534,252087200
2020-03-27,59.86040496826172,61.82482113234886,59.69368249851185,61.07094946417779,204216800
2020-03-30,61.56870651245117,61.74026255580425,60.26150926393229,60.585290832590246,167976400
2020-03-31,61.443058013916016,63.42438996368667,60.88973623938196,61.75959108899796,197002000
2020-04-01,58.21010208129883,60.09719995282628,57.78000823267317,59.56079010801558,176218400
2020-04-02,59.18143081665039,59.234588810411715,57.24117510511811,58.072368803656616,165934000
2020-04-03,58.33091735839844,59.36749098851091,57.74134949209258,58.66677725772262,129880000
2020-04-06,63.41954803466797,63.57418477082714,60.256665999907646,60.62393470039306,201820400
2020-04-07,62.68501663208008,65.64977167238716,62.581119246295906,65.43230242458398,202887200
2020-04-08,64.28941345214844,64.60352421399418,63.1199448269442,63.484794969799864,168895200
2020-04-09,64.75332641601562,65.25591244712727,63.95838246710248,64.9248861243381,161834800
2020-04-13,66.02427673339844,66.13301133720609,64.23140932290158,64.83064420547504,131022800
2020-04-14,69.35871124267578,69.64866527052683,67.1840781553046,67.65525160710325,194994800
2020-04-15,68.72566986083984,69.18475770892147,67.8074941646766,68.23516945822269,131154400
2020-04-16,69.27173614501953,69.63659364674618,68.22308052874929,69.43845862105105,157125200
2020-04-17,68.331787109375,69.33454028123167,66.89652897721241,68.78846350317025,215250000
2020-04-20,66.91348266601562,68.06120610179272,66.89415583158684,67.15994589148215,130015200
2020-04-21,64.84512329101562,66.99076185690431,64.13474275571909,66.75638450513866,180991600
2020-04-22,66.7129135131836,67.14783719048366,65.77057396314187,66.11125999851906,116862400
2020-04-23,66.45438385009766,68.07811050746528,66.41572281375096,66.65734876053877,124814400
2020-04-24,68.37285614013672,68.38252323726546,66.93034975126616,66.97867786307528,126161200
2020-04-27,68.42121124267578,68.75223755503086,67.64317552817161,68.09017755648323,117087600
2020-04-28,67.31214141845703,69.06392923095741,67.22032976851494,68.88270980207805,112004800
2020-04-29,69.52302551269531,69.99178036647727,68.59518290617446,68.79814778505363,137280800
2020-04-30,70.98969268798828,71.16608226501852,69.67283584195576,70.06185003558508,183064000
2020-05-01,69.84680938720703,72.24615310349837,69.06877359729275,69.16542249456992,240616800
2020-05-04,70.83504486083984,70.96310628408554,69.18232470328076,69.8709599457229,133568000
2020-05-05,71.89823150634766,72.72942553089366,71.14918943641094,71.2941665102439,147751200
2020-05-06,72.64000701904297,73.27064717863384,72.21474300795924,72.59892736503848,142333600
2020-05-07,73.39144134521484,73.73697195261609,72.9637661985266,73.26579854405584,115215200
2020-05-08,75.1383056640625,75.19160756554702,73.72339119914562,74.05047071308249,133838400
2020-05-11,76.32061767578125,76.81486350373997,74.4380975285037,74.64646215282984,145946400
2020-05-12,75.44841003417969,77.45448798811958,75.32727004325628,77.00384337710936,162301200
2020-05-13,74.53746032714844,76.54838929776676,73.46173624980581,75.62772061684969,200622400
2020-05-14,74.99534606933594,75.0559160635201,73.05468108965971,73.77667808210235,158929200
2020-05-15,74.55199432373047,74.59802812609819,72.7348938949015,72.76881665193059,166348400
2020-05-18,76.30850219726562,76.68161544536761,75.18432690881329,75.87482634655969,135178400
2020-05-19,75.86756134033203,77.17102150533867,75.83606375790906,76.32546668705436,101729600
2020-05-20,77.3430404663086,77.41329633678234,76.68645639876391,76.72522208271401,111504800
2020-05-21,76.76641845703125,77.74523171426733,76.52898139842385,77.20494465969075,102688800
2020-05-22,77.26065826416016,77.34303256146072,76.40298515469343,76.50473859508931,81803200
2020-05-26,76.73733520507812,78.55685269616119,76.68160815192094,78.37756788987811,125522000
2020-05-27,77.07169342041016,77.21706291080646,75.85545038481993,76.59440888025136,112945200
2020-05-28,77.1056137084961,78.36304756047794,76.47084126097369,76.74703662948228,133560800
2020-05-29,77.03050994873047,77.8082267406315,76.67435802451047,77.34789618259597,153532400
2020-06-01,77.97781372070312,78.09895371175787,76.85363105469186,76.9844643152945,80791200
2020-06-02,78.33881378173828,78.36304326033381,77.27035810172477,77.71130947324757,87642800
2020-06-03,78.77007293701172,79.03173947926652,78.08684155798949,78.65862620653965,104491200
2020-06-04,78.09168243408203,78.89120338502829,77.71856920653472,78.59320375117642,87560400
2020-06-05,80.3157958984375,80.37636588026136,78.31214356147102,78.34121596973901,137250400
2020-06-08,80.79069519042969,80.82461794300563,79.30309967941871,80.01297837924804,95654400
2020-06-09,83.34187316894531,83.73436548390762,80.43936425549487,80.47086183031477,147712400
2020-06-10,85.48606872558594,85.95366732051313,83.85067883247099,84.28920501230608,166651600
2020-06-11,81.38185119628906,85.05481691401155,81.28009773597238,84.63082691049463,201662400
2020-06-12,82.08443450927734,84.26495380444017,80.97479572123159,83.51873489892154,200146000
2020-06-15,83.0996322631836,83.75136619138125,80.57749604693846,80.739826934257,138808800
2020-06-16,85.30193328857422,85.57329308072946,83.51875616005826,85.15172088189794,165428800
2020-06-17,85.18321990966797,86.10630607045023,85.06207991592963,86.04573607358105,114406400
2020-06-18,85.21714782714844,85.6338697266432,84.60902265567091,85.13961645194037,96820400
2020-06-19,84.73016357421875,86.38735791979117,83.62294217777347,85.92218445110363,264476000
2020-06-22,86.947021484375,87.08996579558588,85.07661960868549,85.12265339969562,135445200
2020-06-23,88.80288696289062,90.22022642343374,87.77077181014047,88.18991886652088,212155600
2020-06-24,87.23535919189453,89.35046681091735,86.86224582332882,88.43222329872934,192623200
2020-06-25,88.39344024658203,88.43220593644023,86.63206719010891,87.39040482402382,137522400
2020-06-26,85.67747497558594,88.50972868089589,85.52968033530838,88.28925300034977,205256800
2020-06-29,87.65205383300781,87.74654657742667,85.10811395697272,85.58540582946648,130646000
2020-06-30,88.38371276855469,88.66960869638378,87.22077209809864,87.24015123862776,140223200
2020-07-01,88.216552734375,89.00396260480164,88.16810117862731,88.46125786012283,110737200
2020-07-02,88.216552734375,89.75745712558465,88.10268825115901,89.12268481304834,114041600
2020-07-06,90.57637786865234,91.04397648582848,89.61210082402599,89.6435984064739,118655600
2020-07-07,90.29534149169922,91.73206023970783,90.18389475245895,90.95434344364946,112424400
2020-07-08,92.39832305908203,92.42982064230873,91.18449788463136,91.27172253001288,117092000
2020-07-09,92.795654296875,93.34320200495762,91.74900304495738,93.2899001154489,125642800
2020-07-10,92.9579849243164,93.01613714978424,91.78050772022172,92.39105063414506,90257200
2020-07-13,92.5291519165039,96.86838742692706,92.31594434218474,94.26145236714936,191649200
2020-07-14,94.06037139892578,94.25176728421596,90.97856936107081,91.91134148904221,170989200
2020-07-15,94.70726013183594,96.18274459430761,93.51039621887803,95.9331964647362,153198000
2020-07-16,93.5418930053711,94.39714118909534,92.94346105400828,93.58065869622936,110577600
2020-07-17,93.35289001464844,94.14756798104436,92.88044113908421,93.99251265271707,92186800
2020-07-20,95.32022857666016,95.45832996558929,93.09609971897889,93.4401406081673,90318000
2020-07-21,94.00464630126953,96.185166447433,93.75509818029391,96.11006023390243,103433200
2020-07-22,94.26871490478516,94.94952104533722,93.61940634409747,93.7066235863698,89001600
2020-07-23,89.97793579101562,94.07973387894577,89.16872158432245,94.00220251459487,197004400
2020-07-24,89.75505828857422,90.09909918615199,86.39221027249204,88.17782031323753,185438800
2020-07-27,91.88225555419922,91.97432312790853,90.59333170366311,90.81622514062431,121214000
2020-07-28,90.37288665771484,91.63032074825087,90.36803632453014,91.45345364442228,103625600
2020-07-29,92.10516357421875,92.28929873601002,90.81865739523712,90.85499791564365,90329200
2020-07-30,93.21963500976562,93.32381361272807,90.87194172588752,91.27897026336679,158130000
2020-07-31,102.97869873046875,103.12891115542561,97.71152622340603,99.70791855704327,374336800
2020-08-03,105.5735092163086,108.19013023936542,104.56078059833798,104.85878026409463,308151200
2020-08-04,106.2785415649414,107.36880152265259,105.04048696818748,105.76248400195036,173071600
2020-08-05,106.66376495361328,106.98357631299436,105.53473931977294,105.99992015103618,121776800
2020-08-06,110.38520050048828,110.87945383007707,106.40696656350907,106.99570525966352,202428800
2020-08-07,107.87549591064453,110.36334336865978,107.07938502036484,109.90703455219526,198045600
2020-08-10,109.44344329833984,110.46042737696229,106.79540187658976,109.31965534861051,212403600
2020-08-11,106.18860626220703,109.20557448641424,105.92889749318043,108.70800797992307,187902400
2020-08-12,109.71772003173828,109.97499928394977,107.08424089381839,107.27841139872632,165598000
2020-08-13,111.65945434570312,112.66187605488997,110.60848630688241,111.096349513322,210082000
2020-08-14,111.55992889404297,111.64973292886683,109.75168569136507,111.48468727529169,165565200
2020-08-17,111.2686767578125,112.70556367842538,110.64247058340116,112.68129051352851,119561600
2020-08-18,112.19586944580078,112.62062395424891,110.68617026805988,111.02112072271991,105633600
2020-08-19,112.33661651611328,113.74923011045664,112.24196081309763,112.60360648521876,145538000
2020-08-20,114.8293228149414,114.94340001045877,112.36088962986535,112.37788158405773,126907200
2020-08-21,120.74675750732422,121.22976157375017,115.77591472831364,115.78804760558032,338054800
2020-08-24,122.19091796875,125.03313705599179,120.32685470533741,124.94817728665664,345937600
2020-08-25,121.18849182128906,121.5331529265973,119.4676306472173,121.0647112936665,211495600
2020-08-26,122.8365478515625,123.29285663343889,121.43849667426107,122.50402701142234,163022400
2020-08-27,121.36811828613281,123.77101327398971,120.22491675397727,123.43849242247208,155552400
2020-08-28,121.1715316772461,122.75889449051752,120.94822892350749,122.3414212260646,187630000
2020-08-31,125.28071594238281,127.1836224608346,122.32928572568825,123.8632579117057,225702700
2020-09-01,130.2709503173828,130.87289803905446,126.72729105741708,128.89232070779244,151948100
2020-09-02,127.57196044921875,133.96026921891615,123.30015014927834,133.5816315551226,200119000
2020-09-03,117.35844421386719,125.08654753719104,116.98951728236517,123.21278063679146,257599600
2020-09-04,117.43608093261719,120.09625465384981,107.65944974789842,116.57200982527745,332607200
2020-09-08,109.53324127197266,115.52349034053138,109.3973204514996,110.63031858211357,231366600
2020-09-09,113.90215301513672,115.66913123084257,111.90216871799983,113.8439033465614,176940500
2020-09-10,110.18373107910156,116.98951312845449,109.22257449751976,116.85359229498353,182274400
2020-09-11,108.73713684082031,111.87304145706314,106.7954022543771,111.23226548811466,180860300
2020-09-14,111.99925994873047,112.55265405113641,109.51384186173257,111.377905426981,140150100
2020-09-15,112.17401885986328,115.36817345414228,110.30024450538139,114.88273976030895,184642000
2020-09-16,108.86334228515625,112.62060121644382,108.77596778791039,111.87303669164397,154679000
2020-09-17,107.12549591064453,108.9313097079175,105.54298485481058,106.52356291630672,178011000
2020-09-18,103.72745513916016,107.64975978247199,102.99930468969426,107.18374764280628,287104900
2020-09-21,106.87307739257812,106.97987339137704,100.09642017457678,101.49447149912258,195713800
2020-09-22,108.55267333984375,109.5720869949024,105.97988085188311,109.3973305799532,183055400
2020-09-23,103.9992904663086,108.84391540986971,103.65948104238039,108.36819258635005,150718700
2020-09-24,105.0672607421875,107.03812018263172,101.94106684060164,102.10611250444195,167743300
2020-09-25,109.00896453857422,109.16430684101944,104.53326629739041,105.27112741974788,149981400
2020-09-28,111.61089324951172,111.96040603666982,109.49440244155606,111.65943957272272,137672400
2020-09-29,110.7662353515625,111.95069452133387,110.26138766643038,111.21284078207377,99382200
2020-09-30,112.43614959716797,113.84391175108092,110.30995505877512,110.4750007366762,142675200
2020-10-01,113.3875961303711,114.29050304173128,112.45556438431055,114.2128318777771,116120400
2020-10-02,109.72742462158203,112.00896881944756,108.9507351859753,109.60121453266758,144712000
2020-10-05,113.10604858398438,113.25168017088336,110.24199280586862,110.5915056515741,106243800
2020-10-06,109.86334228515625,112.73710847512729,108.97984952644627,112.32933859803765,161498200
2020-10-07,111.72742462158203,112.18373349473666,110.80509612706318,111.28082649663705,96849000
2020-10-08,111.62061309814453,113.00895361392693,111.25167878876417,112.86332203954677,83477200
2020-10-09,113.56236267089844,113.59148750819554,111.5720815081163,111.92159436994272,100506900
2020-10-12,120.77589416503906,121.53316947743221,115.80505089927543,116.56232621166858,240226800
2020-10-13,117.57202911376953,121.73705073964729,116.16427448485399,121.62054399652054,262330500
2020-10-14,117.659423828125,119.44581630770881,116.13516229019277,117.47495664988062,150712000
2020-10-15,117.19341278076172,117.66913577260972,114.70799439887548,115.26138856694018,112559200
2020-10-16,115.5526351928711,118.00893594757436,115.34875392683747,117.74679760043794,115393800
2020-10-19,112.60120391845703,116.91185012257559,112.29052664782569,116.46525200898868,120639300
2020-10-20,114.08661651611328,115.513792607474,112.2613812832418,112.81477533834804,124423700
2020-10-21,113.46527099609375,115.25166338254114,113.05750107559587,113.2710930798733,89946000
2020-10-22,112.37788391113281,114.60117079702067,111.2516743484804,114.02835526922215,101988000
2020-10-23,111.68856811523438,113.15457972080071,110.95070693925585,112.99923740706663,82572600
2020-10-26,111.69828033447266,113.15458121285103,109.591492767667,110.6885775032748,111850700
2020-10-27,113.20314025878906,113.86333040398806,111.20315573383206,112.12547682460935,92276800
2020-10-28,107.96044158935547,112.06721355762778,107.863356340069,111.6982866474873,143937800
2020-10-29,111.9604263305664,113.52352341003616,108.93131742851756,109.09637051307503,146129200
2020-10-30,105.68861389160156,108.72742584588708,104.58182577242385,107.82451896896531,190272600
2020-11-02,105.60122680664062,107.45558679697702,104.19347226654686,105.93132552110745,122866900
2020-11-03,107.22258758544922,108.24199381190596,105.56240538196562,106.46531227233,107624400
2020-11-04,111.60118103027344,112.22253544210156,109.07692780633057,110.8147809731129,138235500
2020-11-05,115.56232452392578,116.13514003797306,113.46525517113334,114.513786143965,126387100
2020-11-06,115.43106079101562,115.92705207680842,112.94134718075708,115.07121742885344,114457900
2020-11-09,113.12614440917969,118.6404586573118,112.86356119637313,117.19137239571974,154515300
2020-11-10,112.7857437133789,114.36125765819912,110.99626183270806,112.37727768471512,138023400
2020-11-11,116.20905303955078,116.34520833947562,113.24280409700836,113.97221066942316,112295000
2020-11-12,115.93675994873047,117.22051541325983,115.31433350652887,116.33550583009225,103162300
2020-11-13,115.98541259765625,116.3841511366973,114.63357920983941,116.16047053233304,81581900
2020-11-16,116.996826171875,117.66787522451466,114.90585901966058,115.65471322677983,91183000
2020-11-17,116.11181640625,117.35666927518157,115.6936229499769,116.26742672482064,74271000
2020-11-18,114.78914642333984,116.52999772652923,114.75997134662337,115.35322263955022,76322100
2020-11-19,115.3824234008789,115.7908894056509,113.60266912591757,114.36125096903965,74113000
2020-11-20,114.11809539794922,115.50883100676269,114.06947274108221,115.38240319501891,73604300
2020-11-23,110.72394561767578,114.39043445067523,110.6266928661709,113.96251344016258,127959300
2020-11-24,112.0076904296875,112.66901946402936,109.49852961528087,110.78229252304031,113874200
2020-11-25,112.84408569335938,113.54431736019659,112.00769869351593,112.37726952874067,76499200
2020-11-27,113.38870239257812,114.26399194036229,113.02886649286769,113.36925481147574,46691300
2020-11-30,115.78114318847656,117.64842229155751,113.60264348164121,113.75825378351841,169410200
2020-12-01,119.35038757324219,120.07979426970195,116.7147989337566,117.68734119570294,127728200
2020-12-02,119.70052337646484,119.98256156993129,117.57065309264819,118.66962336105755,89004200
2020-12-03,119.56433868408203,120.3812705585125,118.85437962376297,120.12840751265676,78967600
2020-12-04,118.89329528808594,119.48654668025314,118.18333614962214,119.23368360656494,78260400
2020-12-07,120.35209655761719,121.14958086023294,118.8932832660097,118.9516334233034,86712000
2020-12-08,120.9648208618164,121.54835223688058,119.7102402772839,120.95510078016575,82225500
2020-12-09,118.43620300292969,122.49170271232049,117.67762117756554,121.1106943933289,115089200
2020-12-10,119.85610961914062,120.46881600995408,116.85095750767795,117.1913458248472,81312200
2020-12-11,119.04891204833984,119.38930038520903,117.23998269251022,119.06835963048555,86939800
2020-12-14,118.43620300292969,119.96309415447033,118.20279492279666,119.23368741163418,79184500
2020-12-15,124.36869049072266,124.3881454893434,120.72165733966631,120.92589030573652,157243700
2020-12-16,124.3006362915039,124.84525763713049,123.08495834508075,123.91162528457596,98208600
2020-12-17,125.16619873046875,126.02204075578122,124.5243172114844,125.36070423445284,94359800
2020-12-18,123.18221282958984,125.55521844582084,122.65703909059238,125.41906311570027,192541500
2020-12-21,124.70911407470703,124.78691925140207,120.06036235587443,121.58725370394174,121251600
2020-12-22,128.25888061523438,130.71941139606707,126.09010064650239,127.99629004452623,168904800
2020-12-23,127.36412811279297,128.79375143883854,127.18906280686316,128.5311757396674,88223700
2020-12-24,128.3463897705078,129.79548292817182,127.50028284184114,127.71424330377316,54930100
2020-12-28,132.93682861328125,133.5689752639016,129.84413593469228,130.31096699096756,124486200
2020-12-29,131.16677856445312,134.97914269594398,130.6513323196226,134.25947087325437,121047300
2020-12-30,130.04835510253906,132.2560302372561,129.73713444926724,131.85728434018318,96452100
2020-12-31,129.046630859375,131.04034539862676,128.10326370918978,130.39846396533886,99116600
2021-01-04,125.856689453125,129.9413637183322,123.27945114345249,129.85383848203446,143301900
2021-01-05,127.41276550292969,128.1227320895685,124.9036045069711,125.35098050896518,97664900
2021-01-06,123.12385559082031,127.45167334436817,122.90989509434218,124.21310565475042,155088000
2021-01-07,127.32524108886719,128.0157526782517,124.34926390945633,124.83553507837492,109578200
2021-01-08,128.42422485351562,128.98830121735807,126.65419059044255,128.79378086858412,105158200
2021-01-11,125.4384994506836,126.59582714131227,124.97168331019907,125.64273985954293,100384500
2021-01-12,125.26347351074219,126.12903571826018,123.37673873844398,124.97170780083064,91951100
2021-01-13,127.29608917236328,127.8407106062961,124.96199307270233,125.22456886703496,88636800
2021-01-14,125.37042999267578,127.40303981441828,125.22453974548624,127.20853432464988,90221800
2021-01-15,123.64901733398438,126.64444915422231,123.5128620166925,125.24398598218208,111598500
2021-01-19,124.32008361816406,125.1759255883475,123.45452156734409,124.27145353534586,90757300
2021-01-20,128.40475463867188,128.85213061210496,125.02031169638846,125.12729193961263,104319500
2021-01-21,133.11183166503906,135.83495249636564,129.92189478371253,130.12613515298327,120150900
2021-01-22,135.25143432617188,136.0100159621577,131.31263593020583,132.53803360991805,114459400
2021-01-25,138.99575805664062,141.106173284309,132.79093279458516,139.1416483205631,157611700
2021-01-26,139.22915649414062,140.3378541007655,137.48829750104505,139.65707747210416,98390600
2021-01-27,138.15933227539062,140.3378319835939,136.55464370074296,139.49171024148978,140843800
2021-01-28,133.32583618164062,138.09130292156465,132.94654523318187,135.6891219680526,142621100
2021-01-29,128.33670043945312,132.98545188101477,126.63475125528835,132.1004347436925,177523800
2021-02-01,130.45681762695312,131.66277536673383,127.3349504556567,130.07752674070377,106239800
2021-02-02,131.28347778320312,132.56722577893618,130.9139069960329,132.00314951845078,83305400
2021-02-03,130.2622833251953,132.04203704071995,129.9413426709387,132.03230212283063,89880900
2021-02-04,133.6175537109375,133.62727378925396,130.89443296109326,132.55748642168908,84183100
2021-02-05,133.20362854003906,133.8464691818489,132.32703847356598,133.77829722031976,75693800
2021-02-08,133.34974670410156,133.39844945852406,131.41149002924152,132.49262578464683,71297200
2021-02-09,132.47312927246094,134.29451105529114,132.31730127973145,133.06726715184539,76774200
2021-02-10,131.86929321289062,133.427692466588,130.90503200269075,132.93094508769863,73046600
2021-02-11,131.61602783203125,132.84325691578465,130.291393245221,132.3659937299951,64280000
2021-02-12,131.8497772216797,132.0056200817279,130.21347177715296,130.85631242835694,60145100
2021-02-16,129.7264862060547,132.4731462786685,129.33687901923372,131.96667922879305,80576300
2021-02-17,127.43758392333984,128.78170264078364,126.10321467381557,127.83692569620267,97918500
2021-02-18,126.33696746826172,126.61941963432317,124.09677476387137,125.84022023340577,96856700
2021-02-19,126.4928207397461,127.31098844832445,125.45065303655015,126.85320926611831,87668800
2021-02-22,122.72343444824219,126.34669893995918,122.33383475744539,124.68116007602796,103916400
2021-02-23,122.58708953857422,123.41498433079913,115.31134105569778,120.54170021925478,158273000
2021-02-24,122.09034729003906,122.29488547484925,119.0514857660057,121.691012957123,111039900
2021-02-25,117.8437271118164,123.17148430278391,117.40543205845579,121.43777330096201,148199500
2021-02-26,118.1067123413086,121.60335309106918,118.04826755034811,119.40212088348072,164560400
2021-03-01,124.46691131591797,124.60327011935185,119.59693281900122,120.53196779868955,116307900
2021-03-02,121.86634063720703,125.37272355528646,121.75920051926317,125.07078727617044,102260900
2021-03-03,118.88590240478516,122.44098788620711,118.67162218049718,121.56439034639122,112966300
2021-03-04,117.0060806274414,120.38584631369558,115.53535272389263,118.58395606502583,178155000
2021-03-05,118.26252746582031,118.76900926850234,114.51264641529035,117.83397451469976,153766600
2021-03-08,113.3341293334961,117.85346835184752,113.1880285063647,117.78528895665244,154376600
2021-03-09,117.94111633300781,118.8858931954571,115.7009310503409,115.93468789918522,129525800
2021-03-10,116.8599853515625,118.99303047984385,116.34376148572666,118.52551679323263,111943300
2021-03-11,118.78849029541016,120.00598467048323,118.10669641776761,119.35340946888309,103026500
2021-03-12,117.88268280029297,118.01904158578925,116.06131583787986,117.2690682655597,88105100
2021-03-15,120.76569366455078,120.77543569972144,117.28853020817765,118.25279105319385,92403800
2021-03-16,122.30461883544922,123.91171295180644,121.47672411823375,122.43123557963636,115227900
2021-03-17,121.51570129394531,122.58709503966791,119.15862613615897,120.82416526324258,111932600
2021-03-18,117.39570617675781,119.97679639206342,117.19116796164273,119.68459469561455,121229700
2021-03-19,116.86973571777344,118.27229182875169,116.5677994448256,116.78207967633583,185549500
2021-03-22,120.1812973022461,120.64881838524362,117.13269423612276,117.20087361999786,111912300
2021-03-23,119.3534164428711,121.0092059173222,118.96381673388366,120.12287382459728,95467100
2021-03-24,116.96713256835938,119.7040653634643,116.94765592524341,119.62614392900645,88530500
2021-03-25,117.45411682128906,118.4962991670475,115.90546750304253,116.43142597838931,98844700
2021-03-26,118.0580062866211,118.32098926109825,115.82755546141085,117.22036947257719,94071200
2021-03-29,118.23331451416016,119.3923715504468,117.59048134086395,118.48655542775977,80819200
2021-03-30,116.78206634521484,117.26906411360106,115.76911009525196,116.98660451621751,85671900
2021-03-31,118.97357177734375,120.3079410804402,117.9995761138878,118.48657394561577,118323800
2021-04-01,119.80144500732422,120.95075998024407,119.30470522783453,120.44428559619276,75089100
2021-04-05,122.62606048583984,122.8793014492825,119.86965086309161,120.6488503978394,88651200
2021-04-06,122.92798614501953,123.82406033078875,122.3825509764638,123.21044576616356,80171300
2021-04-07,124.57405090332031,124.5935275475856,121.88582070386657,122.55788011147936,83466700
2021-04-08,126.97008514404297,126.99930382725644,125.17793655097103,125.59674758502777,88844600
2021-04-09,129.5414276123047,129.58038090088027,126.10322399320837,126.4246443564377,106686700
2021-04-12,127.82719421386719,129.39532780187267,127.23305627401432,129.073907454543,91420000
2021-04-13,130.93421936035156,131.15824904554103,128.49923039780398,128.99597765783932,91266500
2021-04-14,128.5966339111328,131.4894019428346,128.2362603060902,131.43096458655666,87222800
2021-04-15,131.00241088867188,131.48940869866695,130.16477406100063,130.34010100083557,89347100
2021-04-16,130.6712646484375,131.16799709740084,129.81414368991753,130.8076234498389,84922400
2021-04-19,131.3335723876953,131.9471944147541,129.8725788847892,130.03815636501255,94264200
2021-04-20,129.64852905273438,132.00559615119002,128.3823320528723,131.5088638445784,94812300
2021-04-21,130.02841186523438,130.27191076385841,127.88562452974153,128.9180574819885,68847100
2021-04-22,128.5089569091797,130.66147844484067,127.99274053029319,129.58034294411806,84566500
2021-04-23,130.8271026611328,131.60628729046172,128.72326849315886,128.72326849315886,78657500
2021-04-26,131.21669006347656,131.5478450047434,130.08685158645528,131.32383017529745,66905100
2021-04-27,130.89524841308594,131.88872793710226,130.62253087504087,131.49912083847275,66015800
2021-04-28,130.10635375976562,131.5089100143574,129.619355885921,130.81736649421998,107760100
2021-04-29,130.00894165039062,133.50559750247544,129.00572727008065,132.92119413868548,151101000
2021-04-30,128.0414276123047,130.08680880809916,127.66157004294367,128.3530983774782,109839500
2021-05-03,129.09336853027344,130.58359545105438,128.401839986388,128.60637073689202,75135100
2021-05-04,124.52532958984375,128.07068022860358,123.40523322106765,127.77847859118502,137564700
2021-05-05,124.76884460449219,127.05772538948398,124.6422204183204,125.84023086704354,84000900
2021-05-06,126.36617279052734,126.37590739453778,123.82403668567083,124.56427529521159,78128300
2021-05-07,127.03936767578125,128.06378806137542,126.32713259923071,127.66378295557222,78973300
2021-05-10,123.76119232177734,126.38568557584613,123.72216543128324,126.25886120807223,88071200
2021-05-11,122.8440933227539,123.19532046962064,119.78054551827158,120.4927732833166,126142800
2021-05-12,119.78053283691406,121.60500079746393,119.27319817304675,120.39519702699735,112172300
2021-05-13,121.92698669433594,123.07825403932372,121.23427605914434,121.54648377421124,105861300
2021-05-14,124.34657287597656,124.7758612004647,122.78553457368028,123.17579601015879,81918000
2021-05-17,123.19532775878906,123.83926036065176,122.12211419930365,123.73193826034131,74244600
2021-05-18,121.80989074707031,123.89778097564653,121.7415955505699,123.47825121325309,63342900
2021-05-19,121.65379333496094,121.87818865261369,119.86835215925528,120.16105011854478,92612000
2021-05-20,124.20999908447266,124.61001915730156,122.05381347828964,122.18065274217139,76857100
2021-05-21,122.37579345703125,124.88321393915864,122.16114924209418,124.70759662181192,79295400
2021-05-24,124.00511932373047,124.82466923282675,122.87336914136405,122.94166434682049,63092900
2021-05-25,123.80997467041016,125.19540319531397,123.24409593795775,124.70757079826137,72009500
2021-05-26,123.76119232177734,124.28804417802037,123.34166255348855,123.86851440973157,56575900
2021-05-27,122.22942352294922,124.5319579811851,122.03429651202822,123.3611810284224,94625600
2021-05-28,121.57575225830078,122.73677818956268,121.51721563777299,122.51237540484098,71311100
2021-06-01,121.25376892089844,122.29771402080185,120.92205152635813,122.03429182182089,67637100
2021-06-02,122.0147705078125,122.19038778236961,121.02936949732552,121.25376479927095,59278900
2021-06-03,120.53179931640625,121.80989840712398,120.13177925202119,121.64403969713835,76229200
2021-06-04,122.82456970214844,123.08799935298282,120.83424294183042,121.04888711847525,75169300
2021-06-07,122.8343505859375,123.24412184649682,121.79040526387277,123.09777284097717,71057600
2021-06-08,123.65388488769531,125.33201160333881,123.13679155370112,123.51729447658813,74403800
2021-06-09,124.03437042236328,124.63927604647924,123.43922338156383,124.11242420165917,56877900
2021-06-10,123.03921508789062,125.06856875877892,122.87335638380547,123.92705266664278,71186400
2021-06-11,124.24903106689453,124.33684344114933,123.02946851727127,123.44899833208643,53522400
2021-06-14,127.30280303955078,127.36133965538929,123.97584053546844,124.70757800792384,96906500
2021-06-15,126.4832534790039,127.41988394107798,126.23934100200125,126.77595142885431,62746300
2021-06-16,126.98086547851562,127.70285197400149,125.33202917302177,127.19550970995087,91815000
2021-06-17,128.5808868408203,129.32239025268845,126.49299676283543,126.63935317228925,96721700
2021-06-18,127.28327941894531,128.3076997988403,127.06863527203306,127.52719186886974,108953300
2021-06-21,129.0785369873047,129.18585911522888,126.06378114912822,127.12723639758653,79663300
2021-06-22,130.7175750732422,130.8151460223462,128.4150406144124,128.91263161271146,74783600
2021-06-23,130.44442749023438,131.04934073165782,129.98587070972775,130.51273014944366,60214200
2021-06-24,130.1614532470703,131.36149842351492,129.69313058879897,131.1761225655203,68711000
2021-06-25,129.86874389648438,130.62974954026467,129.57604598259172,130.21022727723152,70783700
2021-06-28,131.49813842773438,131.95669523246048,130.10296572752944,130.1615023600917,62111300
2021-06-29,133.0103302001953,133.16643773077968,131.07854789272267,131.51758729616188,64556100
2021-06-30,133.62503051757812,134.0640700400228,132.56156070353867,132.8542586809143,63261400
2021-07-01,133.92745971679688,133.98599632611845,132.45421890843855,133.27377610064684,52485800
2021-07-02,136.55198669433594,136.59100614570704,134.39579354693674,134.54213509862615,78852600
2021-07-06,138.56178283691406,139.66425694043204,136.65926878574828,136.65926878574828,108181800
2021-07-07,141.04971313476562,141.36191336128311,139.1862182535438,140.04478004189397,104911600
2021-07-08,139.7521209716797,140.55214628534262,137.24469315334258,138.13253828734636,105575500
2021-07-09,141.57659912109375,142.10344367127877,139.17649311255218,139.27406408607257,99890800
2021-07-12,140.9814453125,142.75713571421414,140.49362024221452,142.64981360326175,76299700
2021-07-13,142.09365844726562,143.86934850619764,140.1326074026889,140.5228614286861,100827100
2021-07-14,145.51817321777344,145.92795926693185,144.08396670742601,144.49375275658443,127050800
2021-07-15,144.86451721191406,146.34750947636803,143.50836421958925,145.60602078776031,106820300
2021-07-16,142.82540893554688,146.11334481046933,142.32783277394142,144.84501166670194,93251400
2021-07-19,138.9813232421875,140.56188618036083,138.22031752231123,140.2496710710599,121434600
2021-07-20,142.5912322998047,143.5181116494979,139.47892150687957,139.9667464752501,96350000
2021-07-21,141.8594970703125,142.57173225410514,141.10825732605966,141.9863363279922,74993500
2021-07-22,143.22540283203125,144.59130668501456,142.25950410848452,142.38634335455993,77338200
2021-07-23,144.94256591796875,145.0986734955369,143.34250046599004,143.95716474814094,71447400
2021-07-26,145.3621063232422,146.18164879238583,144.1035094217646,144.65963709619385,72434100
2021-07-27,143.19615173339844,145.5767400665626,142.00585756681636,145.48892025406204,104818600
2021-07-28,141.44973754882812,143.391286472983,139.06914908747908,141.28387882976534,118931200
2021-07-29,142.09365844726562,142.98150347673163,141.05947187985987,141.16679397009463,56699500
2021-07-30,142.30831909179688,142.7668758133756,140.60093147786202,140.86436116386733,70440600
2021-08-02,141.97657775878906,143.37174997131473,141.71314811709883,142.7961201026742,62880000
2021-08-03,143.77178955078125,144.43522442777342,141.64486473611035,142.25952902121162,64786600
2021-08-04,143.37181091308594,144.19135360532673,142.71812698804322,143.68402615998284,56368300
2021-08-05,143.47906494140625,144.24007063545545,142.6107371680816,143.40101116673,46397700
2021-08-06,142.79513549804688,143.74293525391155,142.29681378591434,143.00033556159832,54126800
2021-08-09,142.74623107910156,143.3422697557146,142.18928521610837,142.8537139522462,48908700
2021-08-10,142.2674560546875,144.3291621434574,141.97431959044943,143.0882262269222,69023100
2021-08-11,142.5215301513672,143.36184690994065,142.19908146277635,142.7071837820295,48493500
2021-08-12,145.48216247558594,145.6385039280885,142.50196876649986,142.84396383015653,72282600
2021-08-13,145.6873779296875,146.01959236929383,144.87637333214747,145.56034862237908,59375000
2021-08-16,147.6610870361328,147.72949199860398,143.11752446564824,145.1401375440863,103296000
2021-08-17,146.75244140625,148.20832862251999,145.67761233221978,146.79151932278535,92229700
2021-08-18,143.01010131835938,147.2703098892412,142.80490125480077,146.37136871129022,86326000
2021-08-19,143.34228515625,144.61253336364982,141.1926423719419,141.71051038649435,86960300
2021-08-20,144.79820251464844,145.10110479232438,143.4204712746936,144.06536865206095,60549600
2021-08-23,146.28341674804688,146.7524262457425,144.50506608373868,144.91545125791524,60131800
2021-08-24,146.1954345703125,147.40705833624506,145.73619092005404,146.02932738546966,48606400
2021-08-25,144.96429443359375,146.87943995254733,144.41711425947602,146.3811034364789,58991300
2021-08-26,144.1630401611328,145.7068782917423,144.13372800564036,144.95451308804914,48597200
2021-08-27,145.1988067626953,145.34536755607812,143.4693148530707,144.10443150378484,55802400
2021-08-30,149.61534118652344,149.97688265994054,145.2085727146907,145.58964568755835,90956700
2021-08-31,148.3548583984375,149.30265785841414,147.82720977662575,149.16586282859998,86453100
2021-09-01,149.01931762695312,151.43278500420377,148.85321040744938,149.33200056452,80313700
2021-09-02,150.13316345214844,151.1786798262666,148.91177417932087,150.34812915692905,71115500
2021-09-03,150.7683563232422,151.0908050119508,149.58604446464392,150.24070759279422,57808700
2021-09-07,153.1036376953125,153.66058362239795,150.8562777588282,151.4230043452141,82278300
2021-09-08,151.55979919433594,153.44561765373206,150.4556581818044,153.38699333617137,74420200
2021-09-09,150.54360961914062,152.53691096459315,150.4263460744376,151.93110647020356,57305700
2021-09-10,145.56031799316406,151.92130921813492,145.296493683324,151.45229981917254,140893200
2021-09-13,146.1270751953125,147.9542695218118,145.34538275990522,147.18235774668085,102404300
2021-09-14,144.72979736328125,147.61228914708835,143.54750041568678,146.90876744705565,109296300
2021-09-15,145.6189727783203,146.01959220126037,143.01985176888803,145.15972903193406,83281300
2021-09-16,145.3844451904297,145.56033305169905,143.8503875542624,145.04246503666727,68034100
2021-09-17,142.71690368652344,145.4137409758473,142.42376725383107,145.4137409758473,129868800
2021-09-20,139.66836547851562,141.52487196661303,138.0365905336095,140.50868223734292,123478900
2021-09-21,140.14715576171875,141.2903898304163,139.51203897648207,140.63571172252995,75834000
2021-09-22,142.51174926757812,143.0784609405733,140.4109501394529,141.14378392401113,76404300
2021-09-23,143.46929931640625,143.71357721861844,142.30653411634987,143.29341147385273,64838200
2021-09-24,143.55728149414062,144.0946960320379,142.22840868658764,142.3261258424034,53477900
2021-09-27,142.04273986816406,142.6192471706429,140.52822848156046,142.14045701354505,74150700
2021-09-28,138.6619415283203,141.43693551030117,138.44697573581755,139.9712677848058,108972300
2021-09-29,139.56085205078125,141.1437680766469,138.77915978644447,139.2090912773067,74602000
2021-09-30,138.2613067626953,141.075393254431,138.04634099404652,140.37187163149707,89056700
2021-10-01,139.38497924804688,139.64880358400276,135.9260103602956,138.65214546670163,94639600
2021-10-04,135.955322265625,138.95506236159227,135.1052398519007,138.51535016597074,98322000
2021-10-05,137.88023376464844,138.9843747661612,136.17028827499877,136.29731756814027,80861100
2021-10-06,138.74989318847656,138.89645401323804,135.20297213380132,136.27780121386797,83221100
2021-10-07,140.0103302001953,140.9190518423827,139.45338427911526,139.7855986818326,61732700
2021-10-08,139.62924194335938,140.87994360098938,139.29702757701324,140.73338282452485,58773200
2021-10-11,139.5413360595703,141.49555969160025,138.56422424355534,139.0137022391212,64452200
2021-10-12,138.27105712890625,139.97123668009885,137.81181348420836,139.95169027343047,73035900
2021-10-13,137.68484497070312,138.16362027198588,136.01397701826,138.00729369519374,78762700
2021-10-14,140.46957397460938,140.58683751822448,138.27107262847971,138.8573456179309,69907100
2021-10-15,141.5248565673828,141.58348088448486,140.22529620330172,140.47935479013262,67940300
2021-10-18,143.1957244873047,143.47908032380766,139.88331637742027,140.16667221392322,85589200
2021-10-19,145.35513305664062,145.75575243725564,143.1957245202807,143.64518755891186,76378900
2021-10-20,145.84368896484375,146.32247907181252,144.7297822080243,145.29650879090318,58418800
2021-10-21,146.05868530273438,146.2150267878781,144.48553451864436,145.40402210693284,61421000
2021-10-22,145.28677368164062,146.7426608994433,145.2379151037615,146.26388560104417,58883400
2021-10-25,145.23789978027344,145.95118723150932,144.24124155296286,145.27697769272697,50720600
2021-10-26,145.90232849121094,147.38752756365847,145.5994113354405,145.91209424092938,60893400
2021-10-27,145.44314575195312,146.3029942833535,145.09138479061502,145.94146756820385,56094900
2021-10-28,149.07794189453125,149.66419997930225,146.29316753585874,146.3908846714247,100077900
2021-10-29,146.37135314941406,146.5081482073945,143.0589446865979,143.85040287273776,124953200
2021-11-01,145.55056762695312,146.2736207539483,144.4171144592604,145.57987978563986,74588300
2021-11-02,146.58627319335938,148.10079901874772,145.2476202835387,145.25740094076255,69122000
2021-11-03,148.0226593017578,148.49166875101167,146.39088452432864,146.94783044977856,54511500
2021-11-04,147.5048065185547,148.94114717338857,147.19212358039826,148.11061107430388,60394600
2021-11-05,148.03318786621094,148.93344079375584,146.83937063089465,148.6300964838691,65463900
2021-11-08,147.21127319335938,148.31702601716918,146.93728372164998,148.16045633867628,55020900
2021-11-09,147.57325744628906,148.17994599827716,146.83935422451017,146.9763488953236,56787900
2021-11-10,144.7452850341797,146.90785977516097,144.67679516407316,146.80022003816552,65187100
2021-11-11,144.69639587402344,146.22291262356347,144.51047128224292,145.7630135429795,41000000
2021-11-12,146.7709197998047,147.17210903147864,144.31477986704056,145.24438797954153,63804000
2021-11-15,146.7806854248047,148.620341460146,146.22291165316477,147.14273967083543,59222800
2021-11-16,147.7592315673828,148.2387205417783,146.13485497458598,146.72198372154762,59256200
2021-11-17,150.19577026367188,151.6733569463972,147.7494257967945,147.7592057993934,88807000
2021-11-18,154.48175048828125,155.26458367795593,149.76520627698585,150.41104477831504,137827700
2021-11-19,157.104248046875,157.5641620110988,153.1705218782956,154.2664794451428,117305600
2021-11-22,157.56414794921875,162.14369731452808,157.54457301404287,158.20997149701574,117467900
2021-11-23,157.94578552246094,158.3274146566765,155.64621578340464,157.66200120676388,96041900
2021-11-24,158.46441650390625,158.66012108108276,156.2137765381209,157.29995411244806,69463600
2021-11-26,153.44451904296875,157.00639624695634,153.00417999336176,156.1452930856568,76959800
2021-11-29,156.80088806152344,157.7304958999759,155.38199643665857,155.94955010034442,88748200
2021-11-30,161.7523193359375,161.9675988704111,156.4877806077615,156.5562854284138,174048100
2021-12-01,161.23365783691406,166.64497001692308,160.99880341826756,163.88548659020162,152052500
2021-12-02,160.24534606933594,160.6759050938818,154.4132690949476,155.33309702351337,136739200
2021-12-03,158.36656188964844,161.41961013164072,156.29206642790317,160.49978216462458,118023100
2021-12-06,161.77186584472656,164.27692006238982,160.75417823673777,160.76395823883925,107497000
2021-12-07,167.50607299804688,167.8974970290668,164.7270295686555,165.45115282756737,120405400
2021-12-08,171.32240295410156,172.18352101189242,167.03640253357247,168.43571937748263,116998900
2021-12-09,170.81356811523438,172.95656843850207,170.18730447599066,171.15606234208923,108923700
2021-12-10,175.59861755371094,175.77476213435622,170.94078267392138,171.4496265464153,115402700
2021-12-13,171.96823120117188,178.22108688608395,171.76273170193855,177.23275419312068,153237000
2021-12-14,170.58851623535156,173.92533410356964,168.51402063695375,171.48876932392616,139380400
2021-12-15,175.45184326171875,175.6475478496639,168.6118581679586,171.35176719309973,131063300
2021-12-16,168.5629119873047,177.2523322197485,167.08532532021002,175.43225135839342,150185800
2021-12-17,167.46693420410156,169.74692873915046,166.04805758616632,166.28289706807027,195432700
2021-12-20,166.10679626464844,166.91898445345717,163.8659512088188,164.66834446331637,107499100
2021-12-21,169.27725219726562,169.48273676499653,165.49030091905374,167.87793543850688,91185900
2021-12-22,171.87039184570312,172.08567137280502,168.45528928513505,169.32618739702795,92135300
2021-12-23,172.4966583251953,173.05443209039555,171.50834043001467,172.07589419886108,68356600
2021-12-27,176.459716796875,176.54778161213417,173.26968906108772,173.2892490658333,74919600
2021-12-28,175.4420166015625,177.4382418590108,174.69833332933095,176.293354548695,79144300
2021-12-29,175.53013610839844,176.75330850310786,174.31674371757737,175.48120622634931,62348900
2021-12-30,174.3754425048828,176.69458737092964,174.26780274374727,175.61818975957434,59773000
2021-12-31,173.7589569091797,175.38331824017646,173.45559766181222,174.2677857929612,64062300
2022-01-03,178.10366821289062,178.9550062933326,173.89596741451703,174.0133871781769,104487900
2022-01-04,175.84323120117188,179.01369889567948,175.2756775127618,178.71035458130368,99310400
2022-01-05,171.1658477783203,176.30317175638402,170.8918583606612,175.75519292106577,94537600
2022-01-06,168.3085174560547,171.53769548653034,167.95624321761545,168.99349099432447,96904000
2022-01-07,168.47488403320312,170.4026050689991,167.3593513212815,169.17943258086993,86709100
2022-01-10,168.49440002441406,168.79774430633347,164.5606744980765,165.45114734140734,106765600
2022-01-11,171.32240295410156,171.4202477771128,167.15383722500894,168.62164395189677,76138300
2022-01-12,171.76271057128906,173.37729170304524,171.0679572091586,172.34004419476074,74805200
2022-01-13,168.49440002441406,172.82931463870656,168.10297600637327,172.0073465977702,84505800
2022-01-14,169.35556030273438,170.05031384521072,167.41804452412237,167.66267899736397,80440800
2022-01-18,166.15574645996094,168.8369308798859,165.7741172577152,167.82903798853678,90956700
2022-01-19,162.66232299804688,167.40823697043027,162.3785536255594,166.35141442818917,94815000
2022-01-20,160.97923278808594,166.0382709410417,160.6563135530504,163.3962221186515,91420500
2022-01-21,158.92431640625,162.76018251834915,158.81667665863466,160.8911718694381,122848900
2022-01-24,158.15126037597656,158.8166737850042,151.37978119467465,156.58560899416545,162294600
2022-01-25,156.3507843017578,159.26682305990172,153.65002507588994,155.56795099632697,115798400
2022-01-26,156.26271057128906,160.8618354481178,154.43284958250229,159.99093736491258,108275300
2022-01-27,155.80279541015625,160.32363543352318,154.88296745549835,158.96346843901696,121954600
2022-01-28,166.67431640625,166.69389133962514,159.3059292425837,162.15347733104576,179935700
2022-01-31,171.0288543701172,171.24413390438698,165.8719554140601,166.5080140130585,115541600
2022-02-01,170.86248779296875,171.08754730875657,168.61184784118433,170.2753591337895,86213900
2022-02-02,172.0661163330078,172.10526621408275,169.60999135687587,170.99951350894017,84914300
2022-02-03,169.18919372558594,172.4575215973305,168.42593537257994,170.7352853699913,89418100
2022-02-04,168.90505981445312,170.580497991328,167.22962163757825,168.20940619823992,82465400
2022-02-07,168.18984985351562,170.43355030058285,167.49419611908272,169.36558853604996,77251200
2022-02-08,171.29571533203125,171.80520742660315,167.96443926792173,168.25837758980256,74829200
2022-02-09,172.7164306640625,173.07894618735656,171.36432311182244,172.49108438879807,71285000
2022-02-10,168.64051818847656,171.93259499604034,168.08204874852603,170.61968723864308,90865900
2022-02-11,165.2308807373047,169.5811269216294,164.64300397443432,168.846288443205,98670700
2022-02-14,165.46603393554688,166.15188018995096,163.19292640629095,163.98654956855333,86185500
2022-02-15,169.2969512939453,169.45372039657573,166.80830532856646,167.51375134007887,62527400
2022-02-16,169.06179809570312,169.83582117930217,166.61233714082573,168.3759520184021,61177400
2022-02-17,165.46603393554688,168.4347801834387,165.06431864713625,167.57256492057238,69589300
2022-02-18,163.91796875,167.0924613280084,162.83040723152354,166.3870301609273,82772700
2022-02-22,160.99822998046875,163.32031494834902,158.87208401329053,161.6448765238355,91162800
2022-02-23,156.8341064453125,162.79118283457873,156.5205682404435,162.19351371308113,90009200
2022-02-24,159.45016479492188,159.5579417081335,148.92727191069304,149.4955488212337,141147500
2022-02-25,161.51747131347656,161.78200234869726,157.61791846840168,160.5278794584224,91974200
2022-02-28,161.78201293945312,162.07595128148682,159.14639022474867,159.76365924798694,95056600
2022-03-01,159.9008331298828,163.23210951924372,158.69570233786408,161.37050993245586,83474400
2022-03-02,163.1929168701172,163.97674752234462,159.65589394659725,161.06678613054137,79724800
2022-03-03,162.86956787109375,165.49539801856008,162.20332160924863,165.06429046074288,76678400
2022-03-04,159.8714141845703,162.20330577402447,158.82305268070243,161.16473673176029,83737200
2022-03-07,156.0796661376953,161.68403439715155,155.82491261205914,160.05758861933697,96418800
2022-03-08,154.2572784423828,159.58730866544224,152.65043241487155,155.60938587479396,131148300
2022-03-09,159.65586853027344,160.1065759424101,156.187438255504,158.21558423430952,91454900
2022-03-10,155.31544494628906,157.14763719865718,152.82678391494153,156.9614757494235,105342000
2022-03-11,151.60205078125,156.06007322521145,151.37670453340775,155.71714267170483,96970100
2022-03-14,147.57513427734375,151.0043799732345,147.06565710961667,148.38835719355112,108732100
2022-03-15,151.9547882080078,152.4250955746164,147.34001116939965,147.8494883910694,92964300
2022-03-16,156.36380004882812,156.76551526978483,151.33751588171134,153.87515407206308,102300200
2022-03-17,157.3730010986328,157.74532403885397,154.4434546489776,155.40363939181822,75615400
2022-03-18,160.66505432128906,161.1549465596943,156.53036263312293,157.2652009907308,123511700
2022-03-21,162.0367431640625,162.98713519470292,159.71464405141342,160.20453623420445,95811400
2022-03-22,165.40724182128906,165.99510360566663,161.57628048257416,162.1641422669517,81532000
2022-03-23,166.7691192626953,169.14998832074127,164.26085849061369,164.59399656875675,98062700
2022-03-24,170.5511016845703,170.61967882805246,166.76913277034842,167.60194065734933,90131400
2022-03-25,171.18795776367188,171.73663471959298,169.25778100424003,170.36494232979024,80546200
2022-03-28,172.0501708984375,172.1775327221898,168.52294058057433,168.6895021580393,90371900
2022-03-29,175.34228515625,175.3912624334082,172.7752389491534,173.1181695912336,100589400
2022-03-30,174.17628479003906,175.97908457885987,173.12790825883917,174.9405154603071,92633200
2022-03-31,171.08016967773438,174.4310308254092,170.8744083575564,174.2448693810398,103049300
2022-04-01,170.78622436523438,171.34470867552832,168.46414001265768,170.51188591642043,78751300
2022-04-04,174.83274841308594,174.8817406281064,170.9136104166494,171.0409871856376,76468400
2022-04-05,171.52108764648438,174.6955950948926,170.89402610794616,173.91176443413826,73401800
2022-04-06,168.3563690185547,170.1199840728932,166.69073839236125,168.87565359700926,89058800
2022-04-07,168.66009521484375,169.85543344405016,166.41639539463952,167.69991063657648,77594700
2022-04-08,166.65151977539062,168.30735775145232,165.7795122847829,168.30735775145232,76575500
2022-04-11,162.3992462158203,165.61293749392965,162.1543001430966,165.29941429501065,72246700
2022-04-12,164.2706756591797,166.4359910689201,163.27129126604743,164.62339868320723,79265200
2022-04-13,166.9552764892578,167.58233798502656,163.39866884231074,164.00613046155772,70618900
2022-04-14,161.94859313964844,167.80771592706967,161.70364698483297,167.17084695435335,75329400
2022-04-18,161.73304748535156,163.23211669383912,160.2633706181813,160.60628625032533,69023900
2022-04-19,164.0159454345703,164.42746814637917,160.59650655333354,161.68406811950865,67723800
2022-04-20,163.849365234375,165.4660187034269,162.74221886501599,165.34843439183405,67929800
2022-04-21,163.0557403564453,168.06243992326603,162.55605562621574,165.49540922825548,87227800
2022-04-22,158.51931762695312,164.47640880332085,158.23518671810965,163.09492410815207,84882400
2022-04-25,159.5873260498047,159.87145701566283,155.25667975939896,157.8628955248933,96046400
2022-04-26,153.63023376464844,159.0582340646371,153.55184919980582,158.97005703556184,95623200
2022-04-27,153.40487670898438,156.55976925790796,152.23893068313222,152.75821530720194,88063200
2022-04-28,160.33193969726562,161.19415486672693,155.717147988404,156.030686213781,130216800
2022-04-29,154.4630126953125,162.84017274008735,154.0711048951049,158.5683119363977,131747600
2022-05-02,154.76675415039062,155.0312851805643,150.17156281104934,153.54202362072925,123055300
2022-05-03,156.25604248046875,157.46118829235783,153.15993453329665,154.95292717961667,88966500
2022-05-04,162.66383361816406,163.1145261346623,156.04048055543203,156.44219580516028,108256500
2022-05-05,153.600830078125,160.76305283929582,151.8176149978829,160.53770657596968,130525300
2022-05-06,154.3269500732422,156.44639806349898,151.28514888506098,153.08079107355962,116124600
2022-05-09,149.2049102783203,152.90412873322438,148.6456204167706,152.02101820173502,131577900
2022-05-10,151.60891723632812,153.7970575708187,150.05858149525076,152.599963074193,115366700
2022-05-11,143.74929809570312,152.53124880743349,143.07225122446442,150.61786524020772,142689800
2022-05-12,139.88331604003906,143.45497143936288,136.19391853080884,140.08937970466798,182602000
2022-05-13,144.347900390625,145.31931779066926,140.4230033804494,141.87521108197208,113990900
2022-05-16,142.807373046875,144.7502078730768,141.47290744658727,142.81719487180055,86643800
2022-05-17,146.43789672851562,146.95794432736452,143.92595034164182,146.06502676243824,78336300
2022-05-18,138.17599487304688,144.59319436014727,137.27325546059197,144.09277542323014,109742900
2022-05-19,134.77114868164062,139.00022255113117,134.03523053806913,137.25364468817165,136095600
2022-05-20,135.0066375732422,138.05824551298795,130.12014512321653,136.47847391127468,137426100
2022-05-23,140.4230194091797,140.57019707494348,135.0655277909443,135.202898603089,117726300
2022-05-24,137.724609375,139.3043807072169,134.75150167714628,138.1661572066265,104132700
2022-05-25,137.881591796875,139.12773541661255,135.7425158289754,135.83082238994155,92482700
2022-05-26,141.0803680419922,141.6298510183434,134.56504208814962,134.81034805775556,90601500
2022-05-27,146.8303680419922,146.869610416665,142.5326018592053,142.6601657784012,90978500
2022-05-31,146.04539489746094,147.8312299883083,144.08294665114528,146.27108722583742,103718400
2022-06-01,145.9178466796875,148.8909545900905,144.90717205322113,147.08549081541827,74286600
2022-06-02,148.3708953857422,148.429766433254,144.1025647736461,145.05435330119587,72348100
2022-06-03,142.65036010742188,145.19172685572278,141.7476357595722,144.14180991397814,88570300
2022-06-06,143.39608764648438,145.78046996633253,142.17936438712687,144.2693764860653,71598400
2022-06-07,145.9178466796875,146.20239508903217,141.39440285018887,141.63970888221743,67808200
2022-06-08,145.18191528320312,147.05604181726716,144.6913032640919,145.79026939576806,53950200
2022-06-09,139.96182250976562,145.17212073609275,139.8538872463902,144.318460453583,69473000
2022-06-10,134.5552520751953,138.117085018381,134.48655920841233,137.64610169004794,91437900
2022-06-13,129.40383911132812,132.6614953380435,128.97209811172078,130.37524138815306,122207100
2022-06-14,130.2672882080078,131.37607607962988,129.0113227305463,130.63035125622758,84784300
2022-06-15,132.88719177246094,134.76133366612893,129.67859928442957,131.7685967366082,91533000
2022-06-16,127.61798858642578,129.90424225906582,126.61713593346167,129.60006522049088,108123900
2022-06-17,129.08982849121094,130.58129318016776,127.37268647196602,127.62781429709099,134520300
2022-06-21,133.31887817382812,134.48653693745408,130.81676936295835,130.91488276345638,81000500
2022-06-22,132.80870056152344,135.17343948860204,131.395735327504,132.2592024365102,73409200
2022-06-23,135.67385864257812,135.9878425646897,133.0834276529192,134.25108671150673,72433800
2022-06-24,139.0001983642578,139.24550436943025,137.14568556404583,137.27323450557805,89116800
2022-06-27,139.0001983642578,140.79584011879487,138.32315139441545,140.02066475796738,70207900
2022-06-28,134.85943603515625,140.72715167094702,134.74169394010806,139.46137923230657,67083400
2022-06-29,136.61581420898438,138.02877917366496,134.10388314834785,134.87905849783044,66242400
2022-06-30,134.15296936035156,135.77198324759192,131.25836106107414,134.67301697127326,98964500
2022-07-01,136.32144165039062,136.42937688810812,133.11284998534265,133.48570492012948,71051600
2022-07-05,138.902099609375,138.9511638153359,134.3590266331402,135.18326636531972,73353800
2022-07-06,140.23655700683594,141.41402301996357,138.4311081218874,138.69604284083624,74064300
2022-07-07,143.6021728515625,143.79841470419998,140.58980726193488,140.59961411426397,66253700
2022-07-08,144.27920532226562,144.77963926575595,142.27751446518533,142.53262737695925,64547800
2022-07-11,142.14993286132812,143.88670373849325,141.08040216848238,142.93491514840724,63141600
2022-07-12,143.12135314941406,145.66272006961017,142.32656399441228,143.02322474684678,77588800
2022-07-13,142.75827026367188,143.70023682096436,139.45153554732983,140.30521051946872,71185600
2022-07-14,145.68234252929688,146.1533259024835,140.56035155748177,141.3747693527097,78140700
2022-07-15,147.3504180908203,148.02746510063992,145.4174054581408,146.96774129904725,76259900
2022-07-18,144.30862426757812,148.7241323716371,143.9455611978647,147.90971463576915,81420900
2022-07-19,148.16485595703125,148.3905333334654,144.1516525247905,145.14268358851726,82982400
2022-07-20,150.16656494140625,150.83380527169302,147.54669777582993,148.28261602365345,64823400
2022-07-21,152.43316650390625,152.64903699884627,149.08718880462706,151.5991200487024,65086600
2022-07-22,151.19680786132812,153.3456908921451,150.52958270466215,152.47240210045547,66675400
2022-07-25,150.0782012939453,152.1289557716175,149.4207830391442,151.11829629325123,53623900
2022-07-26,148.75357055664062,150.21558479499407,147.96858832963514,149.4011670445513,55138700
2022-07-27,153.84613037109375,154.37599980512033,149.30307266450654,149.7151850174758,78620700
2022-07-28,154.39566040039062,154.68020887949714,151.51085836091022,154.03259720281875,81378700
2022-07-29,159.45870971679688,160.5576907977121,156.5052308137223,158.21256599444197,101786900
2022-08-01,158.4774627685547,160.51841022661148,157.86910875677486,157.9868508307224,67829400
2022-08-02,157.00564575195312,159.36059231885778,156.63279081571793,157.09396729027588,59907000
2022-08-03,163.01077270507812,163.46212742924678,157.73178199101062,157.82008857109244,82507500
2022-08-04,162.69676208496094,164.05085610462757,161.3426680652943,162.89300390623217,55474100
2022-08-05,162.4707794189453,162.96207295817032,160.1616937873522,160.36804367078585,56697000
2022-08-08,161.9990997314453,164.88790765782107,161.34076829816232,163.47298010260957,60276900
2022-08-09,162.04824829101562,162.93258559805665,160.40732977942574,161.16392597706255,63135500
2022-08-10,166.29302978515625,166.3912794896035,163.99376480339055,164.76018146628317,70170500
2022-08-11,165.5561065673828,168.01257432763373,165.26132743753485,167.09876052441393,57149200
2022-08-12,169.10321044921875,169.17198373539173,166.45021384103478,166.8629135304174,68039400
2022-08-15,170.1742706298828,170.37078506094434,168.36631387517275,168.53335189122956,54091700
2022-08-16,170.01702880859375,170.6851957704937,168.6708894053126,169.77138205657383,56377100
2022-08-17,171.51055908203125,173.08268924248625,169.56504107416526,169.76155547008622,79542000
2022-08-18,171.11749267578125,171.85443280787865,170.10542942714767,170.72446393589678,62290100
2022-08-19,168.53334045410156,170.71468497495962,168.32699056998192,170.01704154998163,70346300
2022-08-22,164.65213012695312,166.9022480242965,164.22960987091767,166.73521001384654,69026800
2022-08-23,164.3180389404297,165.77227866474297,163.74813661491604,164.17065687050786,54147100
2022-08-24,164.61280822753906,165.1827105189657,163.35509799580043,164.40647334198977,53841500
2022-08-25,167.0692596435547,167.1773448089003,165.4185207470986,165.84102594330326,51218200
2022-08-26,160.77088928222656,168.0715189036816,160.71193645776907,167.59988131493301,78961000
2022-08-29,158.56988525390625,160.06340660842702,157.03705202563728,158.34387946257124,73314000
2022-08-30,156.1428985595703,159.72933499269527,154.9736176696823,159.30682979347176,77906200
2022-08-31,154.4823455810547,157.78383884788298,154.40373681361956,157.5185361319256,87991100
2022-09-01,155.2094268798828,155.66140843899763,151.97670771690994,153.91240502902684,74229900
2022-09-02,153.0968780517578,157.56765189981036,152.2715085702032,156.9682732301626,76957800
2022-09-06,151.8391876220703,154.3546082697241,151.01381803326322,153.74540904842692,73714800
2022-09-07,153.24427795410156,153.9419063408882,150.93519246411637,152.1241293530868,87449600
2022-09-08,151.77040100097656,153.6373103822705,150.02138227376568,151.94725947173376,84923800
2022-09-09,154.6297149658203,155.07189112050955,152.0553417641127,152.76280561990976,68028800
2022-09-12,160.58416748046875,161.39971639450192,156.52609383916058,156.81103743896202,104956000
2022-09-13,151.16119384765625,157.7445243311509,150.69937671737435,157.1156691952697,122656600
2022-09-14,152.60556030273438,154.36439914916104,150.93516566698943,152.09461094592444,87965400
2022-09-15,149.71678161621094,152.5368165999088,148.74403004784534,151.9570788549336,90481100
2022-09-16,148.0758819580078,148.7145726076231,145.78645207689314,148.57701100499813,162278800
2022-09-19,151.79005432128906,151.86866309017464,146.50374580326707,146.71008070263835,81474200
2022-09-20,154.16793823242188,155.32739901921212,150.41446261928672,150.7288827524741,107689800
2022-09-21,151.04327392578125,155.9758648340084,150.92536828428254,154.600234046477,101696800
2022-09-22,150.080322265625,151.780193333908,148.28218651419172,149.72659039660394,86652500
2022-09-23,147.81056213378906,148.8324610577634,145.97312915554878,148.55733788432917,96029900
2022-09-26,148.1446533203125,151.09241446222893,147.03432515906897,147.05398109807987,93339400
2022-09-27,149.11740112304688,152.02586530633175,147.33892101138343,150.08034720002962,84442700
2022-09-28,147.23085021972656,148.01692291304855,142.31791462782627,145.06916155790836,146691400
2022-09-29,139.99896240234375,144.16513581210666,138.2303031721102,143.55593679678137,128138200
2022-09-30,135.79351806640625,140.60820327947016,135.59700366840286,138.8198877735382,124925300
2022-10-03,139.9695281982422,140.57874239032802,135.29241903979042,135.8033685254817,114311700
2022-10-04,143.55596923828125,143.67387488258018,141.7479977315321,142.504593932989,87830100
2022-10-05,143.8507537841797,144.81369999304195,140.51978392175167,141.5613389023429,79471000
2022-10-06,142.89761352539062,144.970872598081,142.6912786611767,143.27100136570334,68402200
2022-10-07,137.65060424804688,140.60820060654387,137.02174919053795,140.05793931227225,85925600
2022-10-10,137.97486877441406,139.4192729060871,136.15709176712548,137.97486877441406,74899000
2022-10-11,136.55995178222656,138.88869341854974,135.8131909792421,137.46393012049913,77033700
2022-10-12,135.9311065673828,137.91593686444165,135.7542480720767,136.70735883391194,70433700
2022-10-13,140.50013732910156,141.08968060374895,132.03022618093473,132.6394403890868,113224000
2022-10-14,135.97039794921875,142.00348171103434,135.78370401470698,141.79713183786654,88598000
2022-10-17,139.93020629882812,140.41166429206842,137.82747089841786,138.6135434297954,85250900
2022-10-18,141.24688720703125,144.1455159806622,138.1615644966325,142.95659405664904,99136600
2022-10-19,141.35496520996094,142.42598143245377,139.03605931008337,139.22275323737964,61758300
2022-10-20,140.89315795898438,143.34962560942563,140.16603813694184,140.52960554450746,64522000
2022-10-21,144.70559692382812,145.27549920361895,140.1660346242772,140.38220497154572,86548600
2022-10-24,146.84762573242188,147.6140424012265,143.45770354454174,144.62698448602487,75981900
2022-10-25,149.6873016357422,149.83469868322362,146.75919654145045,147.47648086131204,74732300
2022-10-26,146.7493896484375,149.3434189974195,145.46218795090752,148.33135548203074,88194300
2022-10-27,142.27857971191406,146.45457384887203,141.6202483177286,145.49164292829627,109180200
2022-10-28,153.02810668945312,154.75745443354808,145.24601935139384,145.6193922207591,164762400
2022-10-31,150.6698760986328,151.55421333060897,149.27460445858512,150.4930176480896,97943200
2022-11-01,148.02671813964844,152.74313850206963,146.53319676946654,152.37958612806426,80379300
2022-11-02,142.50457763671875,149.520247538893,142.47510122901483,146.35631650525693,93604600
2022-11-03,136.46168518066406,140.3134243600425,136.33394407491397,139.58630459413143,97918500
2022-11-04,136.1959686279297,140.4182534262788,132.25910018387182,139.84740569973505,140814800
2022-11-07,136.72743225097656,136.95379796987663,133.52872680415337,134.94600177423487,83374600
2022-11-08,137.29823303222656,139.1977641014015,135.31996282295734,138.19387385559912,89908500
2022-11-09,132.74134826660156,136.36327480735815,132.46576869499577,136.31406095143706,74917800
2022-11-10,144.55191040039062,144.55191040039062,137.29823770175014,139.0107802666447,118854000
2022-11-11,147.3372802734375,147.64238513720315,142.0914019190675,143.5185285677149,93979700
2022-11-14,145.93971252441406,147.90814675324938,145.10312196997452,146.61882473623606,73374100
2022-11-15,147.67190551757812,151.16587871608763,146.21526862726066,149.81750629168315,89868300
2022-11-16,146.44163513183594,147.50459125268796,144.96530968920132,146.77628031248196,64218300
2022-11-17,148.3411865234375,149.0891860323431,143.8433076526517,144.11888720950952,80389400
2022-11-18,148.9021759033203,150.28992540848853,147.60301733738748,149.90608139833125,74829600
2022-11-21,145.67396545410156,147.99671837716943,145.3885491071394,147.79004119922186,58724100
2022-11-22,147.80970764160156,148.04592513732047,144.6110022662971,145.7920747269315,51804100
2022-11-23,148.68568420410156,149.4336837921187,146.98297781162248,147.09124229312135,58301400
2022-11-25,145.7723846435547,146.5302359602774,144.79800437919693,145.96922504559745,35195900
2022-11-28,141.94375610351562,144.3255590917021,141.11701754919451,142.84923380843264,69246000
2022-11-29,138.94190979003906,142.5244590100729,138.13485967272496,142.01266197350824,83763800
2022-11-30,145.6936492919922,146.37276146207836,138.33170993361605,139.16828541868128,111380900
2022-12-01,145.96920776367188,146.77627283984336,144.29604201746156,145.870795083282,71250400
2022-12-02,145.47711181640625,145.66411544857186,143.35119950014382,143.65631938407483,65447400
2022-12-05,144.31576538085938,148.5380503426706,143.46933803189978,145.43777233013495,68826400
2022-12-06,140.65443420410156,144.97514559227898,139.68005411221395,144.74877992089566,64727200
2022-12-07,138.715576171875,141.10721678685633,137.79040959032307,139.94584768607433,69721100
2022-12-08,140.3985595703125,141.25483863673134,138.87303512029186,140.11314322681335,62128300
2022-12-09,139.91629028320312,143.27247380855323,138.67616726979998,140.09344213199822,76097000
2022-12-12,142.20950317382812,142.21933993621704,138.83363144766497,140.44774653895632,70462700
2022-12-13,143.17405700683594,147.60303377953338,141.9634742273276,147.1404505596148,93886200
2022-12-14,140.94972229003906,144.3452679150581,138.9320744491566,143.05594605605327,82291200
2022-12-15,134.34561157226562,139.5619643292127,133.88302841156911,138.88285224146853,98931900
2022-12-16,132.3870391845703,135.47748033551235,131.6193510336839,134.53264031194206,160156900
2022-12-19,130.2808074951172,133.06614357854048,129.24739159594094,132.9775676474043,79592600
2022-12-20,130.2119140625,131.14691722297425,127.83994745250583,129.31627297471567,77432800
2022-12-21,133.31219482421875,134.6507305969255,130.65481182459862,130.88117753836192,85928000
2022-12-22,130.1429901123047,132.43621717922085,128.24345879689446,132.2295400503929,77852100
2022-12-23,129.7788543701172,130.33001348787815,127.59389142616514,128.8536879861786,63814900
2022-12-27,127.97772979736328,129.33595400462013,126.68840798575984,129.30642869732836,69007800
2022-12-28,124.05070495605469,128.96194542125178,123.88338987714543,127.62340977201893,85438400
2022-12-29,127.56437683105469,128.4206408882066,125.71405141675788,125.969942452078,75703700
2022-12-30,127.87930297851562,127.89899152283257,125.41876807644428,126.38330400552722,77034200
2023-01-03,123.09600830078125,128.83398716375524,122.21021158237852,128.22377748695044,112117500
2023-01-04,124.36566162109375,126.62936374107429,123.10586505340991,124.88729543343348,89113600
2023-01-05,123.04681396484375,125.75341088924934,122.79092293482029,125.12351256937882,80962700
2023-01-06,127.57418823242188,128.2336117453076,122.91884655664052,124.02117217456781,87754700
2023-01-09,128.09584045410156,131.30439758356596,127.83994943275363,128.41079711233908,70790800
2023-01-10,128.66671752929688,129.18835147296187,126.09790989326439,128.2041342180523,63896200
2023-01-11,131.3831329345703,131.4028064616691,128.40095662151043,129.1784814447806,69458900
2023-01-12,131.30441284179688,132.14098840377943,129.36550386584642,131.76699610111268,71379600
2023-01-13,132.633056640625,132.7905349401524,129.5819934315568,129.9461488585014,57809700
2023-01-17,133.7944793701172,135.12316348796887,132.01304876349633,132.70199775252627,63646600
2023-01-18,133.0760040283203,136.42233624485746,132.898837136548,134.6605941996835,69672800
2023-01-19,133.13504028320312,134.0995687562006,131.65871475561192,131.96381962844052,58280400
2023-01-20,135.69400024414062,135.84164181281548,132.10161400912494,133.14488168206822,80223600
2023-01-23,138.8828582763672,141.0579844042408,135.72351517113088,135.94004410758743,81760300
2023-01-24,140.28045654296875,140.90051809732327,138.0856567013407,138.0954934654877,66435100
2023-01-25,139.6210479736328,140.1820439497328,136.61918260935104,138.6663561197799,65799300
2023-01-26,141.68789672851562,141.9733130723702,139.66039693887691,140.91035682918778,54105100
2023-01-27,143.6267852783203,144.9062704324847,140.82177572822627,140.90051489349364,70555800
2023-01-30,140.74302673339844,143.2527830109075,140.59540019505755,142.67209860282117,64015300
2023-01-31,142.01263427734375,142.0618481205238,140.0343639323399,140.4477331827307,65874500
2023-02-01,143.13467407226562,144.29605796571016,139.08955653554688,141.69772563249788,77663600
2023-02-02,148.4396209716797,148.79392468833726,145.83143680858885,146.54991104174482,118339000
2023-02-03,152.06153869628906,154.8960886893848,145.496812581912,145.6936529941079,154357300
2023-02-06,149.3352508544922,150.6836384438328,148.40024764766747,150.1620046015634,69858300
2023-02-07,152.20916748046875,152.7800151967711,148.26246234257331,148.26246234257331,83322600
2023-02-08,149.52224731445312,152.14026818212696,148.78408455222657,151.45131927430748,64120100
2023-02-09,148.4888153076172,151.89421276586904,148.04592065726195,151.35289040745275,56007100
2023-02-10,148.85353088378906,149.17882019931434,147.08909918660703,147.32567733632254,57450700
2023-02-13,151.65298461914062,152.0571182724141,148.7648180243575,148.79438841262413,62199000
2023-02-14,151.01226806640625,151.5741355635304,148.7056873791277,149.9476888936107,61707600
2023-02-15,153.11180114746094,153.2793716459619,150.69679154771117,150.92350280557898,65573800
2023-02-16,151.51498413085938,154.09756497312395,151.16012443154224,151.3178281549916,68167900
2023-02-17,150.37159729003906,150.81516830629045,148.69587620592583,150.17445628736004,59144100
2023-02-21,146.35964965820312,149.1393862953431,146.29065710385296,148.05508866222715,58867200
2023-02-22,146.7835235595703,147.80866542554767,145.0585140913541,146.74408634882758,51011300
2023-02-23,147.26654052734375,148.19311959888688,145.13739706863274,147.946689634791,48394200
2023-02-24,144.61495971679688,145.0881010134071,143.6390916917033,145.00924162382364,55469600
2023-02-27,145.8076629638672,147.039812645864,145.34437348016522,145.60067024018994,44998500
2023-02-28,145.30496215820312,146.95111245136155,144.73324285815977,144.9501024216552,50547000
2023-03-01,143.23492431640625,145.12750429739225,142.9392054041828,144.73322244168676,55479000
2023-03-02,143.8263702392578,144.61494903595985,141.84506394442167,142.31822024697658,52238100
2023-03-03,148.87327575683594,148.9521351539883,145.22611512366896,145.92596783194648,70732300
2023-03-06,151.63330078125,154.06803024605406,151.26858921507775,151.59386356059247,87558000
2023-03-07,149.43511962890625,151.83041139396585,148.9718301446463,151.50512207262017,56182000
2023-03-08,150.68699645996094,151.2784344169459,149.6618543808646,150.62785567244086,47204800
2023-03-09,148.4395294189453,152.33311931510104,148.08466971716794,151.36711819838627,53833600
2023-03-10,146.37939453125,148.78455331931613,145.50210448552664,148.0649820559655,68572400
2023-03-13,148.32125854492188,150.9531285889032,145.59081050522525,145.69924028415588,84457100
2023-03-14,150.41098022460938,151.209410853691,147.95654755608294,149.11968969699433,73695900
2023-03-15,150.8052520751953,151.0615337650689,147.77908558210245,149.03095372752588,77167900
2023-03-16,153.62442016601562,154.22570978036399,149.47453364061312,149.98711209240733,76161100
2023-03-17,152.78656005859375,154.50171782493953,152.07684064085686,153.8511391851991,98944600
2023-03-20,155.15228271484375,155.5662982460434,151.94869352566715,152.85556893212473,73641400
2023-03-21,157.0054473876953,157.1237289497417,154.3045697408097,155.07344501678244,73938300
2023-03-22,155.57615661621094,159.82460651427928,155.5564380089166,157.0251659140942,75701800
2023-03-23,156.66043090820312,159.24302685232914,155.4282812343858,156.56186795883147,67622100
2023-03-24,157.96160888671875,158.0503200650471,155.5958872192805,156.5914588714899,59196500
2023-03-27,156.0197296142578,158.47417734472043,155.61558088418133,157.6560281012329,52390300
2023-03-28,155.39874267578125,156.22675885726497,153.75259217928735,155.71418027651652,45992200
2023-03-29,158.4741973876953,158.75019776487642,157.07447689173614,157.09418046089732,51305700
2023-03-30,160.04148864746094,160.1499184415396,158.9670575321584,159.22333929957506,49501700
2023-03-31,162.54518127441406,162.64375926608275,159.59788883873148,160.120319104618,68749800
2023-04-03,163.79705810546875,163.91533966892132,161.87490749491164,161.92419649331373,56976200
2023-04-04,163.26475524902344,164.45746763773894,162.75217680448466,164.22090454094308,46278300
2023-04-05,161.42144775390625,162.69303455117807,159.489445623491,162.38746386000238,51511700
2023-04-06,162.3086395263672,162.60435849941234,159.6866210280676,160.11047335808198,45390100
2023-04-10,159.71615600585938,159.71615600585938,157.79400566862077,159.11486640899105,47716900
2023-04-11,158.5037384033203,160.04145880285023,158.21787125365222,160.03160702009572,47644200
2023-04-12,157.81375122070312,159.74575366976245,157.49831365463328,158.9177526201656,50133100
2023-04-13,163.19577026367188,163.43234843413578,159.11489082873655,159.3218986080038,68445600
2023-04-14,162.85073852539062,163.94488786146843,161.48058891002177,162.2395821576286,49386500
2023-04-17,162.8704833984375,163.02820218114718,161.6876226098968,162.73248322378927,41516200
2023-04-18,164.0927734375,165.01935243982652,163.2844759960185,163.72806193096773,49923000
2023-04-19,165.2362060546875,165.7586363174907,163.17604035173306,163.43233711220313,47720200
2023-04-20,164.27020263671875,165.47278202514906,163.19577163848064,163.71820194187683,52456400
2023-04-21,162.66348266601562,164.07305473489896,162.14105238473394,162.69305305620966,58337300
2023-04-24,162.96905517578125,163.23520373133107,161.54961626736943,162.643765839196,41949600
2023-04-25,161.4313201904297,163.93504162144998,161.3918829793584,162.83104036567903,48714100
2023-04-26,161.42144775390625,162.91974586384254,160.47516529354857,160.73144699304368,45498800
2023-04-27,166.00506591796875,166.1529178634098,162.83104713478986,162.83104713478986,64902300
2023-04-28,167.25694274902344,167.42452836533985,165.48265898999023,166.08394872105114,55275900
2023-05-01,167.16819763183594,168.0159171618742,166.23176694003394,166.86262693627947,52472900
2023-05-02,166.1331787109375,167.917343863649,165.14745908753102,167.6610471353951,48425700
2023-05-03,165.0587921142578,168.47924132633688,164.7729399649435,167.07952089132834,65136000
2023-05-04,163.4224853515625,164.6546351492701,161.9636242025262,162.53534351356944,81235400
2023-05-05,171.0913848876953,171.8109560965244,168.32149974515366,168.5383592942621,113453200
2023-05-08,171.02235412597656,171.36736200944458,169.65220445536363,170.0169159017989,55962800
2023-05-09,169.3170928955078,171.06180609803263,169.14952233576255,170.57881302608763,45326900
2023-05-10,171.08151245117188,171.54480192353225,169.44521410372417,170.5492304195713,53724500
2023-05-11,171.268798828125,172.09679977091955,169.71135988855104,171.3673768150292,49514700
2023-05-12,170.3409423828125,171.8116866019269,168.79121464447562,171.3773676163626,45533100
2023-05-15,169.847412109375,170.97268634600138,169.2551561693846,170.92332917405315,37266700
2023-05-16,169.847412109375,170.903583292935,169.58089543020992,169.76844364659667,42110300
2023-05-17,170.4593963623047,170.69628668546216,168.21871333171157,169.492059065459,57951600
2023-05-18,172.78892517089844,172.97647339745131,170.35082834910114,170.76540150488879,65496700
2023-05-19,172.89747619628906,174.11158416944232,172.68031671339108,174.11158416944232,55809500
2023-05-22,171.94992065429688,172.45334281427654,171.20960812415922,171.7327611071874,43570900
2023-05-23,169.34396362304688,171.14046198217582,169.06758157728734,170.8936912226268,50747300
2023-05-24,169.62037658691406,170.19288666082696,168.317434571077,168.88006417332414,45143500
2023-05-25,170.7555389404297,171.65377326209193,169.47232768730396,170.18302884098296,56058300
2023-05-26,173.16400146484375,173.49962120538788,170.87397623432938,171.08127033696854,54835000
2023-05-30,175.00985717773438,176.67803022234617,174.28929064745816,174.6742524991613,55964400
2023-05-31,174.96051025390625,177.03339115324283,174.47683402760893,175.03947872320146,99625300
2023-06-01,177.76380920410156,177.79342049505456,174.64462268903534,175.40468096744894,68901800
2023-06-02,178.61268615722656,179.4319669478336,176.94451328757913,178.69165461361322,61996900
2023-06-05,177.26039123535156,182.56102285189482,175.7402747725204,180.27099781019854,121946500
2023-06-06,176.89520263671875,177.79343698174293,175.13818052764557,177.64538051324874,64848400
2023-06-07,175.5231170654297,178.86932803839457,175.0295755351299,176.13510374325992,61944600
2023-06-08,178.2376251220703,178.50412674833163,175.1677956906412,175.60209965770608,50214900
2023-06-09,178.62258911132812,179.87617397731293,178.2968498358667,179.1556074319137,48900000
2023-06-12,181.416015625,181.51472997018058,178.63244881890137,178.92857679274874,54274900
2023-06-13,180.9422149658203,181.7713612206094,180.08345742062403,180.4388079672042,54929100
2023-06-14,181.57394409179688,182.00826309164242,179.668880824476,181.00143405215442,57462900
2023-06-15,183.6073455810547,184.11076766616947,181.4061542027307,181.5838370156226,65433200
2023-06-16,182.5314178466797,184.57468723659963,181.88981981135748,184.31803597311566,101256200
2023-06-20,182.6202392578125,183.69617128575536,182.0279984336963,182.0279984336963,49799100
2023-06-21,181.58383178710938,183.015099412311,180.23151756348105,182.51167734169172,49515700
2023-06-22,184.5845489501953,184.63390612000734,181.29756025506936,181.3666633051449,51245300
2023-06-23,184.2686767578125,185.13731475683954,182.6202496908907,183.15328303090953,53117000
2023-06-26,182.8769073486328,185.6209974197008,182.83741558637178,184.4167547195407,48088700
2023-06-27,185.630859375,185.9565986299679,183.27173119056016,183.48889069387212,50730800
2023-06-28,186.8054962158203,187.44709427325768,185.17681495512898,185.50253915791174,51216800
2023-06-29,187.14111328125,187.6149240946042,186.49951518133068,186.63770623646846,46347300
2023-06-30,191.4645233154297,191.96793030893548,188.7895213028153,189.15475231695294,85213200
2023-07-03,189.97406005859375,191.37571654835668,189.28308969373236,191.27700219289193,31458200
2023-07-05,188.85862731933594,190.48730854754436,188.15779163185775,189.09553270560195,46920300
2023-07-06,189.3324432373047,189.53973735512338,186.7561552507634,187.38788795320247,45094300
2023-07-07,188.21702575683594,190.1813268348204,187.78272178125238,188.93760736945495,46815000
2023-07-10,186.17376708984375,187.5359467558433,184.62403920180722,186.8153651594175,59922200
2023-07-11,185.65061950683594,186.85486227702734,184.18974051380027,186.71667122446578,46638100
2023-07-12,187.31883239746094,189.2238962454015,186.03562088728577,187.2299834391816,60750200
2023-07-13,188.0788116455078,188.72042471252908,187.32863389417258,188.0393349477294,41342300
2023-07-14,188.22689819335938,188.71055932283986,187.18059240914323,187.77283329330808,41616200
2023-07-17,191.4842987060547,191.81003800912126,189.3324492359564,189.4212831199665,50520200
2023-07-18,191.2276153564453,191.81987127398517,189.93453883356673,190.85253399958415,48288200
2023-07-19,192.57994079589844,195.66950100927124,190.16157487576123,190.6057743707706,80507300
2023-07-20,190.6353759765625,193.93223012421538,190.01350876450033,192.57005054034346,59581200
2023-07-21,189.46075439453125,192.45161532627134,188.75991868585442,191.59285775033445,71951700
2023-07-24,190.26028442382812,192.3923877240068,189.76674282999198,190.9117629424984,45377800
2023-07-25,191.11903381347656,191.92844922240585,190.4280786239598,190.83278632842445,37283200
2023-07-26,191.98768615722656,193.11296042478057,190.8229351880455,191.1684052777898,47471900
2023-07-27,190.72421264648438,194.65279947329122,190.06286872536143,193.48804855415668,47460200
2023-07-28,193.30052185058594,194.09019149232068,191.63234868611636,192.15550162315532,48291400
2023-07-31,193.91249084472656,193.95198260711592,192.7378594315981,193.52752900074864,38824100
2023-08-01,193.08335876464844,194.1888872056883,192.7576194786216,193.70522604358104,35175100
2023-08-02,190.0924835205078,192.65889079076135,189.37191700535638,192.52069974591456,50389300
2023-08-03,188.70069885253906,189.885195713569,188.22690312046603,189.09554118067888,61235200
2023-08-04,179.6392822265625,184.95966022717982,179.57017917093492,183.12368481919472,115956800
2023-08-07,176.53982543945312,180.76454006954836,175.05920073091434,179.7774569305225,97576100
2023-08-08,177.47755432128906,177.94148460917899,175.2862285117603,177.36897457174686,67823000
2023-08-09,175.8883819580078,178.59298065772126,174.7236157900662,178.53375806746422,60378500
2023-08-10,175.67117309570312,178.41526279292168,175.30595718386297,177.16166309157035,54686900
2023-08-11,175.73049926757812,176.5508864753638,174.5048729038775,175.2659575562626,52036700
2023-08-14,177.3811798095703,177.60851131506328,175.25607590732963,175.90843422608452,43675600
2023-08-15,175.39443969726562,177.40092323969566,174.99907927707545,176.8078826094104,43622600
2023-08-16,174.524658203125,176.47182426987777,174.4554618287455,175.0781688700227,46964900
2023-08-17,171.98440551757812,175.4537406821077,171.47042491030345,175.08803154260252,66062900
2023-08-18,172.46871948242188,173.0716538674228,169.96802811890126,170.30408595131965,61172200
2023-08-21,173.80308532714844,174.08973444525807,171.7274205434044,173.0420157807921,46311900
2023-08-22,175.1769561767578,175.62174034186654,174.20831275998293,175.0089272735848,42038900
2023-08-23,179.0219268798828,179.44695366375947,176.264252478764,176.45205395893973,52722800
2023-08-24,174.33682250976562,179.00214733275968,173.9710983264249,178.57712060131817,54945800
2023-08-25,176.54098510742188,177.0747231196245,173.78331106065053,175.3252376314931,51449600
2023-08-28,178.1027069091797,178.49806733287568,176.48170504077262,178.003859262239,43820700
2023-08-29,181.98715209960938,182.75811538578077,177.42067493043544,177.61835511729424,53003900
2023-08-30,185.4762725830078,185.67396786591692,182.5999932338842,182.79767343476072,60813900
2023-08-31,185.69374084472656,186.92926105598286,185.30825914209595,185.66408956621913,60794500
2023-09-01,187.2653350830078,187.7199980774023,186.09899615427736,187.29498636168424,45766500
2023-09-05,187.50253295898438,187.77928826308653,185.4367469097816,186.09898389331408,45280000
2023-09-06,180.7912139892578,186.66240873519862,179.36789222272253,186.21760937163043,81755800
2023-09-07,175.50314331054688,176.14562276256126,171.5297067502884,173.15070839406067,112488800
2023-09-08,176.11598205566406,178.15213198996554,175.7305003611282,176.2840260730559,65551300
2023-09-11,177.28231811523438,178.21143169284028,175.28571330476424,177.98410020535158,58953100
2023-09-12,174.25775146484375,178.04338672084478,172.79489994360574,177.4108010563609,90370200
2023-09-13,172.1919708251953,175.24617287306006,171.96462426919445,174.46531572894506,84267900
2023-09-14,173.7042694091797,174.06009984649242,171.5692867853032,171.98441978182902,60895800
2023-09-15,172.98269653320312,174.45544195430384,171.806494041059,174.43566940930017,109259500
2023-09-18,175.90838623046875,177.3020563269988,174.12923452022085,174.4356410488132,67257600
2023-09-19,176.99566650390625,177.54917706999674,175.07813698421282,175.46361863431386,51826900
2023-09-20,173.4571533203125,177.61837681135137,173.36818440563272,177.18347129792434,58436200
2023-09-21,171.9152069091797,174.25776334751873,171.846025624082,172.5280351536478,63149100
2023-09-22,172.76524353027344,175.0287248458324,172.03382526857388,172.6466384244914,56725400
2023-09-25,174.0403289794922,174.92001880772483,172.13267784152856,172.18210166869468,46172700
2023-09-26,169.9680633544922,173.17052232124786,169.6715354659317,172.79493440563715,64588900
2023-09-27,168.45574951171875,171.0355161486817,167.09174554279588,170.6203831944849,66921800
2023-09-28,168.71275329589844,170.03722730338785,165.67830850769053,167.37838547451082,56294400
2023-09-29,169.2267303466797,171.06518493104676,168.36679806748614,170.02734498983367,51861100
2023-10-02,171.73728942871094,172.28092127496365,168.94994891630552,169.2365980179806,52164500
2023-10-03,170.40292358398438,171.61868620307462,168.84123947337378,170.26454593815689,49594600
2023-10-04,171.64834594726562,172.19197782627828,168.98950418793981,169.10810929534875,53020300
2023-10-05,172.88385009765625,173.4175881136583,170.6796715086417,171.77681389678688,48527900
2023-10-06,175.4340057373047,175.92821386257307,171.17391902858174,171.78674735969838,57266700
2023-10-09,176.91659545898438,176.97589800927489,173.76354582426052,174.7618406122257,42390800
2023-10-10,176.3235626220703,177.63815795783916,175.8886570875863,176.03692856454262,43698000
2023-10-11,177.71722412109375,177.76664794425923,175.54271164011269,176.13575227199846,47551100
2023-10-12,178.61669921875,180.2278073787141,176.96603088257305,177.98411345020415,56743100
2023-10-13,176.7782440185547,179.82255265296823,176.0764618780152,179.31846581874476,51427100
2023-10-16,176.64974975585938,177.00558020178707,174.46534325240765,174.70256857703768,52517000
2023-10-17,175.09791564941406,176.35320838797153,172.77514673671925,174.60370757241088,57549400
2023-10-18,173.80308532714844,175.52293478970745,173.08154578913502,173.54610256783715,54764400
2023-10-19,173.4275360107422,175.77995662188818,173.16065937849837,174.00080421032325,59302900
2023-10-20,170.8773956298828,173.3879661145723,170.64017031492207,173.27923973046956,64244000
2023-10-23,170.99598693847656,171.99428177951037,167.96154224302492,168.93020088937016,55980100
2023-10-24,171.43089294433594,171.65822442721412,169.4639394511676,171.045411263789,43816600
2023-10-25,169.11801147460938,171.0552987076063,168.67321213575732,169.88897487497013,57157000
2023-10-26,164.95675659179688,169.39475015606334,163.75088778515044,168.39644027726376,70625300
2023-10-27,166.2713623046875,167.00279566914165,164.89746448966903,164.97653958977486,58499100
2023-10-30,168.31739807128906,169.18720920526536,166.91384879366788,167.06212028170575,51131000
2023-10-31,168.7918243408203,168.92030818010912,165.9550598323106,167.38827526603964,44846000
2023-11-01,171.9547576904297,172.2117404582064,168.14934950515965,169.01916053768616,56934900
2023-11-02,175.51307678222656,175.72063574409248,173.4275179386151,173.4868204991482,77334800
2023-11-03,174.60369873046875,174.77174274032964,171.34193765305042,172.22162738228718,79829200
2023-11-06,177.15380859375,177.35148879200258,174.16880291146146,174.33683183407777,63841300
2023-11-07,179.71383666992188,180.32664987384885,176.89684453064555,177.10440348202485,70530000
2023-11-08,180.7714080810547,181.32491864766183,179.48646421884135,180.23767005812115,49340300
2023-11-09,180.29698181152344,181.98716487212562,179.7039261272927,180.84061367506283,53763500
2023-11-10,184.4834747314453,184.65174012268164,181.64298820237886,182.07846664625706,66133400
2023-11-13,182.8999481201172,184.11729742228064,182.31601793716675,183.9094650326421,43627500
2023-11-14,185.51278686523438,186.17589626502485,184.38450869065176,185.7701081675421,60108400
2023-11-15,186.07691955566406,187.55160515956638,185.84928859059917,185.91857611582427,53790500
2023-11-16,187.7594757080078,188.9966236513369,186.7103615664657,187.6209157424311,54412900
2023-11-17,187.7396697998047,188.42257785422723,186.63119011836693,188.29390964052354,50922700
2023-11-20,189.48155212402344,189.9368291546864,187.9277023558229,187.93759410143886,46505100
2023-11-21,188.67990112304688,189.55085808280586,187.78916067013205,189.44198846283598,38134500
2023-11-22,189.343017578125,190.94635649331246,188.8679569924961,189.52117473642568,39617700
2023-11-24,188.01678466796875,188.93721542830764,187.30418629136327,188.9075250877743,24048300
2023-11-27,187.838623046875,188.7095799535061,186.95777439426936,187.9672912540552,40552600
2023-11-28,188.4423828125,189.11539919710927,187.45266438364885,187.8287622192218,38415400
2023-11-29,187.42295837402344,190.11499348364924,187.02707707633283,188.93722623545,43014200
2023-11-30,187.9969940185547,188.36320007044645,186.2550951920731,187.88812439803064,48794400
2023-12-01,189.27374267578125,189.5904446947665,187.28439912721964,188.37309535289532,45704800
2023-12-04,187.48233032226562,188.09596593756666,185.52269231677565,188.02667840765253,43389500
2023-12-05,191.43130493164062,192.40122460244103,188.22461231756913,188.25431775925796,66628400
2023-12-06,190.3426513671875,192.75755159573393,190.1348038567878,192.4507413057332,41089700
2023-12-07,192.2725830078125,192.99507315570867,191.59956669458757,191.63916388460834,47477700
2023-12-08,193.69778442382812,193.9749043529612,191.67875053796885,192.20330005396386,53406400
2023-12-11,191.1937713623047,191.5005967167582,189.4518726145205,191.12449893522992,60943700
2023-12-12,192.70806884765625,192.71796059458774,189.7488055095461,191.09482308550778,52696900
2023-12-13,195.92465209960938,195.96423418895137,192.8466274130704,193.08415015292962,70404200
2023-12-14,196.07308959960938,197.56755876987646,194.14314196862804,195.9840185786185,66831600
2023-12-15,195.5386505126953,196.36010340669733,194.97450383643803,195.4990533238864,128538400
2023-12-18,193.87591552734375,194.60831249977454,192.39133809002112,194.0738561652729,55751900
2023-12-19,194.9151153564453,194.92500710230044,193.87590816937887,194.14313632648785,40714100
2023-12-20,192.82679748535156,195.64748527617618,192.82679748535156,194.8755062932641,52242800
2023-12-21,192.6783447265625,195.0536776254948,191.51048442189503,194.08375795359612,46482500
2023-12-22,191.6094512939453,193.40083883584492,190.98592398969686,193.1731927744169,37149600
2023-12-26,191.06512451171875,191.89648427525853,190.84738527337694,191.6193643540786,28919300
2023-12-27,191.16407775878906,191.51048519395766,189.12526053943682,190.51087517820892,48087700
2023-12-28,191.58969116210938,192.65858885458314,191.18390299052217,192.14393105407996,34049900
2023-12-29,190.55047607421875,192.40124458871406,189.75869835988954,191.90638540499626,42672100
