Price,Close,High,Low,Open,Volume
Ticker,META,META,META,META,META
Date,,,,,
2014-01-02,54.28400421142578,54.79003525829575,53.768052694124485,54.40307256656839,43195500
2014-01-03,54.13517379760742,55.21668674142216,54.10540481668055,54.591591131879305,38246200
2014-01-06,56.754615783691406,56.81414617426011,53.62914158902792,53.99625954251406,68852600
2014-01-07,57.46900939941406,58.094105021819786,56.774462913401564,57.25072498309348,77207400
2014-01-08,57.77659225463867,57.95519098930478,56.78437874426879,57.151496683307286,56682400
2014-01-09,56.774471282958984,58.500921066977,56.208909755263946,58.19333723068375,92253300
2014-01-10,57.48885726928711,57.846054787338424,56.61571198626687,56.685166638666324,42449500
2014-01-13,55.47466278076172,57.796442779438514,54.94879077868783,57.4590900006566,63010900
2014-01-14,57.29042053222656,57.330106203511875,55.66318688969267,56.020384426224624,37503600
2014-01-15,57.15150451660156,58.113952964773496,56.82407598149849,57.528546762018614,33663400
2014-01-16,56.744693756103516,57.56823285124536,56.38750004368679,56.81414840448964,34541800
2014-01-17,55.86162567138672,57.36979081779115,55.633416994528716,56.85383928467953,40849200
2014-01-21,58.054420471191406,58.12387891065138,56.060072649415225,56.1592925029384,48669200
2014-01-22,57.06220245361328,58.848189961077146,56.655395029134176,58.39176882861721,61352900
2014-01-23,56.189056396484375,56.2386663187515,55.25637320388689,55.931078744704216,47951800
2014-01-24,54.026039123535156,55.98069762562605,53.9764291933289,55.71280324551326,55200700
2014-01-27,53.13304138183594,54.512217780400746,51.44627738233429,54.303853817666806,73924100
2014-01-28,54.710662841796875,54.84957215427233,53.579539828788306,53.59938455699835,48191200
2014-01-29,53.11319351196289,54.52213881113127,52.77584073202071,54.18478603118909,92995600
2014-01-30,60.60441207885742,62.01335365715041,59.98923688538228,61.63631140711641,150178900
2014-01-31,62.08280563354492,62.87657576913152,59.70149144179055,59.999158554505776,87794600
2014-02-03,61.00129318237305,63.27346329096288,60.22736776643198,62.539223543407424,74866600
2014-02-04,62.261409759521484,62.64837249744762,61.338650714469225,61.56685941157964,45985500
2014-02-05,61.70576477050781,62.668213210345954,60.79293004055404,62.251485299278706,51685100
2014-02-06,61.675994873046875,62.291166221793446,60.98144462252946,60.98144462252946,42086500
2014-02-07,63.819183349609375,64.06723676865636,61.7355361436126,61.78514607042303,60704300
2014-02-10,63.05517578125,63.98785523605483,62.97580065860441,63.79933979289589,43666100
2014-02-11,64.34505462646484,64.49388819013228,62.85673412976948,63.25362110955281,45675600
2014-02-12,63.948177337646484,64.5534283702906,63.551297867707945,64.41451904181399,47282100
2014-02-13,66.80575561523438,66.80575561523438,63.55129562846949,63.68028069465564,61911700
2014-02-14,66.56761169433594,67.05380184454488,66.20049748008418,66.9744229338998,36694900
2014-02-18,66.7759780883789,67.0141072319988,65.55555203359755,66.41878058795456,43809900
2014-02-19,67.5300521850586,68.54211425116387,66.47830823831154,66.52792194409679,62087100
2014-02-20,69.08782196044922,69.56408776214892,65.21819544033724,67.20262240244107,130928900
2014-02-21,68.05592346191406,69.41525874463797,67.91701417112343,69.14736441810992,70932400
2014-02-24,70.22887420654297,70.88373878638943,68.00631796310306,68.20475764609301,76620300
2014-02-25,69.3061294555664,70.44717679082429,68.90924243852147,70.39756307494733,52077000
2014-02-26,68.72071075439453,70.66544835197634,68.31389957618174,69.64346963401131,55322700
2014-02-27,68.4031982421875,69.46486633984021,68.33374360290136,68.80007756954379,41653700
2014-02-28,67.92694091796875,69.33588238766633,66.85534843256966,68.92907875542468,66783700
2014-03-03,66.8851318359375,67.52014802383331,65.99213795608712,66.43863111101727,56824100
2014-03-04,68.2643051147461,68.36352497006028,67.09349265406328,68.12539580330828,42013500
2014-03-05,71.01272583007812,71.40961277726231,69.07791237128995,69.14736701929802,74567700
2014-03-06,70.28839874267578,71.33022591656433,69.70299642762522,71.32030166224489,46026500
2014-03-07,69.25651550292969,70.62576760889984,68.92908318302725,70.52654775832043,38927000
2014-03-10,71.4691390991211,71.58820744749114,69.96097786970937,70.21894793619514,59871600
2014-03-11,69.5541763305664,72.02478623426414,69.41526702320922,71.93549063810146,59408300
2014-03-12,70.3281021118164,70.79444374730079,68.46274313986841,69.31604750054419,46340500
2014-03-13,68.2940673828125,70.79444245135404,67.61936179765218,70.73491205471883,57091000
2014-03-14,67.19271087646484,68.88939534207091,66.93473320292551,67.95671207080612,48227000
2014-03-17,68.20477294921875,68.4131369341055,66.10128458560568,67.64913565618743,52197000
2014-03-18,68.65125274658203,69.05805633487267,67.7681833595734,68.22460064960127,40827000
2014-03-19,67.70865631103516,68.75048365544592,66.94465514312606,68.63141529408806,43981000
2014-03-20,66.44854736328125,67.69873864446735,66.2997138062371,67.48045043680115,44439000
2014-03-21,66.7164306640625,67.39113611696446,65.66468682306365,67.00417347471063,59999900
2014-03-24,63.60089111328125,66.83550961298631,62.86665515886593,66.66683511548358,85696000
2014-03-25,64.3847427368164,65.67462350167669,63.283384986663684,64.3847427368164,68786000
2014-03-26,59.91978073120117,64.44427247829971,59.899936004328595,64.23590852362958,97503900
2014-03-27,60.495262145996094,61.418021062365625,57.52854192729292,60.03884103043028,112650000
2014-03-28,59.54273986816406,61.46763678439687,58.87795853502841,60.862385848261596,67052000
2014-03-31,59.77094650268555,61.04097864792376,59.40382476039472,60.306738948336445,53011000
2014-04-01,62.132415771484375,62.172105224649144,59.770950083099294,59.989234505516364,59291000
2014-04-02,62.23163986206055,63.41237271493644,61.72560879297473,62.71782241942343,66277000
2014-04-03,59.02678680419922,62.67812925091328,58.66958931425033,62.06295789877597,83859000
2014-04-04,56.30813217163086,59.73127047915195,55.88147994224444,59.473292776037034,125214400
2014-04-07,56.50656509399414,57.54838861362114,55.0083204432495,55.46474157436714,108488000
2014-04-08,57.73690414428711,58.25285563583957,56.72484588604891,57.230876907665134,78836000
2014-04-09,61.924049377441406,61.973659299443355,58.72912043858947,59.16569683619324,100215000
2014-04-10,58.69935989379883,62.688059255734814,58.22309779185054,62.58883940386861,114988000
2014-04-11,58.07426452636719,59.84040742158625,56.86376643042451,57.151505516307466,91452000
2014-04-14,58.43146514892578,59.979319908994825,57.33010731820309,59.62212236551774,72325000
2014-04-15,58.62990188598633,59.21530806249029,55.44489713237752,58.82834536335953,108623000
2014-04-16,59.2549934387207,59.72133122572394,57.29041109636116,59.324448083274255,78774000
2014-04-17,58.48107147216797,60.10830504601579,58.262787041830535,58.8382689936225,88040000
2014-04-21,60.76316452026367,60.76316452026367,58.68943787691957,58.997021680600874,60364000
2014-04-22,62.539222717285156,62.94603014657201,61.735532114422725,62.16218427013753,60631000
2014-04-23,60.88222885131836,62.98572068397301,60.78300521747003,62.955955486315816,95908700
2014-04-24,60.39603805541992,63.15439431313765,59.304604658513426,63.10478060737381,138769000
2014-04-25,57.26064682006836,59.54273737784114,57.121737519550955,59.503051709832285,92502000
2014-04-28,55.70287322998047,57.855978800301095,54.23439749471318,57.59800113390589,107758000
2014-04-29,57.69721984863281,57.8262048858359,55.40520516956009,55.65325855878896,75557000
2014-04-30,59.31452941894531,59.38398407004521,56.71493077564952,57.131662467243515,76093000
2014-05-01,60.67386245727539,61.79506108720454,59.741179261588975,59.9594674622806,82429000
2014-05-02,59.989234924316406,61.40810071240845,59.71141632021266,60.82269452162226,54189000
2014-05-05,60.743316650390625,60.87230169074666,58.71920003640633,59.20538257158246,46057000
2014-05-06,58.07426452636719,60.673867050511326,58.03457885641437,60.505188759481555,55901000
2014-05-07,56.943138122558594,58.83826595461902,55.8219356903465,58.31239395574716,78587000
2014-05-08,56.31804275512695,58.36200415130991,56.06006888230509,56.7843843623373,61251000
2014-05-09,56.794307708740234,57.20111513032736,55.94100341346127,56.40734122821099,52584000
2014-05-12,59.36414337158203,59.43359802296657,57.52854588286252,57.52854588286252,48575000
2014-05-13,59.36414337158203,60.415887398259045,59.0466315274025,59.195465086080574,48525000
2014-05-14,58.7688102722168,59.97931205890426,58.49099167920438,59.06647359115788,47429000
2014-05-15,57.46900939941406,58.91764411951243,57.0721262338347,58.79857576334359,56814000
2014-05-16,57.568233489990234,57.99488564052144,56.86376274283201,57.85597634220793,47933000
2014-05-19,58.748966217041016,59.096243247265946,57.1217365222564,57.43924457075122,43034000
2014-05-20,58.10403060913086,59.721336075052406,57.726988375942994,59.03671004386446,53931000
2014-05-21,60.01900863647461,60.02892910811951,57.79644827352003,58.10403588444079,58992000
2014-05-22,60.04877471923828,61.00129898093925,59.9297101327744,60.46550266435934,54200000
2014-05-23,60.87230682373047,60.97153046121099,59.681653453922294,59.939627341382135,38294000
2014-05-27,62.985721588134766,63.01548678621924,61.09059368186508,61.14020360700409,55682000
2014-05-28,63.01548385620117,63.640579481872834,62.132414360804816,62.896419284404736,47795000
2014-05-29,63.3329963684082,63.799337975020165,63.015484531889,63.34291683908324,42700000
2014-05-30,62.8071174621582,63.670342197788955,62.072881548861254,63.45205778883291,45253500
2014-06-02,62.58883285522461,63.094860102788395,61.56685031995763,62.73766261745192,35996000
2014-06-03,62.38047409057617,62.92619086710203,61.83475731405032,62.1324206662467,32217000
2014-06-04,62.84680938720703,63.09486278646424,61.58669766478105,61.96373989145047,36514000
2014-06-05,62.69797897338867,63.85887090824368,62.33086098390225,63.16432059854351,47352000
2014-06-06,62.01335144042969,62.98572033681627,61.66607818636112,62.876576232681984,42442000
2014-06-09,62.39039611816406,62.84681349422537,61.30888307532632,61.91413401466598,37617000
2014-06-10,65.25789642333984,65.30751013991294,63.005574492741516,63.03533969468924,69338000
2014-06-11,65.267822265625,65.28767078073237,64.3946768506634,64.81140482803208,44242000
2014-06-12,63.7894172668457,65.95244335377056,63.56120479368849,65.33726815785982,55730000
2014-06-13,63.997779846191406,64.46412146867202,63.332998523501274,64.19621954640093,29419000
2014-06-16,63.69019317626953,64.37481541020331,63.253616771450496,63.66042797957532,31046000
2014-06-17,63.8985595703125,64.37481787563762,63.43221795093925,63.600892451992344,27715000
2014-06-18,65.0892105102539,65.2380440639413,63.55128397545477,63.98785281095174,35570000
2014-06-19,63.839019775390625,65.06937009720242,63.71003473180882,64.95030173928832,34245000
2014-06-20,63.997779846191406,64.30536365251295,62.85673264501338,63.95809039215164,46466000
2014-06-23,64.86101531982422,65.14875821464558,63.71996799759884,63.819187858229284,34560000
2014-06-24,65.20829010009766,66.64699703693574,64.76178936212045,64.851092537712,57335000
2014-06-25,66.91487884521484,66.95456829241698,65.05943693095226,65.0693611852498,44308000
2014-06-26,66.60729217529297,67.4705206797742,66.37908730042261,67.4705206797742,47714000
2014-06-27,67.07364654541016,67.17286640428111,66.31956199200896,66.78590365569141,46461000
2014-06-30,66.76605987548828,67.39115177281045,66.60730205204727,66.93473438540208,27102800
2014-07-01,67.5300521850586,67.90709818105371,66.86527091947276,67.05379391747033,33243000
2014-07-02,65.93258666992188,67.76818777393599,65.27772967026438,67.51021013407647,41895000
2014-07-03,65.77384948730469,66.47832033167437,65.24797741826747,66.33941101419246,25203200
2014-07-07,64.78163146972656,66.0516637570502,64.6129569625016,65.78376939675113,28745000
2014-07-08,62.271324157714844,65.04952149352529,61.72560743219763,64.5534146912379,68926000
2014-07-09,64.46411895751953,64.61295251187363,62.6582905039961,62.91626437521608,51432000
2014-07-10,64.36489868164062,64.8312327128534,62.559066455176705,62.81704410966919,44422000
2014-07-11,65.82344818115234,66.07150158714703,64.28552160597887,64.77170416213147,39212000
2014-07-14,67.37130737304688,67.63920172387078,66.37909373742023,66.60729863442036,38537000
2014-07-15,66.64700317382812,67.55983810842787,65.744092497428,67.43085303179672,44213200
2014-07-16,67.1331787109375,67.41099731974595,66.54776872524313,67.0141103485956,29541600
2014-07-17,65.89290618896484,67.32168856854814,65.52578444636961,66.50807375170602,38188000
2014-07-18,67.88724517822266,67.92693462622663,65.6448481409096,66.27986416899678,42456000
2014-07-21,68.85962677001953,69.4152639750491,67.9666329976583,68.27421679758693,49539000
2014-07-22,68.73062896728516,69.2267357400445,68.0757719636369,69.21681905498112,40398000
2014-07-23,70.73490905761719,70.77459851035546,69.06798989255522,69.19697493646278,78435000
2014-07-24,74.39617919921875,76.1424696881228,73.92983759514028,75.36854428986025,124168000
2014-07-25,74.60456085205078,75.0808192547795,74.0786887294587,74.40611354258813,45917000
2014-07-28,74.3366470336914,74.91213278446226,73.27497869967807,74.58470045350751,41725000
2014-07-29,73.13607025146484,74.33664790911457,72.84832737269082,74.13820819892062,41324000
2014-07-30,74.09851837158203,74.60454947102754,73.55279781629866,73.63217672797437,36853000
2014-07-31,72.08431243896484,73.59247363130766,71.87594851192995,73.42379915275392,43992000
2014-08-01,71.79657745361328,72.64988176415011,70.99288685159172,71.65766815375743,43535000
2014-08-04,72.93762969970703,73.304743916329,71.79658245428308,71.79658245428308,30777000
2014-08-05,72.1240234375,73.01700980018406,71.61799228065266,72.63004702435683,34986000
2014-08-06,71.90572357177734,73.14599061953122,71.23101799499966,71.45922289259236,30986000
2014-08-07,72.60026550292969,73.42380458739646,72.13392391124395,72.4315910118911,38141000
2014-08-08,72.49112701416016,72.8582487907049,71.99502018801344,72.82848359233441,27202000
2014-08-11,72.8681640625,73.33450563277835,72.49111807632339,72.88800500230423,24591000
2014-08-12,72.2629165649414,72.75902335299676,71.65766567791476,72.52088664433823,27419000
2014-08-13,73.19559478759766,73.67186065190009,72.48120734612765,72.55066199613123,29266000
2014-08-14,73.72146606445312,73.80083739124747,73.11621522396524,73.39403379271609,22207000
2014-08-15,73.05669403076172,74.06875627200796,72.43160210763197,73.74132392513476,38846600
2014-08-18,74.00921630859375,74.13820893449036,73.38412440229015,73.42381385872066,23974000
2014-08-19,74.70376586914062,74.99150873315915,73.92984044108564,74.22749999111255,26679000
2014-08-20,74.22749328613281,74.59461502499208,74.0389778591412,74.386251087798,22917000
2014-08-21,73.9893798828125,74.60455514006048,73.83062961738769,74.33665318529513,20102000
2014-08-22,73.9893798828125,74.14813771822756,72.99716612143914,73.76116738690092,20897000
2014-08-25,74.43587493896484,74.6938526430748,74.20767000724447,74.35650358923061,19734000
2014-08-26,75.36856079101562,75.39832599439035,74.14814203270804,74.4160364330712,23993000
2014-08-27,74.04888916015625,74.90219335709125,73.8802146856428,74.68390518066768,36323000
2014-08-28,73.2848892211914,73.85045060957638,73.15590419225735,73.42379850465521,21947000
2014-08-29,74.2374267578125,74.2374267578125,73.43373610457303,73.72147897832299,26241000
2014-09-02,76.08293914794922,76.10278008915331,74.23742124641923,74.42594425280866,34979000
2014-09-03,75.23955535888672,76.87670923137644,75.01134291145344,76.53935268777794,32389000
2014-09-04,75.35862731933594,76.33100007396797,74.94189938306067,75.29909691986512,26676000
2014-09-05,76.6584243774414,76.7774851639058,75.01134617812029,75.50745297502584,29476000
2014-09-08,77.28352355957031,77.5613421810366,76.41037823924921,76.6584316612712,28183000
2014-09-09,76.07301330566406,77.56133367456574,75.60667171220999,76.9858479817931,28882000
2014-09-10,76.82711029052734,77.3430581052001,75.9142754653424,75.9241921523624,29909000
2014-09-11,77.31329345703125,77.74986992871563,76.45007234073368,76.52944368741163,32219000
2014-09-12,76.87672424316406,77.69033921073284,76.49967817551675,77.41251300352268,26676800
2014-09-15,73.99930572509766,76.64851470791326,72.85825836107885,76.54929484364868,49679000
2014-09-16,75.48760986328125,75.63644341207096,72.50104491219233,72.94753798857272,37742000
2014-09-17,75.83488464355469,76.64849948087576,74.98158035441443,75.36854304716537,28693000
2014-09-18,76.40045166015625,76.72788398406867,75.92418577355731,76.17223918803835,23031000
2014-09-19,77.30337524414062,77.69033799277211,75.84481985161118,76.79734412285715,76671000
2014-09-22,76.2020034790039,76.92631512951388,75.35861590760472,76.40044316051629,31961000
2014-09-23,77.68040466308594,78.0177536578804,75.44792403403949,75.73566689018195,36814000
2014-09-24,77.928466796875,78.00784571159821,76.90648787228105,77.4918903358873,30680000
2014-09-25,76.61873626708984,78.32534488953044,76.52943310568864,77.9879883253324,37533000
2014-09-26,78.176513671875,78.22611981192448,76.72788266461595,76.98585276084762,28872000
2014-09-29,78.38488006591797,78.58331977226624,77.30337079733764,77.51173476000018,34031000
2014-09-30,78.42456817626953,79.08934950812431,77.98799174580279,78.73215198683141,35899000
2014-10-01,75.95396423339844,78.2062860748597,75.3090237934238,78.16659661717003,55090000
2014-10-02,76.47982788085938,76.87671484407393,75.05103784128265,75.97379681351109,36488000
2014-10-03,76.83702087402344,77.45218843935471,76.65842212957496,77.15452891193308,23340000
2014-10-06,76.95608520507812,77.28351751332815,76.25161445004841,76.58897101400001,25729000
2014-10-07,75.69596862792969,77.34303909728258,75.6463549250625,76.45005300557914,25317000
2014-10-08,76.91639709472656,77.10492010640135,74.51524193229587,75.58683446709591,32976000
2014-10-09,75.31893157958984,77.15452506888676,75.2593936210801,76.67825925075057,32487000
2014-10-10,72.3423080444336,75.90435176833263,72.19347446814471,75.00143362350622,52146000
2014-10-13,72.42166900634766,74.19773227007504,71.95532740017484,72.65980572225871,43938000
2014-10-14,73.0169906616211,73.60240058570609,71.48898847398378,73.42380184598389,50299000
2014-10-15,72.63996124267578,73.22537123929615,69.77246436682971,71.13179980814355,61528000
2014-10-16,72.0644760131836,72.77887106565458,70.0304425348871,70.23880649685954,53529000
2014-10-17,75.35862731933594,75.40824103222147,73.17576021218859,73.65202611792444,76342000
2014-10-20,76.350830078125,76.48973937031482,74.79305509857745,75.01134329201535,34701000
2014-10-21,78.07728576660156,78.12689190153321,76.54927600891999,76.95607962330907,32252000
2014-10-22,77.7597885131836,79.22826051446691,77.40259098422503,78.20628163938699,41862000
2014-10-23,79.41678619384766,80.0021886486885,78.39480728455612,78.76192151217161,35056000
2014-10-24,80.0418701171875,80.19070367271374,78.70238325742953,79.5755285092002,32248000
2014-10-27,79.6549072265625,80.17086254183555,79.13895948127852,80.11132457777231,30169000
2014-10-28,80.14108276367188,80.52805300126712,78.95042956641826,79.55568041985224,74212000
2014-10-29,75.26932525634766,76.28137981038982,74.19773273795775,74.86251404159276,106120000
2014-10-30,73.53295135498047,74.7632941136622,72.33237379344594,74.46563457220114,83270000
2014-10-31,74.40609741210938,75.1105681755004,73.87030114770158,74.34656701717157,44544000
2014-11-03,73.30474853515625,74.93197846646795,73.12614975879325,74.88237232136107,40727000
2014-11-04,75.17010498046875,75.1800216661459,73.07653366425137,73.65201937306703,39326000
2014-11-05,74.24735260009766,76.2020147900893,73.84054135162683,75.91427191019304,35913000
2014-11-06,74.67401123046875,75.01136028220017,73.73140359712016,74.3068894065342,21383000
2014-11-07,75.01133728027344,75.26931490365992,74.43585164732978,74.80297335868792,20774000
2014-11-10,74.41602325439453,74.89228913401797,74.02906053907083,74.77322077161477,21575100
2014-11-11,74.029052734375,74.39617446892146,73.45356706508224,74.36640170396753,18715700
2014-11-12,74.1382064819336,74.55493440568361,72.96739405092914,73.70163004563005,26536600
2014-11-13,73.671875,74.6541645470693,73.06662397352534,74.1580576447124,26448500
2014-11-14,74.29695892333984,74.34657263619722,73.46350305126225,73.69170796243074,19476900
2014-11-17,73.66194152832031,75.07089070796775,73.3047439977043,74.29695767830664,28701200
2014-11-18,73.76115417480469,74.21757908487304,73.32458534559197,73.87029827460509,20690500
2014-11-19,72.75902557373047,73.95960312906954,72.54073736912535,73.43373112887852,25441200
2014-11-20,73.02690887451172,73.41387151689527,71.9453998406674,72.23314265141198,19154900
2014-11-21,73.17575073242188,73.91991090936176,72.92769734010858,73.91991090936176,23060400
2014-11-24,73.43372344970703,73.77107240700899,72.77885890437273,72.96738189226986,22103800
2014-11-25,75.04110717773438,75.15025127254835,73.55278687025857,73.63216577012119,32250200
2014-11-26,77.01561737060547,77.17436759993245,74.92204620456044,74.94188714448062,32695300
2014-11-28,77.0949935913086,77.66055503977034,76.62865955870845,77.06522839454571,15992000
2014-12-01,74.51524353027344,76.70803478629335,74.21758397754961,76.65842864583408,31789900
2014-12-02,74.87244415283203,75.31894485540833,74.45571621975257,74.7434590983045,16773900
2014-12-03,74.29695892333984,75.14034662197663,73.82070058786401,74.79306577195455,16689900
2014-12-04,74.6541519165039,74.96174329151809,74.07867376032657,74.24734826179252,14362800
2014-12-05,75.76543426513672,76.16232123570629,74.77322062370746,75.20979704833292,24306400
2014-12-08,75.92418670654297,76.64850601652364,74.81291224080546,75.58683769229825,25733900
2014-12-09,76.24169158935547,76.33099475232542,74.19773393680047,74.6144618440223,25358600
2014-12-10,75.58683013916016,76.9461654565826,75.47768604075455,76.05317172871344,32210500
2014-12-11,77.12477111816406,77.90861324792829,75.88450404323532,75.9241859280423,33462100
2014-12-12,77.22398376464844,78.26580346838618,76.42028562749216,76.55920249131263,28091600
2014-12-15,76.39053344726562,77.96815722456593,75.96388123780605,77.84908885099928,29396500
2014-12-16,74.10844421386719,76.78741819533664,74.00921678715437,75.59676477468129,31554600
2014-12-17,75.51737976074219,75.81504687685432,74.31680218040455,74.42594628497972,29203900
2014-12-18,77.78955078125,77.78955078125,75.91426760987075,76.29130606734749,34222100
2014-12-19,79.25801849365234,79.37708684912204,77.72009197794395,78.1368198671045,43335000
2014-12-22,80.8157958984375,81.25237231135128,79.37708918495582,79.45646809093817,31395800
2014-12-23,79.98233795166016,81.53018872688006,79.77397400653355,81.38135517464994,19865800
2014-12-24,80.14108276367188,80.79594732115325,80.12124182404595,80.39906039873924,7685500
2014-12-26,80.15101623535156,80.6471230529212,79.88312188465925,80.38914538818798,10647400
2014-12-29,79.39693450927734,80.3296177810825,79.0893506941031,79.86327614517992,14134700
2014-12-30,78.60316467285156,79.96249249585026,78.4840963125204,79.22825653211444,14370800
2014-12-31,77.4124984741211,79.17864496637418,77.2537482412152,78.92066732166484,19935400
2015-01-02,77.83915710449219,78.31542298294325,77.09499687378008,77.9681497226088,18177500
2015-01-05,76.58898162841797,78.6329395268451,76.2615492747893,77.3728313977153,26452200
2015-01-06,75.55706787109375,76.98585032106149,74.77321821125572,76.62866038606137,27399300
2015-01-07,75.55706787109375,76.7576454300895,75.2296355631888,76.16231877843718,22045300
2015-01-08,77.57125854492188,77.62087225227413,75.48761152593863,76.14246855705272,23961000
2015-01-09,77.13468170166016,78.0078344981215,76.59888545928311,77.59109904072454,21157000
2015-01-12,76.12263488769531,77.3926671893478,75.6166037903217,77.23390936664643,19190200
2015-01-13,75.85472106933594,77.47203396224693,75.25939446746183,76.62865397875957,25179600
2015-01-14,75.6860580444336,76.59889281016338,75.43800462526856,75.82496735356683,25918600
2015-01-15,73.47342681884766,75.97380198842959,72.96739571703131,75.8051274778207,34134000
2015-01-16,74.5946273803711,74.73353669484186,73.26505706616382,73.46350435111485,21791500
2015-01-20,75.64635467529297,75.71580931708476,74.23741333038049,75.13040698912368,22821600
2015-01-21,76.14247131347656,76.6981160899788,75.25940179455868,75.56699316529772,25096700
2015-01-22,77.0453872680664,77.14460711370039,76.08293886844001,76.56912141103876,19519500
2015-01-23,77.22398376464844,77.58118125449818,76.44013413803313,77.04538501972358,16746500
2015-01-26,76.89656829833984,77.85901688049817,76.68820431199481,77.37283424569308,19260800
2015-01-27,75.18995666503906,76.28139027460743,75.04112308873653,76.11271575412663,20110000
2015-01-28,75.64635467529297,77.03545508111702,75.40822555629086,76.30121921503405,53306400
2015-01-29,77.39265441894531,77.41249535851425,73.63216427660052,76.25160735902729,61293500
2015-01-30,75.31893157958984,77.55141198900218,75.16017378354833,77.39265419296066,42649500
2015-02-02,74.40609741210938,75.54714459168213,73.17575464012992,75.51737939421322,41955300
2015-02-03,74.81290435791016,74.99150310251216,73.28489455853504,74.6045404175393,26957700
2015-02-04,75.04110717773438,75.75550213652093,74.42593962877038,74.50531095864446,20277400
2015-02-05,75.02127075195312,75.38839250841687,74.624383798747,75.12049059775741,15062600
2015-02-06,73.89013671875,75.11055502117475,73.67184854888856,75.09071408300001,21211000
2015-02-09,73.86038970947266,74.24735244403952,72.87809270327398,73.4734269749058,16194300
2015-02-10,74.60456085205078,74.75338687165925,73.91993088188858,74.26720421095969,15811300
2015-02-11,75.91426086425781,76.15238999676815,74.445781478802,74.50531186943243,20877400
2015-02-12,75.63644409179688,76.27146017368355,75.29908754017586,76.26153591834472,17235000
2015-02-13,75.15025329589844,75.88449678441374,74.9121241598877,75.86464827391941,18621900
2015-02-17,75.01133728027344,76.31114208157558,74.49538960348855,74.71367777943188,25254400
2015-02-18,76.11270141601562,76.30122441515088,74.86251020857155,75.34870030423735,22426400
2015-02-19,78.8016128540039,79.21834080504485,76.35084372242173,76.39053318013849,45851200
2015-02-20,79.27787017822266,79.71443902577717,78.583316098495,78.93059692335343,36931700
2015-02-23,78.22611999511719,79.56561446940853,77.76970262765077,79.33740200068064,24139100
2015-02-24,77.83915710449219,78.8611435134612,77.49188384415773,77.88877081453539,18897100
2015-02-25,78.94051361083984,79.57552972546785,77.88876959036018,77.88876959036018,25593800
2015-02-26,79.78390502929688,80.73642924637846,79.09927517296121,79.25802542414671,31111900
2015-02-27,78.35511779785156,80.59752289941449,78.00784451375749,80.05180233155961,30739200
2015-03-02,79.12904357910156,79.23818769308572,77.90861738181957,78.38488329465861,21662500
2015-03-03,78.9802017211914,79.07942156804182,77.90860920723317,78.99012597687317,18635000
2015-03-04,80.27008056640625,80.51813396273631,78.23603968850418,78.68254034389163,28126700
2015-03-05,80.57766723632812,81.35159264934963,80.41891699339537,80.59751574793796,27825700
2015-03-06,79.38700866699219,80.69673025698808,79.208409924266,80.27007812547487,24488600
2015-03-09,78.82144927978516,79.28779087395131,78.01775113175863,79.05957841957616,18925100
2015-03-10,76.9461669921875,78.64285132400505,76.9461669921875,77.88876687542316,23067100
2015-03-11,76.96601104736328,77.81931537555027,76.65842724417585,77.19422351326926,20215700
2015-03-12,78.3154067993164,78.4344751368214,77.30335242548101,77.49186783071256,16093300
2015-03-13,77.4422607421875,78.76189884242257,77.07513905024945,77.98797358319048,18557300
2015-03-16,77.46211242675781,77.51172613281757,76.75764170664377,77.35296832941731,19305400
2015-03-17,78.74207305908203,79.15880096041043,77.7300109330112,77.74985944449682,22170000
2015-03-18,80.27999877929688,80.6074234846162,78.55354182039554,78.63292071804376,36912400
2015-03-19,82.10567474365234,82.35372814166942,80.36930095753281,80.48836931377703,42099500
2015-03-20,83.14749908447266,83.94126538788734,82.42317985724293,82.74068789260654,44466300
2015-03-23,83.77259826660156,84.2984702867288,82.65139957406593,83.26656718855922,27357300
2015-03-24,84.64574432373047,85.39982881968498,83.86189462938121,84.05041764586719,32576500
2015-03-25,82.27433776855469,84.8540912343197,82.27433776855469,84.83425029603929,37436100
2015-03-26,82.36366271972656,83.117739693814,81.5004340612437,82.0759198335656,32794800
2015-03-27,82.65140533447266,83.2963381920367,82.2346698217519,82.73077667833338,18372600
2015-03-30,82.55216217041016,83.68328498219307,81.76832014802473,83.157413025661,24527700
2015-03-31,81.5798110961914,82.84984341275748,81.56988683965862,82.25451671061585,19734300
2015-04-01,81.03408813476562,82.07591551012449,80.24032174543508,81.857627292812,22058200
2015-04-02,80.92494201660156,81.91715565611847,80.8058812246527,81.6095718502648,19664100
2015-04-06,81.79810333251953,82.16521757235402,80.17087340084798,80.17087340084798,19062900
2015-04-07,81.67903137207031,82.77046492661411,81.57981151620083,82.00646370943038,17467000
2015-04-08,81.63933563232422,82.4529504998174,81.20275921611204,81.98660888613426,18966700
2015-04-09,81.53018951416016,82.15528892556506,81.07377216757234,81.85762181823044,15927300
2015-04-10,81.40121459960938,81.96677611792131,81.27222954104347,81.569889115424,12529700
2015-04-13,82.36366271972656,83.28642177879794,81.28214583243263,81.29207008919401,26883100
2015-04-14,82.86968231201172,83.0383643889499,81.79809730258127,82.5224090418264,19634200
2015-04-15,82.06600189208984,83.00860953722118,81.62942540087153,82.8994654144166,22390900
2015-04-16,81.66910552978516,82.42319004573334,81.51035527747426,81.82786335208567,13769700
2015-04-17,80.15101623535156,81.47066218688421,79.7442125813389,80.84557032194262,24215000
2015-04-20,82.44302368164062,82.5025616447213,80.60743005141907,80.90509715685562,28796800
2015-04-21,82.96890258789062,83.83212356085119,82.88952368440331,83.345941024472,27171900
2015-04-22,83.9710464477539,84.08019056521681,82.99868121761726,83.66346260944397,45548000
2015-04-23,81.7683334350586,84.92356568696394,81.7683334350586,83.44516941553834,73728100
2015-04-24,80.89517211914062,82.29419690318025,80.84556598204016,82.1255148410698,29660400
2015-04-27,81.27222442626953,82.28427902745473,80.99439824301314,81.23253497151862,25446000
2015-04-28,80.05178833007812,81.26229005433132,79.60529526719259,81.19283540966049,23775300
2015-04-29,79.84341430664062,80.75624882696064,78.90080702523376,79.38699704648062,26430300
2015-04-30,78.15666198730469,80.32961219498286,77.71016889503693,79.38701230242248,28999000
2015-05-01,78.37494659423828,79.13895527082468,77.50180139098535,78.62299998300216,24136400
2015-05-04,78.19635009765625,79.06950289597847,78.0177513498166,78.71230540029919,14692000
2015-05-05,76.95608520507812,78.18643553244382,76.61873621111563,77.93838212982818,22311300
2015-05-06,77.49188995361328,78.19636078582913,76.45007009047289,77.36290489531683,28663000
2015-05-07,77.8193130493164,78.32534410555395,76.95608449102754,77.39266089797673,19749400
2015-05-08,77.89869689941406,78.61309194886826,77.42243100978143,78.48409932772321,19943600
2015-05-11,77.402587890625,78.4146424688984,77.32320898292022,77.86892951090395,18874100
2015-05-12,76.85686492919922,77.28351708211713,76.1920836306959,77.26367614081379,21285300
2015-05-13,77.8292236328125,77.91851920764444,77.04537411711887,77.11482875420626,21512300
2015-05-14,80.7364273071289,81.21268561923542,78.05744591406955,78.32534783837018,49438000
2015-05-15,79.79381561279297,80.88524905493232,79.5556864692327,80.77611252370848,27069900
2015-05-18,80.25022888183594,80.74633565487645,79.60529613287417,79.70451597348455,21613700
2015-05-19,80.0021743774414,81.05392586918335,79.92280304805531,80.61734949261165,17955400
2015-05-20,79.92280578613281,80.46851870555453,78.84128906257082,79.84342688403879,23056900
2015-05-21,79.85334777832031,80.28991658148503,79.45646085454368,79.56560494783196,13402700
2015-05-22,79.91288757324219,80.67688874619569,79.62514470888611,79.72436455901148,19567900
2015-05-26,78.71231079101562,79.97241879763686,78.46425737813834,79.80374429367777,16321300
2015-05-27,79.92280578613281,80.0319498840149,78.81152386678275,78.98019835624099,14160900
2015-05-28,79.52592468261719,80.43875941373153,79.37709112276414,79.62514453252278,11982000
2015-05-29,78.57340240478516,79.4465477031336,78.26581102162542,79.3274793383631,16134600
2015-06-01,79.66483306884766,79.75412866173733,78.04752758104674,78.68254369711515,18119000
2015-06-02,79.81365966796875,80.71657005396992,78.94050690701367,79.13895415722554,18923300
2015-06-03,81.79810333251953,81.88739893572573,80.61736655685917,80.71658641708497,31775000
2015-06-04,81.4111328125,82.3041190393367,80.87533653440435,81.50042840718793,20863900
2015-06-05,81.50042724609375,81.8179353059986,80.87533538221554,81.23253289585716,16143100
2015-06-08,80.0418701171875,81.36151603553688,79.50607385928649,81.18291728290322,16915500
2015-06-09,80.0418701171875,80.55782543367992,78.70238325742953,79.9724154672738,16497500
2015-06-10,81.52027130126953,81.95684012852834,80.18077691334854,80.20062542412644,21531200
2015-06-11,81.19284057617188,82.25450882369043,80.72649897371241,81.66909886422354,18656800
2015-06-12,80.89517211914062,81.45080930259466,80.56773982032426,80.7364218824347,11417900
2015-06-15,80.08155059814453,80.29983877912879,79.44653456436572,79.92280037469395,18805100
2015-06-16,80.42884063720703,80.8753413471854,79.82358967056221,80.19071146721245,13693700
2015-06-17,81.15315246582031,81.57980462299929,80.70665179715073,81.12338726857351,18350300
2015-06-18,82.26443481445312,82.54225341667473,80.93486462812088,81.00431927867628,26782600
2015-06-19,81.86754608154297,82.33388768374975,81.4805833839648,82.18505413006838,23353200
2015-06-22,84.0801773071289,84.30838976310868,82.6613115738335,82.76053898860057,29383100
2015-06-23,87.19573211669922,87.28503528085619,84.10003039905824,84.29847009942367,50667900
2015-06-24,88.1680908203125,88.55505347358964,86.76906617385812,86.97743766715024,41370200
2015-06-25,87.29496002197266,88.70390158436902,87.15604314695769,88.56499227934343,27302000
2015-06-26,87.32472229003906,87.65214702947597,86.15390992268864,87.43386639318108,38214600
2015-06-29,85.13192749023438,86.8186875343345,85.06247284300646,85.93561806101295,35957900
2015-06-30,85.10216522216797,86.02492426058906,84.90372551132053,85.92570440516533,23016500
2015-07-01,86.23329162597656,87.26518715644755,85.81655614137513,86.0943747511165,25260000
2015-07-02,86.6103286743164,86.75916223281979,85.66772118378785,86.7194727792196,16908800
2015-07-06,86.8683090209961,87.50332515823554,85.71733754100616,85.8165573930768,24635900
2015-07-07,86.5408706665039,87.16596250398665,84.56636773890912,87.11635636640234,33059900
2015-07-08,84.98309326171875,86.07452666800697,84.78464600694625,85.61810933701331,24399300
2015-07-09,85.21129608154297,86.91790458137169,84.98309120655922,86.05468364645007,23307400
2015-07-10,87.26518249511719,87.53308440447861,86.0943701523259,86.66985585318699,23245900
2015-07-13,89.39845275878906,89.51752112785591,87.7315334418021,87.96967017993579,29976700
2015-07-14,88.98171997070312,90.09300197810326,88.95195477255668,89.7556454024683,26627800
2015-07-15,89.06111145019531,90.28153016639992,88.72375482694197,89.29924063896857,30886600
2015-07-16,90.1426010131836,90.15252526844662,89.07100854443962,89.57703958301128,21804100
2015-07-17,94.23052215576172,94.6472500304114,91.81944292387625,91.82936717898372,54001600
2015-07-20,97.14763641357422,97.83225864437195,94.61748872631046,95.10367126672978,54860500
2015-07-21,97.6239013671875,98.46728146389057,96.38363429262725,98.17953859419386,39453300
2015-07-22,96.28440856933594,96.8202048212724,95.17312661309857,95.98674146159712,28299500
2015-07-23,94.6968765258789,96.6912205824855,94.07177705948877,96.20503799639624,29418800
2015-07-24,96.19512176513672,96.99882006468926,95.133453336336,96.59200878627509,33444900
2015-07-27,93.43675994873047,95.85776373788818,93.09941093285876,95.82799853883945,38585400
2015-07-28,94.54804229736328,94.81593665966284,92.58345588387135,94.10154160021122,35236000
2015-07-29,96.23478698730469,96.52252981591157,94.00230657189559,95.57000574706896,64648300
2015-07-30,94.4686508178711,95.06397743154653,91.08520656198937,94.17099129602768,86211300
2015-07-31,93.27800750732422,95.57994287625667,93.21846954063491,94.21068319224354,46509000
2015-08-03,93.406982421875,94.33966557558456,92.07741990657622,92.80173155446627,29343100
2015-08-04,93.32762908935547,93.99241809911732,92.60331724303484,93.05973468989224,20136000
2015-08-05,95.68907928466797,96.33401205033265,94.43888806463082,94.50834271185572,29813200
2015-08-06,94.3793716430664,97.97118045978137,93.68481749801832,96.42332948108609,42271300
2015-08-07,93.56575775146484,94.65719134028568,92.88112785548168,94.63734282649456,23199100
2015-08-10,93.41691589355469,95.15328976678065,92.90096056060209,94.93500155437681,21624200
2015-08-11,92.89103698730469,94.02215984954155,92.17664200694692,93.00018108541428,22491000
2015-08-12,93.45661163330078,93.70466506044512,90.47997050756862,91.97820775712779,27050500
2015-08-13,92.7025146484375,93.99239532439759,92.62313574561159,93.31768979035503,17451800
2015-08-14,93.684814453125,93.98248158704098,92.48423680097932,92.81166913428896,15929700
2015-08-17,93.19862365722656,93.72449565350033,92.66282740536583,93.6848062011415,18313500
2015-08-18,94.42896270751953,95.10366823125567,93.30776410968848,93.34745356049517,22278800
2015-08-19,94.56787109375,95.35172070719277,93.42683156644883,93.89316557648209,23251300
2015-08-20,89.8548583984375,94.03207661609572,89.7556385555218,92.81165816525382,44598200
2015-08-21,85.38990020751953,88.48560937247085,84.94340711439659,86.83853115874992,62778700
2015-08-24,81.45082092285156,81.45082092285156,71.43938808702845,76.43022190468774,83710700
2015-08-25,82.35372924804688,86.98736496845889,82.35372924804688,86.27296996137397,52021200
2015-08-26,86.51111602783203,86.77901039945039,82.6117158343413,85.28076557376069,45124300
2015-08-27,89.03133392333984,89.35875867383163,86.51111035022404,88.40623448060501,42431400
2015-08-28,90.30136108398438,90.7677026831978,89.0908592911297,89.18015488077195,33215900
2015-08-31,88.73368072509766,90.3410698115167,88.19788436295798,89.89456905807168,32850700
2015-09-01,86.55078887939453,88.69396615112821,85.82646967733426,86.17374289613504,36097400
2015-09-02,89.1900863647461,89.1900863647461,86.9476813465732,88.1184937822575,27190500
2015-09-03,87.46363830566406,89.12063335151069,87.04691037257504,89.06110295249503,27048200
2015-09-04,87.57276153564453,87.70174655941882,86.02490340041356,86.521010127221,27328700
2015-09-08,88.83289337158203,89.53736420621657,88.13834679377051,88.99165120079036,27012500
2015-09-09,89.73579406738281,91.26380381184157,89.46789217511379,90.07314303395746,32551100
2015-09-10,91.2638168334961,91.3431881740224,88.93210864952721,89.36868508737493,26437400
2015-09-11,91.3332748413086,91.36304004134759,90.42043247683715,90.96615304418476,21185000
2015-09-14,91.59123992919922,91.89883130936698,90.88676914363593,91.59123992919922,20127900
2015-09-15,92.17664337158203,92.52391661162252,91.07528568889015,91.65077138380803,18859400
2015-09-16,92.72236633300781,92.87119990055471,91.90875140973974,92.17665334532211,16321200
2015-09-17,93.60543060302734,94.76632630806198,92.17664811758277,92.64298973678628,27841800
2015-09-18,93.66497039794922,94.44882009255899,92.32548347981432,92.47430947183754,62300000
2015-09-21,94.80602264404297,95.7386983801661,93.784036167988,93.88326359458797,28790000
2015-09-22,92.23617553710938,93.94278414381401,91.20427248259055,93.03986613236415,36888900
2015-09-23,93.2383041381836,93.58557735042245,92.0774161558473,92.67274274396938,21701400
2015-09-24,93.67488861083984,94.03207853864161,91.52177936860448,92.33539420913023,29106000
2015-09-25,92.04765319824219,95.10367293149353,91.34318244408168,95.04414253733574,28961600
2015-09-28,88.51537322998047,91.57139289619164,87.4933944460825,91.36302895122118,41199900
2015-09-29,85.99515533447266,89.35875900651058,85.05255539380906,88.40623480973774,42281800
2015-09-30,89.20000457763672,89.3190653654092,87.32472147032952,87.75137362315539,36169100
2015-10-01,90.2418212890625,90.2418212890625,87.67199177278158,89.34883513081107,29283700
2015-10-02,91.35311126708984,91.48209631754352,87.68192375735791,88.20779578534761,37881700
2015-10-05,93.27800750732422,93.53597760635009,91.93852059165046,92.21633920290256,27292500
2015-10-06,92.07743072509766,93.43675859522928,91.62100577966353,93.34746299937662,22172800
2015-10-07,91.68052673339844,92.93071783325965,90.65854806390406,92.38499739324418,24129300
2015-10-08,91.74999237060547,92.49415256709682,89.76556517996187,91.17450666852147,27290500
2015-10-09,92.51399993896484,93.01010677111071,91.5217862746731,92.17665092670062,20012900
2015-10-12,93.52606964111328,93.86341868052159,91.94844585155472,92.59338629923602,18449600
2015-10-13,93.38714599609375,94.62741298598561,92.82158455150262,92.93072865221222,19480300
2015-10-14,93.3375473022461,94.45874611626193,92.88112988494787,93.3474715593585,19253400
2015-10-15,95.21282958984375,95.55018619786638,94.16108544775395,94.25038105076605,27557500
2015-10-16,96.780517578125,96.83012371722116,94.60756732400095,95.43110644688687,25412900
2015-10-19,97.70328521728516,97.8025050742693,96.16535093906646,96.42332862321712,23729900
2015-10-20,96.2447280883789,98.81455791611272,95.80815164166377,97.96126110569907,30881800
2015-10-21,96.35386657714844,97.41553486244028,95.71885045716019,96.61184424151531,21917800
2015-10-22,98.89393615722656,98.95347412591356,96.79044799003107,97.02857715481007,26392100
2015-10-23,101.3943099975586,102.04916703581553,99.3801176049054,101.11649140132906,42809700
2015-10-26,102.96199798583984,103.00168743671382,100.75929023724935,101.40422299648253,25961200
2015-10-27,102.89256286621094,103.28944988028306,101.60268953296425,102.13848586646309,23795500
2015-10-28,103.38865661621094,103.66648278978477,102.11862438840168,103.09099707093706,24081500
2015-10-29,104.06336212158203,104.30149884164652,102.7139509878401,103.15052740463577,20316700
2015-10-30,101.176025390625,103.90461288197955,100.85851733079421,103.6962489274021,33487100
2015-11-02,102.5055923461914,102.66435016779313,100.39217994354821,100.92797623646965,24003900
2015-11-03,101.7812728881836,102.84294113721073,101.60267413741317,102.41628898648081,21242300
2015-11-04,103.13068389892578,103.32912359072338,101.68205295283406,102.38652369970126,43469300
2015-11-05,107.91316986083984,109.78845324780177,107.10947157357747,107.95285931934578,63232900
2015-11-06,106.26608276367188,107.89331258025179,105.0853536415129,107.19876603780533,35084300
2015-11-09,105.66082763671875,107.40712575003455,105.03573577325417,106.16685870904108,26383500
2015-11-10,107.06977081298828,107.30789995206116,104.4205548070956,105.13494979430313,25031700
2015-11-11,108.16120910644531,109.01451342737964,106.27600170973018,107.42696557541584,25057100
2015-11-12,107.17890930175781,108.53824465338042,107.15906836063434,107.63533421747675,20924700
2015-11-13,103.1406021118164,107.40712367854405,103.0215413229704,106.87132741876971,30278400
2015-11-16,103.22990417480469,103.35888921801148,99.6877019145413,102.51550916937526,49309200
2015-11-17,104.31141662597656,105.37308491164607,103.32912724783114,103.80539312298639,26807200
2015-11-18,106.93084716796875,107.03999126020477,104.56938172774693,104.9761929024427,23836500
2015-11-19,105.43262481689453,106.89118009702779,105.12503343707735,106.52405832046702,25520600
2015-11-20,106.48436737060547,107.03008789972282,105.78982085171913,106.00810149337676,22129600
2015-11-23,106.11724853515625,106.63320388059479,105.25402749065603,106.35538526535382,19897200
2015-11-24,104.91667175292969,105.66083200831454,103.57718480723486,105.17464942772685,23577300
2015-11-25,104.58924865722656,105.76997780029026,104.28165726584905,105.50208343488632,15150800
2015-11-27,104.6289291381836,105.13496023269535,104.04352670275966,104.95636146816118,5913100
2015-11-30,103.42835235595703,105.27387041478462,102.94216977013375,105.01589273720936,20383200
2015-12-01,106.28592681884766,106.31569201656283,103.68632438187625,104.0137566967217,22781900
2015-12-02,105.24410247802734,107.07969623266837,104.96628386478301,106.16686148344,24429100
2015-12-03,103.56724548339844,106.01801411244702,102.54526675921767,105.44252844854321,23236500
2015-12-04,105.3532485961914,106.89118282455226,103.29936658624545,103.993913132608,21224700
2015-12-07,104.78767395019531,105.99817569619519,103.84507410273044,105.65090246660228,15474900
2015-12-08,105.66082763671875,106.0775631156844,103.14060410102131,103.19021781065675,20401800
2015-12-09,103.7855453491211,105.61122238521095,102.74372556791894,105.35324471891785,23517300
2015-12-10,104.59915161132812,105.57152423029962,103.59702136676262,104.23203743915631,17454300
2015-12-11,101.32485961914062,103.52756754065274,101.11649566318634,103.339052096688,26427700
2015-12-14,103.8450698852539,103.9244412130883,100.66998210223939,101.49352113467654,24648100
2015-12-15,103.73593139648438,104.97619835450074,103.46802949435914,104.4800915712942,21764300
2015-12-16,105.95849609375,106.25615564535696,103.37874212987623,104.54955453417139,22680500
2015-12-17,105.39292907714844,106.91101466349214,105.30362591736936,106.65303700967242,21675700
2015-12-18,103.22990417480469,105.76004432071338,103.16044952538734,105.25402083352506,35994200
2015-12-21,103.95421600341797,104.3312620178874,102.79332790305367,104.09313287242553,16138800
2015-12-22,104.68846893310547,104.83730250114594,103.99391480557988,104.40072605355783,14597100
2015-12-23,103.8153076171875,105.28378709542349,103.05130646586827,105.06549888933539,19599700
2015-12-24,104.20226287841797,104.49992996909445,103.68631516723245,103.9244442977805,6501800
2015-12-28,105.10519409179688,105.15480780316331,103.71609344342158,104.2022760208566,13069700
2015-12-29,106.42483520507812,106.90109350439836,105.42269732735757,105.59137182628393,17179900
2015-12-30,105.39292907714844,106.4149078669098,105.23417126864739,106.16685446861864,13115000
2015-12-31,103.8450698852539,105.34330683921931,103.80538043634253,105.17463235883724,18391100
2016-01-04,101.42407989501953,101.44392083710306,98.9733109832828,101.15617797196097,37912400
2016-01-05,101.93009948730469,102.9024645096061,100.87834799564651,102.0888497160527,23258200
2016-01-06,102.16822814941406,102.96199442951064,100.11434645005659,100.34255132221384,25096200
2016-01-07,97.15755462646484,100.64022650827431,96.54238703462772,99.71746755052955,45172900
2016-01-08,96.57215118408203,99.71746646883909,96.27448407707497,99.10229131368604,35402300
2016-01-11,96.7507553100586,97.83226455696418,94.64725964297155,97.1476422847906,29932400
2016-01-12,98.59627532958984,99.18167776258026,96.79044674902426,98.2291535456875,28395400
2016-01-13,94.6968765258789,99.79685426156115,94.46866404751638,99.79685426156115,33410600
2016-01-14,97.60404968261719,98.10015645784044,91.73013971078261,95.1036672962984,48658600
2016-01-15,94.23052215576172,95.62953932636809,92.81165647494042,93.24823285980501,46132800
2016-01-19,94.51827239990234,96.66144990173449,93.18870220090444,95.77838037769398,30998300
2016-01-20,93.61536407470703,94.26030451432939,88.67414392988712,92.10720253327337,59051400
2016-01-21,93.42684173583984,95.24258697805044,91.89883179305859,94.1710019798573,30518900
2016-01-22,97.17739868164062,97.30638371950066,94.74647091282333,95.65931314302624,30495400
2016-01-25,96.25465393066406,98.70542300057117,96.17527501722816,97.95133846290979,32482000
2016-01-26,96.58207702636719,97.11787332778403,94.91516529305662,96.99881252968453,26877100
2016-01-27,93.7145767211914,97.08810466342895,93.49629607580232,97.0285742665037,58699400
2016-01-28,108.26041412353516,109.48083247280354,103.99389310335656,106.3652827306222,107475300
2016-01-29,111.33628845214844,111.96138030227671,107.99252585577293,108.14135941151464,62739500
2016-02-01,114.19385528564453,114.81895467487315,111.13784326603853,111.39581334192175,46132700
2016-02-02,113.71761322021484,116.67440581891911,112.31858826398988,113.90613624637021,59778600
2016-02-03,111.81255340576172,114.4419133991619,108.89544298894609,114.37245874971339,56919300
2016-02-04,109.62967681884766,111.06839105819591,108.39933409381,110.92948176198145,38890200
2016-02-05,103.25968170166016,108.72678142714351,102.37661209505633,108.65732676943276,76894700
2016-02-08,98.97329711914062,101.88048299145476,96.70112728439784,99.6281616660045,71229700
2016-02-09,98.76493835449219,101.60266973260312,96.06611626873729,96.38362430412089,62709000
2016-02-10,100.21356964111328,102.44605015292025,99.45948521530607,100.75929012755047,45179400
2016-02-11,101.11649322509766,104.2915737678292,98.11007961027447,98.82447462488635,43670600
2016-02-12,101.21571350097656,103.42834563449586,100.30287121733808,102.93223882447047,36176800
2016-02-16,100.81883239746094,103.12076782694282,99.45949693380537,102.9917827740371,45687200
2016-02-17,104.38087463378906,104.89682997929619,99.61825357904733,101.22563487315226,44073400
2016-02-18,102.66433715820312,105.17463622675679,102.22776077411079,104.97619654489043,29593500
2016-02-19,103.75578308105469,104.20227620417998,101.26532465187098,101.75151480015089,32404500
2016-02-22,106.32560729980469,107.40711643213184,104.5197713775904,104.6686049235957,35709700
2016-02-23,104.63883972167969,106.63319107005005,104.30149074941203,106.01801594592897,25319300
2016-02-24,106.04779052734375,106.11724517895733,101.94002668622213,103.39858194009662,34412400
2016-02-25,107.22852325439453,107.22852325439453,104.78767871122758,106.2759991085237,29906300
2016-02-26,107.07969665527344,108.59778234791378,106.32561972205974,107.85362210093405,26686200
2016-02-29,106.08747863769531,108.06198919568611,105.91880413876822,106.76218420339289,32779000
2016-03-01,108.96489715576172,108.96489715576172,106.76218175445234,106.9903942130518,26817300
2016-03-02,109.09388732910156,109.68922157258062,107.9230749242431,108.82599297552747,25670200
2016-03-03,108.72676086425781,109.44115581988171,107.69485788057759,109.39154211519008,21353100
2016-03-04,107.54603576660156,109.19311404156421,107.08961840088632,109.19311404156421,24938900
2016-03-07,104.90675354003906,107.22852986945963,103.90461562443959,107.22852986945963,31436400
2016-03-08,105.10519409179688,106.53398419526741,103.5871083918542,103.9641468602747,25617000
2016-03-09,106.67288970947266,106.67288970947266,104.66861393338398,105.86919151985784,20493300
2016-03-10,106.48436737060547,107.81393758245987,104.94643320308516,107.06977735365766,24854300
2016-03-11,108.55809783935547,108.56801452534977,107.07969406736017,107.63533885260235,20697600
2016-03-14,109.03434753417969,109.47092392310171,107.92306562146393,108.42909665680641,17249400
2016-03-15,109.80828094482422,109.96703875969547,107.99252817967795,108.26043009977586,17618500
2016-03-16,111.30652618408203,111.62403424535815,109.24272000079264,109.62968271391074,24744800
2016-03-17,110.15555572509766,111.81255826826744,109.86782042914724,111.27676199065431,24241200
2016-03-18,110.58221435546875,111.54466286017956,109.41140188117981,110.69135846857966,36256900
2016-03-21,110.9791030883789,111.495058462068,110.16548814062912,110.79058762913745,18448000
2016-03-22,111.3759765625,112.00106840509349,110.30438405806343,110.49290706439645,19001100
2016-03-23,111.6637191772461,112.30865952965469,111.12792292616768,111.13784718174014,18562000
2016-03-24,112.16976165771484,112.2094435440689,110.8104261654003,111.2569193017863,17839100
2016-03-28,112.80477142333984,113.69775764548056,112.07052787759439,112.43764965046712,21351800
2016-03-29,115.2356948852539,115.41429364843195,112.75516071333095,112.94368373279374,29825300
2016-03-30,113.80690002441406,116.07907013935173,113.46955102472363,115.82110004664347,33235200
2016-03-31,113.21157836914062,114.11449644352138,112.88414604084939,113.8069050578586,21207500
2016-04-01,115.15631866455078,115.26546277626373,112.46742046778301,112.8643074585583,24760500
2016-04-04,111.67365264892578,113.65808000780504,110.74096936785585,113.18181411087858,48487900
2016-04-05,111.3462142944336,112.43764776877615,111.02870623698868,111.23707019000041,22962400
2016-04-06,112.8246078491211,112.92382769538845,111.54465139330178,111.59426510142997,20814600
2016-04-07,112.75517272949219,113.9954399476272,112.18961118082223,112.90400630966646,20714500
2016-04-08,109.76859283447266,113.43978786341171,109.04428111272881,113.36040895500463,48497800
2016-04-11,108.14136505126953,110.04642103813495,107.92307683412947,109.83804950723616,39762300
2016-04-12,109.74874877929688,110.29446929662925,108.14135999459992,108.48863324654364,26248100
2016-04-13,109.64952087402344,111.77285725271965,105.6905833828194,111.35612938101035,88227400
2016-04-14,109.97695922851562,111.16762017103743,109.40148105478576,109.75867858054335,28473300
2016-04-15,108.78630065917969,110.10594659018865,108.34972424411166,109.92734783584166,20922800
2016-04-18,109.59000396728516,109.94720151736875,108.34973679893658,108.88553312406196,21167200
2016-04-19,111.4156723022461,111.57442255075688,108.31004628523246,110.23493562961633,30210500
2016-04-20,111.5446548461914,112.38803492055453,110.69135051589764,111.55457910212206,21027900
2016-04-21,112.55670166015625,113.15202824508893,111.43549556237834,111.673632252342,20875200
2016-04-22,109.69913482666016,110.87987145063389,108.16120826575893,110.34407519025898,38458200
2016-04-25,109.24271392822266,109.80827536749455,108.22073514936196,109.01450904342269,21017900
2016-04-26,107.91316986083984,109.63961967090205,107.30791886610714,109.62969541377802,22521500
2016-04-27,108.0421371459961,108.09175085346251,105.48222426850342,107.09953726404571,52213100
2016-04-28,115.82109832763672,119.84948317232815,115.3249915213451,118.64890560950113,87110100
2016-04-29,116.66448211669922,116.92245221383175,114.9380249251789,115.91039762741411,37140600
2016-05-02,117.64678192138672,117.8055397521302,115.6623544570334,116.91254587917321,28095200
2016-05-03,116.51564025878906,117.23995949836275,116.10882905999,116.60493584682467,24117500
2016-05-04,117.14073944091797,117.37887616394447,115.66234324291088,115.70203269674863,23448400
2016-05-05,116.89268493652344,118.05358063292836,116.33704772798038,117.1208974014546,22056700
2016-05-06,118.5595932006836,118.70842674496032,116.19812771211875,116.24774141687384,26395600
2016-05-09,118.31153869628906,119.34344167151527,117.97418973111297,118.60920578202317,21138100
2016-05-10,119.56173706054688,119.56173706054688,118.07341668219982,118.68859183044594,23220000
2016-05-11,118.58937072753906,120.13722915099358,118.49015087769963,119.47244783008114,22038400
2016-05-12,119.34346008300781,119.89909732077705,117.97420793136665,119.04580052134128,22035500
2016-05-13,118.87711334228516,119.70065247720866,118.74812829476276,119.44267481217459,18124300
2016-05-16,117.74598693847656,118.67867015155274,116.43626527989615,118.45045769112316,31247800
2016-05-17,116.436279296875,118.08335771654644,116.28744572389421,117.89483468610479,21328600
2016-05-18,116.73394012451172,117.34910775688387,115.82110536228947,115.89056001658922,21642300
2016-05-19,115.90045928955078,116.57516478851609,114.97770040964217,116.13859598564802,20544100
2016-05-20,116.436279296875,117.07129547626906,116.03939229225621,116.04931654911893,18944800
2016-05-23,115.0670166015625,116.68432210337586,115.03725140367472,116.50572334605991,20441000
2016-05-24,116.7835464477539,116.81331921677686,115.21585459540916,115.33491539154268,20183600
2016-05-25,116.9720687866211,117.74599423693716,116.46603769603385,117.21019794748999,20019800
2016-05-26,118.53976440429688,118.82750726737876,117.00183023920144,117.3193383001902,18481300
2016-05-27,118.4504623413086,118.91680396615455,118.08334813706001,118.62906110039876,13493600
2016-05-31,117.88490295410156,119.16485948858971,117.20028067378614,118.52984334946235,23547600
2016-06-01,117.8551254272461,118.15279252319522,116.90260131819309,117.57730684168756,15029500
2016-06-02,118.00395965576172,118.50999069379807,117.29948893260733,117.76583051962233,13228300
2016-06-03,117.54755401611328,118.05358510448309,116.94230307531535,118.05358510448309,14135100
2016-06-06,117.86505126953125,118.50006735078394,117.43839913025315,117.69637677888355,12744700
2016-06-07,116.84308624267578,118.37109623352649,116.75378307418978,118.31155826453926,17103000
2016-06-08,117.46818542480469,117.6765494042037,116.35690329801982,116.84309348660767,14505600
2016-06-09,117.6368637084961,117.75593208767127,116.79348350681217,117.2102114789397,13859200
2016-06-10,115.71195220947266,117.19034834687773,115.35475470956433,116.62478690035438,18510800
2016-06-13,113.06272888183594,114.5808219437596,112.42771282730082,114.104556117864,31718200
2016-06-14,114.04503631591797,114.05495300176149,112.69562518225908,113.18180773821305,17618500
2016-06-15,113.70767974853516,114.54114312873868,113.1818077392348,114.4022338270363,19819400
2016-06-16,113.49929809570312,113.60844218287522,112.06059159387152,112.98335042269788,19236300
2016-06-17,112.13998413085938,113.53900902016952,111.68356675725173,113.52908476400712,24644300
2016-06-20,112.48726654052734,113.82675348159424,111.87209133967171,112.88414595270305,20785400
2016-06-21,113.48938751220703,114.31292660734888,113.08258387737087,113.23141742962368,19166300
2016-06-22,113.02305603027344,113.84658757397614,112.72538891906295,113.75729198260645,14846300
2016-06-23,114.18394470214844,114.19386138791243,112.6559348256976,113.47947394345815,16176900
2016-06-24,111.2072982788086,112.79483847019287,110.13570581087842,110.1456300661339,40643100
2016-06-27,108.12152099609375,110.70127493259353,107.38728502593372,110.70127493259353,36130400
2016-06-28,111.82247161865234,111.87208532750277,109.68921839788862,109.7685897340645,26813800
2016-06-29,113.27110290527344,113.36039849149712,112.1598210001171,112.48725328958129,20968300
2016-06-30,113.39016723632812,114.28316097646149,112.78491634412602,113.7771299287211,23192700
2016-07-01,113.30087280273438,114.23354843417259,112.92382679195029,113.31078948828944,14980000
2016-07-05,113.31078338623047,113.31078338623047,112.09036496964913,113.05281331588932,14207000
2016-07-06,115.79132843017578,115.88063159391584,112.09037580271186,112.47733851561046,24337600
2016-07-07,114.94794464111328,116.05922660406269,114.46176209419313,115.72187004192182,16630200
2016-07-08,116.32711791992188,116.58509557014204,114.94794165026568,115.52342734306882,18142600
2016-07-11,116.95222473144531,117.77575630128037,116.58510295863472,116.79346691509825,17711600
2016-07-12,117.01175689697266,117.79560659456325,116.65455937477974,117.70630342902031,15217700
2016-07-13,115.87069702148438,117.47808569578926,115.77147718059884,117.46816144070411,16207700
2016-07-14,116.3767318725586,116.72400511205605,115.79132192312956,116.58509581625707,14579700
2016-07-15,115.95008850097656,117.35903007637006,115.67226988836256,116.82323379347616,16646000
2016-07-18,118.44054412841797,118.67867328080533,115.97985098711762,116.4065031522225,20868400
2016-07-19,119.67088317871094,119.90901232366542,117.73606968222626,118.0634944177928,21541300
2016-07-20,120.97068786621094,121.2485064804001,119.62127668015826,120.30590652940263,20046500
2016-07-21,119.67088317871094,121.14927932653741,119.31368567628468,120.97068057532428,17801700
2016-07-22,120.05785369873047,120.06777795499686,118.38101017921933,118.96642017910355,18422400
2016-07-25,120.68294525146484,120.9012334687872,116.86292415829227,120.44481609165388,18487400
2016-07-26,120.27613067626953,121.1195107003456,119.80978908519519,121.05005605295084,17612000
2016-07-27,122.37963104248047,124.02670937659667,120.56388577039917,121.46679627826622,52654200
2016-07-28,124.02670288085938,127.33077606240288,122.66736749208904,126.52707788014226,78955800
2016-07-29,122.97496032714844,124.86016017739414,122.74674786033498,123.6794310995015,35058800
2016-08-01,123.34207916259766,123.60998109327238,121.90337236597567,122.88566178180731,25006900
2016-08-02,122.13157653808594,123.82826856886652,121.11952192936458,123.09402500549135,23968400
2016-08-03,121.55608367919922,122.95510084311564,121.35763642794215,122.13156178287319,18525300
2016-08-04,123.39168548583984,123.81833764211724,121.55609181627024,121.98274397254764,21066000
2016-08-05,124.175537109375,124.86015936538449,123.64966509751655,124.0068626093429,20184000
2016-08-08,124.28467559814453,124.47319103143124,123.58020486220526,124.2747513427119,15233900
2016-08-09,124.08623504638672,125.10821388150897,123.56036302986668,124.36405365360567,19621000
2016-08-10,123.90763854980469,124.50297279898169,123.57028954059452,124.09616156671004,10670100
2016-08-11,123.92747497558594,124.40373324449124,123.77864142780726,124.22513450115457,11729500
2016-08-12,123.90763854980469,124.02670691363797,123.21309201908409,123.72903978904947,12159000
2016-08-15,122.93526458740234,123.94731911241733,122.73681732858348,123.93740242696806,19295100
2016-08-16,122.33995056152344,122.9551182023001,121.82399520539951,122.53839027080824,14222400
2016-08-17,123.401611328125,123.41152801398773,121.89344237817724,122.6971405624216,13794200
2016-08-18,122.94519805908203,123.29247132556127,122.6772961320913,123.04441791093475,12400800
2016-08-19,122.597900390625,123.19323455998425,122.32008181558452,122.63758983991484,11688300
2016-08-22,123.18331909179688,123.85802463787394,122.15141604662082,122.36970424829119,14386400
2016-08-23,123.401611328125,124.11599877969114,123.28254296786938,123.5405206300953,13309500
2016-08-24,122.51854705810547,123.7191246880129,122.13157676318667,123.50083646984982,12243700
2016-08-25,122.92534637451172,123.40161224909949,122.14149669612117,122.16134520797318,10730800
2016-08-26,123.98700714111328,124.21521959363841,122.94518743173022,123.08409672631463,17504800
2016-08-29,125.55471801757812,125.74324103623479,123.38176766986851,123.38176766986851,15925900
2016-08-30,124.86016082763672,125.61424531365566,124.17553856360955,125.61424531365566,17804300
2016-08-31,125.13799285888672,125.23721271353268,124.12593065952468,124.6220375027442,14200600
2016-09-01,125.18758392333984,125.6440012557311,124.62202249298667,125.39594786399745,13536100
2016-09-02,125.52495574951172,125.87222902620599,125.01892464919169,125.86230476973196,12118800
2016-09-06,128.71986389160156,128.92823540563506,125.48525306120737,125.68369274982446,26278400
2016-09-07,130.0295867919922,130.95233811236915,128.93814584748253,129.02744143203958,27990800
2016-09-08,129.2556610107422,130.05935154900416,128.79923612458094,129.90059375034136,15676600
2016-09-09,126.1103515625,128.9381589097769,126.1103515625,128.70003732683477,27100700
2016-09-12,127.6879653930664,127.7574124694424,124.77085510577166,124.97921904486576,21252800
2016-09-13,126.21949005126953,127.35062050983451,125.67377711800295,127.03310489340298,18016200
2016-09-14,126.77513885498047,127.7971253065271,125.9019935397644,125.9019935397644,15691100
2016-09-15,127.35063171386719,128.09479197287308,126.67591853957931,126.98350992756136,15077200
2016-09-16,128.06503295898438,128.1741619345292,127.20179672165915,127.20179672165915,24119200
2016-09-19,127.64828491210938,128.92824904808703,127.26132217936762,128.89848384864376,14958800
2016-09-20,127.63836669921875,128.16423873640002,127.03311575114493,127.64828338558812,11083800
2016-09-21,128.92823791503906,128.99768499441674,127.39030380336177,128.12454731951158,14068300
2016-09-22,129.06715393066406,129.71208674978027,128.5511985913838,129.4838818485516,15538300
2016-09-23,126.96367645263672,127.5987002465924,126.30881928354347,126.56678942016086,28326300
2016-09-26,126.31871795654297,127.1621056190234,125.81269444304203,126.37825592341736,15064900
2016-09-27,127.6879653930664,128.0054658593147,126.43777418851313,126.61637293202074,15637100
2016-09-28,128.22378540039062,128.46192216327705,127.40024612788713,128.20395202513592,12047600
2016-09-29,127.09263610839844,128.28328939776088,126.55684742717764,128.17414529640394,14532200
2016-09-30,127.27124786376953,127.58874835583497,126.45762541164058,127.03311113973648,18402900
2016-10-03,127.76737976074219,128.0848803151234,126.80493112967955,127.38041697072597,13156900
2016-10-04,127.19188690185547,128.27339628864084,126.55687068814856,128.16425216722337,14307500
2016-10-05,127.46966552734375,127.79709778879197,126.83464951301336,127.25137735304492,12386800
2016-10-06,127.73759460449219,128.05509510928036,127.08272994214381,127.42999564613153,11682700
2016-10-07,127.98566436767578,128.2436345070065,127.33079962170409,128.03526294602236,12804400
2016-10-10,129.22592163085938,129.68233146821854,128.1940108733882,128.6702692245395,15138700
2016-10-11,127.87650299072266,129.62279360439624,127.23155501943803,129.21598236496766,17537900
2016-10-12,128.04518127441406,128.65043223824892,127.45977882381399,128.00548424794448,11073000
2016-10-13,126.82474517822266,127.25139733954859,125.76307690282871,127.2117154561599,17139300
2016-10-14,126.88427734375,127.94594563395772,126.58661779424621,127.48953583871644,13345300
2016-10-17,126.54693603515625,127.46969507770717,126.32864781025327,127.20179313987542,11351700
2016-10-18,127.56891632080078,128.3825236414781,127.01326395890014,127.67804528798368,13504000
2016-10-19,129.096923828125,129.45412136217018,127.59868660642464,127.73759591744334,16752300
2016-10-20,128.98776245117188,129.64262703259547,128.4916556725135,129.0572246673732,13167500
2016-10-21,131.0416717529297,131.10120215304482,128.6901149685241,128.76949388200418,19088800
2016-10-24,132.24220275878906,132.37119534754945,131.12099675488773,131.68656566870615,17470200
2016-10-25,131.25991821289062,132.4605032182563,131.19047114017076,132.4605032182563,13336800
2016-10-26,130.0196990966797,131.2302012314519,129.92048679349082,130.61503347574157,13084700
2016-10-27,128.68019104003906,130.7737624528186,128.26346312270582,130.7142320560537,16741400
2016-10-28,130.26771545410156,131.93464215661328,128.91830436729794,129.48387338028624,24545500
2016-10-31,129.97006225585938,131.0912533057404,129.8609181564928,130.98210920637382,15669000
2016-11-01,128.49168395996094,130.91268799519418,127.64829619457895,130.38681590524376,22077800
2016-11-02,126.1798095703125,129.21598095340897,125.29674001679766,129.21598095340897,39640900
2016-11-03,119.06563568115234,122.32009517857223,118.5695288658142,121.05006294250488,63766300
2016-11-04,119.80979919433594,120.98061161348596,118.32147870744977,118.65882771754903,30545500
2016-11-07,121.19889068603516,122.25063466169324,120.40511679158337,121.87359622532252,23008900
2016-11-08,123.25277709960938,123.63973980584795,120.59364429495068,121.07982684920108,19460800
2016-11-09,122.22087860107422,122.84597047993641,119.57166995305278,120.55395935411892,31916000
2016-11-10,119.85942077636719,123.2131004351898,114.37247252892917,122.96504700441916,67846700
2016-11-11,118.09326171875,119.76018090310927,117.23004071416393,118.59929278453474,32840100
2016-11-14,114.18394470214844,118.20240530340897,112.66585908145073,118.20240530340897,51377000
2016-11-15,116.28743743896484,117.56739396342483,114.92810957522791,115.8211033795011,34681400
2016-11-16,115.43412780761719,116.9621376761282,113.32071554252805,113.58861745654683,32397900
2016-11-17,116.87284851074219,116.87284851074219,115.10670939821038,115.90047578823022,18597800
2016-11-18,116.10884094238281,118.20241240267696,115.93024217804526,117.46817640261798,22879300
2016-11-21,120.82184600830078,121.00044475801697,116.88276439898598,117.2796437805873,35415400
2016-11-22,120.52418518066406,122.02242981111871,119.9586237409544,121.44694411597867,26089200
2016-11-23,119.89910125732422,120.36544291290139,119.00611497301631,120.28607156917815,15672100
2016-11-25,119.44268035888672,120.19676487708743,119.13509653974772,120.0677798235752,8658600
2016-11-28,119.47245788574219,120.74249023855631,118.88704785343539,119.1847149979968,18101300
2016-11-29,119.92886352539062,121.14928204440169,119.46252191065061,119.63119641002787,18891000
2016-11-30,117.49793243408203,120.84169498384709,117.03159083192016,119.38313978389026,30188900
2016-12-01,114.20378112792969,117.52769509482208,113.11234770790382,117.45824044727466,43277000
2016-12-02,114.5014419555664,115.57303437614954,113.4100085953377,114.21369912578083,25070400
2016-12-05,116.51564025878906,116.65454955350366,114.17401561933033,115.04716083896338,20201500
2016-12-06,116.39657592773438,116.88276604602834,115.42421083112458,116.7736219435533,19131200
2016-12-07,117.0315933227539,117.0315933227539,115.66234125385051,116.08899341278253,21913700
2016-12-08,117.984130859375,118.56953328972091,116.72401526220642,117.06137184561776,22442800
2016-12-09,118.74813079833984,119.0061084688129,118.02381149777725,118.2917134244195,17464700
2016-12-12,116.8530044555664,118.3115598099757,116.73394365601612,118.29171886671392,17805500
2016-12-13,119.37321472167969,120.5737922585003,116.6942410537314,116.94229445150398,29768000
2016-12-14,119.27400207519531,120.74248160943228,117.92459090427141,119.06563811688947,25913100
2016-12-15,119.63119506835938,121.5461676450773,118.69851184933941,119.14501251737602,20139600
2016-12-16,118.9366455078125,120.55395093090767,118.34131129907614,119.95862429216024,25324300
2016-12-19,118.31153869628906,119.42282057037616,117.5872270616517,118.91678955262356,15918100
2016-12-20,118.16271209716797,118.8374176371572,117.87497681936847,118.56952330024464,13684400
2016-12-21,118.11310577392578,118.2718560107379,117.55746859009997,117.99403741882502,10767600
2016-12-22,116.48587799072266,118.06349397891663,116.01953638817807,117.93450893629347,16258600
2016-12-23,116.35689544677734,116.64463832367186,115.39445453163461,116.08900108276642,10890000
2016-12-27,117.09112548828125,117.75590676323056,115.95007836904676,116.04929821202612,12051500
2016-12-28,116.00961303710938,117.32925895034616,115.7417186941913,117.26972855636194,12087400
2016-12-29,115.44404602050781,116.6148583223681,115.15630318013662,116.08898634754749,9934900
2016-12-30,114.1541976928711,115.92033699886932,113.87637147744154,115.6921245001212,18684100
2017-01-03,115.95008850097656,116.92245364512553,114.61060157873656,115.12654934930691,20663900
2017-01-04,117.76583862304688,118.72828705907143,116.37673802167089,116.63471568606668,19630900
2017-01-05,119.73041534423828,120.00823394579456,117.39871485833196,117.93451111990012,19492200
2017-01-06,122.44908905029297,122.91542310269915,119.09540209944325,120.03800960023972,28545300
2017-01-09,123.92747497558594,124.4533469504137,122.0819571511033,122.5879881855553,22880400
2017-01-10,123.38176727294922,124.5228144974818,123.31231261945538,123.84810890497475,17324600
2017-01-11,125.10821533203125,125.13798810028358,123.09402283635175,123.38176570287588,18356500
2017-01-12,125.63409423828125,125.74323834464204,123.82826571029726,124.63195633896369,18653900
2017-01-13,127.34068298339844,128.26344945486045,126.37824220163657,126.49730298247918,24884300
2017-01-17,126.87435913085938,127.34069317646869,126.40801751526084,127.04302606055795,15294500
2017-01-18,126.92396545410156,127.42998895389817,125.85237291925715,127.41015558212624,13145900
2017-01-19,126.55684661865234,127.35062051981551,126.45761920351524,127.2315445936554,12195500
2017-01-20,126.05081939697266,127.4796018644898,125.79284173575864,127.10257098346555,19097200
2017-01-23,127.92610931396484,128.2436249756792,125.96153036204248,126.31872791148109,16593600
2017-01-24,128.3626708984375,128.88854290470783,127.38038910633698,128.37260272420227,15162700
2017-01-25,130.45623779296875,130.71422301441004,128.7595610426143,128.98776592775425,18731300
2017-01-26,131.7461395263672,132.10333707928922,130.4165767449275,130.6050997784114,20020100
2017-01-27,131.1508026123047,131.91481141805383,130.05937660121438,131.6469094737039,19539500
2017-01-30,129.96014404296875,130.5554783091399,128.59089945474207,130.5554783091399,18956100
2017-01-31,129.30526733398438,129.6426162819026,128.5114935259597,129.1564262287432,19790500
2017-02-01,132.19264221191406,132.45062749316529,129.66249395799025,131.22027691330138,50139800
2017-02-02,129.8212127685547,134.43501470082867,129.38463639922364,132.18268578085807,54366400
2017-02-03,129.96014404296875,131.81559392654714,129.7418558213713,130.2181292902999,24804900
2017-02-06,131.03170776367188,131.03170776367188,129.28541751568764,129.96011540468973,17058500
2017-02-07,130.81344604492188,131.96441753066398,130.63485485229586,131.2103405951669,14596400
2017-02-08,133.1550750732422,133.39321181085015,131.40878441738906,131.56754224246103,22390600
2017-02-09,133.0955352783203,133.45273278952712,132.27199615137192,133.44281610365246,16470600
2017-02-10,133.1451416015625,133.88930178029693,132.6391029904374,133.055846013709,15061900
2017-02-13,133.00624084472656,133.65117365170323,132.6589600163677,133.65117365170323,13526200
2017-02-14,132.8077850341797,133.18481587468256,131.51790443672863,133.05583841292116,14364900
2017-02-15,132.4010009765625,132.658971092897,131.62707548757916,132.41091766335157,13226500
2017-02-16,132.79788208007812,132.82764728080002,131.98427469371345,132.03388840824323,12831100
2017-02-17,132.4902801513672,133.0459173422639,132.13308265150818,132.46051495471045,12276500
2017-02-21,132.67880249023438,132.86732549476525,131.86518007909638,132.46051428919625,14759100
2017-02-22,135.0601043701172,135.72488563570303,132.42082781808344,132.55973711029574,27360100
2017-02-23,134.3060302734375,135.0601071409205,133.28405150119988,134.83190225759947,18422500
2017-02-24,134.3854217529297,134.56401294616128,133.11538946779692,133.11538946779692,12625700
2017-02-27,135.3478546142578,136.11184815050302,133.96867837898657,134.206799942501,14306700
2017-02-28,134.48464965820312,135.74476540341914,133.70080743022234,135.72491688853913,16112100
2017-03-01,136.34999084472656,136.40952123822072,135.23871645956095,135.40739095445372,16257000
2017-03-02,135.6951141357422,136.74687317360116,135.24862108437395,136.02254641073932,12294800
2017-03-03,136.1019287109375,136.26068651005244,135.02041959192405,135.56614006389594,11160600
2017-03-06,136.34999084472656,136.75680205357398,135.44707283679048,135.81420216330113,12748200
2017-03-07,136.2309112548828,137.2925717856115,135.92332750429765,135.96300938115743,13527100
2017-03-08,136.64764404296875,136.91554592640102,135.98286281665463,136.08207508238687,10184500
2017-03-09,137.16358947753906,137.49102172495645,136.33011869321504,136.64763425676236,15535300
2017-03-10,137.70933532714844,138.40389704207283,137.14378138040064,137.8284112685531,16314100
2017-03-13,138.51303100585938,138.5923947743399,137.59026444250182,137.62996146672083,10955500
2017-03-14,138.23519897460938,138.3741082659313,137.44142510706516,138.3741082659313,12944000
2017-03-15,138.63209533691406,139.00914137672436,137.4116767606585,138.2054355855531,19344800
2017-03-16,138.89999389648438,139.1579639943168,138.64200865867323,139.1083502839701,13612900
2017-03-17,138.75115966796875,139.247266516158,138.61225035607495,139.247266516158,20592800
2017-03-20,138.85037231445312,139.0984257121451,138.16574251442682,138.6221674277703,12099500
2017-03-21,137.43150329589844,141.20191808648096,137.32235919190865,140.05094665167545,29894800
2017-03-22,138.50308227539062,138.70152195232967,136.52858705087826,136.8560041908404,17055400
2017-03-23,138.4435577392578,139.29686201214992,138.0069813475487,138.39394403293133,13022800
2017-03-24,139.24725341796875,139.92196654082906,138.67176771140433,138.98928333156874,16664700
2017-03-27,139.22740173339844,139.55481885615626,137.6894678229729,137.9672863840848,12800500
2017-03-28,140.6562042236328,140.84472724308128,138.91983030341876,139.2671111434532,14679400
2017-03-29,141.5392608642578,141.74763237725531,140.32875908774096,140.88441140907503,16527600
2017-03-30,141.3011474609375,141.83693616250096,140.74551024747063,141.29121563499652,12404000
2017-03-31,140.94395446777344,141.51944021160415,140.78519664741066,141.20192457087862,11478300
2017-04-03,141.17214965820312,141.36067266441452,139.72352628201304,140.82486884255286,13564000
2017-04-04,140.6264190673828,140.98361654301905,140.17000932294462,140.75541167079996,12948600
2017-04-05,140.74551391601562,142.32313000393944,140.18986154808707,141.15231001077797,17158100
2017-04-06,140.07080078125,141.11262815385123,139.8128306796449,141.00348404548387,15103400
2017-04-07,139.683837890625,140.44784664827628,139.14804917563535,140.1005658111678,11818300
2017-04-10,139.9418182373047,140.328780987566,139.53502211316948,139.9021363495769,9039400
2017-04-11,138.8305206298828,139.93187829605807,137.72916296370755,139.70367341459186,16638100
2017-04-12,138.4931640625,139.30677127096644,138.3542547761776,138.63207334882242,11612500
2017-04-13,138.30465698242188,139.4853936219771,138.24512658714656,138.53286187763672,10965600
2017-04-17,140.31884765625,140.44784027102958,138.66185273552802,138.67176942128867,11519700
2017-04-18,139.8624267578125,140.80502658943266,139.51514596406858,140.17001053171177,14807500
2017-04-19,141.1622314453125,141.9262250075123,140.1700178570218,140.2493967608824,15563900
2017-04-20,142.68032836914062,143.12682149137788,141.57897059296656,141.8369406960421,15968200
2017-04-21,142.56124877929688,143.04743891414617,141.16223905081466,142.77953699167992,12382000
2017-04-24,144.33731079101562,144.53575047915373,143.21610460006758,143.8312873152668,14407200
2017-04-25,145.34938049316406,146.0042299843108,144.65481883834596,144.65481883834596,17767500
2017-04-26,145.41883850097656,146.44081740816708,144.95249684740656,145.94471055458024,12395000
2017-04-27,146.54994201660156,146.5995557233529,145.0020912618174,145.52796324543056,11275100
2017-04-28,149.08009338378906,150.35012558045273,147.90928860310584,148.33593318386997,30652200
2017-05-01,151.27288818359375,151.3820322823545,150.2409775880419,150.55849319897402,25218300
2017-05-02,151.5904083251953,152.2452730027361,150.47913382268703,152.14604557644944,21870400
2017-05-03,150.6180419921875,152.4040296719327,150.16161703070503,152.4040296719327,29782500
2017-05-04,149.67544555664062,150.34022693152642,147.56202549052537,149.00073235497845,36225500
2017-05-05,149.0701904296875,150.44936685498035,148.6236821566238,150.27076051775902,17148500
2017-05-08,149.88381958007812,149.90366809598456,148.57410518990505,149.53655382161466,15827500
2017-05-09,149.3083038330078,151.40187521234662,149.04041705184466,150.310449295806,17453900
2017-05-10,149.11976623535156,149.3479862502897,147.70090814062277,149.06023584535976,12080700
2017-05-11,148.8717498779297,149.47700089334703,148.24666548756684,149.13965183950285,11841900
2017-05-12,149.1594696044922,149.28846221494993,148.4649231250615,149.22891668244637,9598200
2017-05-15,149.02056884765625,150.30051778023696,148.60384093611884,149.0007203356844,15064700
2017-05-16,148.61376953125,149.04042930295293,147.8696092424475,148.94120187512067,14550800
2017-05-17,143.7221221923828,147.51236964331676,143.295462542318,146.8475884583093,28300100
2017-05-18,146.51026916503906,146.99644415722446,143.38478712680535,143.59315865201236,23031600
2017-05-19,146.90713500976562,148.22678084104874,146.80792273927932,147.29409768660975,16187900
2017-05-22,147.0857696533203,147.43303537688098,146.54004907060485,146.92701182198851,12586700
2017-05-23,146.9171142578125,147.65134282832435,146.10349162132073,147.3636074690663,12817800
2017-05-24,148.8717498779297,149.06027291977816,147.26436838845254,147.35366399564998,17862400
2017-05-25,150.77676391601562,151.4018481001048,148.7824051735132,149.12968594021066,19891400
2017-05-26,150.94546508789062,151.06452587925847,149.97308482512463,151.04467736737098,14996200
2017-05-30,151.19351196289062,151.70945212984122,150.45926845456844,150.78670075665897,13226000
2017-05-31,150.2806854248047,152.1559686093975,149.9135560807456,151.51102065576754,18023900
2017-06-01,150.35011291503906,151.10418973704193,149.129694529173,150.56840109982508,14530600
2017-06-02,152.41392517089844,152.4337736812418,150.12191427550403,150.66763476011636,16854400
2017-06-05,152.4337921142578,153.50538470272116,152.21550389401645,152.44370880064,12520400
2017-06-06,151.6201629638672,153.3168549393149,151.29273064790434,152.21549720015935,13457100
2017-06-07,151.92776489257812,152.55286440125994,151.15383937705798,152.07660603939684,12066700
2017-06-08,153.50537109375,153.52520446475603,151.9079066090495,152.88027168756958,17799400
2017-06-09,148.43515014648438,154.37849950169897,145.46842624134283,153.5648922798733,35577700
2017-06-12,147.2841796875,148.03825652437234,143.4343863235171,147.0162777936205,33170200
2017-06-13,149.5067596435547,150.00286651543797,147.74062039084862,148.98088757055683,20483400
2017-06-14,149.08009338378906,151.21334656756588,147.88944009191414,150.082223669288,20808800
2017-06-15,148.6336212158203,148.8717428237302,145.23032021630007,146.52020110573918,18994200
2017-06-16,149.46707153320312,149.65559455906757,147.44296224177268,148.4252441176226,22882400
2017-06-19,151.67971801757812,152.3742797861578,150.52876152160644,150.52876152160644,19026500
2017-06-20,151.0645294189453,152.6421455014497,151.02484753421905,151.68962886823076,14743900
2017-06-21,152.71160888671875,152.88028339305185,150.69741635700458,151.17367467723804,15039800
2017-06-22,152.20556640625,153.34662117688373,151.71939141196086,151.81860369202988,13005500
2017-06-23,153.86256408691406,153.99154155458854,151.46139394743332,151.5308561638543,18027000
2017-06-26,152.3940887451172,155.28143405995465,152.00712603261167,155.0333806509132,18049700
2017-06-27,149.40753173828125,152.11627073647367,149.2190087242717,151.6499291144433,19360800
2017-06-28,152.0467987060547,152.27500356663168,148.69311230811599,149.74485617161778,16719100
2017-06-29,149.8639678955078,151.31260672641477,147.76047945335102,151.0943184760044,23973500
2017-06-30,149.80442810058594,150.7371114502539,148.89159326516076,150.71726293601108,17666000
2017-07-03,147.27427673339844,150.9653130216176,146.64919237844424,150.53866838474377,13862700
2017-07-05,149.1693878173828,149.67542643898943,146.9766042570139,147.83982523743282,14334300
2017-07-06,147.6612548828125,148.87174170722975,146.8476323552753,147.86961128817103,14951800
2017-07-07,150.26083374023438,150.8065542617906,148.02835308475937,148.08788347984216,13615900
2017-07-10,152.30477905273438,152.78103731481315,150.33026864915078,150.50887495991606,13378700
2017-07-11,154.06101989746094,154.20984589111666,151.7193950440772,152.17580485127408,13667700
2017-07-12,157.66273498535156,157.9207202109397,154.98376129332433,155.2715117157145,22739400
2017-07-13,158.0199432373047,158.5358985836042,157.18648739019096,157.50400303098422,13929200
2017-07-14,158.72439575195312,159.07167653501298,158.08937971376847,158.88315354649345,16371200
2017-07-17,158.48626708984375,159.52809435183087,157.57343243495308,159.00222237825233,12858800
2017-07-18,161.5919189453125,162.45513999365164,158.17870149719673,158.41683822845334,23722900
2017-07-19,162.8619384765625,164.4097892585536,161.89949008058483,162.31621797266106,26273600
2017-07-20,163.24888610839844,163.71522766506675,161.54227767547962,163.51678799286196,18523100
2017-07-21,163.14967346191406,163.76485618337188,162.47497548738482,162.88178669319223,14744000
2017-07-24,164.70745849609375,164.87613299221408,163.0306150805744,163.35804738715314,17367000
2017-07-25,163.99307250976562,164.25104261096718,162.58413092939605,163.72517058237779,15383200
2017-07-26,164.3204803466797,164.71735969553433,162.82224339378024,164.71735969553433,35236900
2017-07-27,169.1128692626953,174.12355040347813,166.19575918651785,173.33969326982364,68910700
2017-07-28,171.10726928710938,172.07963458615063,167.7337483737116,167.75359688919687,24557600
2017-07-31,167.93215942382812,171.3751419833318,167.23761290029253,170.66074694770126,25478900
2017-08-01,168.53741455078125,169.1426654949331,167.7337239006735,168.4977326655817,14385000
2017-08-02,167.98175048828125,169.22201737738555,165.6103608019129,168.9739639995647,17433800
2017-08-03,167.27728271484375,168.37864038697566,166.93993373346436,167.98176101358553,10793800
2017-08-04,168.2992706298828,168.73584704832263,167.3765192236174,167.65433782808302,10777700
2017-08-07,170.64088439941406,170.7202633012857,168.33895680504588,168.62669207685033,12787800
2017-08-08,169.89674377441406,171.70257993481653,169.29149282548545,170.5416917488346,14393500
2017-08-09,169.8471221923828,170.1150241121124,168.23974095396233,168.6564688624425,10815000
2017-08-10,166.0965576171875,169.2617215576094,165.5508522260626,168.73584953854018,20832700
2017-08-11,166.77127075195312,167.50551429737172,165.55085221157645,166.6422781337094,13791200
2017-08-14,169.4204864501953,169.74791878253347,167.97184781075796,168.76562178551902,12954200
2017-08-15,169.6685333251953,170.1646401477836,168.68623636607816,170.15472346172416,8729200
2017-08-16,168.6763153076172,170.04557494726032,167.92223840722238,169.91658233193792,15779900
2017-08-17,165.61038208007812,168.537409286443,165.55085168414874,168.0214539550905,17216000
2017-08-18,166.10650634765625,167.35669021343156,164.91585288406355,165.5409372469611,15093600
2017-08-21,166.4736328125,166.69192106318602,164.52890221181903,165.8584650914656,11907500
2017-08-22,168.31912231445312,168.54732721385616,165.84850488533564,166.96971115019286,11391000
2017-08-23,167.39634704589844,168.04127976798736,166.8903084688972,167.5253245063303,9856500
2017-08-24,166.4339141845703,167.9718331476921,165.11426828397387,167.5650370793704,14030400
2017-08-25,165.02496337890625,167.06892085063052,164.8860389488113,166.5529655702026,12614500
2017-08-28,165.93780517578125,166.39421494586102,165.03488718108812,165.61037287638777,8553700
2017-08-29,166.74151611328125,167.11854702590475,163.71526128576068,163.9633147119512,11121000
2017-08-30,168.59695434570312,168.85492446382642,166.32479157690278,166.860580326845,11138300
2017-08-31,170.6309814453125,170.80957263391232,168.7358497530611,169.07319875817996,17226500
2017-09-01,170.68057250976562,171.57355861424185,169.97609425491868,171.05760334900083,11677600
2017-09-05,169.39071655273438,171.04771154135142,168.22982839208575,169.9364370914954,13210900
2017-09-06,170.75006103515625,171.13702379303436,168.24969327962708,169.57925607438978,13906300
2017-09-07,171.861328125,171.96054040321113,168.94421765397794,170.60121258588958,18049500
2017-09-08,169.61891174316406,172.13914276334026,169.47008575928587,171.74224823970172,10998500
2017-09-11,172.15896606445312,172.5360120548607,170.85916874801916,171.0576084282421,12372000
2017-09-12,171.61326599121094,172.64516144399872,170.41268090808495,172.40702473644265,11186300
2017-09-13,171.7025604248047,171.82162120779356,170.72026354521407,171.66286340382342,9119300
2017-09-14,169.62884521484375,170.93855930561554,169.17242029322472,170.9187107942465,15615700
2017-09-15,170.3035430908203,170.9980895885034,168.93428346683214,169.549466199047,15660500
2017-09-18,168.6862335205078,170.7302063126739,168.02145220625115,170.65082740560135,12954000
2017-09-19,171.17669677734375,171.21637866027874,169.0335117393761,169.2914818283992,13168600
2017-09-20,170.8294219970703,171.70257485229624,169.37086672299006,171.15685431778004,12264100
2017-09-21,169.77767944335938,170.92865091899628,168.6862383647418,170.35316518117781,11161400
2017-09-22,169.21209716796875,170.392833749842,167.90238311595937,168.8846800099497,12097100
2017-09-25,161.60182189941406,167.98176312988195,160.30202452421173,167.92223273712122,41251600
2017-09-26,162.931396484375,164.21134532410267,161.5125232109011,163.21913175718967,23363300
2017-09-27,166.37437438964844,167.02923901974563,164.28081816248243,164.60823533755251,19242500
2017-09-28,167.41619873046875,167.75356286536928,165.8584312303992,166.63235663756362,12178700
2017-09-29,169.53953552246094,170.32339275657026,167.49557789829257,167.51542640978323,15340400
2017-10-02,168.15045166015625,170.5317584092481,167.43605660743287,170.05550008742557,13392300
2017-10-03,168.63662719726562,169.40062075525117,167.8825351847385,167.98176259901135,8190300
2017-10-04,167.10861206054688,169.34109265206823,166.9796194482438,168.5076368648283,12127900
2017-10-05,169.90667724609375,169.9761243314083,167.2872337174915,167.86270433288422,14580600
2017-10-06,170.8889617919922,171.02787110478334,168.4282760482721,168.92438289966614,13124500
2017-10-09,171.1568603515625,173.51833376236584,170.66075350996377,171.35530006020613,14570400
2017-10-10,170.25393676757812,171.851401351532,169.47009464475872,171.65296164929737,11341100
2017-10-11,171.39498901367188,171.43467089753997,170.0654112344226,170.61113176247508,11283700
2017-10-12,171.20648193359375,172.49636280903846,170.9484966745168,171.26601233492536,10351000
2017-10-13,172.38720703125,173.29010995699778,171.8514031755528,172.09945659097363,13658300
2017-10-16,173.1611328125,173.6373911318389,172.7047078656484,173.13136761379,11498800
2017-10-17,174.7387237548828,174.75857226449244,173.00235009347094,173.34963088174402,15990100
2017-10-18,174.65936279296875,175.36384112667739,174.38154418981057,175.2745303942507,12752400
2017-10-19,173.20083618164062,174.6593916592686,171.28587084052603,173.56795043792084,14048400
2017-10-20,173.61752319335938,174.5105244746786,173.27025753393855,174.13347847990087,12602200
2017-10-23,169.93641662597656,173.97471784651603,169.91656811605412,173.83580855701294,13852700
2017-10-24,170.4623260498047,171.89111627867072,170.16465889546086,170.95843292705092,12267900
2017-10-25,169.27166748046875,170.9088140701414,167.57497534973425,170.5615332105236,15868200
2017-10-26,169.30142211914062,170.94848529291494,169.06328538968916,170.0455823662001,11833100
2017-10-27,176.49497985839844,176.82241220001325,172.54595838557486,172.7940118134667,30285300
2017-10-30,178.46945190429688,179.28307430760813,176.22705466245034,177.8642010145095,24353200
2017-10-31,178.65798950195312,179.39223306199798,177.5467150456508,179.16402815900284,20174200
2017-11-01,181.2377471923828,181.47586877649684,179.16402431750365,180.94008007226162,40918300
2017-11-02,177.52685546875,180.52334477949736,175.95915616418623,179.22354738608752,35529900
2017-11-03,177.52685546875,178.4595386750075,175.33407189146445,177.89396965590234,17822100
2017-11-06,178.7671356201172,179.04495423731612,176.92161758302188,177.16967100123372,13312700
2017-11-07,178.84649658203125,179.34260336866657,177.5665477341023,179.0945499753489,12928200
2017-11-08,178.16188049316406,178.94573775470707,177.71538737885638,178.39008539336953,10494100
2017-11-09,177.9038848876953,178.00309715443979,175.71108637496263,176.92158806507226,12610300
2017-11-10,177.0704803466797,177.7054965692686,176.5743734496577,176.96133622373563,11070200
2017-11-13,177.37803649902344,177.6459232807927,175.91948123836522,176.11792093818718,9523400
2017-11-14,176.68348693847656,177.57647314229405,175.8004022805086,176.74301733340062,9585900
2017-11-15,176.5644073486328,177.179590076712,175.02647323840188,175.28445846436279,10253700
2017-11-16,178.19163513183594,178.4297718440115,177.1101259514971,177.3680960347039,15607600
2017-11-17,177.60623168945312,178.57859676341948,177.50700427497628,177.90389879290586,13018000
2017-11-20,177.3482666015625,178.10234349689537,176.71325049497216,177.47724407604082,10052400
2017-11-21,180.44395446777344,180.47371966268912,177.59630646100754,177.7550491205655,14504000
2017-11-22,179.46168518066406,180.31498955925983,179.03504056135588,179.88834493995165,10376300
2017-11-24,181.35679626464844,181.72391044308606,178.88617900927312,178.99532310826507,9426300
2017-11-27,181.60487365722656,182.2994202244221,180.57297806310456,181.13853200354248,12344500
2017-11-28,180.99960327148438,182.81535597805015,180.6721709663681,182.08111246294297,14379700
2017-11-29,173.76638793945312,180.55312592846684,172.64518162776676,180.47374701666803,41933500
2017-11-30,175.8004150390625,176.89185615847498,173.8358361640995,175.47299784321822,25307600
2017-12-01,173.7366180419922,176.0980762592376,170.99809864891415,174.65936947923964,20182500
2017-12-04,170.13485717773438,175.19515229553974,169.46014409670434,174.91731857513176,24459400
2017-12-05,171.48426818847656,174.01441574721193,167.694005192885,169.1227951149933,20184900
2017-12-06,174.6891326904297,175.3936110430922,170.5615202753435,171.15685452097316,20255800
2017-12-07,178.73733520507812,178.98538857441682,174.43113234695298,174.43113234695298,20404500
2017-12-08,177.60623168945312,180.8606910365868,177.34826160778223,180.11653084794384,19883800
2017-12-11,177.64593505859375,178.81675510313147,177.40781345901155,177.90392031144728,13168600
2017-12-12,175.58213806152344,177.78483848461795,175.22494053399856,177.20936787803035,16854100
2017-12-13,176.9116973876953,177.7650017350182,175.86987002387406,175.91948373452817,14615700
2017-12-14,177.00099182128906,178.95565391639886,176.29651347057296,176.901764400632,13591000
2017-12-15,178.7770233154297,179.0846222217137,176.97120259647394,177.6260671479534,28463100
2017-12-18,179.4120635986328,179.88832186933345,178.35038781980418,179.6005714578849,17265400
2017-12-19,178.11224365234375,178.67781262633758,176.83229487221706,178.54882002385264,14920600
2017-12-20,176.5048828125,178.4099311736932,175.97901079748212,178.4099311736932,11860500
2017-12-21,176.06829833984375,177.28871681511848,175.67141896023537,176.5544884488452,11600700
2017-12-22,175.82025146484375,176.14768377815716,174.85780303661357,175.76072106969193,8509500
2017-12-26,174.6197052001953,175.6218356481335,173.3099757688491,175.25472140145942,8897300
2017-12-27,176.23699951171875,177.05062204505234,174.88758822080902,175.1753386835656,9496100
2017-12-28,176.53465270996094,177.54671488315512,176.29651598098025,176.56441790858617,12220800
2017-12-29,175.0860137939453,177.45740362836847,175.0860137939453,176.61401603513102,10261500
2018-01-02,180.00738525390625,180.16614305976034,176.16752355717324,176.29650102694924,18151900
2018-01-03,183.23208618164062,183.34123028472084,179.9180963462649,180.46381686166586,16886600
2018-01-04,182.8947296142578,184.76009597513172,182.66652473180332,183.46028347772807,13880900
2018-01-05,185.39512634277344,185.4447249132327,183.49006281380875,184.1449274556417,13574500
2018-01-08,186.81396484375,187.42913239620646,184.87915146104248,185.7423723994865,17994700
2018-01-09,186.40716552734375,187.32993205476637,185.64317195063535,187.23070463806178,12393100
2018-01-10,186.37741088867188,186.4270245998348,184.18462717107303,185.48442464765515,10529900
2018-01-11,186.3079376220703,186.93302184694363,185.92097495334804,186.93302184694363,9588600
2018-01-12,177.9733428955078,180.0669141301532,176.0186809548209,176.6735455434726,77551300
2018-01-16,177.00099182128906,180.33483027965096,176.65371098896813,180.08677686798706,36183800
2018-01-17,176.21714782714844,177.92375649243675,174.43116025417478,177.86421095668882,27992400
2018-01-18,178.40000915527344,179.5708139416445,175.70118693925764,176.7430142522012,23304900
2018-01-19,179.87840270996094,180.94999524947485,178.76712828675176,179.44184142939912,26826500
2018-01-22,183.9266357421875,183.9464842539808,179.00526461593918,179.39222732602718,21059500
2018-01-23,187.87562561035156,188.07406527531055,184.10521141622712,184.60131814861253,25678800
2018-01-24,185.09747314453125,189.17547215366278,185.06770794402502,188.4114633473833,24334500
2018-01-25,186.0202178955078,187.15134089367203,185.14708014568345,186.4865595398367,17377700
2018-01-26,188.52056884765625,188.52056884765625,185.35540529565984,186.28808842709188,17759200
2018-01-29,184.53189086914062,187.36962252114174,184.1846251747221,187.28032692600374,20453200
2018-01-30,185.66302490234375,186.71476901442736,180.4241377153758,186.15913175823073,20858600
2018-01-31,185.43479919433594,188.3519096022416,183.77780429827604,186.9032710839018,43275100
2018-02-01,191.58651733398438,193.7991645274697,186.4270097242907,186.75444202386447,54211300
2018-02-02,188.79843139648438,192.69783931209625,188.50076424308202,190.54472214847488,26677500
2018-02-05,179.84864807128906,189.12585213250935,179.20371522852162,185.47449787905256,33128200
2018-02-06,183.8671112060547,184.32353615197485,176.35606166063977,177.1796008165534,37758500
2018-02-07,178.7770233154297,183.6388786079562,178.54881844687532,182.71611216905757,27601900
2018-02-08,170.2440185546875,180.42412507381815,170.14479113447067,179.60058593395013,38478300
2018-02-09,174.7387237548828,175.52256577473037,165.87824914129024,173.39922944580292,39887600
2018-02-12,175.0364227294922,176.1675457436953,170.50199884607702,175.68135557952797,32092100
2018-02-13,171.80177307128906,174.5998225974383,171.75217450492073,174.2525417929948,21809400
2018-02-14,178.12222290039062,178.4099582364135,171.861356340211,172.09947795899382,28929700
2018-02-15,178.55874633789062,179.09453496094875,175.46302995363104,179.09453496094875,20922100
2018-02-16,175.97901916503906,178.47940188173544,174.92727508499433,177.59633231075645,20645300
2018-02-20,174.6395263671875,176.56442335083702,173.7465401009486,174.40140477084617,21204900
2018-02-21,176.52471923828125,179.8585574271064,175.0264670633768,175.33406598655316,23200800
2018-02-22,177.59634399414062,178.8068459764624,176.02864445736353,177.30859352917315,18464200
2018-02-23,181.8628387451172,181.96206616910862,178.11227224592568,178.49923497552544,19007300
2018-02-26,183.4900665283203,184.2143934074253,181.79338963283567,183.14280082818172,17599700
2018-02-27,180.04708862304688,183.26185103505412,180.04708862304688,183.0137976321534,15849800
2018-02-28,176.9315643310547,181.45605663842016,176.75295798209004,180.88057084283693,18783000
2018-03-01,174.570068359375,178.71751406261032,173.05198271776223,177.6161563285012,23201600
2018-03-02,175.24476623535156,175.73095636374896,171.64304105878443,171.94069303537623,20025900
2018-03-05,178.99534606933594,179.73950634701885,174.5204677165954,174.82805154230758,16189300
2018-03-06,178.3801727294922,180.95993433251797,177.71539138609242,180.36460007336458,15086800
2018-03-07,182.27955627441406,182.3887003695206,176.68347250890474,177.34825376456183,19097300
2018-03-08,180.9202423095703,182.96420010787622,180.03717272273,182.13074423400033,17225900
2018-03-09,183.78770446777344,184.0655230397527,181.78344407563392,182.4779905055821,18526300
2018-03-12,183.3213653564453,184.65094298580436,182.78557671474607,183.7877069242099,15301200
2018-03-13,180.46380615234375,184.54180446727887,179.6997974761212,184.1647584717446,18067500
2018-03-14,182.75584411621094,182.81537451590896,180.43406768811147,181.17822796429562,16821700
2018-03-15,182.42840576171875,182.56731506975962,180.7714107515244,181.81323813182047,15614300
2018-03-16,183.6488037109375,183.88694041511232,181.98189220164593,183.05348466046652,24403400
2018-03-19,171.21636962890625,175.79047474978412,168.73583572691126,175.63171694646186,88140100
2018-03-20,166.84071350097656,168.87475444209613,160.68899210879263,166.1660155091787,129851800
2018-03-21,168.071044921875,172.0498156245336,162.0284683130565,163.51678856980843,106598800
2018-03-22,163.60609436035156,168.94420819244993,162.44520630444487,164.83644463309642,73743000
2018-03-23,158.14892578125,165.302792529729,157.78181159245784,164.15182111516467,53609700
2018-03-26,158.81373596191406,159.8456467764253,147.85970244005696,159.56782812789862,126116600
2018-03-27,151.03475952148438,161.5819952218703,149.5762042785155,155.0929096225438,79117000
2018-03-28,151.83847045898438,154.66628573055533,149.6258380137085,150.46921062559457,60029200
2018-03-29,158.54580688476562,160.16311992206482,152.93980601581222,153.94193631660485,59434300
2018-04-02,154.1800994873047,157.9604315867815,152.91006705335923,156.58125503085725,36796000
2018-04-03,154.89447021484375,156.16450244865112,149.6357349536215,155.331046633961,42543900
2018-04-04,153.892333984375,154.34874375774146,149.33806209635878,150.84623099352257,49885600
2018-04-05,158.0993194580078,160.3119667997005,155.43026231541282,160.30203497360776,41449600
2018-04-06,155.97596740722656,160.1631098094975,155.58900472739475,156.50183937879345,41644800
2018-04-09,156.70028686523438,159.28004828590807,154.8250037634297,156.5911579034152,34915200
2018-04-10,163.7549285888672,164.6876118106786,155.7874544603831,156.7002891706726,57889300
2018-04-11,165.02496337890625,167.3368076058725,161.97886054135304,164.0724317181145,56144600
2018-04-12,162.59402465820312,166.14615087617642,161.8300311486776,165.67980931063394,38263000
2018-04-13,163.23899841308594,164.40980328499873,162.49483815518164,163.29852881132163,19990600
2018-04-16,163.54656982421875,164.48916971806412,162.1177798150317,164.42963932434435,18119400
2018-04-17,167.34677124023438,167.68412027464734,164.37013005192702,164.5388045691335,22743000
2018-04-18,165.06466674804688,166.8109573568676,164.47926431633744,165.5806220956449,20969600
2018-04-19,166.79110717773438,167.01931205964715,163.913678740666,164.9058923106942,22235000
2018-04-20,164.9852752685547,167.11852844056128,164.5189336679802,166.48351234573315,19119400
2018-04-23,164.54867553710938,167.13835325700853,163.80451544679323,165.9675486487662,23088100
2018-04-24,158.44659423828125,164.80668712943643,156.95827381919534,164.14189068573054,35079900
2018-04-25,158.44659423828125,159.80592204292,154.97384659374748,158.89308733601138,41083600
2018-04-26,172.80393981933594,174.89751131005175,169.4701012165842,171.8712565286882,77556900
2018-04-27,172.2383575439453,175.7210370171201,171.25607575610894,175.43328659080046,29804700
2018-04-30,170.66075134277344,174.35178740859453,170.37301603989096,172.4368071515522,20750500
2018-05-01,172.5062713623047,172.66502918502357,168.90453085176392,170.66075330814073,26025900
2018-05-02,174.69906616210938,176.69341016579082,172.84361632507387,172.89323003600683,30424500
2018-05-03,172.6650390625,174.7486788299597,170.77982387482106,173.76639691815015,24026100
2018-05-04,175.23486328125,175.6019775078001,171.71250159576832,171.73235010908928,17677800
2018-05-07,176.584228515625,178.1023138795563,175.79045472939228,175.9690610227831,18697200
2018-05-08,177.52685546875,177.64591625593928,175.7309512754141,176.86207417364642,15577200
2018-05-09,181.2377471923828,181.585012882542,177.38795342276703,178.27102295714008,23282800
2018-05-10,184.08541870117188,184.68075301646135,181.0790122029191,181.72394509449893,21071400
2018-05-11,185.53402709960938,186.8536730085692,182.7458941572334,183.41069059451098,21207800
2018-05-14,185.186767578125,186.39726952434344,184.7501911201472,186.24844352275093,15646700
2018-05-15,182.88482666015625,183.84725996884964,181.77353708046485,183.4404638800126,15429400
2018-05-16,181.77354431152344,182.8848339354226,181.23775558248477,182.26965115469898,16975500
2018-05-17,182.32916259765625,182.62682970061053,180.80116034112504,181.25757011100754,14840700
2018-05-18,181.25758361816406,182.75583593002384,181.18813653495366,182.0612893980254,13130500
2018-05-21,183.05349731445312,183.85718792913116,181.7040861774695,182.3391022925219,13532900
2018-05-22,182.36886596679688,183.97624718272667,182.00173663305148,183.4900570596467,12731400
2018-05-23,185.44473266601562,185.4546644925057,180.76148283647657,181.07899848457114,16628100
2018-05-24,184.48228454589844,185.345520753403,183.58929827880206,184.432685973266,12354700
2018-05-25,183.48013305664062,184.87915783544156,183.01379146370698,184.57157404860823,10965100
2018-05-29,184.2937774658203,185.35543824844447,182.2795848728229,182.9046692065252,16398900
2018-05-30,186.20872497558594,186.53615728122801,183.80756987418877,185.08751875990046,13736900
2018-05-31,190.28675842285156,191.2194418028875,186.02023612054933,186.40719889099182,30782600
2018-06-01,192.47952270507812,193.0351599015415,190.57447440007027,191.56668800517716,17307200
2018-06-04,191.77505493164062,192.46960146542042,189.9791506300175,190.34626483930563,18939800
2018-06-05,191.4376983642578,193.48165600011896,191.12018273850393,192.78710949375522,15544300
2018-06-06,189.8501434326172,191.03088001937442,187.6375113806139,189.54255964412974,22558900
2018-06-07,186.7147674560547,189.48305216718774,185.31575764051456,189.264763941221,21503200
2018-06-08,187.62759399414062,188.0046248592757,184.9783704129229,186.0698114066822,12677100
2018-06-11,190.04856872558594,191.10032776200524,187.32991340232323,187.339830087015,12928900
2018-06-12,190.9019012451172,191.77505410667226,190.06844540816672,190.6736963435667,11562700
2018-06-13,190.91180419921875,192.98552679181924,190.41569744654055,191.23923647278355,15853800
2018-06-14,195.27755737304688,195.74389897906175,191.4079303656662,191.5964533732013,19120900
2018-06-15,194.32504272460938,195.535544547172,193.12445758781328,194.26549719007528,21860900
2018-06-18,196.76585388183594,198.02596924758052,192.6184087797457,193.28318999821573,16826000
2018-06-19,195.9522705078125,196.41861211385094,192.28106805347113,194.71200350025885,19994000
2018-06-20,200.42713928222656,201.96507332946683,197.26197560086828,197.54972601188854,28230900
2018-06-21,199.9310302734375,201.80631327685478,198.53200553470376,201.18121389572326,19045700
2018-06-22,200.16915893554688,200.66526569049174,197.75807223372695,199.59367328301363,17420200
2018-06-25,194.8211669921875,198.44274095869176,191.606389138264,198.44274095869176,25275100
2018-06-26,197.45053100585938,197.5497584342161,194.70209475216134,196.0614378487448,17897600
2018-06-27,194.3151092529297,199.1868816991921,194.27542737022137,197.62909906827792,18734400
2018-06-28,194.7020721435547,195.80342985451412,191.75519651531133,193.6602448267047,18172400
2018-06-29,192.8069305419922,196.0613895425137,192.44973308388734,195.78357097954063,15811600
2018-07-02,195.82325744628906,195.9125530279139,190.72328064936914,191.86432012117947,13961600
2018-07-03,191.22935485839844,193.878563796494,191.02099844595327,193.03519117948636,13489500
2018-07-05,196.90476989746094,197.1032095733461,192.51918795849843,193.2236662188641,19684200
2018-07-06,201.64756774902344,202.05437896277454,196.16062769616207,196.90478790376508,19740100
2018-07-09,203.14581298828125,204.19755695638088,200.5462031241345,203.33432085012856,18149400
2018-07-10,201.95513916015625,203.3144820178631,200.6851070282679,202.90767082906115,13190100
2018-07-11,200.9629669189453,202.90771253688035,200.17912471547976,200.6454663906994,12927400
2018-07-12,205.308837890625,205.4675957014534,201.60788537305933,201.8460069493238,15454700
2018-07-13,205.70574951171875,206.8070921734191,204.8425133060912,206.19192453031167,11486800
2018-07-16,205.61642456054688,207.09482830709123,205.22946185373033,205.88432647756704,11078200
2018-07-17,208.35494995117188,208.82129157817744,203.24504056631784,203.30457096296044,15349900
2018-07-18,207.72982788085938,209.34714080006302,206.8169932384799,208.1862527720377,15334900
2018-07-19,206.4697265625,208.3549415063196,206.142294254258,207.14443969038666,11350400
2018-07-20,208.30531311035156,209.85316381110093,206.87652318966687,207.22380398482503,16163900
2018-07-23,209.26779174804688,209.97225498537256,207.17422026898748,208.94035941549492,16732000
2018-07-24,212.99850463867188,214.51659032772451,210.94463023465084,213.4350810715982,28468700
2018-07-25,215.8064727783203,216.91774724162687,212.6016268700479,214.04033366057422,58954200
2018-07-26,174.88755798339844,178.72743478538428,172.39710737899168,173.52823024051227,169803700
2018-07-27,173.52821350097656,178.52896273793556,171.65293064461994,178.46943235201567,60073700
2018-07-30,169.72805786132812,173.93504902201485,165.26309661219472,173.93504902201485,65280800
2018-07-31,171.23622131347656,172.88329948852726,168.67630846236798,169.34108974362823,40356500
2018-08-01,170.31346130371094,173.71676188284266,169.56930109095373,172.57570713929462,34042100
2018-08-02,174.9967041015625,175.41343198798833,168.94421035302224,169.35100641407132,32400000
2018-08-03,176.395751953125,177.45742788881466,174.77843876286042,176.30645635292112,24763400
2018-08-06,184.24415588378906,184.34336816522875,176.99107649347212,177.57647891589647,49716200
2018-08-07,182.37876892089844,186.83381317946927,182.28947333562078,185.04782577403012,33398600
2018-08-08,183.7380828857422,185.39509270182202,182.3291415768391,183.3114383613454,22205200
2018-08-09,181.6643829345703,185.1172971356833,181.0591320378216,184.40290213821012,19732100
2018-08-10,178.85641479492188,180.68209929171536,178.02295901985093,180.62255375922936,21500400
2018-08-13,178.64804077148438,181.18810486740716,177.50698618122252,178.69765447366555,17423300
2018-08-14,179.69981384277344,180.572966695124,177.22919641645174,179.3029344407843,19102000
2018-08-15,178.13209533691406,179.4616578447693,173.4190810295363,177.94357234222264,33020200
2018-08-16,173.3397216796875,179.09456387943234,172.65509183858282,179.01518497061076,31351800
2018-08-17,172.4467315673828,174.84788673024775,170.70042589258762,173.1412780789589,24893200
2018-08-20,171.1568603515625,173.21074994297132,169.57924422887356,172.6848627620957,21518000
2018-08-21,171.27590942382812,172.8138435554987,170.05549091623485,171.46443243312672,19578500
2018-08-22,172.28797912597656,172.88331337730875,170.7897419514284,170.86912086093795,16894100
2018-08-23,171.55372619628906,174.18310133272556,171.4842791167488,171.74224920357818,18053600
2018-08-24,173.29010009765625,173.4587897337263,171.57357479979996,172.34750020068213,14631600
2018-08-27,176.0782470703125,177.27881714987828,174.42123689441704,174.61969174325242,17921900
2018-08-28,174.88755798339844,176.85215174812703,174.46091341649864,176.7132424542553,15910700
2018-08-29,174.53036499023438,175.41343448259514,173.38932541403022,174.92725951150646,18494100
2018-08-30,176.2568359375,178.390089274481,174.33193899307219,174.5303786993064,24216500
2018-08-31,174.36170959472656,176.236992885708,173.6175493183057,175.7706512346192,18065200
2018-09-04,169.82728576660156,172.53602469300188,167.48566103250337,172.1490619892304,29809000
2018-09-05,165.8782501220703,169.79750566441177,165.37222667385856,168.17027608626648,31226700
2018-09-06,161.26449584960938,165.6798439070782,158.7541963313188,165.6798439070782,41514800
2018-09-07,161.77049255371094,163.34812362432544,158.91292778915525,159.06175376752574,24300600
2018-09-10,162.90164184570312,163.72518105294841,160.89738102515815,162.236860467802,20197700
2018-09-11,164.64791870117188,165.88818563710336,162.4452034117594,162.6634916036815,20457100
2018-09-12,160.73861694335938,163.20923446899246,160.54017723438812,161.97888404940383,24078100
2018-09-13,160.10357666015625,162.04832185091652,159.60746989251075,160.7385927171434,25453800
2018-09-14,161.05613708496094,161.5720773146908,159.09154303336734,160.46080280145142,21770400
2018-09-17,159.3296661376953,160.79813806735754,158.52597552173137,160.6592287650919,21005300
2018-09-18,159.05184936523438,160.50047279983679,157.63297598862607,158.14893132011807,22465200
2018-09-19,161.79034423828125,162.16739024418695,158.23821779836834,158.83355200348495,19629000
2018-09-20,164.72732543945312,165.15397007032396,163.1893911510042,163.21915635129847,18936000
2018-09-21,161.66136169433594,165.94773190213695,161.54230090188992,165.3424809739052,45994800
2018-09-24,164.12205505371094,164.4097903358473,159.6273286611783,159.77615464504572,19222800
2018-09-25,163.62596130371094,164.3006593376893,159.89522818413434,160.72869918019714,27622800
2018-09-26,165.65005493164062,167.9817629115919,162.93139939924737,163.02069498827245,25252200
2018-09-27,167.5253448486328,170.43253864331763,165.90804693470875,166.24539593368888,27266900
2018-09-28,163.17947387695312,167.47574593041278,161.2942587385497,167.0193361008903,34265600
2018-10-01,161.1751708984375,164.58838792042496,160.0043510409059,161.7605732572147,26407700
2018-10-02,158.08938598632812,161.01641291690996,157.4345214128485,160.3218664632091,36031000
2018-10-03,161.16526794433594,162.38570172580964,158.28785420033145,158.75419586187408,23109500
2018-10-04,157.61314392089844,160.20282214580766,156.12482345003056,160.20282214580766,25739600
2018-10-05,156.10498046875,159.64717544212786,154.98377416284492,157.9703470364549,25744000
2018-10-08,156.02560424804688,157.10711354691838,153.1878724618473,154.3289121602927,24046000
2018-10-09,156.6705322265625,159.33958941767398,156.19427390479638,156.46217583453068,18844400
2018-10-10,150.20130920410156,156.46217499750117,150.1318469804765,155.598953955172,30610000
2018-10-11,152.1559600830078,153.60458344602512,147.99858271849723,148.96103111199872,35338900
2018-10-12,152.5429229736328,155.66838973017065,150.12191938851547,155.5096319219713,25293500
2018-10-15,152.32464599609375,154.35868703608568,151.36219753043872,152.12620629121187,15433500
2018-10-16,157.54367065429688,158.21838375991396,153.80302122721474,154.18998391691443,19180100
2018-10-17,158.17869567871094,159.24037153403384,156.72014042587173,158.3176049818395,17592000
2018-10-18,153.71372985839844,157.42461419121523,152.08650015191827,157.27577306648942,21675100
2018-10-19,152.85052490234375,156.12483317010177,152.35441804783434,154.64642929327104,19761300
2018-10-22,153.5748291015625,156.11489364906294,153.25732860311442,153.55498058916606,15424700
2018-10-23,153.18785095214844,153.56489694981343,149.67542161066558,150.04253578314314,19095000
2018-10-24,144.9028778076172,153.44583811795397,144.46631651009108,153.0787239045878,27744600
2018-10-25,149.77464294433594,151.0248417954003,145.8554021724594,146.57971387602666,22105700
2018-10-26,144.23806762695312,147.83980737628173,142.68030034819193,144.6845758014798,31303300
2018-10-29,140.98362731933594,147.67115245881772,137.94745611434155,147.34372015279192,31336800
2018-10-30,145.0814971923828,145.49822515476788,138.65195626704394,138.85039599103962,50528300
2018-10-31,150.60809326171875,155.18219848979928,147.800142142031,153.79310552811708,60101300
2018-11-01,150.5684356689453,151.56064941305698,148.1871287390694,150.34023074699408,25640800
2018-11-02,149.17933654785156,152.9299031401732,147.80016010400823,150.61804339157626,24708700
2018-11-05,147.52230834960938,149.02056055050377,146.2919731954715,148.93126496157012,15971200
2018-11-06,148.77249145507812,149.7944701271911,146.8475948835329,148.14739211855178,16667100
2018-11-07,150.35011291503906,151.81858467998225,148.66335296530983,150.3898099340784,21877400
2018-11-08,146.71864318847656,149.76474668520757,145.59745193989104,149.31825352320587,24145800
2018-11-09,143.83128356933594,146.60946941087013,142.94821411113884,145.60733917088652,17326900
2018-11-12,140.44784545898438,143.91066141464097,139.39610141033296,143.35502419195558,18542100
2018-11-13,141.05307006835938,143.7518919091478,140.5172663179218,140.89431228008337,15141700
2018-11-14,143.09703063964844,144.4464415907106,140.4478224399849,142.58107538601328,22068400
2018-11-15,142.72991943359375,143.71220111866165,139.7334303949539,141.22175065957958,30320300
2018-11-16,138.4435577392578,140.666121578878,136.69726731239894,139.97157511023966,37250600
2018-11-19,130.52572631835938,136.67744875140656,130.18837726538143,136.5385394272403,44362700
2018-11-20,131.39883422851562,133.1153745847669,125.86228832765559,126.04088707090841,41939500
2018-11-21,133.770263671875,136.1218053904926,133.08563376899136,133.35352057796135,25469700
2018-11-23,130.70431518554688,133.45275155718303,130.23797350422296,132.60936379990008,11886100
2018-11-26,135.31809997558594,135.9332675826266,131.74612484443062,131.9644130546667,24263600
2018-11-27,133.9488525390625,135.54631723790533,132.66890349861373,134.69301283094617,20750300
2018-11-28,135.6951141357422,135.72487932983495,130.82335730951317,135.2188558902812,29847500
2018-11-29,137.60018920898438,138.90000187885877,134.6037147235709,134.86168483622848,24238700
2018-11-30,139.51516723632812,139.87236476950758,136.29047275122844,137.18345901418738,25732600
2018-12-03,139.99139404296875,142.56122328188354,139.6639617829562,141.88652539335536,24819200
2018-12-04,136.8560333251953,142.27352698478865,136.09203964933968,139.63423481370523,30307400
2018-12-06,138.54278564453125,138.61223272165327,132.6291861048602,132.77802722436888,28218100
2018-12-07,136.34999084472656,139.77312473044262,135.59591396050388,138.16574354618837,21195500
2018-12-10,140.74551391601562,141.9361672816189,137.92761561144712,138.51303317801737,26422200
2018-12-11,140.97372436523438,142.75971205389462,140.00135917806696,142.75971205389462,20300300
2018-12-12,143.37489318847656,146.04395071590469,141.40038228863656,141.9659514182318,23696900
2018-12-13,143.88087463378906,144.7143454827732,142.07505393093925,144.43652691310402,18148600
2018-12-14,142.9382781982422,144.8730915468277,141.4003442042466,142.22388324799877,21785800
2018-12-17,139.09840393066406,143.79156924089747,137.3421819108187,141.96590015336162,24334000
2018-12-18,142.5414276123047,144.7937418711437,138.74124722221976,139.98151438060336,24709100
2018-12-19,132.20252990722656,143.78165943545542,131.46828647951557,140.11047257685289,57404900
2018-12-20,132.3612823486328,134.5143990888896,128.98776231335148,129.68230877473562,40297900
2018-12-21,123.97708129882812,133.84960319321675,122.45899576316725,132.35136616795032,56901500
2018-12-24,123.09402465820312,128.7298061390674,122.06212153987512,122.14150044974409,22066000
2018-12-26,133.13522338867188,133.19476892664005,124.9097787003067,125.0189228099463,39723400
2018-12-27,133.47256469726562,133.93890625499435,128.6603231504807,131.4087587936948,31202500
2018-12-28,132.162841796875,134.86166386335583,131.17062824713872,134.2861781877115,22627600
2018-12-31,130.0692596435547,133.59162047637008,128.9381368977467,133.4030974954061,24625300
2019-01-02,134.62355041503906,136.43930334149525,127.55899356542318,127.98565333829643,28146200
2019-01-03,130.71421813964844,136.10193043297755,130.09903544528873,133.6412450754704,22717900
2019-01-04,136.8758544921875,136.92546819706592,132.70856066201134,132.96653073141118,29002100
2019-01-07,136.97508239746094,137.78868962849725,134.8517460247865,136.488892311857,20089300
2019-01-08,141.4202117919922,142.02546273037706,138.45348749728953,138.80076833438764,26263800
2019-01-09,143.10696411132812,143.5733057172067,140.17002031683543,141.83693190722673,22205900
2019-01-10,143.0772247314453,143.4344222995508,139.74338580912124,141.9659501373309,16125000
2019-01-11,142.68032836914062,144.22817926755195,141.45990979769772,142.0353804014832,12908000
2019-01-14,144.25791931152344,145.42873910742972,140.17000456034268,140.89431617189211,20520300
2019-01-15,147.7902069091797,149.5067321308206,144.85326324648588,144.87309661692566,24069000
2019-01-16,146.3911895751953,148.4847609010033,145.85540088659008,147.83982810953688,18025700
2019-01-17,147.14527893066406,147.8398254180553,145.3592914345309,145.8057845235697,15787900
2019-01-18,148.8717498779297,151.2431402222735,147.39336102550274,148.58401454141102,31029600
2019-01-22,146.4209747314453,150.3501322838118,145.23030624650642,148.0382726761916,22378700
2019-01-23,143.17640686035156,147.6413674788242,141.94605670620328,147.12541223482964,20098400
2019-01-24,144.69451904296875,145.2997699777729,141.41029426918743,143.51378237179517,20955500
2019-01-25,147.84974670410156,148.6633691432037,145.3989778409229,146.33166107014597,22237200
2019-01-28,146.32176208496094,147.80016601437944,145.07157821752008,146.8972478734598,15508500
2019-01-29,143.0672607421875,146.94681899143038,142.31316882552036,146.93688716727897,17632100
2019-01-30,149.248779296875,149.7746513338501,144.5655295359058,145.0814848865154,44613200
2019-01-31,165.39208984375,170.34322609112806,163.7152464126422,164.31058063740673,77233600
2019-02-01,164.4197235107422,167.78332703355187,164.37010980238654,164.54870098449308,30806500
2019-02-04,167.93215942382812,167.9817731340761,162.34599175743284,164.40979795592344,20036000
2019-02-05,169.82728576660156,170.6408930571049,167.37651692938948,167.8329267133362,22557000
2019-02-06,169.1625213623047,171.1271002746476,167.95201942137123,169.8669846200733,13281200
2019-02-07,165.08448791503906,167.92221914680056,163.9632818088607,166.89030862253642,17517600
2019-02-08,166.02711486816406,166.06679675328965,162.93141306907842,163.18938317234253,12561400
2019-02-11,164.4990997314453,166.98956576367348,163.79463649538135,166.592671206755,12811200
2019-02-12,163.7549285888672,167.02923655097888,163.21913989760228,165.56076463790257,16292300
2019-02-13,162.79249572753906,164.92574895228006,162.45513159071416,164.09229314596084,14205100
2019-02-14,162.67343139648438,163.58626617420055,160.98667115200928,161.91935444271346,12755200
2019-02-15,161.23471069335938,163.41757759475078,159.6074809879609,163.22905458754357,15504400
2019-02-19,161.02635192871094,162.8718699844177,159.08162158870638,159.25029609799398,14345400
2019-02-20,161.29425048828125,162.44522196991008,159.9944530133293,160.98666667542744,11770700
2019-02-21,158.7938690185547,160.9767512036217,158.34737589523792,160.66915224846838,15607800
2019-02-22,160.62948608398438,161.1454414818582,159.06178651581516,159.32968847201624,15858500
2019-02-25,163.3382110595703,164.77693300669722,161.63160231978793,161.80029196846925,18737100
2019-02-26,162.8520050048828,164.94557607497825,162.52457273629238,163.0603613594554,13784100
2019-02-27,161.5423126220703,162.65358713880127,159.16100576050974,161.6316082228834,12697500
2019-02-28,160.19288635253906,162.22692730701414,159.60748394875688,161.1057210686007,11114200
2019-03-01,161.0164031982422,161.85979071681604,160.4310008754551,161.3339187807563,11097800
2019-03-04,166.06678771972656,166.19578033433132,162.55435818798247,162.62380526816932,18894700
2019-03-05,169.926513671875,170.54169646417552,165.25319559960448,166.06680296493406,28187900
2019-03-06,171.16677856445312,172.21853779560456,169.936443275903,171.55374129875187,21531700
2019-03-07,167.81309509277344,170.40277325733447,166.304926144912,170.16463653715266,18306500
2019-03-08,168.27943420410156,168.29926757550456,164.67769395731773,164.90589884827753,13184800
2019-03-11,170.73020935058594,172.94284154218153,170.24401921360752,170.26386772572346,18884000
2019-03-12,170.5813751220703,172.44674169700022,169.8868285696962,170.75004963193408,12155300
2019-03-13,172.0200958251953,172.67496054457362,170.77982861727304,170.97828348252506,11973300
2019-03-14,168.84498596191406,169.81735104764905,166.8506420826052,168.43817475360422,18037400
2019-03-15,164.68760681152344,166.27515460556222,161.2446244559344,165.85842671612204,37135400
2019-03-18,159.2205047607422,162.62378986704954,158.0397682495819,162.2963727286391,37524200
2019-03-19,160.3119659423828,162.5444466443645,159.5678057083889,160.2226552079197,25611500
2019-03-20,164.15182495117188,164.8265229506624,159.98453074379006,160.24250083654022,20211500
2019-03-21,164.78683471679688,165.09441850706298,162.47497523708407,163.60609812321184,16223000
2019-03-22,163.0603790283203,166.1163987263316,162.81232562887112,164.36017641903754,16389200
2019-03-25,164.99517822265625,165.2432316006168,160.7385889184428,161.73080243028502,12631200
2019-03-26,166.37437438964844,168.13059675582596,165.05474358351418,166.04695721457836,15437900
2019-03-27,164.57846069335938,167.62456363307606,163.50686821651982,166.54305447088734,10620300
2019-03-28,164.26097106933594,165.42185921090982,162.0582555781511,163.28860594168904,10443000
2019-03-29,165.39208984375,165.88819665106104,163.52672340346746,165.09442273136773,13455500
2019-04-01,167.3864288330078,167.58486852209703,165.97748735850328,166.52320785848195,10381500
2019-04-02,172.84361267089844,173.53815918933915,168.22982531127647,168.81522772396372,23946500
2019-04-03,172.1887664794922,176.57436455134132,171.60336400410253,173.14129833536398,27391100
2019-04-04,174.64944458007812,176.614023296656,174.16325445881316,174.64944458007812,17847700
2019-04-05,174.35177612304688,175.62180832800595,173.73660853188866,175.5027475400342,9594100
2019-04-08,173.56793212890625,174.1335011948488,172.87338557948675,173.84576588865332,7297400
2019-04-09,176.19729614257812,177.79476067353207,174.1831037087638,174.2525507892514,19751000
2019-04-10,176.43544006347656,177.39787338366907,175.16539265151494,176.79262244624147,11701500
2019-04-11,176.12783813476562,177.01090767051508,175.62181462775595,176.8521649941845,8071000
2019-04-12,177.70547485351562,178.23134688889846,176.56442004581427,176.61403375744985,12329800
2019-04-15,178.25119018554688,179.09457791036886,175.49283723280718,177.1101504542983,10834800
2019-04-16,177.47723388671875,178.76711453729467,176.91168003268325,177.60622649376955,11215200
2019-04-17,177.38795471191406,179.33270012285755,176.97122679670733,178.20157717015965,9973700
2019-04-18,176.891845703125,177.4871799403403,175.95916246347767,177.40780103271302,11655600
2019-04-22,180.02725219726562,180.2554571040603,176.8620881413712,176.8620881413712,13389900
2019-04-23,182.3489990234375,182.78557539350624,180.06690490533626,181.31710362689245,19954800
2019-04-24,181.15835571289062,183.6984200336972,180.23558921854809,183.05348726817184,37289900
2019-04-25,191.7552032470703,196.93455967611376,190.62408029934696,195.44623921121573,54148800
2019-04-26,189.99900817871094,191.3980179990115,187.61768619823786,191.0011385722558,22075000
2019-04-29,193.26336669921875,193.8884661213994,189.16551962488455,189.46318673735053,19641300
2019-04-30,191.89410400390625,195.85304171458267,190.7828296177422,192.67796122555828,23494700
2019-05-01,191.5269775390625,194.6524441197775,191.5071290291597,193.2633512261213,15996600
2019-05-02,191.03089904785156,192.48945437207544,188.2725462221717,191.49724068974515,13209500
2019-05-03,193.94801330566406,194.63264318160958,192.2017226426569,192.86650400539224,14575400
2019-05-06,192.37039184570312,192.76727125907584,189.06631849644725,189.75094835349745,13994900
2019-05-07,188.29238891601562,191.39800735054732,186.38734052161269,191.04080983034808,16253000
2019-05-08,188.0641632080078,189.2349831544809,187.08188141204525,187.9153372207342,12505700
2019-05-09,187.1810760498047,188.2923654966375,184.80968632286812,185.74236946182657,12967000
2019-05-10,186.87351989746094,188.52059823139336,183.15271861657817,186.78422430031475,12578500
2019-05-13,180.12644958496094,183.98615986841705,179.43190309564582,182.07119489502122,16833300
2019-05-14,179.32275390625,182.0612730435279,176.71324251758304,181.09882467136538,17628100
2019-05-15,184.81964111328125,185.82177145095366,178.61830579109815,179.01518519572633,16746900
2019-05-16,185.53402709960938,187.1116430949908,183.6091302871413,183.6091302871413,12953100
2019-05-17,183.85719299316406,186.11943891159655,182.8451308275562,183.40076805103382,10485400
2019-05-20,181.29727172851562,182.79550882672874,179.95777730125477,180.4638159310982,10352000
2019-05-21,183.38092041015625,184.2540580619783,182.45815391155378,183.1328670161202,7502800
2019-05-22,183.8770294189453,185.28597089728876,182.18033752165732,183.29161189556703,9213800
2019-05-23,179.46168518066406,182.4680914487444,178.27103178122283,180.99961942743286,12768800
2019-05-24,179.65020751953125,182.2002039590993,179.42200261100294,180.9103231396282,8807700
2019-05-28,182.87490844726562,183.2718030195497,180.0371766003489,180.12647220162035,14843300
2019-05-29,180.77139282226562,183.12293413943388,179.93793705668415,182.07119017715573,12797700
2019-05-30,181.5850067138672,182.0513483202198,179.48151871243195,181.6544689335265,8581500
2019-05-31,176.088134765625,179.1342224020053,175.78055099654176,178.87625233696252,15226500
2019-06-03,162.87185668945312,173.68699403372227,159.75630658520944,173.63738032563361,56059600
2019-06-04,166.19578552246094,166.96971095429262,159.58763901376403,162.43530246984187,46044300
2019-06-05,166.8605499267578,167.40627040411377,163.34812064155474,166.17592015880012,19758300
2019-06-06,167.0193328857422,168.37866080138633,165.92789176662538,166.98956768612805,12446400
2019-06-07,172.00022888183594,172.51616903885096,167.5253359794175,168.84498184789277,16917300
2019-06-10,173.45880126953125,176.47512416844333,172.44673908569467,173.38933904535602,14767900
2019-06-11,176.71322631835938,178.5785773600271,175.41341394584566,177.09025714445409,15266600
2019-06-12,173.6770782470703,177.87415307132238,171.53390817551417,176.99108348971458,17699800
2019-06-13,176.088134765625,176.64377191493367,173.25040349024704,174.16323811267938,12253600
2019-06-14,179.9180908203125,180.42411429724524,178.59844493813893,179.10446841507166,16773700
2019-06-17,187.5382843017578,188.0244744089328,182.97411089349598,183.56942996067215,29459900
2019-06-18,187.00250244140625,193.01531456485287,185.82176580951244,192.48944255669522,37571400
2019-06-19,186.0202178955078,186.63540067695106,183.11303905828848,185.5439595646964,21417100
2019-06-20,188.05422973632812,189.67154264023787,186.1789467641779,189.46317113667587,14635700
2019-06-21,189.65170288085938,190.50500716438228,187.28031303269353,187.28031303269353,22751200
2019-06-24,191.10035705566406,192.4696016118779,190.07837819661492,190.9217507239968,15509000
2019-06-25,187.36962890625,191.63615078576746,186.6651656672942,191.37818067769592,16750300
2019-06-26,186.19882202148438,189.27467533226644,185.85154117898648,188.0641734366749,12808600
2019-06-27,188.02447509765625,197.33144340638594,186.80405662249586,188.4015211062334,11159000
2019-06-28,191.4972381591797,191.6956778650276,188.4610667537676,189.06631769759005,16378900
2019-07-01,191.4972381591797,193.75948411379966,190.43556226592588,193.69003702974348,14181800
2019-07-02,193.4816436767578,193.4816436767578,191.2094812920926,191.49721656212438,9050000
2019-07-03,195.66453552246094,195.86297523133166,192.64821258367968,192.64821258367968,10246100
2019-07-05,194.8707733154297,195.53556984726225,192.65814090493845,194.65248508049547,11164100
2019-07-08,194.2357177734375,195.14855241641712,192.13222990657042,193.67016392658124,9723900
2019-07-09,197.65887451171875,197.90692790744453,193.372504566388,193.45188346981755,14698600
2019-07-10,201.15147399902344,201.3796940449512,198.115302577347,198.4427349067406,20571700
2019-07-11,199.66314697265625,202.21314330019712,198.65109995843773,201.67733945504267,13678500
2019-07-12,203.27479553222656,203.70145525331952,197.60926435057237,198.12520452215628,15366300
2019-07-15,202.3223114013672,203.73125312353395,200.24858827690923,202.65966044611545,16030300
2019-07-16,202.25282287597656,203.87013593903205,201.51859447874432,202.30243658551404,12132700
2019-07-17,200.22869873046875,202.7687630127222,200.0203272220129,202.59015669976327,12083700
2019-07-18,199.21664428710938,200.89348768416536,197.82755131083823,198.59154487779838,11937900
2019-07-19,196.81549072265625,200.7545799342816,196.52775543963102,200.60573880997634,12098300
2019-07-22,200.74465942382812,200.99271281963257,197.26198005714764,198.3534210546784,13589000
2019-07-23,200.78436279296875,202.64972937383774,199.39526968379784,201.26062112468742,14583700
2019-07-24,203.06643676757812,203.21526274994375,195.68436524268566,196.09117644778885,32532500
2019-07-25,199.14720153808594,207.03529675765213,196.7162660667918,205.0905514086125,39889900
2019-07-26,198.19468688964844,201.3003206203723,194.72193893413518,198.63126334073826,24434000
2019-07-29,194.41433715820312,198.07560780135663,193.77932105342705,197.45050838228804,16530800
2019-07-30,195.50576782226562,197.16277791456997,191.99333821876863,193.86862138181795,11903600
2019-07-31,192.71763610839844,197.21236233773257,191.17970205770425,195.41645821104208,14593500
2019-08-01,191.22935485839844,196.92466732492895,189.39376847551318,192.6581451036591,17777000
2019-08-02,187.54824829101562,191.12020872658383,186.605648251351,189.61205471911256,15297000
2019-08-05,180.3149871826172,184.22431149023885,177.9435971014936,183.25194632650906,23086700
2019-08-06,183.0733184814453,184.34335062688226,181.66437704322547,182.25971123513918,18035700
2019-08-07,183.70835876464844,184.91886067841867,179.80896622765212,182.1704396561513,15833200
2019-08-08,188.67933654785156,188.85792772368168,182.61691101531667,185.1668920234162,14828900
2019-08-09,186.3873291015625,189.49294734581133,185.66300227944083,188.52058226594917,11058800
2019-08-12,183.9266357421875,186.12935121191248,183.0237328453012,185.39512281532316,10930900
2019-08-13,186.98265075683594,189.88984449107085,183.92663103790386,184.0754721625791,13577000
2019-08-14,178.3107147216797,184.54181498851472,177.91382019323206,184.35329197999934,18903700
2019-08-15,181.1682891845703,181.77354012490346,178.62822462841115,179.54105938203216,12925900
2019-08-16,182.2696533203125,183.65876158169613,180.94009059840005,182.3192670332154,12654600
2019-08-19,184.7204132080078,186.0400591779072,183.41069906418429,184.56165539058108,9691200
2019-08-20,182.37876892089844,184.55171900251798,180.9698275066012,184.00599852585918,10083400
2019-08-21,182.12083435058594,184.45252754721943,181.71402308505247,183.55954124042023,8398200
2019-08-22,180.62254333496094,182.67643259782585,178.50913882300034,182.00171952839068,10821400
2019-08-23,176.36599731445312,181.7041122326745,175.2844879406068,179.43193422488963,17323400
2019-08-26,178.9556427001953,179.09455199642167,176.85215474591666,178.00311099751607,8773600
2019-08-27,179.88833618164062,182.60699186900402,179.60058574729803,180.51342048042534,14399600
2019-08-28,180.3447265625,180.5332495564327,177.52684375839306,179.12430815437924,9386100
2019-08-29,184.12509155273438,184.63111505629817,182.0414368628062,182.3391039813643,10128700
2019-08-30,184.2243194580078,185.34552580568567,182.03153561659624,185.325677292104,10774500
2019-09-03,180.9698486328125,184.22430822265585,180.69203001953164,182.56731322916687,9779400
2019-09-04,185.68287658691406,186.28812756703198,182.45818196857664,183.21225895201044,11308000
2019-09-05,189.41358947753906,189.8700144416205,186.47664540077176,187.0620478508057,13876700
2019-09-06,186.03013610839844,188.72895835213058,184.8990131930091,188.72895835213058,15226800
2019-09-09,187.29022216796875,187.5085103577431,184.4028922759119,186.2682434340148,14722400
2019-09-10,184.7204132080078,186.63539342326803,183.1130319415039,185.98052878136687,15455900
2019-09-11,187.0223388671875,187.96493871863368,184.63110056048305,185.00814655705247,11761700
2019-09-12,186.01026916503906,189.44331945402973,185.77213247066746,188.38165886407367,11419800
2019-09-13,185.73248291015625,186.50640837656061,185.08753492816635,185.8713922210499,11441100
2019-09-16,184.77003479003906,186.3278024124639,184.3235416569863,185.47449803241622,8444800
2019-09-17,186.61553955078125,186.85367627008114,184.0953084764538,185.20659802654154,9671100
2019-09-18,186.6750946044922,187.60777795331344,184.56167446897086,186.62548088892035,9681900
2019-09-19,188.6595001220703,189.61203187411297,186.6849895362617,187.19102818015065,10392700
2019-09-20,188.4511260986328,191.59645660587978,186.65522186388125,189.17545294401287,19934200
2019-09-23,185.3653564453125,188.6198159198237,183.7678919055694,187.86572387623167,13327600
2019-09-24,179.86849975585938,186.57585897083138,178.98543016143273,186.51632857075447,18546600
2019-09-25,181.3766632080078,181.99183084303726,176.48504190695024,180.03716868788584,18068300
2019-09-26,178.7075958251953,179.9875447342743,176.2865921683542,179.91809765361586,16083300
2019-09-27,175.72105407714844,179.35254474895376,174.29226391251302,179.0846579480694,14656200
2019-09-30,176.69338989257812,177.27879225047457,175.4729714715448,176.48501838655918,10740000
2019-10-01,174.44107055664062,178.43969015259512,173.5183191760256,177.7550603463437,17073000
2019-10-02,173.24050903320312,175.1554741070558,171.7422567348218,173.47863061918676,16151700
2019-10-03,177.98329162597656,178.4397014323433,172.27806306653957,174.20295999420713,16086300
2019-10-04,179.04493713378906,179.57080911896514,176.7132443093235,178.15195096952186,10430200
2019-10-07,178.2809600830078,179.7692807142706,176.70334384746454,178.59847575153447,9178300
2019-10-08,176.36599731445312,178.96559254259247,176.33623211260272,176.8720208858906,9466900
2019-10-09,178.4496307373047,179.31285176669965,176.55449903508978,177.7650008974485,7556900
2019-10-10,178.62820434570312,180.19590357282038,177.77490008638557,178.9159547538327,8605000
2019-10-11,182.75584411621094,185.03793865783828,180.72180299997834,180.73171968660145,14930500
2019-10-14,181.8529052734375,183.18246784831845,181.1484421040507,182.76573995798162,7006000
2019-10-15,187.41921997070312,188.89762363518096,182.2299472570986,182.36885655080957,15039100
2019-10-16,188.0740966796875,188.22292266826352,185.44472147500937,186.85367815342866,10516900
2019-10-17,188.9075469970703,189.35404008978063,187.30016580732195,188.81825140652387,9603000
2019-10-18,184.4029083251953,189.99899256650664,182.48792815550277,188.74879370899365,16874200
2019-10-21,188.28244018554688,188.43128130392094,185.29588281256093,185.58361808412022,8122600
2019-10-22,180.9202423095703,189.16553572894009,180.08678643569442,188.52060288034127,19537600
2019-10-23,184.70059204101562,184.9288121148469,180.582910844241,180.5928275318063,12300400
2019-10-24,184.9287872314453,185.2760529292764,181.37666050347596,183.182481496143,11413500
2019-10-25,186.42703247070312,187.5283902891114,183.6488310680537,184.3830746603191,8061200
2019-10-28,187.92526245117188,188.05425507265963,183.6389072830373,185.74239541203062,13657900
2019-10-29,187.8359375,191.0308662192543,187.0024817836667,190.19741050292103,13574900
2019-10-30,186.7842254638672,188.96709253425385,184.53189616861468,188.0840229636892,28734600
2019-10-31,190.1577606201172,196.5476196425357,186.78423989970045,195.16844312483832,42286500
2019-11-01,192.11239624023438,192.59858636437755,188.43129218879344,191.3484026536958,21711800
2019-11-04,193.20382690429688,195.83318679986047,192.30090892507408,193.03515241476802,16371300
2019-11-05,192.8069305419922,194.22578855003505,192.09253562578246,193.84874258315318,9942000
2019-11-06,190.05853271484375,192.85656740909667,189.86009300758838,192.5192183927646,10973000
2019-11-07,188.9373016357422,191.93379078422407,187.99470179492178,190.41570526985566,13473000
2019-11-08,189.35403442382812,190.84235478164692,188.22291155748496,188.52057865704424,10760800
2019-11-11,188.1336212158203,188.59996281880592,187.07194539711494,188.45112169488698,8631200
2019-11-12,192.95579528808594,193.54119772486354,188.26262882751317,188.52059893355604,17615500
2019-11-13,191.68576049804688,194.17621134854932,191.23926737647986,193.18399768285414,10860700
2019-11-14,191.64605712890625,192.51920997060702,189.95929698105766,191.42776891848106,9040500
2019-11-15,193.58087158203125,193.77931126600507,191.8742630478972,192.74740068537741,11524300
2019-11-18,195.8629608154297,197.083394458118,191.54684069024395,193.04507779292095,16167200
2019-11-19,197.76800537109375,198.44270329510826,195.32715345897415,195.86294209628116,19056800
2019-11-20,195.9720916748047,198.03589766364595,193.90828568596345,197.0337674343433,12355400
2019-11-21,196.38882446289062,197.5397958366302,195.32716381675212,195.8828009930464,12131000
2019-11-22,197.27195739746094,197.74821578809483,196.08128871090435,196.83538089772102,9959800
2019-11-25,198.23434448242188,199.40516437958556,197.6985558108234,197.9664577166115,15272300
2019-11-26,197.42076110839844,198.5915660072569,196.49799449457072,198.4427400082425,11735500
2019-11-27,200.42713928222656,201.55826213594298,197.86722647855726,198.34348474854906,12736600
2019-11-29,200.06993103027344,202.21311583989186,199.64328648927224,200.0302491515664,7985200
2019-12-02,198.14505004882812,200.60573550232598,196.50790368831068,200.55613693502008,11503400
2019-12-03,197.27195739746094,197.38108638241465,193.56107228965288,196.061455335448,11595300
2019-12-04,197.1627655029297,198.47247954484402,196.50790091198374,198.4427143488899,8456300
2019-12-05,197.8076934814453,199.72265836137896,196.66665395754444,198.3038002553113,9740400
2019-12-06,199.48455810546875,200.00051344458964,198.502261137908,198.938837567935,12270600
2019-12-09,199.77227783203125,201.55826529748646,198.65108678592196,199.08764804194197,11954800
2019-12-10,199.3059539794922,200.47677397660377,198.59155892972421,200.0898112529777,9475700
2019-12-11,200.6851043701172,201.0522336736749,198.72052580774542,198.72052580774542,8036800
2019-12-12,195.21803283691406,202.07423269365034,192.58867275812622,200.77443525319376,23734800
2019-12-13,192.59861755371094,195.26767504586428,191.66593417757014,194.87078044964437,18798000
2019-12-16,196.37893676757812,197.56959019825865,193.2931515065757,193.74957647732612,14911500
2019-12-17,196.84527587890625,197.45052684317042,194.60287836113022,197.2917690171386,10175700
2019-12-18,200.92327880859375,202.70926653711055,198.53204010374566,198.53204010374566,23274400
2019-12-19,204.45555114746094,204.69368788416222,200.93318950948256,201.20109144577407,16514600
2019-12-20,204.69366455078125,206.09268933196256,201.84600128143063,205.8644693078134,27306900
2019-12-23,204.57461547851562,206.96585415342005,204.0785086234722,205.0905708469551,13348900
2019-12-24,203.52285766601562,205.17985263350567,203.40379687361448,204.69367763788193,6046300
2019-12-26,206.17205810546875,206.20183844236743,203.71137260683932,203.96935783345515,9350700
2019-12-27,206.4796600341797,207.3031840142275,204.9814077808883,207.04521392384925,10284200
2019-12-30,202.81838989257812,206.28120574011763,202.31235125630602,206.24152385687,10524300
2019-12-31,203.65184020996094,203.9594240017671,202.0146938355188,202.41157321720846,8953500
2020-01-02,208.1465606689453,208.15647735421365,204.6638965025992,205.14015477509616,12077100
2020-01-03,207.0452117919922,208.76173709486574,205.33860317480784,205.59658840250805,11188400
2020-01-06,210.9446258544922,211.12321704244698,204.91196510836792,205.09055629632272,17058900
2020-01-07,211.40103149414062,212.9092004360152,210.1012340740953,211.16290991488245,14912400
2020-01-08,213.54420471191406,214.55626678760405,210.9545267011627,211.34148938598864,13475000
2020-01-09,216.6002197265625,216.67959862689565,214.5959441280876,215.84612774338615,12642800
2020-01-10,216.36212158203125,218.167957821468,215.72710540618112,217.49324461838862,12119400
2020-01-13,220.18214416503906,220.24167456420014,217.50317022293493,217.8901329574613,14463400
2020-01-14,217.3543243408203,220.64848099563872,216.92767972949216,219.8844722297958,13288900
2020-01-15,219.42800903320312,219.95388097596057,218.425878850585,218.89222040585693,10036500
2020-01-16,220.04322814941406,220.89653250467634,218.67396845051022,220.83700210732903,10015300
2020-01-17,220.41033935546875,220.55916534680847,218.81287477518103,220.30119524849337,15905900
2020-01-21,219.71578979492188,220.63854120844226,217.41384689413272,220.4301848234441,14275800
2020-01-22,219.5967254638672,221.01558367210345,219.55702844071217,220.5790072572682,12212800
2020-01-23,218.04885864257812,219.7653990977893,217.56268366067917,219.03115557209316,11195000
2020-01-24,216.2430419921875,220.0531387162507,214.42728922369366,219.08077359333404,11905800
2020-01-27,213.19696044921875,214.37769721656775,210.84541874146058,211.44075303860495,13810700
2020-01-28,216.0941925048828,217.03680753347362,211.85745134891118,214.45704612676462,13413800
2020-01-29,221.49185180664062,222.45430027118508,216.74907170753525,219.71579601102562,33181300
2020-01-30,207.89852905273438,209.7837289696415,203.15574892158747,204.92188804289427,48775500
2020-01-31,200.33787536621094,207.06508316074348,199.4944876502085,206.80709790456496,31359900
2020-02-03,202.60009765625,203.54269754941683,200.92325424778556,201.85593745533228,15495600
2020-02-04,208.19619750976562,208.96020627969224,203.60224334381496,205.0111849473292,19628900
2020-02-05,208.47398376464844,211.07357834813965,207.08489088949517,210.85529016204745,12538200
2020-02-06,209.20826721191406,209.54561624036785,207.7100148173451,208.8312211565953,10567500
2020-02-07,210.6767120361328,211.16290214252007,208.295390351353,208.66251967249352,12242500
2020-02-10,211.40103149414062,212.13527502346943,209.01972486168884,209.87302918064674,11856400
2020-02-11,205.57675170898438,209.21817404336107,204.90203854387963,208.5533927044946,25030800
2020-02-12,209.1189422607422,209.57536719879477,205.7851038096818,206.2316120616819,13813700
2020-02-13,211.4804229736328,212.66115967424702,207.55125014251132,207.88861429981483,15396600
2020-02-14,212.51231384277344,213.2564740857115,210.99422815837812,212.33372265165818,10741700
2020-02-18,216.10415649414062,216.28274770088908,211.73840693608895,211.8872480816929,15609200
2020-02-19,215.79652404785156,216.62006308675507,214.42726454461726,216.29263080815656,12135100
2020-02-20,212.90919494628906,217.0665723300639,211.2918819422964,214.83409174221154,13109200
2020-02-21,208.54344177246094,212.57184160157027,207.2039625311857,211.8177495955409,14092300
2020-02-24,199.15713500976562,202.0643138826203,196.62698704760098,200.2287276222111,23080100
2020-02-25,195.23785400390625,201.9154465981555,194.42423166934415,200.67517972715947,21433500
2020-02-26,195.66453552246094,199.6433220862228,193.96785860064,195.65461883601014,16524500
2020-02-27,188.2725372314453,194.3548116584717,188.02448382270822,190.32642672297806,21682600
2020-02-28,190.9713592529297,191.23926117317146,180.4042901120362,181.27742781433986,32568900
2020-03-02,194.91043090820312,195.03942351365126,187.37953374660688,192.51919263476543,24949000
2020-03-03,184.4425811767578,195.70421132887967,182.53753292619203,194.69214924139928,27984100
2020-03-04,190.2668914794922,190.33635370488574,184.93870881639302,187.6970616595599,23062500
2020-03-05,183.7282257080078,187.51848965362797,182.45819326779542,185.3256905157723,19333400
2020-03-06,179.67996215820312,182.3490192383938,174.8875685209055,176.94145799688096,24559600
2020-03-09,168.1802215576172,173.63739688839533,163.90378294807687,168.2794489832595,29949000
2020-03-10,176.80252075195312,176.90173301502938,168.18018326987993,173.3099250961818,24517800
2020-03-11,168.9144744873047,174.51055943955427,166.35456119191662,172.6551094292653,20373900
2020-03-12,153.26724243164062,165.30279874923735,153.13824981343737,158.29775772184547,43266300
2020-03-13,168.95413208007812,169.4601555701285,156.3728707888146,162.25669022128017,35028600
2020-03-16,144.87310791015625,157.89096114274597,141.98577772844195,151.13398868681,39120400
2020-03-17,148.25656127929688,152.7413712017619,138.9099105437907,149.56629056018528,34255600
2020-03-18,145.81573486328125,147.0262216721567,136.03250698448755,138.66186728488157,37553100
2020-03-19,151.93768310546875,158.68472390390542,143.67254147340694,145.47836246781847,39862300
2020-03-20,148.5641326904297,158.0298585688612,146.84760746399692,154.80516448603694,32568400
2020-03-23,146.9468536376953,151.1240647968421,141.14239749154174,148.4947045726751,29830800
2020-03-24,159.72654724121094,160.05397955862045,151.38204205017757,154.00148544947513,30440400
2020-03-25,154.9936981201172,161.72090533404412,151.86821609525333,157.68258858451526,35184300
2020-03-26,162.06817626953125,162.7230409214687,155.79739378485885,157.01781235257576,26556800
2020-03-27,155.5691680908203,158.84347609160096,153.54505895105285,156.96819294005962,24879900
2020-03-30,164.6578369140625,165.45161078841923,156.82927254742395,157.94054688753693,22515200
2020-03-31,165.501220703125,169.59905230840994,162.92145945555544,164.19149156944218,23676300
2020-04-01,158.35731506347656,162.87187535740787,156.80944894957977,160.36157586817433,19507600
2020-04-02,156.9582977294922,160.0936968569267,154.70596824630556,157.8612158882121,20886300
2020-04-03,152.9794921875,156.68045997611702,149.65558556793806,155.92636791796428,25983300
2020-04-06,164.26097106933594,164.90590387910632,157.27577856792746,158.90300833132738,28453600
2020-04-07,167.5154266357422,172.03991830310687,164.71737697093712,170.45237046123444,31411900
2020-04-08,172.92300415039062,173.6373992327179,166.43393314922756,169.91659782058824,21664200
2020-04-09,173.82591247558594,175.70119567614313,170.23410389271467,174.53037569157397,23534300
2020-04-13,173.42901611328125,173.63738764003992,168.13059888974578,172.31774167717816,19355400
2020-04-14,176.78268432617188,179.81885533138671,175.24475031360217,177.5863748699079,21011800
2020-04-15,175.592041015625,176.80254281201508,171.47436065477507,173.82590202875645,17423000
2020-04-16,174.87765502929688,176.66364261929394,171.16677054452398,176.56441519874684,23593200
2020-04-17,177.84439086914062,178.87628646617208,175.28447767999108,177.80469384234343,20974800
2020-04-20,176.85215759277344,179.09455487937518,175.39360238892877,176.02861848761108,16110700
2020-04-21,169.4700927734375,174.01443306233168,167.02924055696525,173.88544044431308,24850500
2020-04-22,180.86070251464844,183.34123663421514,176.75293861824514,177.06052242667482,33242000
2020-04-23,183.6885223388672,185.59357077642403,181.72392836327927,182.64669495302132,21426600
2020-04-24,188.59005737304688,188.9274063834041,179.42199771642456,181.80330444127193,28792000
2020-04-27,186.04006958007812,192.2414052327474,185.9507739802748,191.159895928517,29197800
2020-04-28,181.4857940673828,187.7268109792905,181.1385132497502,187.19102229434844,21731000
2020-04-29,192.67794799804688,195.37677001343562,188.52057088095992,189.4433221975567,45954500
2020-04-30,203.11605834960938,208.0572779754261,200.00050816482027,205.30884198802337,46230100
2020-05-01,200.69505310058594,205.6660378850065,197.50012403387927,200.03027179216886,30415600
2020-05-04,203.66175842285156,204.30670634790636,197.21237001217202,198.64116002093442,19250700
2020-05-05,205.45767211914062,208.74189662802328,204.89210311454076,205.40805841242485,21071200
2020-05-06,206.8467559814453,209.95238917770757,205.05085191305568,206.49947518966718,21857000
2020-05-07,209.61505126953125,209.95241541855825,207.4123357446047,209.5158389880353,15152000
2020-05-08,210.69656372070312,211.54986802110636,209.20824332278897,210.58741961925696,12506000
2020-05-11,211.52008056640625,213.3259165222958,208.7319628705345,209.2479181636426,12911900
2020-05-12,208.46408081054688,213.60373992712047,208.36485339579585,211.6292294374064,14704600
2020-05-13,203.50302124023438,209.13878738234018,200.53629704093484,207.79929292801273,20684600
2020-05-14,205.19969177246094,205.31875255942361,199.1273493977165,200.98278398111552,17178900
2020-05-15,209.23800659179688,209.69441636456455,202.53063303740763,203.6716877492825,19383200
2020-05-18,211.53001403808594,212.96872069085757,209.2975334989645,210.4981034438379,20151900
2020-05-19,215.19126892089844,218.7731602647617,211.17280121424108,211.60937757703516,31843200
2020-05-20,228.1793975830078,229.5387255774078,221.4521895608242,221.75977340131058,50162900
2020-05-21,229.5883026123047,235.35306116357182,229.39977960729271,232.89237569283694,47782600
2020-05-22,233.08091735839844,234.15250994111815,226.9589608180292,229.70738178910028,33925600
2020-05-26,230.39199829101562,239.02425371037313,229.8661262864556,237.90306262101706,33178300
2020-05-27,227.35581970214844,228.764761172586,219.4081943562366,227.2863726241577,34697600
2020-05-28,223.7045135498047,229.82647042856408,222.2558748468013,222.5535419928957,29377200
2020-05-29,223.33738708496094,225.71870914475664,221.144603198127,223.44653120195133,23241500
2020-06-01,230.104248046875,230.63012001725173,221.75972845659172,222.84123759265123,18223800
2020-06-02,230.907958984375,231.1857775917419,224.79591934234608,229.1418199204089,20919000
2020-06-03,228.36788940429688,230.83849161760028,226.75057636604603,230.30270292675684,15380300
2020-06-04,224.52801513671875,229.8264474146918,222.86110350947578,227.7725579382905,17041500
2020-06-05,228.97312927246094,229.5486149585623,223.55563653087066,224.944744609729,16750400
2020-06-08,229.59823608398438,229.74707721776002,225.63931324920404,227.24669454212363,15466500
2020-06-09,236.8115997314453,237.9030406627998,228.61592148137825,229.71727909757166,27462900
2020-06-10,234.88673400878906,239.3318620782933,233.44802723887338,239.0838086648603,20720700
2020-06-11,222.68247985839844,231.0766131567236,221.80934222919444,228.1495862109166,26708200
2020-06-12,226.80018615722656,229.8562058573406,222.7519528586331,228.10990023443085,22091400
2020-06-15,230.689697265625,231.94981296945323,223.04965440568424,223.3373897320801,15340300
2020-06-16,233.8151397705078,236.60327283509807,231.18577966295072,235.2935435543671,15236700
2020-06-17,233.696044921875,235.74000231366009,229.92563058616653,233.17017297699732,19578100
2020-06-18,234.1029052734375,234.3013449875379,230.3424068323234,233.1603052764759,15782500
2020-06-19,236.93069458007812,238.95481893657268,233.71593199267232,235.93848091433975,30081300
2020-06-22,237.3573455810547,238.82581751303113,235.0653345200704,236.7024809522082,18917800
2020-06-23,240.35382080078125,243.28084780615615,237.9923476578794,239.40128911138243,24017900
2020-06-24,232.19784545898438,241.3262081229041,230.86826764529962,239.32193228613724,20834900
2020-06-25,233.84487915039062,235.45227537563477,230.92778406897406,232.7931352234886,18704300
2020-06-26,214.3975067138672,231.27505382872505,213.72279362389085,230.82856075711075,76343900
2020-06-29,218.92201232910156,219.03115643280992,205.49736327286647,208.1168066218885,58514300
2020-06-30,225.3019561767578,225.7286007703649,216.76891290483175,218.8724009551295,33927100
2020-07-01,235.7003631591797,237.1390699699134,225.78814302678114,226.72082631014734,43399700
2020-07-02,231.60247802734375,238.1312448059028,230.79878749852014,237.13903128587822,30633600
2020-07-06,238.40908813476562,238.52814892473828,230.46146246454367,231.93985107329897,26206200
2020-07-07,238.98458862304688,245.7217128783308,236.96047936852221,237.5458818087057,27887800
2020-07-08,241.68341064453125,245.06686293607262,234.74783155219004,236.2560005890612,29791300
2020-07-09,242.5962371826172,244.61042967890646,237.377198839224,243.0923440071215,22174900
2020-07-10,243.1617889404297,243.57851682658566,237.45656086428355,241.79252935736176,22982700
2020-07-13,237.13905334472656,248.2022290661148,236.563567632783,245.08667892902588,24674900
2020-07-14,237.86338806152344,238.45872234252025,230.2233455352895,234.9165121365507,23378100
2020-07-15,238.40908813476562,242.91374646179125,236.1964559945626,239.66920367523048,19133600
2020-07-16,239.05401611328125,239.87755522060198,234.48984262328327,236.146837523563,18880700
2020-07-17,240.1454620361328,242.25888189855516,236.00793304376865,239.12348321533193,18152400
2020-07-20,243.50904846191406,244.13414784535723,233.8052011207294,238.19078321001928,20872200
2020-07-21,239.86764526367188,244.98747123257405,238.21065031691052,244.30284140487475,19364200
2020-07-22,238.00228881835938,240.01648136267946,236.26591489118834,238.3892515451012,15427900
2020-07-23,230.78887939453125,240.53240865065303,229.94549181516214,237.76413948844888,21771800
2020-07-24,228.91360473632812,231.67195731407605,225.13325822886,228.39764942869834,18325800
2020-07-27,231.68190002441406,233.1206068680901,229.03269124992605,229.65779072861835,13163100
2020-07-28,228.32818603515625,233.1305113076569,228.04045075621468,232.8030790068061,14170100
2020-07-29,231.4735107421875,231.88032196348667,228.5167183683108,229.3402574968024,13588300
2020-07-30,232.674072265625,233.06103493586215,227.2168978628065,228.42739957790258,20615300
2020-07-31,251.69483947753906,253.85787314770926,247.06120346233217,253.82810794885188,53005100
2020-08-03,249.9981231689453,253.41132493297033,248.38081029943856,250.68273777471018,23124900
2020-08-04,247.8847198486328,250.8315953845901,245.50339817898234,249.6012450982718,17183500
2020-08-05,247.18026733398438,250.30574951271805,245.84078794879503,248.24194323970724,13050100
2020-08-06,263.21441650390625,264.52414569277806,246.73374838380215,247.10086256251122,45241600
2020-08-07,266.34979248046875,276.71843559418903,261.378793191007,262.02372590545957,72766400
2020-08-10,260.95220947265625,271.7276359834202,257.66798446784964,265.9529751211674,30248800
2020-08-11,254.13565063476562,263.8494293559349,253.14343712682054,258.1640350546264,28238300
2020-08-12,257.8664245605469,261.84518077653547,256.10025516377686,256.9535746633376,21415700
2020-08-13,259.265380859375,263.09534079503675,257.5488708476519,259.5134342395619,17374000
2020-08-14,259.2059020996094,260.6049270761182,256.6658374029572,260.2675780454647,14792700
2020-08-17,259.12652587890625,262.04363649322056,257.3802201288519,260.4560885640764,13351100
2020-08-18,260.29730224609375,263.08541993318096,257.24129779802496,258.9181411403599,18690400
2020-08-19,260.54534912109375,265.82393240661906,259.3150140244503,259.3547110443287,23291500
2020-08-20,266.9153747558594,267.5305423074129,259.4241443420581,259.4638413621451,20299700
2020-08-21,264.9309997558594,268.38388418339855,264.3455972842934,266.5979115677721,15538600
2020-08-24,269.27691650390625,275.091274811344,266.6772909244434,268.959400822145,23685600
2020-08-25,278.6334533691406,280.8857675258708,268.1556793125237,270.28893267224026,42127200
2020-08-26,301.5436706542969,302.2977627595192,281.78869215846566,281.78869215846566,69015200
2020-08-27,290.93682861328125,298.8844680262498,289.746160362966,297.8227923690464,30301300
2020-08-28,291.3735046386719,294.91571512927794,288.7143789538311,292.70306748109226,17157400
2020-08-31,290.9170837402344,294.5684230746535,289.2799068280441,291.66124405306243,17345100
2020-09-01,293.1395568847656,299.1424364072867,290.4308031472568,292.4152301338691,17295900
2020-09-02,300.1446228027344,301.2360638507357,290.76819189575707,296.5528143101857,24341400
2020-09-03,288.85321044921875,295.28276530131205,281.4215404790347,293.6852857036353,32294100
2020-09-04,280.528564453125,286.74973287810445,269.0288123633383,285.0133590630986,30333700
2020-09-08,269.0487060546875,277.1253108936608,267.3222636782899,269.16776686961657,24864000
2020-09-09,271.58868408203125,276.3116300951045,269.23714290021314,273.62270967239243,22918800
2020-09-10,266.0025634765625,276.9863762490286,264.9508193916789,273.3648023507062,24814700
2020-09-11,264.5340881347656,269.2768988349684,260.595028693732,267.95723761672286,18913900
2020-09-14,264.07769775390625,274.4860411433256,263.6312197102945,268.84034217883465,24093800
2020-09-15,270.2988586425781,272.38248310509124,267.2031265875012,268.5624847371786,18478500
2020-09-16,261.4681396484375,270.3186990512302,259.75162935073587,265.2088046240385,29183400
2020-09-17,252.83587646484375,259.4638560363653,248.24192265848913,256.2689270376447,31281400
2020-09-18,250.56369018554688,257.1817679827154,248.10300478523664,256.3879789632896,28130800
2020-09-21,246.21780395507812,248.00379150058308,242.22911610009183,245.61255304076752,24709400
2020-09-22,252.76641845703125,253.33198748485088,246.28726476136234,251.3376284288325,30293100
2020-09-23,247.0810546875,255.9811974630854,246.21781849122172,253.27245835747246,19641300
2020-09-24,247.58706665039062,250.2759722576186,243.70750771146652,244.58066055336698,20006800
2020-09-25,252.83587646484375,253.7586278443611,244.68979615867002,247.45806543720002,18351300
2020-09-28,254.8203125,257.57866518860396,252.83588523395522,257.3802103500167,18826300
2020-09-29,259.7515869140625,261.27957393938357,254.89964824755418,255.80256618794593,20200200
2020-09-30,259.8607482910156,264.00819407144127,258.07477583703985,259.94014233961224,20142500
2020-10-01,264.55389404296875,266.24063884854394,262.73812635584693,263.2838619564372,20009800
2020-10-02,257.916015625,263.0854402034157,257.16192357012176,259.1761160451637,16367600
2020-10-05,262.58929443359375,262.807582612892,258.8089634538917,260.15838954772266,12822300
2020-10-06,256.6460266113281,263.62128845407483,256.22928348975825,259.74172884026234,18696900
2020-10-07,256.11016845703125,258.1541260416151,252.83587570346262,257.191677642664,23133400
2020-10-08,261.70623779296875,262.5595268534085,257.13211789378187,257.72745203917947,16312800
2020-10-09,262.39093017578125,262.6885821795816,260.1286841070195,262.46036212336156,14107800
2020-10-12,273.6029052734375,277.99840433575406,265.7842571156628,268.09613180330746,31019300
2020-10-13,273.9898681640625,276.92681183583034,271.261280862398,275.4186278390119,18063300
2020-10-14,269.7034912109375,276.57952376322527,269.385975611536,275.45831762030724,15577800
2020-10-15,264.6432189941406,266.9451618689203,261.6169795530416,265.5163718280196,15416100
2020-10-16,263.859375,269.25701980773687,263.23427554072794,265.2980969389582,16622700
2020-10-19,259.36468505859375,266.4590077763935,257.85653096131534,263.4625329573405,13587000
2020-10-20,265.4766845703125,267.60003633807696,260.83313190654906,261.011723098242,18763200
2020-10-21,276.5596923828125,280.8460318857518,274.21805267032346,277.3832163022332,28998600
2020-10-22,275.9544372558594,280.25073903320055,272.8984327390067,277.6908110286055,16720000
2020-10-23,282.57257080078125,283.0190488336719,274.6646257653282,276.6291896699702,17535200
2020-10-26,274.9522705078125,283.0090696232539,272.12448623561744,280.955180395698,21322900
2020-10-27,281.0841979980469,282.29469979597246,274.15853619942936,276.5894716208232,16287200
2020-10-28,265.5858154296875,276.61922530983355,265.17900423878854,276.61922530983355,23121800
2020-10-29,278.643310546875,281.3917613867869,271.6482173165359,274.39663787649414,32368100
2020-10-30,261.0613098144531,274.54551949414935,257.08255380705526,272.36263742827884,47247800
2020-11-02,259.3249816894531,268.36406506435355,255.33629315337143,262.53977496028796,27165700
2020-11-03,263.2342224121094,267.94723641131566,258.848655815937,261.1109013243579,17961900
2020-11-04,285.1423645019531,286.69021537855144,276.4505632103181,278.81203654973183,35364400
2020-11-05,292.3855285644531,295.0645176913189,286.7001633898219,289.6271756640322,23823600
2020-11-06,291.1253967285156,292.3061333378279,285.8170478994157,291.6612005522265,13891000
2020-11-09,276.599365234375,290.3018321753482,276.3612436678267,287.61294188655734,25117700
2020-11-10,270.3087463378906,271.8665289718165,261.94439287795456,270.9735427793602,29067700
2020-11-11,274.3271789550781,276.23221177646053,270.35832525058885,271.34060685286573,14957000
2020-11-12,272.9381103515625,277.57176129856583,272.2931775519897,275.021765017838,12899500
2020-11-13,274.7935791015625,275.5972697257865,270.97355054002895,275.55757270188633,10391200
2020-11-16,276.7879333496094,277.234441639621,272.49166122643663,272.9083740358182,12970400
2020-11-17,272.8587341308594,275.5178592544726,271.16205738974224,275.5178592544726,15040300
2020-11-18,269.8523254394531,275.23013630396935,269.7233328307537,272.3824579271771,12152900
2020-11-19,270.8147888183594,271.34066082761194,267.09398773026356,268.9097253380734,12963700
2020-11-20,267.6000061035156,270.87429870110765,267.31225569610524,270.4377223174348,18114700
2020-11-23,266.33990478515625,268.84030258094407,262.4702775773392,268.78077218389745,20990800
2020-11-24,274.76385498046875,275.65684133200045,265.78430204794444,266.399469750556,16930400
2020-11-25,273.4441223144531,277.99837877049015,270.5270121222275,275.9742849766651,12467000
2020-11-27,275.6468505859375,276.9565797708799,272.68014168909747,275.2301378416092,7808400
2020-11-30,274.81341552734375,275.5377423917736,268.89983065871155,273.880732275048,16693300
2020-12-01,284.3188171386719,287.04740475144206,276.7879189610211,276.9863738084787,20738900
2020-12-02,285.28125,289.50808972380065,278.64333843936527,283.1380649406063,17361600
2020-12-03,279.6553955078125,284.4180084423758,278.88147014894713,284.0211290778213,12921700
2020-12-04,277.5221252441406,281.25282737589265,277.1252156242083,278.11742911413376,10880300
2020-12-07,283.3563232421875,286.24366821412923,276.0338129120554,277.01609460561934,13007700
2020-12-08,281.1933288574219,284.1997348614235,279.3577276370347,283.7830221052009,10747700
2020-12-09,275.75604248046875,285.3904289470905,269.6340706803854,281.45133938041425,25189700
2020-12-10,274.96221923828125,276.5596988290288,269.74316617875854,273.39453512334353,20065100
2020-12-11,271.4200134277344,274.3272222377273,268.1457207169015,272.3923936395362,14391400
2020-12-14,272.0550842285156,275.0614906101271,269.4455572817121,271.24146170518526,16376900
2020-12-15,273.4044494628906,273.93032146756855,265.38737677799685,272.69005444899267,23979500
2020-12-16,273.5235595703125,275.69647968054255,270.3881606955199,272.6206414843473,15885000
2020-12-17,272.3428039550781,278.2563886222878,271.4795526748358,274.91263358441915,16377800
2020-12-18,274.247802734375,275.8353503752591,269.02878036440524,273.6227033905307,26693200
2020-12-21,270.6659240722656,272.5312902621091,265.7048566652148,270.85444705612974,16553700
2020-12-22,265.01031494140625,269.3859803553586,262.5694780729273,269.3859803553586,17312900
2020-12-23,266.0223693847656,270.05078439204584,264.157033282619,264.8118978814393,14329000
2020-12-24,265.3179016113281,268.29454231066234,264.1272634995675,266.78638859045014,6702000
2020-12-28,274.8431396484375,275.14079158661707,263.59144218595503,266.6474464444262,23299700
2020-12-29,274.6249084472656,278.3258764729374,274.1288015940637,274.79359810053637,16383000
2020-12-30,269.75311279296875,275.9147509123316,269.59435497972174,275.78578857652786,11803800
2020-12-31,271.0331115722656,274.9325043424121,267.7091894539124,269.88213998871845,12900400
2021-01-04,266.845947265625,272.8587596931947,263.13507782338417,272.64047147424185,15106100
2021-01-05,268.860107421875,270.27896553417906,266.1215883285125,266.2009823694545,9871600
2021-01-06,261.259765625,265.6651965162372,257.9854727939254,259.9599682063647,24354100
2021-01-07,266.6474609375,269.49510899402355,262.7183037402035,263.82957807641225,15789800
2021-01-08,265.48663330078125,266.85589308419407,261.13080051963345,266.2208617666856,18528300
2021-01-11,254.8401336669922,261.4185145836699,253.90745047422294,258.45180565260176,30412300
2021-01-12,249.13490295410156,257.69771095255174,248.3510608913129,254.63177463889247,26383500
2021-01-13,249.68064880371094,251.97265997269682,247.2596450120617,249.59135320647286,19528900
2021-01-14,243.72735595703125,253.04424135584142,242.7053771272773,251.42692829090055,29739400
2021-01-15,249.40283203125,251.88336623941407,245.23553758953017,245.96976602555998,24942900
2021-01-19,259.06695556640625,260.15839649203104,250.75220144203772,254.89964667945836,28028500
2021-01-20,265.39727783203125,268.21516053791925,261.54748460794593,266.83596923879514,25199900
2021-01-21,270.7453308105469,271.46965766775173,265.40721658830023,267.16345410838227,20838700
2021-01-22,272.3626708984375,276.30176064685554,269.8821365551002,269.8920683820608,21954000
2021-01-25,275.8453369140625,277.9190598870613,269.3959479461869,275.9743295382134,19087000
2021-01-26,279.8538513183594,283.16787159655127,275.6468750801152,275.97432254542565,19373600
2021-01-27,270.02099609375,281.2429283426131,266.03227844946406,280.3300786005515,35346200
2021-01-28,262.9366149902344,284.55695871630996,262.6389630097755,275.02176987618066,37758800
2021-01-29,256.31854248046875,264.4844718354171,252.86565830915723,263.23427292927573,30389500
2021-02-01,259.96990966796875,262.1130947982749,252.92518665519498,257.49927707444425,22914300
2021-02-02,265.0003967285156,266.75663419137607,261.22006530975233,261.9443921433572,17320800
2021-02-03,264.5737609863281,267.1039239356935,261.7856430809958,263.5517821485724,14223400
2021-02-04,264.4150085449219,266.07201868018495,261.9444062212849,264.93097902725805,16060000
2021-02-05,266.0124816894531,267.0741575464519,263.60140982277744,264.7225857955426,12454400
2021-02-08,264.50433349609375,267.7587934506513,262.9366490626016,266.65745070027987,13755200
2021-02-09,267.3519592285156,271.2612831266557,263.6807568981955,264.3653866856333,14613400
2021-02-10,269.75311279296875,271.6680778178337,265.6354323142313,270.3286136509837,14687200
2021-02-11,268.28466796875,271.44980170908656,266.39943777738347,269.772988469329,12828600
2021-02-12,268.3937683105469,269.0684662649887,266.2505833847128,268.4136016809876,9097600
2021-02-16,271.83673095703125,274.44625727947283,267.94724075461835,268.6914008718187,15417200
2021-02-17,271.43988037109375,271.83675975298524,267.48092753784414,269.1280057386519,12763200
2021-02-18,267.29241943359375,269.8324836675024,263.9585662016173,267.4710106031762,15249100
2021-02-19,259.5234375,268.1656111661437,258.12441241705994,267.7587998770651,25622600
2021-02-22,258.3029479980469,261.0216337980358,255.52476208560068,255.94150511244536,17434900
2021-02-23,263.7899169921875,265.3774649515965,252.97480897112868,257.4794524604842,21924600
2021-02-24,262.251953125,264.3058423791856,256.3780660416674,260.2873594540459,15736100
2021-02-25,252.70689392089844,264.8615109881435,252.06194597211868,260.25762517278304,19053100
2021-02-26,255.6140594482422,263.48230592627357,254.47301987913823,254.47301987913823,26619500
2021-03-01,262.84735107421875,264.5737933288639,255.89192291964775,258.7892004251062,22157300
2021-03-02,256.9833679199219,264.63332765258514,256.6360870424162,263.710576108326,15191700
2021-03-03,253.42127990722656,258.95781848728717,253.1136961127763,258.26328713334885,15513500
2021-03-04,255.63392639160156,264.4149925260299,251.5261475539743,254.47302315663333,31626500
2021-03-05,262.2221984863281,263.3831016749771,253.61970873593322,258.64032206827693,26820100
2021-03-08,253.3220672607422,263.5120906541324,253.06409715938335,263.48232545551326,18391800
2021-03-09,263.6708679199219,266.4391527155024,257.7870477459127,259.1463757163709,22039700
2021-03-10,262.8373718261719,266.8756883722604,260.82317946583066,266.5482712133679,14210300
2021-03-11,271.7474365234375,275.73612386768207,265.7346251734787,266.0223452851112,21834000
2021-03-12,266.3101501464844,267.6397128665082,261.96424931001116,267.0444088724371,20600200
2021-03-15,271.6184997558594,273.8112835494725,266.4093778427333,266.9848484642395,16844800
2021-03-16,277.1054382324219,279.9431851324288,272.6603099988258,273.93034231128775,22437700
2021-03-17,281.7986145019531,284.0013300636442,273.26557087198046,273.5632228614151,21315000
2021-03-18,276.4505310058594,282.9693812151874,276.11318203666434,277.6907979278797,18728300
2021-03-19,287.85107421875,290.520131236803,279.0104776505019,279.0303110218043,38930500
2021-03-22,291.25439453125,297.37633561067435,284.51725557218174,288.18845807864415,28273100
2021-03-23,288.36700439453125,295.67961279228643,287.5533820854311,290.8673714274283,23000900
2021-03-24,279.94317626953125,289.44856979905677,278.9707959829789,288.73417475341705,18675000
2021-03-25,276.569580078125,285.817017124445,275.58729840705115,278.79215889867044,24505600
2021-03-26,280.8163146972656,282.2848018961399,275.6071926939098,276.1330647516216,17629200
2021-03-29,288.5555114746094,290.8971205903588,282.48317024365207,283.5448155807349,21718800
2021-03-30,285.7575378417969,290.19273417158144,284.4676721787999,287.5732755403183,17474500
2021-03-31,292.2366638183594,294.19132577755687,286.36274611540455,287.7320056973746,19498200
2021-04-01,296.3345031738281,300.04537216997386,294.29054567841536,296.07651796063567,17616000
2021-04-05,306.5047607421875,308.3502638285434,298.33883047652586,298.54721717076194,28237000
2021-04-06,303.8753662109375,308.9257301235245,302.8732207214209,306.4352641390623,17335200
2021-04-07,310.65216064453125,311.8031320847076,303.12126285402763,303.9547186665781,22855200
2021-04-08,310.58270263671875,313.4204493921913,307.63582691524516,312.39847055437156,20894100
2021-04-09,310.0270690917969,312.28931500618273,307.9136491691553,308.97532504352716,15988600
2021-04-12,309.1142578125,309.71949362187615,305.53235068829883,308.62805251976675,10881900
2021-04-13,307.34808349609375,311.98170388654387,306.9115071052222,309.7789885616756,14036900
2021-04-14,300.4621276855469,305.63155202989105,299.5989067038952,304.9072252057683,17421400
2021-04-15,305.4232177734375,307.72516074452744,301.7321817266754,303.95473064775086,14558300
2021-04-16,303.79595947265625,306.5444105843695,302.23817681915284,305.7704851705201,13059200
2021-04-19,299.8866271972656,305.3041352263425,298.2197156252216,302.635078233983,14553500
2021-04-20,300.2934265136719,302.72436183660926,294.89578234939887,299.6385619334526,16796400
2021-04-21,299.1226806640625,299.62871936655654,295.07446188399217,299.598954165231,14863500
2021-04-22,294.211181640625,300.5613732471118,293.7349384661089,298.98372689165404,16375400
2021-04-23,298.7853088378906,300.2339323251979,294.83628751007234,296.4337672726164,17536800
2021-04-26,300.680419921875,303.41890888662624,299.2119328828372,300.97807189197096,16172600
2021-04-27,301.2063293457031,302.9625367473814,298.76546176782614,301.9107926157603,15309300
2021-04-28,304.70880126953125,308.49906447197213,302.9922608483322,304.9667562140213,33907200
2021-04-29,326.9443054199219,329.2263845348517,319.10579393830335,327.5495411674635,56526800
2021-04-30,322.5487976074219,327.25191086363225,321.97332701790543,323.6005719261197,26332400
2021-05-03,320.06829833984375,325.991815642022,319.33406985399984,323.6303723508017,18719500
2021-05-04,315.88116455078125,319.6813602859747,310.6819740317804,317.52824305961656,24032600
2021-05-05,312.5671691894531,318.56014880537333,312.04129710547085,315.71250014607534,15577600
2021-05-06,317.5281982421875,317.746486454234,310.8307561707074,312.0710232209815,19012200
2021-05-07,316.59552001953125,320.4254804771027,316.2681028362469,319.86984325216355,15916700
2021-05-10,303.587646484375,312.1305924552787,302.4565082593985,311.9024026688074,24239200
2021-05-11,304.14324951171875,304.45083332141724,297.3565117661836,298.40825581482176,18920100
2021-05-12,300.1942138671875,302.5854522871309,295.86817708684436,298.78528750586537,24645500
2021-05-13,302.8831481933594,306.45509310591166,300.41251561689637,303.69674037279856,18079200
2021-05-14,313.47998046875,314.38289851654434,306.67337913920693,307.1298192160858,19245700
2021-05-17,313.00372314453125,313.2220113682099,309.1539291705394,311.10859135712974,15401300
2021-05-18,307.5465087890625,314.0355939964766,307.3976828099841,313.1326760167942,14522400
2021-05-19,311.1482849121094,312.2099608190644,301.2063147190204,301.82148235708155,19106200
2021-05-20,316.1291809082031,316.76421218745367,310.7216346081384,311.1383473901833,17320200
2021-05-21,313.7677917480469,317.43896476728986,313.35104861442176,316.8039636588649,13600900
2021-05-24,322.1022644042969,323.4119934551115,315.5536494301759,315.73224058802725,16445400
2021-05-25,325.2377014160156,326.6168625616901,322.27096218906894,324.53320796495933,16437000
2021-05-26,325.10870361328125,327.2617901142244,323.2830342689029,325.79333340241755,9686900
2021-05-27,330.15911865234375,331.1810975830294,324.2157680993238,325.44610343491735,20477700
2021-05-28,326.17041015625,330.2781589983809,325.773500464872,328.4227242830254,12037400
2021-06-01,326.5672607421875,328.8394383209458,324.0966586152129,327.5793076939704,11765900
2021-06-02,326.5871276855469,329.2859501143572,324.5729351203657,327.80756141635504,11654300
2021-06-03,323.50128173828125,324.830844127777,320.96121772850546,323.2432965516793,12610800
2021-06-04,327.77783203125,329.8713885966346,322.64807340674366,323.3624685477202,13289400
2021-06-07,333.959228515625,335.060601318784,326.36880079638615,326.9145364253234,20136700
2021-06-08,331.08184814453125,335.66587042753156,329.65305804593925,334.0783527890586,14580500
2021-06-09,327.67852783203125,334.17751453094957,327.4304744423022,333.12577058089494,13727900
2021-06-10,329.8713073730469,331.33979432346086,325.9917487704963,328.2143277062519,13240200
2021-06-11,328.6806640625,330.2384162938498,326.3687895778356,329.99036291102897,13587900
2021-06-14,334.1477966308594,334.19742548380253,327.24199776174,329.31572075979597,12250800
2021-06-15,334.1279296875,337.27326012162166,332.42132108487635,334.3660512618339,15795200
2021-06-16,328.5020446777344,334.92166747666334,326.16043526357373,334.07831019373776,17232200
2021-06-17,333.8898620605469,335.3484174989163,327.5793668014927,327.9167158462907,17794100
2021-06-18,327.0931396484375,333.5325962354284,326.43827503756376,331.92521504508204,23039500
2021-06-21,329.7026672363281,330.3277666521811,325.0987815754126,328.51199879851725,11337500
2021-06-22,336.3901672363281,337.2732518527593,330.0102412140811,330.09953680226704,15345300
2021-06-23,337.9380187988281,340.7460001805239,335.56664409367676,336.70768365205276,14817800
2021-06-24,340.50787353515625,342.214482226336,339.1287123056329,339.18824270230544,12329100
2021-06-25,338.7119140625,341.44050115859824,337.03507084286525,339.92241573087625,14594400
2021-06-28,352.8708801269531,355.351414273791,339.1088512451318,339.79348109205574,29156100
2021-06-29,349.15008544921875,353.9622975602913,346.3321719592447,353.49595592074894,21417300
2021-06-30,345.0025329589844,350.17198687607316,344.4667594932976,349.42782678266764,15107500
2021-07-01,351.6305847167969,351.90840330765593,343.80200504587583,344.1195206582734,17137000
2021-07-02,351.9382019042969,353.66464400562825,349.87438050780213,352.3350813174818,11521300
2021-07-06,350.03314208984375,355.9963560178773,346.4611667728856,353.72417820404075,13488500
2021-07-07,347.7609558105469,353.71423776723833,347.2747808070036,352.49383434528966,14218900
2021-07-08,342.9586486816406,345.61777404774114,339.89271207759845,343.0380427319482,14406500
2021-07-09,347.6914978027344,347.97921794083607,342.5815736156693,342.63120246289606,13018700
2021-07-12,350.4101867675781,351.4321656465033,346.91760551570826,348.49522163288634,10018600
2021-07-13,349.3484802246094,355.6986411619793,346.0840890261971,348.7630778385036,11456000
2021-07-14,344.9232177734375,352.4342819743491,344.03023159160176,351.79925073751554,13894200
2021-07-15,341.7779235839844,346.5108023254573,337.57094717374997,346.5108023254573,14781600
2021-07-16,338.50360107421875,343.29597951923523,337.491554086067,342.2244021364838,11026100
2021-07-19,334.32635498046875,337.1442377209551,331.93511678295374,334.94152251311635,14372300
2021-07-20,338.9997253417969,340.7757962853777,331.89547184743174,336.1619785065814,11024300
2021-07-21,343.5340881347656,343.8218082457949,338.59285404527793,338.8409074182049,9279700
2021-07-22,348.45550537109375,348.8027861958201,342.5220569930656,343.9806122329509,12385400
2021-07-23,366.91070556640625,372.4075475574417,354.4088071301203,358.09984323454836,33694300
2021-07-26,369.5598449707031,371.52443867186565,365.35286926957764,366.70226514354084,14925200
2021-07-27,364.946044921875,370.2444613769634,361.7114192230942,369.01412632685424,15705400
2021-07-28,370.37353515625,374.6102768280347,364.07297199585037,371.64356750310543,29676900
2021-07-29,355.530029296875,362.673949950661,353.96231465421084,358.18915481334045,33413200
2021-07-30,353.5257263183594,357.92125598632435,350.1919028478955,351.24364693893176,15976200
2021-08-02,349.2096252441406,356.6015991711631,348.0090248606978,355.3117334679123,13180400
2021-08-03,348.5050964355469,351.01539564143263,344.9926820804049,349.98351529526695,12406100
2021-08-04,356.1253356933594,357.67318656110393,348.7730289315938,349.6759469844377,14180600
2021-08-05,360.1437683105469,361.06651968292107,354.121024546421,356.8397103759352,10247200
2021-08-06,360.67962646484375,362.30684125353145,358.58603972700615,358.58603972700615,8925000
2021-08-09,358.79437255859375,362.9319169074044,357.94108333229246,360.92765618426364,7798900
2021-08-10,358.318115234375,361.2649909446652,356.2443923686089,359.01264661164123,7469900
2021-08-11,357.1571960449219,359.5385026093773,355.0239428784297,359.2805476658655,8400300
2021-08-12,359.8262634277344,360.1735442509098,354.3293914916329,355.65898438949955,7170700
2021-08-13,360.3520812988281,361.8205681373765,358.6653365653119,360.1437249482075,7195700
2021-08-16,363.705810546875,364.09278838073544,354.597297072418,359.6972591712923,11222100
2021-08-17,355.658935546875,361.8305046302032,352.3052491252659,360.1536614193987,12328700
2021-08-18,352.68231201171875,357.0579470408631,352.3846297841883,353.4760707252254,10042400
2021-08-19,352.3548889160156,354.7858243488867,348.2669737273142,348.61425454343237,12004500
2021-08-20,356.57177734375,357.18694489775766,350.5589656746457,351.83892962795636,8697700
2021-08-23,360.52081298828125,362.8425891488838,356.3039052424102,356.64125422848525,10942000
2021-08-24,362.66400146484375,365.0949066090898,359.02256424131787,360.82840025472757,9235100
2021-08-25,365.5215759277344,367.97231440598324,362.5548367278309,362.75329155616987,9684500
2021-08-26,361.54278564453125,366.56338388860024,361.2947322519193,365.5116399263221,7888700
2021-08-27,369.72857666015625,370.8299192755366,361.2451317980848,362.2572090986586,11219100
2021-08-30,377.6960754394531,378.51959949765813,367.63501386017316,369.6591383120919,13547300
2021-08-31,376.426025390625,379.7797124259526,375.8505245076621,376.9915944473429,12345400
2021-09-01,379.0751647949219,381.3374104188179,375.8604026662153,376.63432800386516,11567200
2021-09-02,372.35797119140625,378.77759530135984,371.1474692172277,378.529541866323,14832900
2021-09-03,373.33026123046875,374.223247324552,370.20476448124776,371.83200915575986,7509600
2021-09-07,379.2041931152344,379.97811852578053,370.2445053593143,372.95325943620423,10793800
2021-09-08,374.630126953125,377.9044199897593,371.87177413003326,377.19995675435416,11067200
2021-09-09,375.05682373046875,376.8725616967739,373.6379652359281,374.6996412898695,9098900
2021-09-10,375.74139404296875,380.8016897745919,375.3147494355466,378.39058756343474,11549600
2021-09-13,373.5783386230469,378.7775280081508,371.43515369148867,378.7080657914906,13026300
2021-09-14,373.5981750488281,375.64213258472364,372.1892184534272,374.46139601166345,8711600
2021-09-15,371.008544921875,374.62018689725124,364.80720954935725,374.06454967027025,17940300
2021-09-16,370.1552429199219,370.65134977316575,366.83132094719605,369.88735611995554,11934200
2021-09-17,361.880126953125,368.51803802109464,358.7744936986694,368.51803802109464,26299000
2021-09-20,352.9303894042969,358.2188745657045,347.0763049441087,356.50233413802766,19822800
2021-09-21,354.696533203125,357.2365976294864,352.4243555514342,355.70858018739267,11751900
2021-09-22,340.5376281738281,347.1160093217714,338.0372607512432,344.52634630694666,43692900
2021-09-23,343.2662353515625,346.9473698962506,340.32929134487557,342.67090108913663,21806300
2021-09-24,350.2117004394531,351.5908918646858,339.7041621492039,340.5673831281829,18801900
2021-09-27,350.82684326171875,352.3846257561215,344.3774553783491,347.08620919014766,15205800
2021-09-28,337.9975280761719,346.87785115390363,336.2810180731356,345.2605382784772,21710300
2021-09-29,336.96563720703125,342.5419029260096,336.24134067745075,340.4780817360786,14452200
2021-09-30,336.7474060058594,340.1308279140143,335.5170404865727,337.7991500549551,16547100
2021-10-01,340.3392028808594,342.3335316631441,336.0032342139593,338.95007959136314,14905300
2021-10-04,323.6898498535156,333.32423531875986,320.18733709756447,332.9174241139099,42885000
2021-10-05,330.367431640625,332.57014704290987,323.6203912754051,326.02153122963404,35377900
2021-10-06,331.0421447753906,331.7763731159524,323.26316386368603,327.1724876898397,26443000
2021-10-07,326.65655517578125,336.20164494595497,326.4184336067815,334.3759755970612,28307500
2021-10-08,327.4800720214844,330.8039934898283,326.1505094901377,328.92872561470415,15946100
2021-10-11,322.9159240722656,327.8868935538608,322.7769996356763,325.07894242521274,14708200
2021-10-12,321.2489929199219,321.8542589738375,314.89883180646416,320.51476453054045,31658700
2021-10-13,322.0130310058594,324.45386814100897,320.1476644726713,324.42410294228614,14761500
2021-10-14,325.9719543457031,327.9464498506444,324.55309607109666,325.80326469937097,14302200
2021-10-15,322.2313232421875,326.50776176514034,319.9988424702533,326.1207838969584,21596400
2021-10-18,332.7288818359375,333.2746174459336,324.94993138686624,326.3886531187286,21585000
2021-10-19,337.3427429199219,339.7935120917823,334.65385213782736,337.0053938787701,18786300
2021-10-20,338.1265869140625,341.3016828983417,336.80695600282183,340.77581084319115,13639500
2021-10-21,339.21795654296875,339.6446010811802,335.16970850239795,337.6304088854891,16354400
2021-10-22,322.0824890136719,327.06342138940005,318.6097409085051,323.80896151918506,35224500
2021-10-25,326.13067626953125,326.99389721879066,317.2305194575883,317.80598999710963,38409000
2021-10-26,313.35101318359375,327.638884727191,307.18937444715965,325.70408613688915,65654000
2021-10-27,309.7889404296875,316.7642010297312,309.63018261546694,311.74360248983976,29971800
2021-10-28,314.452392578125,322.98540653916393,305.7109616496412,310.55296955755523,50806800
2021-10-29,321.05059814453125,323.4616701981431,317.1115084956438,317.6969109522846,37059400
2021-11-01,327.4106750488281,330.8536576667593,323.46165377375024,323.50135079861377,31518900
2021-11-02,325.5254211425781,332.1831961301534,321.27874819042154,328.7997441561289,28353000
2021-11-03,329.0378723144531,329.56374431625284,320.6834506798263,324.94002526271333,20786500
2021-11-04,333.2349548339844,334.64388123663895,330.0598590951158,331.40928538211995,22495300
2021-11-05,338.4738464355469,344.0897793143083,336.99545779027494,337.6602239773612,26872800
2021-11-08,335.9833679199219,342.10533921947234,335.70554932019894,341.7382250284052,18342500
2021-11-09,332.7586975097656,338.6524492000935,331.86571125243444,337.3526516997646,17556700
2021-11-10,325.0888977050781,330.59567139945983,322.97547776703135,329.90110972631356,21872600
2021-11-11,325.18804931640625,329.8712983414455,324.45382100127904,327.25187039453397,12376600
2021-11-12,338.2357482910156,339.1981665270857,327.21223815711136,327.60911758764775,25414300
2021-11-15,344.8537292480469,350.8963059628038,340.5276928269547,341.6588004963411,25076600
2021-11-16,340.2895812988281,343.95085205070313,338.2158584260246,341.15280232033473,18181100
2021-11-17,338.11663818359375,344.5957921753798,337.45187198784345,341.5596207966842,13602800
2021-11-18,336.0528259277344,339.79346029139595,332.68920729614837,337.07480472247227,17487200
2021-11-19,342.611328125,349.35839846097593,337.2533809887532,339.5354903311976,26488500
2021-11-22,338.35479736328125,351.0749537528082,337.8586905223181,346.3321735643987,27116800
2021-11-23,334.6240539550781,338.741734552648,330.903252762101,336.29096562234207,17225000
2021-11-24,338.40435791015625,339.1187528920676,330.2185959540677,333.3837596661517,13566200
2021-11-26,330.52618408203125,335.12013781830825,329.31568229899483,333.18530921855194,14750700
2021-11-29,335.39794921875,338.0174075573323,332.69912711837196,334.26684150342027,16650900
2021-11-30,321.93365478515625,333.1952865516864,320.9116758657948,332.39159586170115,25390000
2021-12-01,308.1815490722656,327.9265935829965,307.87396527980366,327.7182372061574,30329600
2021-12-02,307.97320556640625,312.1504165030923,304.80804163947613,308.975320750198,24396200
2021-12-03,304.4508056640625,311.30700500958125,297.167961754166,311.2871716391293,27471000
2021-12-06,315.3949890136719,317.6076366411211,303.9547653556216,305.73083649801384,21758300
2021-12-07,320.2964172363281,323.9973842578225,318.50051333741357,319.0660822637991,18794000
2021-12-08,327.98614501953125,330.15909535727707,320.55447439589165,322.46943949245696,19937700
2021-12-09,327.2519226074219,333.51278849439655,325.44608644592824,326.97410398872734,16879200
2021-12-10,327.18243408203125,332.4213206705392,323.8287472745476,329.97055187122083,14528000
2021-12-13,331.8855285644531,338.43414460124114,327.0236878165198,328.37311410359496,22948700
2021-12-14,331.141357421875,333.08611788089667,325.09878022695415,325.4956596112595,20461000
2021-12-15,338.9997253417969,339.4462033242894,321.45739496395663,329.9011126857574,24681300
2021-12-16,332.2923583984375,341.7779188431185,331.1413868855736,336.3406072064359,22635000
2021-12-17,331.1910095214844,334.4851358944469,328.1746714850775,330.20869739741596,40012600
2021-12-20,322.9159240722656,327.3312563674149,320.0186470744069,327.2121955817415,17901800
2021-12-21,331.5978088378906,333.3837812684171,321.2291642430061,323.86845614497594,16116800
2021-12-22,327.87701416015625,331.90539917403015,325.7040638349438,331.2009056779404,16764600
2021-12-23,332.62969970703125,334.0485882622083,325.80326484001887,327.52973720926553,13987700
2021-12-27,343.4844970703125,345.1613404781223,335.3781289082556,336.2115846993633,17795000
2021-12-28,343.52423095703125,349.96368822790424,342.5121838763576,343.93104221062464,16637600
2021-12-29,340.26971435546875,346.9671557608115,338.9798488634585,344.20880332655,10747000
2021-12-30,341.6786804199219,344.52635905092467,340.54757259642133,341.3214980377505,10593300
2021-12-31,333.7310485839844,340.7658393357724,333.6516545396448,340.34909630287945,12870500
2022-01-03,335.9040222167969,338.4242231212458,334.564527714693,335.6658703471166,14537900
2022-01-04,333.90960693359375,340.41852505150547,329.28588840398794,337.30299041650676,15998000
2022-01-05,321.6458740234375,333.1456252268606,321.3184266010709,330.426939558543,20564500
2022-01-06,329.8713073730469,336.5290820753032,320.20715711438896,320.30638452508464,27962800
2022-01-07,329.2066345214844,334.37606008777516,326.31928864796174,330.1492194902525,14722000
2022-01-10,325.5155334472656,325.78342022706335,312.9739386071096,322.77701413394965,24942400
2022-01-11,331.7665100097656,332.0244952768935,322.74729056704444,324.23561120670064,16226800
2022-01-12,330.66510009765625,333.75086972930177,327.46023940386385,332.57013317263903,14104900
2022-01-13,323.93792724609375,333.0166761967169,323.22353219830933,332.37174337245716,14797100
2022-01-14,329.315673828125,330.1392280379995,318.70890847122666,319.28440929161326,16868500
2022-01-18,315.6727294921875,321.68554108023267,315.1667211806874,320.77272158657684,22645600
2022-01-19,317.1015625,324.5530968357373,316.84357725675176,317.09163067373413,20814700
2022-01-20,314.09515380859375,325.2674893105411,313.519683208936,321.3779984398948,16925000
2022-01-21,300.8093566894531,315.8314521638722,300.68036409970733,312.3587051843493,28710700
2022-01-24,306.3063049316406,307.1199274914886,286.7597118004124,295.520946079868,38878100
2022-01-25,297.81292724609375,303.8456033215666,295.2629308448496,297.614502679901,25108500
2022-01-26,292.3359375,305.11565524775347,288.5853707940254,304.61954838040253,28348800
2022-01-27,292.3458251953125,299.3607522279332,291.96877918824987,295.4315949100361,21629900
2022-01-28,299.3607482910156,299.54927129206766,290.7483417543587,293.31817127191175,21871600
2022-01-31,310.8208923339844,311.346764415902,296.98943008887505,298.33882626890477,21579500
2022-02-01,316.51617431640625,317.17103900031117,309.6897391289893,312.11074301010717,18023800
2022-02-02,320.4849548339844,325.44602224627516,314.4026813417235,325.2674310866213,58458300
2022-02-03,235.90869140625,246.06896374683373,233.91434759401633,242.7450422531335,188119900
2022-02-04,235.24392700195312,240.72095050433083,228.3182800713967,233.14043894132064,89342200
2022-02-07,223.1587677001953,236.44450739450184,222.26576636304068,235.8491731697321,88613800
2022-02-08,218.46556091308594,224.01204587812796,214.46694172385483,219.13035728050534,94729700
2022-02-09,230.1935577392578,231.55288554145955,220.47979314969592,222.45428854589056,86563300
2022-02-10,226.294189453125,233.1702232371406,224.934846367152,226.49262916830958,49310400
2022-02-11,217.8404998779297,228.6258569131585,217.06657447768202,226.68112672688727,46156900
2022-02-14,216.00489807128906,219.27920598503405,213.1076361709991,217.60236257569318,38184000
2022-02-15,219.2791748046875,219.42800076779537,213.3854244260025,218.7533028817386,42685500
2022-02-16,214.85391235351562,215.7667621295166,210.7064670415823,210.75608074636148,45817500
2022-02-17,206.09268188476562,215.80644581888552,205.546961407573,212.35354692497697,38747500
2022-02-18,204.55477905273438,209.10903628047927,203.58239873057371,207.75962504929788,37128400
2022-02-22,200.5065460205078,205.8644939367054,198.5022701102353,200.76451613173913,39852400
2022-02-23,196.90476989746094,205.3286681275811,196.5078905456906,202.57031575483987,44481400
2022-02-24,205.9835662841797,206.72772654511968,188.73888765920373,189.5723435178615,49957200
2022-02-25,208.8411407470703,209.67461178304677,201.5979775214321,203.34428336825903,37627600
2022-02-28,209.38682556152344,211.49031345595338,205.21953165332295,206.0629040921381,34239800
2022-03-01,201.9055633544922,210.10124274506424,200.64544776565825,208.2358762173396,27094900
2022-03-02,206.48956298828125,207.52145842115084,200.4469860879729,203.18549004210848,29452100
2022-03-03,201.3896026611328,207.45202857519675,199.85166849923849,207.39249817950693,27263500
2022-03-04,198.5022735595703,204.28688133945332,197.2421579013162,200.7942848206602,32130900
2022-03-07,186.01026916503906,199.32577274078756,185.82174617449198,199.22654533313855,38560600
2022-03-08,188.80833435058594,195.16842766775892,184.66088843878129,186.3873456909563,37508100
2022-03-09,196.9543914794922,197.54972567093753,192.41005156205978,194.2158875067939,31894700
2022-03-10,193.69004821777344,194.7517090323724,189.5822839955329,193.32291884377045,24853000
2022-03-11,186.14918518066406,192.05285278974358,185.2165020189651,191.14001813828725,34694500
2022-03-14,185.17681884765625,190.79273600899157,184.3731282981707,185.57369820987867,31010500
2022-03-15,190.53477478027344,190.7828281781689,184.46243244458515,189.3143563018215,31721700
2022-03-16,202.04446411132812,202.14367638925566,193.00539743531633,193.18398861957286,40640300
2022-03-17,206.22169494628906,206.42013466134534,199.54410088177565,200.1295033401846,29499700
2022-03-18,214.80433654785156,215.11192035410394,204.39601000543493,205.09055652600136,52128000
2022-03-21,209.84324645996094,213.03817526135632,206.01330160027447,212.82980375692748,30142300
2022-03-22,214.96304321289062,217.75117579405494,208.54342082112635,209.7241572782789,31998800
2022-03-23,211.79791259765625,215.11190224536244,210.5080319452024,211.66891999041766,23717300
2022-03-24,217.8603515625,218.95177745927012,213.1175565355208,213.325928057074,31502300
2022-03-25,220.09286499023438,223.74420438439435,217.18567078109737,218.7930522383112,40039000
2022-03-28,221.8490447998047,222.29553791114895,217.830576517749,220.4004213594452,26224100
2022-03-29,228.07020568847656,229.09218442696672,223.5357825280101,224.30972302063074,31417900
2022-03-30,226.0758819580078,229.35017482946435,224.94475902387336,227.12762598483724,25588000
2022-03-31,220.62863159179688,226.71090621508176,220.5294041691088,226.6712091900149,24192300
2022-04-01,223.09922790527344,225.5102996200444,220.9659596397171,222.80156080543097,19544800
2022-04-04,232.06884765625,232.52527259224502,224.10137333817107,224.22043413017906,28054800
2022-04-05,230.03482055664062,235.01573756945024,229.22121319549282,232.25738469486163,29727200
2022-04-06,221.56130981445312,227.20700787328028,219.68602663220452,225.14320167620593,28995100
2022-04-07,221.2140350341797,223.76403143713907,216.85821762186922,222.18640019306102,21037200
2022-04-08,220.59886169433594,223.37706293065762,218.31676728092958,220.6484754046232,18375700
2022-04-11,214.77456665039062,218.8922471136339,213.54421631232353,216.7192968654244,20516600
2022-04-12,212.4726104736328,220.30117483214664,211.47048023153366,218.52511922684667,20128800
2022-04-13,213.31602478027344,214.92340609908956,209.68451907333844,210.17070922753877,19231800
2022-04-14,208.54344177246094,213.3160017822713,208.36485059628197,213.21677436885344,18379500
2022-04-18,209.12889099121094,211.71856941823995,206.67812188003873,208.3648821840085,16580800
2022-04-19,215.61793518066406,216.7292095688352,207.3726425799073,208.88081149240958,20089900
2022-04-20,198.8594512939453,212.4924718413418,197.37113086850815,211.9467513240192,43036500
2022-04-21,186.60562133789062,201.38959810560033,184.13500399279943,200.03027030150272,49954100
2022-04-22,182.67645263671875,191.21941262522995,181.84299681832218,188.88770453092923,36426800
2022-04-25,185.53402709960938,185.72253496662242,180.24552677813085,181.307187460691,29281100
2022-04-26,179.54104614257812,185.73246439664177,178.10233946459232,185.17682720845232,31747400
2022-04-27,173.5877685546875,179.79903546123612,167.68410058572994,173.07181323676826,71062900
2022-04-28,204.12811279296875,206.90631407931315,191.39800967095255,201.33999482037984,100890600
2022-04-29,198.90908813476562,210.82556960985812,198.34351904013752,202.86802637722226,49193400
2022-05-02,209.48605346679688,210.23021363572835,199.42500858844238,199.60359976179677,49915300
2022-05-03,210.37904357910156,213.22669170109717,206.46971966222895,208.81134431020465,41556300
2022-05-04,221.67047119140625,222.55354079809143,205.34855849796634,209.00981441333755,41375900
2022-05-05,206.65823364257812,218.45565195579698,204.5547457953696,217.0367938694191,41129200
2022-05-06,202.18336486816406,207.74968364193575,199.45477753082457,205.72555946603094,34747200
2022-05-09,194.68226623535156,200.99274628078112,194.05716672906522,198.28399184686057,36303200
2022-05-10,196.11099243164062,201.37965883993337,192.67794219630522,197.95651014924067,34452500
2022-05-11,187.27040100097656,199.10750202518517,186.8040593960686,194.80129861899218,31153400
2022-05-12,189.7509307861328,196.5079028540961,183.3412243877256,185.60347014246278,38262200
2022-05-13,197.07345581054688,198.3335712924769,189.79061178927196,191.0804924673125,24549800
2022-05-16,198.482421875,203.77092271249356,194.4044229626352,195.51571260175743,27112600
2022-05-17,201.0423126220703,203.8602107221061,196.81548818198343,200.54620582741316,24872700
2022-05-18,190.74314880371094,199.43493452984333,190.1378978992899,198.44272092521723,23960000
2022-05-19,189.80055236816406,193.76940717562402,188.12372392959506,189.7112567685913,24446900
2022-05-20,192.0330352783203,196.36901949764322,186.407185344579,193.45190876015224,31465600
2022-05-23,194.7020721435547,195.45616417554956,189.75093592706153,193.67017665237506,25059200
2022-05-24,179.86849975585938,182.24980659881354,174.738756702844,179.14418798829092,50406300
2022-05-25,182.39862060546875,184.00600172835072,177.92374289893897,178.99532022087533,28030200
2022-05-26,190.13790893554688,191.32856230221216,180.84085662538251,181.4560393911431,23056500
2022-05-27,193.6106719970703,193.809111717142,188.32217094426778,189.87002195679923,22562700
2022-05-31,192.13226318359375,196.0614361569242,190.51494998321056,193.37253032745087,26131100
2022-06-01,187.1712188720703,197.97642702448536,183.55956108656105,194.97993697728285,36623500
2022-06-02,197.31161499023438,199.37542128214022,186.26827177623153,186.98266684419815,31951600
2022-06-03,189.2945098876953,195.07911700749378,188.30229628512222,194.45401759307975,19465000
2022-06-06,192.7375030517578,195.3867117016177,186.9330470969102,192.47953295108994,30574200
2022-06-07,194.12660217285156,194.99975506385698,189.99900473350633,190.43556603902965,18828700
2022-06-08,195.10888671875,200.45691755476113,192.8962545730106,193.15422466525632,22267200
2022-06-09,182.5673370361328,197.89703703644236,182.24982135670524,192.76729356804003,23501600
2022-06-10,174.20294189453125,181.67430878576448,173.65722140885484,181.61476325461828,27450800
2022-06-13,162.9810028076172,171.23622734441977,162.75279791555977,169.2617168018966,31749300
2022-06-14,162.4551239013672,165.4516131279456,160.10358258056343,164.73721814492058,27244300
2022-06-15,168.03138732910156,170.81950525732464,162.70318974465354,165.8981189021135,30008300
2022-06-16,159.61740112304688,163.79462714887313,158.36721740504552,162.4452160123095,26944100
2022-06-17,162.46507263183594,164.6082426639391,158.65496061258537,160.42109974328864,31374200
2022-06-21,155.82716369628906,166.45376388238589,154.75557108979552,164.63801100527013,50724900
2022-06-22,154.63648986816406,159.5380121523933,154.22967867369047,157.1467889716582,47267800
2022-06-23,157.513916015625,158.5061296598179,153.04895461675687,155.05323041722062,40499200
2022-06-24,168.83506774902344,168.92436333833888,160.04405475471546,160.47069933031898,68736000
2022-06-27,168.1702880859375,170.41268536583237,166.70180106089464,169.9860407861088,29174600
2022-06-28,159.42886352539062,169.9661815615334,159.35941645073356,168.57707352864495,27744500
2022-06-29,162.6634979248047,165.03488779285908,159.07168958356175,162.29638374229557,28595200
2022-06-30,159.99444580078125,163.9434517587167,157.25594166723448,160.8874320004222,35250600
2022-07-01,158.78395080566406,159.36935323149515,153.7931173068404,159.0617694192781,31423900
2022-07-05,166.88038635253906,166.93991673848944,155.7973636821509,156.9086379264944,28618600
2022-07-06,168.44810485839844,170.25392571345915,164.17166672198726,166.8903222600425,23085900
2022-07-07,170.84927368164062,171.37514571376303,166.47360777815038,168.13060278464656,24083400
2022-07-08,169.54946899414062,171.05762280254982,166.84071489855444,168.65646764813104,19249200
2022-07-11,161.61178588867188,166.18589203584943,160.64933730755345,165.76916406360962,21885600
2022-07-12,161.99871826171875,164.61816155285183,160.83783016973706,163.5168038543085,16639700
2022-07-13,162.2169952392578,163.69538370726883,158.36720190354342,158.91292237226227,16555100
2022-07-14,156.81936645507812,161.3240096508679,156.05535772465447,159.96468182944713,23765200
2022-07-15,163.41757202148438,163.695390610006,158.57558009298083,159.28995993490958,23342800
2022-07-18,165.92788696289062,170.35316657049168,164.35027086909628,165.4516286428729,23574300
2022-07-19,174.4113006591797,175.11577895763392,168.19011731697498,169.04342159539536,25933700
2022-07-20,181.6643829345703,182.17042155610093,175.32413868697932,176.1079959030853,24784300
2022-07-21,181.74374389648438,182.41845694525634,177.47722284388294,179.22352828307407,27195800
2022-07-22,167.95201110839844,174.23272541696684,167.09870675194256,171.72242605878435,42583900
2022-07-25,165.35240173339844,169.24189263554436,163.52673221768362,167.68410990943246,26166300
2022-07-26,157.91079711914062,164.70746671110234,156.720143761273,164.6479363142058,28468400
2022-07-27,168.2595977783203,169.53954676474433,160.7584647751414,161.32401870031222,43846600
2022-07-28,159.4685821533203,160.25242429053662,153.6442927588761,159.8059311673132,73214300
2022-07-29,157.86119079589844,158.8930862847135,153.96178345090468,156.4621659776194,42065400
2022-08-01,158.68472290039062,163.90377642591454,154.02132174038147,156.02559756676067,40596700
2022-08-02,158.9427032470703,160.97674420933518,156.77966966857088,157.0773367845084,27374500
2022-08-03,167.48565673828125,168.21988510406044,160.31195673384136,161.42323110797926,31721900
2022-08-04,169.24188232421875,170.80956650112654,165.50123278418064,166.98955319565712,23938200
2022-08-05,165.80882263183594,170.27378402922727,164.50902518076973,165.68976183936536,25832700
2022-08-08,168.92433166503906,176.12779551208232,165.82863069605767,166.69185151087555,27299100
2022-08-09,167.21774291992188,168.20995643758116,165.30277809802828,167.63447078054156,18655100
2022-08-10,176.95138549804688,179.07472218493237,172.59556801298828,174.6196924150537,30262100
2022-08-11,176.1079864501953,181.67430500840524,174.9966969915663,178.31070171750684,24079100
2022-08-12,179.09454345703125,180.0470751142929,177.5169275665444,179.4021272311539,21274000
2022-08-15,179.48153686523438,180.0272574321156,176.81247957083508,177.5665716777908,15878700
2022-08-16,178.0725860595703,179.58075505593564,175.66149900261934,178.0428208610876,21156700
2022-08-17,173.4885711669922,176.75294757211662,172.8138579795018,175.38368782395926,20118100
2022-08-18,173.30001831054688,174.39144410658275,170.5218174061318,172.98250271462427,18844500
2022-08-19,166.65219116210938,170.97824275855308,165.74927321620558,168.87473977974705,26240800
2022-08-22,161.78042602539062,164.20142956470605,160.996568824722,164.20142956470605,19499700
2022-08-23,159.8555450439453,163.76486932772292,159.44873380548583,161.21487292760173,18111800
2022-08-24,161.98878479003906,164.17166679378263,158.52596906042174,159.3495081545654,20891500
2022-08-25,167.4658203125,167.565047734485,162.74288874160553,163.89384508074522,15550500
2022-08-26,160.52029418945312,169.58912471231218,160.41115010200173,167.16812141973682,24023600
2022-08-29,157.9306182861328,161.7804114453021,157.77186049524462,159.40902182632365,20052700
2022-08-30,155.93630981445312,160.40127149563065,154.6960426807927,159.10147396195126,19567900
2022-08-31,161.66136169433594,166.53313431830148,160.87751957743515,165.76914071346795,40953000
2022-09-01,164.07247924804688,166.0569069045835,159.101493418816,162.3063398449278,30145700
2022-09-02,159.07171630859375,166.62244844215843,157.98027512320076,166.14619007943259,22634200
2022-09-06,157.30552673339844,160.43100844381465,156.46215431501463,158.8533925612111,19339800
2022-09-07,159.14114379882812,159.7067128361439,155.58901718018615,156.5316171024006,16831200
2022-09-08,160.79815673828125,160.96683125776227,156.51180124210805,157.47424978383748,22530800
2022-09-09,167.83294677734375,168.21990952737565,161.75068689299516,161.97889181224986,22086800
2022-09-12,167.6444091796875,170.0554808549639,165.97748253186137,166.08662662868318,23220400
2022-09-13,151.93768310546875,160.3714992434936,151.48125815876136,160.2821885074128,44444100
2022-09-14,150.29061889648438,152.34449349948872,147.88946342274005,152.13613708902906,43064200
2022-09-15,148.3855438232422,152.99933091133602,147.54215622478398,148.63359721808547,34606300
2022-09-16,145.1509246826172,147.42310236449293,143.16649743066273,146.89723035392328,40122800
2022-09-19,146.86744689941406,147.42308403849412,143.97018528851333,144.10909457328336,22169500
2022-09-20,144.9524688720703,147.68105604018982,144.08924795822142,144.64488510460586,23217400
2022-09-21,141.013427734375,148.4351982445919,140.89436691698583,145.25018511959476,38338600
2022-09-22,141.70794677734375,143.45423717863846,139.77311823877739,140.44783132698993,34418500
2022-09-23,139.3167266845703,141.50951044279367,137.80855764915447,140.31885705271978,31710700
2022-09-26,135.3081817626953,141.13248666363052,135.12959055815918,139.02898325699817,30497000
2022-09-27,133.35353088378906,138.33444848189532,133.075712226363,136.84612775712097,30826500
2022-09-28,140.50735473632812,140.92408259070461,133.22451125941086,133.571776901403,32658500
2022-09-29,135.3478546142578,138.7511398392883,134.1472695516224,138.2748815722821,38985400
2022-09-30,134.62355041503906,139.8922179917955,134.4449592124269,134.99067978704159,33166400
2022-10-03,137.53076171875,138.53289225222701,135.04031041714856,136.0722061547895,27723100
2022-10-04,139.18772888183594,141.28130027797047,138.25504563332407,139.3961004088353,34670700
2022-10-05,137.89785766601562,139.11829143443242,133.7305630972215,137.1636292075968,27979300
2022-10-06,137.98716735839844,140.34862568345443,135.53639829341935,136.64767279932806,36231100
2022-10-07,132.41090393066406,137.21321419500794,131.4087736296269,135.695128574833,33214800
2022-10-10,132.74826049804688,135.05020348397787,130.84321206485183,132.51013890638444,24024000
2022-10-11,127.53913879394531,131.6270694195871,126.00121214365586,130.59515872186037,38481400
2022-10-12,126.50724792480469,128.66034985700185,125.266980788287,127.32087043355055,34605200
2022-10-13,129.27549743652344,130.11888501437636,121.57592569909303,122.56813925422476,34325700
2022-10-14,125.77301025390625,130.76383636476277,125.53487351641806,129.97999420633082,23559400
2022-10-17,132.99630737304688,133.74046759034007,129.1663621824455,129.2854381123977,29612200
2022-10-18,131.76596069335938,136.76671025641883,130.37685265808165,136.02255010394123,25445000
2022-10-19,132.19264221191406,135.93329253022526,131.1905117100772,131.85529314871923,30691000
2022-10-20,130.505859375,135.70506431958893,130.28757116213697,131.89495242051143,26356300
2022-10-21,128.99766540527344,129.10680949055958,124.46325780378665,125.32647866197439,46348600
2022-10-24,128.70994567871094,132.44066325636285,123.60004427257866,126.25917694643074,63563400
2022-10-25,136.43930053710938,137.27277155210777,129.5731835448493,129.8609339964498,38433200
2022-10-26,128.80918884277344,134.49456906227655,127.52922470090857,130.65469177666142,82791500
2022-10-27,97.17739868164062,101.70189010182288,95.62954037737664,97.21708813251803,232316600
2022-10-28,98.42759704589844,100.06475118209325,96.75076102287782,98.80464310065243,95928300
2022-10-31,92.43461608886719,98.54664749730443,91.87897136447218,97.45521412829655,121361400
2022-11-01,94.458740234375,96.73091049225727,92.82159370231095,93.59551916910262,110189600
2022-11-02,89.83502197265625,94.45873350080176,89.77549157791279,93.47644413758876,71821100
2022-11-03,88.21772003173828,89.75564666078411,87.7216132023707,89.37860819566096,60664000
2022-11-04,90.08308410644531,90.67841082153454,87.40410253355893,89.64650764938459,55638100
2022-11-07,95.96690368652344,96.12565393122965,92.37508761392576,94.04200681828185,81987300
2022-11-08,95.7188491821289,97.03849511420917,94.05192999686678,95.17312866285086,52088300
2022-11-09,100.67992401123047,104.0832172597688,99.95560468906787,100.92797743293154,107677300
2022-11-10,110.99893188476562,111.87207707822908,103.7954594362292,106.285917551093,80671000
2022-11-11,112.13998413085938,114.00535064993957,107.96276554524319,108.37950103418012,59961700
2022-11-14,113.33063507080078,115.36466834540867,109.9372664813659,110.12578191189753,53395000
2022-11-15,116.16836547851562,117.8154360525285,113.5191570888149,115.16622766282778,50670500
2022-11-16,112.3483657836914,115.17617344562514,111.78280425130465,113.60847391024078,33287800
2022-11-17,110.58221435546875,111.45536726035598,108.94506779878482,109.55031876422171,35093800
2022-11-18,111.17753601074219,113.42985753376976,109.75867027139351,112.91390979672886,33357700
2022-11-21,109.00458526611328,111.49504348891325,108.33980397966518,110.65165588402866,24351100
2022-11-22,110.57229614257812,110.75089490974986,107.47658670159785,109.00459669406948,29029000
2022-11-23,111.36605072021484,111.79270286479202,109.86781365645757,110.85010298653472,21343100
2022-11-25,110.54252624511719,111.85224795871838,110.15555595769946,110.43338213815132,12007600
2022-11-28,107.9330062866211,111.16762510453496,107.53611928816707,109.91743370890127,23309400
2022-11-29,108.60770416259766,110.07618368108777,107.6948694302875,108.68708307062184,23899200
2022-11-30,117.18042755126953,117.2399655163382,108.52832353355872,108.65731614954981,43348600
2022-12-01,119.5022201538086,120.25629711354443,117.4781033024334,118.27186971846952,36551400
2022-12-02,122.5284652709961,123.07418582320302,116.69425155553571,116.91253977641848,39950500
2022-12-05,121.47671508789062,123.69927150066809,120.40512255012695,120.80200951633452,35474900
2022-12-06,113.2314224243164,119.61135638173694,112.8543763993124,118.97634026277038,43689200
2022-12-07,113.04290008544922,114.97771365164438,112.00107273750456,112.87422558377872,29461100
2022-12-08,114.43199920654297,116.42634314272308,113.69775567353206,115.48374322681642,30619400
2022-12-09,114.99756622314453,116.62479604138488,112.98337367800491,114.40223953329871,26033400
2022-12-12,113.81682586669922,114.81896376384701,112.25905075290997,114.28316748923302,24747100
2022-12-13,119.21446990966797,122.33994437785942,117.71622519933055,121.1790486702528,44701100
2022-12-14,120.64324951171875,123.17339725161956,118.46038259218837,118.46038259218837,36922000
2022-12-15,115.2456283569336,117.70631421305104,113.12229154157816,117.40865463061223,34531000
2022-12-16,118.50007629394531,122.34986252333044,117.8948253630125,119.29385024041143,67064000
2022-12-19,113.58861541748047,116.8827642422822,113.43978186458503,115.9203158462125,29769900
2022-12-20,116.17829132080078,116.41642804447906,111.58434489885498,112.37811883780395,28742500
2022-12-21,118.82750701904297,119.40298517401476,114.71974317671537,115.79132814906961,20392800
2022-12-22,116.20806121826172,117.69638163953562,113.48939046500924,116.28743255420459,23618100
2022-12-23,117.12089538574219,117.25980468548725,114.64036136173881,115.12654391084652,17796600
2022-12-27,115.96992492675781,117.67653356062343,115.14639337715077,117.01175225347482,21392300
2022-12-28,114.7197494506836,117.23004887272762,114.61060533929127,115.34484134957533,19612500
2022-12-29,119.32361602783203,120.0876172098368,114.86857127552733,115.49367072170247,22366200
2022-12-30,119.40298461914062,119.48236352635037,116.823230694738,117.23996617259452,19583800
2023-01-03,123.76873016357422,125.38604327854202,121.32788546177093,121.86368174801889,35528500
2023-01-04,126.37825775146484,128.04517701826012,124.87008873532221,126.38817443776281,32397100
2023-01-05,125.95159912109375,127.51929845470177,123.57028492333293,125.14790094273111,25447100
2023-01-06,129.00762939453125,129.3152132188516,125.0586155413681,127.96580198249362,27584500
2023-01-09,128.4619140625,131.91481363671815,128.27339102960076,130.1387577046288,26649100
2023-01-10,131.95449829101562,132.4009914039198,126.15996665938663,126.27902745216674,28684400
2023-01-11,131.8553009033203,132.80783288245752,129.3251525005948,129.9403353966972,25423000
2023-01-12,135.64553833007812,136.6079716671771,130.7340685210791,132.40099536982513,30757700
2023-01-13,135.91342163085938,136.3202328612328,133.79008502400478,133.91907764338632,22423800
2023-01-17,134.3060302734375,135.68520653868867,133.20467259831045,135.11963753309317,21147600
2023-01-18,131.98426818847656,136.18132782317699,131.76597996728842,134.75253769902895,20215500
2023-01-19,135.0898895263672,136.37977036748882,131.1111180301182,131.45839888195158,28625200
2023-01-20,138.2847900390625,138.85035899875172,133.56185925032688,134.83189131351588,28688600
2023-01-23,142.15443420410156,142.6406091357408,137.5803293049433,138.20541352276183,27470100
2023-01-24,142.02545166015625,143.87096953007216,140.25931269367496,140.58674499285107,21970200
2023-01-25,140.39822387695312,142.05521876598272,139.21748727495543,140.12040528118638,26622000
2023-01-26,146.153076171875,146.36143256354927,142.18422150401676,143.27564745369034,25482100
2023-01-27,150.55848693847656,151.99719353324195,146.24235201420336,147.0857395731919,35771900
2023-01-30,145.9149169921875,149.94330143789412,145.8057729000142,148.24662480680917,28040100
2023-01-31,147.81004333496094,148.7129612354051,146.37133681687672,146.79798134611173,29842100
2023-02-01,151.92776489257812,152.38418988018302,145.9149519766229,146.87740052745855,55661000
2023-02-02,187.3001708984375,195.62484263627775,178.75721095112047,181.95214004621323,150475700
2023-02-03,185.07762145996094,195.23789526478814,181.4659641739447,182.04144994050517,76809700
2023-02-06,184.61126708984375,189.215137765212,184.075478386839,185.0776087109676,42483800
2023-02-07,190.12799072265625,192.27117602009497,182.96420635731428,184.13502643535176,47080700
2023-02-08,182.00173950195312,189.34412947288163,181.49571599932648,188.52059034038672,36139100
2023-02-09,176.53465270996094,185.19667372941453,175.88971988644266,184.6807335265915,37118800
2023-02-10,172.79400634765625,177.49710464211017,172.00024751549427,174.97688855603946,33433600
2023-02-13,178.0328826904297,179.59066534207818,174.45100605417406,176.83231268780145,31463200
2023-02-14,178.08248901367188,180.09668136890622,174.51052921137415,175.78056138196592,24034600
2023-02-15,175.78057861328125,176.80255748917412,173.96482576796248,175.04633504206592,25308900
2023-02-16,171.09730529785156,174.48075710359464,170.4523574127226,171.40488907292328,25827500
2023-02-17,171.53390502929688,171.83155701990117,168.37865766907873,168.8946130194248,24171300
2023-02-21,170.74012756347656,176.78270508862917,170.541687860479,172.95275977485835,34592600
2023-02-22,169.78759765625,171.41482746265243,168.36873938126783,169.7379990849405,22433200
2023-02-23,170.70042419433594,172.33758574816875,168.06114747660433,170.66074231120285,20017800
2023-02-24,169.06329345703125,169.39072579815928,166.35455426767354,167.3269194643697,19791300
2023-02-27,168.2198944091797,171.77202106868893,167.74363609963024,170.54168584068796,19277000
2023-02-28,173.577880859375,176.16755942724996,170.53177729172967,170.5615424938907,46051100
2023-03-01,172.06968688964844,176.46520116867393,171.70257268922543,173.23057502664264,30998400
2023-03-02,173.17105102539062,173.64730934892816,170.0951825850901,171.03779768581322,17352000
2023-03-03,183.80755615234375,185.16688384157925,175.6714082467401,177.52684270021945,45877700
2023-03-06,183.46029663085938,188.183243263601,183.20232653393649,186.5361649817629,33209400
2023-03-07,183.0733184814453,188.87777386268286,182.5772117015097,187.5283628156589,36701500
2023-03-08,183.5297393798828,183.81747464438317,179.92799939127048,181.44608489358308,19432400
2023-03-09,180.27529907226562,187.45891615214956,178.89612271521787,184.89901827847535,26582800
2023-03-10,178.11224365234375,183.33129646086596,177.40778053102633,179.60056393340946,25665000
2023-03-13,179.49143981933594,182.3490199218457,173.4587942651152,176.57434446133212,24728000
2023-03-14,192.50930786132812,192.80697500171783,185.10738693821187,186.119449159545,41642600
2023-03-15,196.2102508544922,196.24001605303158,189.35405084464165,191.4476222684607,42123600
2023-03-16,203.33433532714844,204.1578744706101,194.563170324946,196.71627212123454,50447100
2023-03-17,194.08692932128906,200.32794705324463,193.90832297618806,198.9983842818553,50141100
2023-03-20,196.26976013183594,197.8076941641237,192.13223144031136,196.9345413943134,25186300
2023-03-21,200.58590698242188,201.9650832943874,196.4086810237472,201.61780247498058,31827000
2023-03-22,198.2541961669922,205.75532852932008,198.1152868691705,200.92325316226015,28477800
2023-03-23,202.68939208984375,206.26136708985172,200.57597228650752,201.26060208984055,27389700
2023-03-24,204.40594482421875,205.96372764565962,201.96510752970553,203.58240561249892,27716400
2023-03-27,201.2606201171875,204.25710968337523,199.79214810341801,203.21528228672267,18527200
2023-03-28,199.117431640625,199.4647124804403,196.35907885459528,198.59155960774748,19127300
2023-03-29,203.75108337402344,204.1181975874608,200.96295024122955,201.97501242473533,18851100
2023-03-30,206.22169494628906,206.46974837510436,201.24079299646337,201.7964302546129,22608300
2023-03-31,210.2897491455078,210.5179540303412,205.16000673960775,205.62634833468755,25440300
2023-04-03,211.41098022460938,211.82770816161158,206.57888921274505,207.21390537484075,17924600
2023-04-04,213.04811096191406,214.5562799124581,210.885077384689,211.72846502268536,21026400
2023-04-05,209.83334350585938,213.51446289742063,208.3053411097266,212.48255219823199,19396600
2023-04-06,214.41737365722656,215.25082948122093,207.02536992733897,207.62070416732274,26104400
2023-04-10,213.07786560058594,213.98078358899562,209.0197157053964,213.0381837191073,16106100
2023-04-11,212.1848907470703,214.33799250651626,211.74831432764745,213.80218866814147,16710100
2023-04-12,212.3336944580078,215.15157723684675,210.92475306858836,213.16715018583733,18972200
2023-04-13,218.63429260253906,219.42805144239233,214.01057317449468,214.05025506049557,23310400
2023-04-14,219.765380859375,220.38054840499984,215.85605711722883,216.18348939989343,21591200
2023-04-17,217.15586853027344,219.25935651194632,215.4393432459834,218.0786199086563,15481900
2023-04-18,216.19342041015625,218.7235681147785,214.52650883156815,218.19769611867787,12281000
2023-04-19,214.0204620361328,215.63777498502634,211.27202623352866,211.80783003474696,15898100
2023-04-20,211.41098022460938,215.06231937166476,211.11331308675648,211.81777633502944,16475400
2023-04-21,211.2323455810547,211.74830087486373,207.94812109811113,208.57322048984176,17717200
2023-04-24,211.1331329345703,212.2543391879995,209.0693418949524,212.01620246497654,15750900
2023-04-25,205.9339599609375,209.61506437207524,205.5172320166566,209.17850305424275,19198200
2023-04-26,207.76954650878906,212.44287978251066,207.25360627617584,210.84541509081166,41992700
2023-04-27,236.70248413085938,239.8081176766573,234.9264283723866,238.02213009217323,71196500
2023-04-28,238.4487762451172,238.55790520519412,233.91435289009024,237.1489637299281,39554000
2023-05-01,241.2864990234375,242.10012145288675,234.61883747613797,236.76200737278006,29143900
2023-05-02,237.37718200683594,243.01294786638383,237.12912861217322,241.28649078913926,24350100
2023-05-03,235.1844024658203,239.86765214917628,230.93772921497737,237.60540621704422,34463900
2023-05-04,231.70175170898438,236.3453046428844,231.1163341088725,234.22196789157476,17889400
2023-05-05,230.9674835205078,232.85268332838044,228.0603049028967,230.43169483131584,27000500
2023-05-08,231.45370483398438,233.78539805375476,228.47706359514368,229.61810334737382,16400500
2023-05-09,231.55288696289062,234.043352831237,229.2807244414687,229.6577704607354,16865600
2023-05-10,231.26515197753906,234.90657414001882,228.92352723267723,234.33108842458907,19119000
2023-05-11,233.95404052734375,236.35521078761784,230.49122471674158,231.23538492451843,20449000
2023-05-12,231.9894561767578,235.11493805740562,229.64783150762847,234.89664985723425,16161400
2023-05-15,237.00015258789062,238.38924563922228,233.4976396213384,235.07525568820336,20653200
2023-05-16,236.96047973632812,237.77408708598546,233.68617154482772,233.95405833923843,18163800
2023-05-17,240.60189819335938,241.94137756334118,236.2857626745779,236.5933464897594,21193100
2023-05-18,244.92794799804688,245.1660695868322,239.3120150495156,239.42115915770188,22943300
2023-05-19,243.72735595703125,246.753610562604,241.51472379688204,245.5431087203749,21733600
2023-05-22,246.38645935058594,251.59558013601537,243.21136409320036,243.49911448163934,27738500
2023-05-23,244.8188018798828,249.65087751904687,244.72949114484263,244.8882489627154,17748100
2023-05-24,247.26956176757812,247.64659264626343,243.04272207618027,243.37015438607577,17724300
2023-05-25,250.7224884033203,253.62966734818465,247.22989185476325,251.4269516691496,22371400
2023-05-26,259.99969482421875,260.26758163108605,250.74233888741432,250.96061197968322,25727200
2023-05-30,260.4759216308594,266.5581962700264,259.25551819647967,263.18467584953015,23816500
2023-05-31,262.65875244140625,262.9365710033438,256.4375848509024,257.9755036259222,25473700
2023-06-01,270.48736572265625,271.866557317883,263.8197186411394,263.8296201878953,25609500
2023-06-02,270.48736572265625,273.20605188620755,269.0089769801132,270.5369945762739,19416900
2023-06-05,269.27691650390625,273.42436290204057,267.4611483013033,268.1953768204094,20742900
2023-06-06,269.00897216796875,274.41654891819206,267.59011385118043,268.0366221259544,19419000
2023-06-07,261.5475158691406,272.11458484922684,260.75372680643784,269.5546870369073,26163600
2023-06-08,262.51983642578125,265.56593916023627,256.8642376024119,258.59067941544686,20899400
2023-06-09,262.88702392578125,265.86366493518454,259.6623294989277,260.43625495017426,16949800
2023-06-12,268.93951416015625,269.6340758695962,263.2640505240302,265.0897503979936,15442500
2023-06-13,269.2073974609375,273.5731311839987,266.9947502630428,272.73967540522887,16164000
2023-06-14,271.2216491699219,272.84886406164475,266.2308149508549,269.7730254955901,19175100
2023-06-15,279.63555908203125,281.7787441952247,269.3066416531064,270.1797642281489,25973500
2023-06-16,278.8120422363281,285.6087119553762,277.94882118522963,282.53284351172397,43127700
2023-06-20,282.1160888671875,282.5824304857627,274.0692508402336,276.55971674793904,20701600
2023-06-21,279.4470520019531,281.78866155656544,276.1925623349365,281.32231995476303,20556200
2023-06-22,282.661865234375,283.03891131389236,275.6270731990497,276.9070071679863,17563100
2023-06-23,286.48187255859375,287.41455585917544,276.7780237818679,279.31808843197484,51092000
2023-06-26,276.3017272949219,287.5335927129634,275.4385062924321,286.45208350341085,24232700
2023-06-27,284.81488037109375,287.09698964762225,278.46471986414537,279.8141460043459,26108300
2023-06-28,283.0686340332031,287.29544349247846,281.84820037160534,282.60229241746646,16722100
2023-06-29,279.3379211425781,284.33868665809604,278.50446526998496,282.28479703637055,15395700
2023-06-30,284.7455139160156,286.79937337324867,282.2054491291331,282.54279817177024,19694900
2023-07-03,283.7929382324219,287.1466252255622,282.6320652147703,284.4676665294726,8629300
2023-07-05,292.0779113769531,295.79871236153565,284.13027078429906,285.41023480138307,33865500
2023-07-06,289.7164306640625,295.79870469399134,289.0417327035368,293.58608781168573,47600500
2023-07-07,288.267822265625,293.89368682314864,286.4123876380687,289.90496868523604,25586000
2023-07-10,291.81005859375,295.8086786396994,284.8149337600443,293.2487503073784,37058300
2023-07-11,295.9674377441406,297.8427059212955,289.6271775662314,291.61160499769574,27585900
2023-07-12,306.93133544921875,307.0404946851265,297.76329195096815,299.40043824994797,36677100
2023-07-13,310.96966552734375,313.7776166697492,307.8739639648475,311.17802190329286,30281000
2023-07-14,306.46502685546875,312.4282406131699,304.9667745464392,309.36230405201036,23054100
2023-07-17,308.2013854980469,309.2828946951575,302.3373994520956,305.1453809142804,25323100
2023-07-18,309.6202087402344,311.7534919766378,305.2247102283001,308.4593359088423,20731900
2023-07-19,313.5494384765625,316.1986319082592,308.1021650649504,310.59263096242654,21763700
2023-07-20,300.1644287109375,313.08306835899816,299.86677676142403,311.0589442624439,23836900
2023-07-21,291.96881103515625,303.0815862304324,288.93263955652174,302.1985317891098,42139300
2023-07-24,289.3393859863281,295.2033718464492,286.0551614764398,293.4769299160423,24915700
2023-07-25,292.1771545410156,295.97731949491924,289.5874611705835,292.89154957975995,19585600
2023-07-26,296.2452697753906,299.42033564139683,289.62719066887496,298.8448649834203,47256900
2023-07-27,309.28289794921875,322.81670621390026,307.4274633309865,322.58848618129997,64229200
2023-07-28,322.9457092285156,323.66010426666475,311.80313905459457,314.4126657950555,39220300
2023-07-31,316.1192932128906,323.12431956427827,315.1171476788954,321.16965734963014,25799600
2023-08-01,320.197265625,321.6161541887826,312.2099576770772,315.06753789734006,22817900
2023-08-02,311.86260986328125,315.9108577326105,308.2311049698939,315.52387994923936,20461100
2023-08-03,310.75140380859375,313.4899232457008,307.5167775331678,307.5167775331678,15180200
2023-08-04,308.31048583984375,315.9306776121175,307.78461394024555,312.5075292128791,17612800
2023-08-07,314.09515380859375,314.60119246481474,308.04264442618995,310.79109564375017,16236500
2023-08-08,310.2056579589844,315.41477908225454,307.69532861558554,311.95193321184496,15183500
2023-08-09,302.83349609375,311.1879477003987,300.4918865961825,310.4437875207549,19955800
2023-08-10,303.35943603515625,309.9080531390433,301.5040010830467,305.5423184964393,14358900
2023-08-11,299.29132080078125,302.34732532437346,298.02125834115725,300.2140721691434,14046300
2023-08-14,303.8058776855469,303.82571105631087,295.9276994586192,298.63645342569663,15641900
2023-08-15,299.598876953125,304.8377629959797,297.69381371938107,303.75625391993054,11623600
2023-08-16,291.9985656738281,298.735674605063,291.988633847669,297.8625520218376,18547700
2023-08-17,282.8701477050781,293.7447993644436,282.7312535583834,290.76815881578875,23950100
2023-08-18,281.04449462890625,283.46549817008304,272.2435650787886,276.857352138506,35347900
2023-08-21,287.6427307128906,288.23806495812437,279.65542295254005,281.2429708465109,20181500
2023-08-22,285.36065673828125,290.6193770623764,284.51726906518275,290.2720962228701,12980200
2023-08-23,291.94891357421875,295.08431211507826,285.43009337789294,286.25361732465876,18287000
2023-08-24,284.51727294921875,297.12830035290386,284.4081439787186,296.1757836977918,18360900
2023-08-25,283.27703857421875,286.1445509771802,273.8807727209963,283.90213811008715,23701400
2023-08-28,287.99993896484375,289.180675611169,283.57464435762574,285.7575264634264,14239300
2023-08-29,295.66973876953125,296.8207102483981,285.9361251901025,286.3330045979978,20844500
2023-08-30,292.8022766113281,295.96744081980256,291.1452663656537,294.8561662914278,17717000
2023-08-31,293.58612060546875,298.75554540509034,293.35790055805364,293.49679472781526,17229900
2023-09-01,294.07232666015625,299.3905780173002,292.177194695812,297.0390361899083,12842300
2023-09-05,297.81292724609375,299.0432927883047,293.20907155898277,294.70729361157686,14956000
2023-09-06,296.840576171875,300.9383931826944,293.35789651003546,299.3607770852688,15418100
2023-09-07,296.34442138671875,304.65914513819365,289.9446321561456,295.6796250140112,33748700
2023-09-08,295.570556640625,302.87323501269304,294.46918367681815,296.8901875518962,17548000
2023-09-11,305.1652526855469,306.63373990822015,298.93415166603296,299.0631442958572,19489300
2023-09-12,299.3111572265625,306.2566524037513,297.8922990504119,303.94477776656885,13480400
2023-09-13,302.6846923828125,304.78818046723666,298.97382303689284,300.00570342701496,13210900
2023-09-14,309.2928466796875,310.4338863451406,302.65493479949475,304.3516116982113,19343100
2023-09-15,297.9716796875,309.5706597125895,296.42382881133364,309.18368185356906,28131100
2023-09-18,300.1942138671875,301.23605631967,295.4811992467907,295.86817708684436,14234200
2023-09-19,302.694580078125,303.7860209854351,297.4755273722306,300.12475074361265,15924400
2023-09-20,297.3367004394531,305.6613578506982,297.0985485549638,302.67478484739934,19379500
2023-09-21,293.4273681640625,297.9220950102227,290.98650066246944,293.397602964285,21319600
2023-09-22,296.751220703125,303.00218435179124,295.94753013514656,296.9695088993633,25369600
2023-09-25,298.4876403808594,298.6067314625518,291.41318198492553,293.33807902616303,18987000
2023-09-26,296.6322326660156,297.9617955400917,293.70522008949223,295.34236682279686,19417200
2023-09-27,295.4216613769531,298.95393929645525,284.55694085285074,298.11058197811235,36429800
2023-09-28,301.59320068359375,303.9447417846952,294.38975141438783,296.6122999183905,22167100
2023-09-29,297.8724670410156,308.2212789671032,297.0290793382049,304.9866526085404,25373700
2023-10-02,304.43096923828125,304.7881515825602,299.2813784819107,300.3827209900587,16265600
2023-10-03,298.5968017578125,304.3813944694725,297.30693602326215,301.89095860230594,17362300
2023-10-04,303.2005920410156,304.51032114563077,296.1757336907266,296.40395369954626,16880500
2023-10-05,302.41680908203125,303.8257355185984,297.1679903566098,302.25805126327083,19130000
2023-10-06,312.97393798828125,313.84709082731973,298.56700698401727,299.09287899662587,21803900
2023-10-09,315.88116455078125,317.83582690910174,309.39210822942056,310.06680633280996,22503700
2023-10-10,319.3340148925781,322.1320644548327,315.68267618606524,316.6351927442957,19038000
2023-10-11,325.2674865722656,326.2795335962298,320.4354109332088,320.4949413299151,22036300
2023-10-12,321.63592529296875,327.96625213981815,320.1773702662497,325.446021422368,20530500
2023-10-13,312.2397155761719,322.5190344437851,309.93777264367094,321.0108805983314,21341000
2023-10-16,318.6494140625,319.3142105445774,313.0632462556419,316.15897834118726,16536100
2023-10-17,321.47723388671875,321.87411330466125,314.8293900863371,315.7025429737858,16387800
2023-10-18,314.501953125,323.4021105297396,313.1029282837248,318.8875506594912,16851000
2023-10-19,310.37432861328125,319.38364490768606,309.3225846372319,317.3892859153871,18709200
2023-10-20,306.2467346191406,312.8449492839968,304.08371614626304,311.6940081053693,22312300
2023-10-23,311.5650634765625,314.88895546604584,304.8676203599035,307.0901695712514,17796800
2023-10-24,310.1163635253906,315.8712208509296,308.2113302782834,314.31343815660597,19525500
2023-10-25,297.1977844238281,308.45941658390853,296.513154511403,307.58626363589036,42192500
2023-10-26,286.10479736328125,292.703011741462,277.22447353914265,292.703011741462,66684100
2023-10-27,294.4195556640625,296.9794534570117,290.6888227974808,292.18707503953055,29596300
2023-10-30,300.3034362792969,306.99094768939835,296.7215286687491,296.761225699659,28435100
2023-10-31,298.9241638183594,301.3154020955398,294.5484984510661,300.94828792866167,19434200
2023-11-01,309.421875,310.3049295233318,299.49973714705766,299.49973714705766,20434600
2023-11-02,308.4494323730469,316.3375424870294,305.92920138835984,314.82935845841877,21631800
2023-11-03,312.150390625,313.0929753347785,308.5982491394363,310.11633466819546,16764300
2023-11-06,313.341064453125,315.85136382365476,312.00160022439076,313.5196859262533,12887700
2023-11-07,316.3376159667969,318.50063481768234,312.6664127369756,314.59130996169756,14055600
2023-11-08,317.2900695800781,318.8279885761275,312.4282289074521,315.66285499199586,13609700
2023-11-09,318.0540771484375,321.6558175852299,316.3177032404489,316.9329011458724,16103100
2023-11-10,326.2100524902344,326.53749993312164,316.9725463498959,317.44881977593377,19096200
2023-11-13,326.6268005371094,329.7423355253946,323.1639847295043,323.66009153425944,16908900
2023-11-14,333.69134521484375,335.46741599370006,330.7345378585308,331.9351380866725,17179400
2023-11-15,330.1194152832031,335.76511372075856,327.45035797842024,335.29877206542585,14531200
2023-11-16,331.5878601074219,331.97480765966105,323.838674437655,326.8053833646593,18932600
2023-11-17,332.4312744140625,332.88768422104437,326.78557624437,327.6884943120668,14494400
2023-11-20,337.3228454589844,339.2080451684162,331.5878522890542,332.2824138935604,16960500
2023-11-21,334.3561096191406,337.2533560259426,333.28450210323666,335.6955735940919,12027900
2023-11-22,338.8310546875,340.2499433246193,335.943709119039,336.5688086095252,10702700
2023-11-24,335.5964660644531,339.1981765257003,334.1478121943514,337.4816661250414,5467500
2023-11-27,332.0939025878906,337.2533951174812,331.59779579004794,333.56235933033327,15684500
2023-11-28,336.35052490234375,336.73750279402384,330.8040537479839,330.8040537479839,12637200
2023-11-29,329.6133728027344,337.25339941898335,328.20441615570996,337.04504303961954,16024500
2023-11-30,324.6026611328125,330.9032233148891,319.88964670778785,329.3057740125749,23146400
2023-12-01,322.29083251953125,324.31492648520225,318.2624476796763,322.9456971366447,15276400
2023-12-04,317.5281982421875,318.3616540663768,311.2177340247724,314.81947438356156,19037100
2023-12-05,315.81170654296875,319.3737500866392,312.9342928735929,316.4963364172633,16952100
2023-12-06,314.9782409667969,319.74085446043057,314.5714297293888,319.42333881953283,11294300
2023-12-07,324.04705810546875,325.684204601207,315.2957262890319,315.2957262890319,15905100
2023-12-08,330.15911865234375,330.5758617421196,320.4850347849948,320.5743303870982,14087400
2023-12-11,322.7472229003906,327.3213431195111,317.5083365583756,326.83513788878696,25802500
2023-12-12,331.6176452636719,331.86569867463805,322.0328578303436,322.07255485448627,18485500
2023-12-13,332.1335754394531,335.73531570283495,330.04995107415203,331.32988483456126,16353300
2023-12-14,330.5758361816406,332.0939218599385,326.08110954354635,331.2505341986713,19607300
2023-12-15,332.31219482421875,336.02306402754414,328.64099236363404,329.40498594080213,31776900
2023-12-18,341.9366455078125,344.8537559101192,334.39581610239355,334.85225615932194,18993900
2023-12-19,347.6319274902344,350.8467200070785,342.432738138237,342.8891478963245,17729400
2023-12-20,346.5603942871094,352.196160744239,345.0820055877461,345.9352948214848,16369900
2023-12-21,351.3329162597656,353.6348591200321,346.49090896056947,350.2315736784916,15289600
2023-12-22,350.6383972167969,354.4187288106996,348.4852802675343,352.8113172583685,11772800
2023-12-26,352.0671081542969,354.2003914352068,350.69787893895216,352.22586595026877,9898600
2023-12-27,355.0437927246094,356.2046960041271,352.5434252578998,353.29751731228595,13207900
2023-12-28,355.530029296875,359.08214111006873,355.02399060741305,356.8992890825063,11798800
2023-12-29,351.20391845703125,357.19689709783825,349.0805970920824,356.19475166917226,14987100
