Price,Close,High,Low,Open,Volume
Ticker,MSFT,MSFT,MSFT,MSFT,MSFT
Date,,,,,
2014-01-02,30.760921478271484,30.959594051368512,30.71125254554887,30.918201695202956,30632200
2014-01-03,30.5539608001709,30.81057878572196,30.29734281461984,30.794022481061354,31134800
2014-01-06,29.908294677734375,30.53741875974438,29.891738365340203,30.50430613495604,43603700
2014-01-07,30.140064239501953,30.20628946162146,29.97450434199558,30.07384217517484,35802800
2014-01-08,29.602001190185547,29.916564741600634,29.45300072666579,29.800673737866923,59971700
2014-01-09,29.411605834960938,29.726169359201247,29.303994573814915,29.70133647705874,36516300
2014-01-10,29.83378028869629,29.924838389625393,29.593718596754545,29.717889308529205,40548800
2014-01-13,28.95632553100586,29.817234777908286,28.83215793207159,29.792401889680136,45901900
2014-01-14,29.618555068969727,29.701336606125718,28.666591075121545,28.749369454484775,41623300
2014-01-15,30.429805755615234,30.454641804284787,29.676510873711795,29.7179032355631,44812600
2014-01-16,30.537412643432617,30.62847076446576,30.057292311339335,30.37185271044446,38018700
2014-01-17,30.115232467651367,30.48774146129237,29.924839683744306,30.48774146129237,46267500
2014-01-21,29.94140625,30.47947538836589,29.85035126212026,30.47947538836589,31567300
2014-01-22,29.742721557617188,30.065561612040543,29.593717969761435,30.015892696824523,21904300
2014-01-23,29.850343704223633,29.908289208109313,29.403332824711413,29.875176589376604,43954000
2014-01-24,30.47119903564453,31.08376685285831,30.239413801909574,31.00098844224908,76395500
2014-01-27,29.825517654418945,30.537423406733048,29.784128446032025,30.520867091819444,44420800
2014-01-28,30.024185180664062,30.123519895495004,29.59373053933845,29.90001441878015,36205500
2014-01-29,30.34702491760254,30.52914119022582,29.717900856039503,29.78412294567022,52745900
2014-01-30,30.5125789642334,30.52913527288043,29.991066294127283,30.454633462865274,35036300
2014-01-31,31.32382583618164,31.36521503774906,30.26424711864619,30.58708731178317,93162300
2014-02-03,30.198020935058594,31.447995625137096,30.156631734772468,31.24104646591291,64063100
2014-02-04,30.09040069580078,30.785749863253933,30.007622311163033,30.603636785492295,54697900
2014-02-05,29.651683807373047,30.18975303919541,29.635127490939105,30.04074934908443,55814400
2014-02-06,29.949682235717773,30.007627747019573,29.544060498811668,29.635118633084073,35351800
2014-02-07,30.264245986938477,30.28907887539159,29.80895531334114,30.065573405932952,33260500
2014-02-10,30.462913513183594,30.462913513183594,30.04073864680238,30.322189610320972,26767000
2014-02-11,30.76920509338379,30.843706930613536,30.512590110099005,30.529146424793854,32141400
2014-02-12,31.017528533935547,31.125139779888677,30.876801520146557,30.91819070380486,27051800
2014-02-13,31.133426666259766,31.340375789903828,30.901644658272183,30.901644658272183,37635500
2014-02-14,31.141714096069336,31.274161455053697,30.90165542889364,30.951321214891447,31407500
2014-02-18,31.20842933654785,31.508671296970896,31.200090696079613,31.383572601109893,32834000
2014-02-19,31.283479690551758,31.483641993137205,31.03327919842385,31.041621017662173,29750400
2014-02-20,31.48363494873047,31.583714486894642,31.191734970138647,31.33351405074863,27526100
2014-02-21,31.675451278686523,31.984031670506926,31.575371753509508,31.642090376470605,38021300
2014-02-24,31.433605194091797,31.675467083631688,31.30850652056837,31.433605194091797,32085100
2014-02-25,31.308517456054688,31.567056713856154,31.15005462684895,31.366897493717822,30736500
2014-02-26,31.250110626220703,31.475291941923007,31.01658749430495,31.341851515744313,41041800
2014-02-27,31.575389862060547,31.60040896233562,31.04996648597602,31.23344837192008,33903400
2014-02-28,31.95069694519043,32.07579564632955,31.542033552600675,31.675474076032895,41215000
2014-03-03,31.50867462158203,31.800577972336768,31.266815844808743,31.625434689294632,29717500
2014-03-04,32.034095764160156,32.0924757937454,31.75053425697199,31.858955675404435,26802400
2014-03-05,31.783884048461914,31.91732452383511,31.633763115983083,31.900644066729473,20520100
2014-03-06,31.817241668701172,31.89230212716974,31.60039893024907,31.80889985027602,23582200
2014-03-07,31.60875129699707,31.992392354320362,31.43360804780807,31.92567051053929,26591600
2014-03-10,31.542015075683594,31.700474610225424,31.458615990444983,31.683797338354637,19006600
2014-03-11,31.708829879760742,31.883969941945807,31.45862933642886,31.583728017358542,25216400
2014-03-12,31.917325973510742,32.050766454944764,31.517004529208673,31.525343167404287,30494100
2014-03-13,31.60040283203125,32.0674460958884,31.391901886260158,32.04242381899494,32169700
2014-03-14,31.44194984436035,31.808910440450603,31.283487056240887,31.40025028276619,27195600
2014-03-17,31.733850479125977,32.03409241790014,31.51701084638501,31.608751792285187,20479600
2014-03-18,32.984867095947266,33.276770489187605,31.875643109760315,31.909000861481005,64063900
2014-03-19,32.7513313293457,32.98485138754961,32.45108943652801,32.918132734408,35597200
2014-03-20,33.63538360595703,33.90226463746033,32.726319098188654,32.73465773852876,59269800
2014-03-21,33.49359893798828,34.1441210093317,33.36849707128103,33.96064230135972,80721800
2014-03-24,33.77716064453125,33.893920690810056,33.243398614986624,33.643720137145095,46098400
2014-03-25,33.643714904785156,34.18581867131036,33.326792555979395,33.91059587805143,43193100
2014-03-26,33.18501281738281,33.95229480597169,33.026550055173125,33.76047430882447,41977500
2014-03-27,32.82640838623047,33.33515149702158,32.80972791915016,33.14333089780873,35369200
2014-03-28,33.61037063598633,33.89393220822234,33.0932888918408,33.18502986836918,43472700
2014-03-31,34.18582534790039,34.61116598790372,33.69376286081345,33.718781962733416,46886300
2014-04-01,34.5444450378418,34.68622737583978,34.252544902953105,34.3192667517693,32605000
2014-04-02,34.48606491088867,34.74460730209261,34.3359439329603,34.561125399852855,28666700
2014-04-03,34.2025032043457,34.43602649159932,33.95230263651303,34.43602649159932,30139600
2014-04-04,33.25173568725586,34.5194220383996,33.05991516577308,34.402661997625074,51409600
2014-04-07,33.1933479309082,33.58533070341598,33.14330974307947,33.32678840090442,37559600
2014-04-08,33.21002197265625,33.30176287458438,32.69294064898179,33.151641977151286,35918600
2014-04-09,33.75213623046875,33.8188548829229,33.26007384041484,33.3017733958827,27398700
2014-04-10,32.82640838623047,33.935632404543696,32.601226852857,33.72713133825054,45960800
2014-04-11,32.70130157470703,33.18502550314529,32.52616146881317,32.52616146881317,34330200
2014-04-14,32.676273345947266,32.86809386286963,32.44275326995003,32.61789332694796,32006600
2014-04-15,33.15165710449219,33.326797170924756,32.567853701577675,32.80971561130224,33968700
2014-04-16,33.69375991821289,33.71043719705453,33.285096594197775,33.41019845581755,30615800
2014-04-17,33.368499755859375,33.52696255730031,32.95149774191652,33.368499755859375,36688400
2014-04-21,33.31011962890625,33.485262892158374,33.18502093398087,33.46858242987375,22221200
2014-04-22,33.35182571411133,33.476924421559985,33.21838518394885,33.326803427443046,27056700
2014-04-23,33.10161209106445,33.35181579449164,32.91813340508269,33.35181579449164,24602800
2014-04-24,33.243404388427734,33.33514534971466,32.7763609407276,33.14332478587528,42381600
2014-04-25,33.28510284423828,33.92728637029099,33.15166231814116,33.602025286771344,56876800
2014-04-28,34.08573532104492,34.43601858071944,33.4352133578278,33.476912912641595,50610200
2014-04-29,33.785499572753906,34.3526225293544,33.685419986728135,34.2775620444669,29636200
2014-04-30,33.69375991821289,33.77715903831108,33.50193621533656,33.69375991821289,35458700
2014-05-01,33.36015701293945,33.66039893509151,33.31845745296778,33.56031935486499,28787400
2014-05-02,33.10161209106445,33.6437158731937,33.07659299331063,33.61869677543988,43416600
2014-05-05,32.8847770690918,33.059917140716145,32.77635566126462,32.95983755428404,22460900
2014-05-06,32.576210021972656,32.81806885787284,32.484469037349754,32.76803063460508,27112400
2014-05-07,32.876426696777344,32.95148716244691,32.11748340232809,32.70962848993107,41744500
2014-05-08,33.05992126464844,33.27676410735202,32.501140057437446,32.80972067662153,32120400
2014-05-09,32.97650909423828,33.23504822103289,32.83472680213352,32.97650909423828,29647600
2014-05-12,33.33512878417969,33.376828332731634,33.068247855681285,33.14330831566344,22782600
2014-05-13,33.948246002197266,34.0154385297654,33.46951045698052,33.528302316644606,27004800
2014-05-14,33.79707717895508,33.9734527994668,33.63749649037292,33.84746838257739,18818700
2014-05-15,33.25953674316406,33.931449165382226,33.18394675586031,33.67108294157689,37793200
2014-05-16,33.45272445678711,33.461121923016194,32.982386250035624,33.31833936578647,29867100
2014-05-19,33.38552474975586,33.44431661249874,33.14195663044039,33.26794102427011,24537400
2014-05-20,33.32674026489258,33.54510963143502,33.14196396741418,33.32674026489258,21320900
2014-05-21,33.889461517333984,33.889461517333984,33.37713280075964,33.42752400348548,22398700
2014-05-22,33.679481506347656,33.88945334417755,33.46950966851777,33.8390621536046,20201800
2014-05-23,33.696292877197266,33.906264797525616,33.595507252536486,33.906264797525616,18020000
2014-05-27,33.75508499145508,33.81387687323925,33.43592997717452,33.81387687323925,26160600
2014-05-28,33.6038932800293,33.75507326751369,33.44431582831407,33.71307953852717,25711500
2014-05-29,33.88106918334961,33.88946665043693,33.519917224167294,33.72149167735261,19888200
2014-05-30,34.38500213623047,34.41020094651836,33.80548076228723,33.973458947231144,34567600
2014-06-02,34.25901412963867,34.51097975529831,34.1666259859829,34.3933960102516,18504300
2014-06-03,33.83906936645508,34.166624990662136,33.80547309630136,34.099432450354705,18068900
2014-06-04,33.86426544189453,33.9062591782171,33.47791794146015,33.77187729963485,23209000
2014-06-05,34.61176681518555,34.64536308772582,33.931459917787926,34.09103740647888,31865200
2014-06-06,34.838539123535156,34.98971915591991,34.63696788296689,34.838539123535156,24060500
2014-06-09,34.66215896606445,34.838534579536244,34.45218708224089,34.76294457320309,15019200
2014-06-10,34.52778244018555,34.56977618267572,34.31781052381752,34.460589889067535,15117700
2014-06-11,34.317813873291016,34.49418953131458,34.24222384786413,34.37660575929887,18040000
2014-06-12,34.08264923095703,34.334614935859115,33.83908099452066,34.275823044845886,29818900
2014-06-13,34.62856674194336,34.914128665467025,34.31780921467019,34.519380452500386,26310000
2014-06-16,34.85532760620117,34.947715734169506,34.46898016553016,34.46898016553016,24205300
2014-06-17,35.00651550292969,35.19968926689348,33.88106598824552,34.67895985082078,22518600
2014-06-18,34.9813232421875,35.05691326173569,34.586575006333945,34.947726965962254,27097000
2014-06-19,34.86372756958008,35.08210010659716,34.712550772151296,34.91412197133397,19828200
2014-06-20,35.00651550292969,35.13249992477939,34.75454986314722,34.813341738965896,47764900
2014-06-23,35.26688003540039,35.27527750127255,35.01491120440074,35.04850747572293,18743900
2014-06-24,35.06531524658203,35.22489277333576,34.9057377198283,35.13250780768949,26509100
2014-06-25,35.300472259521484,35.317270394781296,34.82173661832538,35.02331103752639,20049100
2014-06-26,35.04011917114258,35.224892303890286,34.79655094625058,35.216494835822594,23604400
2014-06-27,35.485260009765625,35.51885629114116,34.86374161998912,34.947732323427964,74640000
2014-06-30,35.0233039855957,35.45164513476603,35.0233039855957,35.41804887101101,30793100
2014-07-01,35.166099548339844,35.401270299363986,35.01491949550916,35.15770208047927,26917000
2014-07-02,35.1912956237793,35.1912956237793,34.88053487050017,35.04851304990994,20208100
2014-07-03,35.10730743408203,35.26688815765681,34.905736167558906,35.19969559953743,15969300
2014-07-07,35.26688003540039,35.376063111322345,35.03170934006183,35.06530561138402,21952400
2014-07-08,35.09050750732422,35.27528382882399,34.94772813446883,35.16609752939982,31218200
2014-07-09,34.99811935424805,35.266886369178174,34.88053558741963,35.25848569788051,18445900
2014-07-10,35.0149040222168,35.27527026568283,34.47737660698535,34.74614031460107,21854700
2014-07-11,35.35087203979492,35.35087203979492,34.83854005018791,35.02331636222117,24083000
2014-07-14,35.39286804199219,35.65323438885124,35.30888055147889,35.46006059753674,21881100
2014-07-15,35.653228759765625,35.6700268959996,35.30047430668591,35.552443146278655,28748700
2014-07-16,37.02225112915039,37.21542491450772,35.67842889495718,35.703624500550696,63318000
2014-07-17,37.40019226074219,38.391259844193975,37.16502476769153,38.17289048692076,82180300
2014-07-18,37.534584045410156,37.660568495019795,37.16503457256226,37.50099096890954,43407500
2014-07-21,37.660560607910156,37.929324387134734,37.13983118615216,37.42539310206789,37604400
2014-07-22,37.65214920043945,37.920912880151604,37.45057483869745,37.794928503573374,43095800
2014-07-23,37.685760498046875,38.172896905755216,37.47578857139686,38.172896905755216,52362900
2014-07-24,37.291011810302734,37.794943103448574,37.22381926246087,37.73615122604546,30725300
2014-07-25,37.375003814697266,37.50938572272825,37.20702562867919,37.20702562867919,26737700
2014-07-28,36.92985916137695,37.3833960348719,36.89626288810563,37.2574148159799,29684200
2014-07-29,36.862667083740234,37.0306452483166,36.652695178999025,36.87946522058957,27763100
2014-07-30,36.6023063659668,37.03904513694197,36.35873817159883,37.01384953197881,31921400
2014-07-31,36.249549865722656,36.69468928293343,36.182360521576236,36.43432616898013,31537500
2014-08-01,35.997581481933594,36.32513711905095,35.77920892124416,36.29154084757307,31170300
2014-08-04,36.42593002319336,36.50992071870566,35.95559494399421,36.089976852896456,34277400
2014-08-05,36.1823616027832,36.501516603870556,35.97238968968604,36.375535378362535,26266400
2014-08-06,35.89680099487305,36.25794975109731,35.451658344049065,35.89680099487305,24634000
2014-08-07,36.308345794677734,36.49312211855292,35.821212582530514,35.98079009611165,30314900
2014-08-08,36.28313064575195,36.38391622089159,36.039562568908465,36.308326238557946,28942700
2014-08-11,36.28313064575195,36.493102462910336,36.13195068108466,36.33352183136394,20351600
2014-08-12,36.55191421508789,36.610706099586615,36.11517221315638,36.14876849113205,21431100
2014-08-13,37.02225112915039,37.10623861707365,36.551912866595174,36.68629476962276,22889500
2014-08-14,37.18183135986328,37.307812600971296,36.96345874900802,37.02225383955946,19313200
2014-08-15,37.61855697631836,37.71094510186772,37.291001406764146,37.442181393314726,41611300
2014-08-18,37.887325286865234,37.887325286865234,37.52617340889546,37.74454274715051,26891100
2014-08-19,38.309906005859375,38.31835592297124,37.887339223834516,38.00565740697289,28139500
2014-08-20,37.98875427246094,38.3690650203046,37.94649823912913,38.31835584594922,24770500
2014-08-21,38.21693801879883,38.24229099221943,37.88733646861709,37.89578638511447,22285500
2014-08-22,38.15776824951172,38.4282106367178,38.09015604074642,38.326792323569855,18294500
2014-08-25,38.174678802490234,38.402865235288004,38.06481376827271,38.3690623453364,16910000
2014-08-26,38.03945541381836,38.36906016956564,37.98029632984717,38.29299802961293,14873100
2014-08-27,37.921142578125,38.031010845489796,37.82817736911854,37.946498777626864,21287900
2014-08-28,37.92958450317383,38.01409654604584,37.70139811870606,37.81971626829799,17657600
2014-08-29,38.394405364990234,38.40285527930537,37.91267965083679,38.1070599193612,21607600
2014-09-02,38.10706329345703,38.41976173364621,37.90422986873048,38.394408764528364,22976800
2014-09-03,37.99720001220703,38.12397132219412,37.63379236243426,37.63379236243426,33684500
2014-09-04,38.250736236572266,38.2591893759656,37.7943666511024,37.811269705960996,26475500
2014-09-05,38.800079345703125,38.81698240278786,38.123973181956295,38.123973181956295,36939400
2014-09-08,39.27334976196289,39.55224210490918,38.86768612063226,38.89303909073791,45736700
2014-09-09,39.518436431884766,39.69591689636837,39.231090946444745,39.27335019565822,40302400
2014-09-10,39.5860595703125,39.67057164419385,39.11278357436163,39.56915651075044,27302400
2014-09-11,39.72127151489258,39.72127151489258,39.273351825211456,39.501538239934355,29216400
2014-09-12,39.46772766113281,39.73817007228135,39.38321239269399,39.64520488896257,38244700
2014-09-15,39.0789680480957,39.47617853566677,38.960646669404994,39.33250741171994,37667600
2014-09-16,39.518436431884766,39.59449856696972,39.12122592548832,39.20573797605912,27910600
2014-09-17,39.31560516357422,39.45927629046624,39.07051571001112,39.0958686797149,38311900
2014-09-18,39.450809478759766,39.577580720839556,39.264879183423176,39.374747378297215,35556600
2014-09-19,40.1607551574707,40.20301119910171,39.38323045095693,39.560710984094094,202522400
2014-09-22,39.77198028564453,40.042422724713056,39.704368063913314,39.97481050298184,38686100
2014-09-23,39.349403381347656,39.704357781729975,39.273341263561825,39.59448956183326,33430300
2014-09-24,39.78887939453125,39.81423236320168,39.16347930126183,39.40856874483551,26582700
2014-09-25,38.909934997558594,39.797324251448316,38.901481859790884,39.619847045455856,33077400
2014-09-26,39.22264099121094,39.40011823158661,38.67330299127321,38.816977345811665,27078800
2014-09-29,39.247989654541016,39.349407972707354,38.67329874730928,38.85922910668653,26091000
2014-09-30,39.180381774902344,39.28179687201034,38.88458317443962,39.18883168969142,33033100
2014-10-01,38.7916259765625,39.32405771966544,38.74936672564761,39.10432444497778,38088400
2014-10-02,38.67332077026367,38.96066638751171,38.57190561827306,38.732483101515214,25119400
2014-10-03,38.952205657958984,39.12968293067066,38.54654193864859,38.8592404511304,32453200
2014-10-06,38.952205657958984,39.12968293067066,38.80853127724335,38.97755863293818,20604000
2014-10-07,38.478912353515625,38.81696691244888,38.38594718861262,38.757807848224644,25723700
2014-10-08,39.535343170166016,39.62830836881201,38.31835211935173,38.436670290745404,33031000
2014-10-09,38.749359130859375,39.552236381956966,38.6563971792803,39.29869704580183,34422800
2014-10-10,37.21122741699219,38.97755658200831,37.14361841262892,38.53808676989734,51978100
2014-10-13,36.890071868896484,37.65914308535028,36.75485066239674,37.03374299033403,37100200
2014-10-14,36.95769119262695,37.50702931107278,36.81402003102255,37.07600937840205,38115700
2014-10-15,36.52667236328125,36.670343516544634,35.58012048417625,36.3407419541841,60218700
2014-10-16,36.121002197265625,36.408347676357764,35.681532451364234,35.943521736702834,49040400
2014-10-17,36.8731689453125,37.135158220371565,36.16325680269977,36.509761347074566,40683300
2014-10-20,37.25347900390625,37.30418494075998,36.18015928015527,36.391442614186694,34527900
2014-10-21,37.92958450317383,38.01409654604584,37.3464404460025,37.49011478759825,36433800
2014-10-22,37.50701904296875,38.09015989490058,37.380247750670236,38.03100081820871,33570900
2014-10-23,38.047916412353516,38.41132413119536,37.63379951509341,37.709861670756325,45451900
2014-10-24,38.98600387573242,39.636756967768214,38.18312651678291,39.577597888849326,61076700
2014-10-27,38.800079345703125,38.96065355211534,38.631051998784294,38.631051998784294,30371300
2014-10-28,39.290252685546875,39.29870260091121,38.68175561361773,38.757817747608875,29049800
2014-10-29,39.40011215209961,39.46772436119754,39.16347586811199,39.24798790555683,30276100
2014-10-30,38.91838455200195,39.146570910711084,38.681748279530595,39.146570910711084,30073900
2014-10-31,39.67903137207031,39.69593443443803,39.28181746625262,39.6705782289217,35849700
2014-11-03,40.09312057495117,40.11002362697238,39.49307673587229,39.6282979281144,23130400
2014-11-04,40.20299530029297,40.33821651439477,39.93255287208936,39.974808897009666,21530800
2014-11-05,40.44807815551758,40.48188425950647,39.94099626746667,40.39736899953423,22449600
2014-11-06,41.157997131347656,41.29321834608355,40.38892586805074,40.4480849480022,33037800
2014-11-07,41.14110565185547,41.34393591906301,40.81150404969649,41.34393591906301,28000600
2014-11-10,41.318565368652344,41.53830182592263,41.0312199257103,41.11573518770949,36370100
2014-11-11,41.30168533325195,41.369297580530905,41.115758101093625,41.28478227143221,23445200
2014-11-12,41.22560119628906,41.34391934204145,41.00586795759572,41.03967406321859,22722100
2014-11-13,41.92705154418945,41.96085764026879,41.16643050203812,41.25094574223647,26210400
2014-11-14,41.90171813964844,42.29892867021538,41.74114072029338,42.03693936314685,29081700
2014-11-17,41.80029296875,42.01157629741201,41.529850565976844,41.75803694780315,30318600
2014-11-18,41.451602935791016,41.95337665788619,41.41758360853605,41.78328326587295,23995500
2014-11-19,41.009368896484375,41.46011370993619,40.762733595279265,41.38357183177813,26177500
2014-11-20,41.41758346557617,41.41758346557617,40.711697026649276,40.8222582177155,21510600
2014-11-21,40.805259704589844,41.71525586648433,40.456569616800955,41.68974298629032,42884800
2014-11-24,40.47357177734375,40.82226180045214,40.30347837098949,40.813758590052274,35434200
2014-11-25,40.371517181396484,40.79674907673283,40.3545075162716,40.53310413369001,28008000
2014-11-26,40.60964584350586,40.81375857993274,40.20992682531173,40.38852668628346,27163600
2014-11-28,40.660667419433594,40.992347716877305,40.490574044157995,40.779731808848126,21534400
2014-12-01,41.34953308105469,41.4856071067411,40.57561145166433,40.72019192885278,31191600
2014-12-02,41.21346664428711,41.71524031469968,40.99234752842826,41.53664373139892,25773500
2014-12-03,40.89030075073242,41.24749398677424,40.66067513716472,41.196464991227444,23534800
2014-12-04,41.53665542602539,41.72375851507333,40.992359069808344,41.15394603672834,30320400
2014-12-05,41.1794548034668,41.64721247938831,41.145438717795855,41.519641614271194,27313400
2014-12-08,40.56711959838867,41.11991906309375,40.3545036709802,41.04337719945623,26663100
2014-12-09,40.47357177734375,40.75422314020568,40.014320553465815,40.06534954865066,24330500
2014-12-10,39.886749267578125,40.53310025923104,39.71665587685001,40.46506484949675,30431800
2014-12-11,40.11637878417969,40.60114616988906,39.69965330888894,40.03984015114692,29060400
2014-12-12,39.929283142089844,40.59264398560263,39.69115102974839,39.78470258342583,34248400
2014-12-15,39.69114685058594,40.54161071190652,39.58909209562087,40.141894903184124,29247800
2014-12-16,38.406944274902344,39.4104917974529,38.3814313995998,39.0362889012141,47801400
2014-12-17,38.90021896362305,39.07881559826183,38.18582918080568,38.31339681514959,34970900
2014-12-18,40.4140510559082,40.4140510559082,39.4105032419357,39.61461603641435,40105600
2014-12-19,40.53312301635742,40.9073260906445,40.11639413731621,40.50761012891567,64551200
2014-12-22,40.805259704589844,40.9243241378452,40.57563405005631,40.63516626668399,26566000
2014-12-23,41.20497131347656,41.502632342554435,40.932823159959106,41.13693265296625,23648100
2014-12-24,40.941341400146484,41.36657345165489,40.890315630293856,41.36657345165489,11437800
2014-12-26,40.720218658447266,41.170963556112916,40.66918964872061,41.170963556112916,13197800
2014-12-29,40.3545036315918,40.635154968481025,40.19291345059167,40.56711955879274,14439500
2014-12-30,39.98881149291992,40.49908851640103,39.83572773702315,40.34600476050426,16384700
2014-12-31,39.50405502319336,40.34601259996048,39.50405502319336,39.742183914519366,21552500
2015-01-02,39.76768493652344,40.32899090171103,39.58058511096881,39.68263985620423,27913900
2015-01-05,39.40199279785156,39.742176400533225,39.3339541307579,39.43600888713618,39673900
2015-01-06,38.82368087768555,39.75918993130537,38.73012932347106,39.44451917607143,36447900
2015-01-07,39.31693649291992,39.51254275476391,38.687595171206475,39.10432056775103,29114100
2015-01-08,40.47357177734375,40.60964585357478,39.733669190603884,39.759182066065364,29645200
2015-01-09,40.13338851928711,40.669181661267075,39.88675646470398,40.490585028694476,23944200
2015-01-12,39.63161849975586,40.43105668358628,39.42750896994649,40.32899867441911,23651900
2015-01-13,39.42750549316406,40.745723841503754,39.17236698126964,39.946288972431304,35270600
2015-01-14,39.08731460571289,39.3254466705493,38.79815679033158,39.08731460571289,29719600
2015-01-15,38.6790885925293,39.4445072183706,38.61955639321514,39.30843315647232,32750800
2015-01-16,39.325439453125,39.359455532491324,38.415440389523894,38.534508022220464,35695300
2015-01-20,39.453006744384766,39.67412910198807,38.75562683673354,39.376464888946884,36161900
2015-01-21,39.053306579589844,39.24040970377537,38.6791035754816,39.07031624944879,39081100
2015-01-22,40.082359313964844,40.090862524385976,39.189372983698824,39.444511471737414,35898000
2015-01-23,40.1248893737793,40.30348602444816,39.80171216476243,40.277973144141896,26211600
2015-01-26,39.980316162109375,40.08237419061336,39.3254616559892,39.97181294853226,42525500
2015-01-27,36.28078842163086,36.740039688246206,35.813033943824344,36.52742372158305,169164000
2015-01-28,35.03059768676758,36.391341516488396,35.005084814621924,36.34881898149182,84507100
2015-01-29,35.727989196777344,35.82154075058126,34.69042538141457,34.80948981561501,63585300
2015-01-30,34.35873794555664,35.362285463623955,34.31621216122655,35.33676934417353,78004900
2015-02-02,35.10713195800781,35.18367380215943,34.214145939079444,34.52031331568592,50352500
2015-02-03,35.37929153442383,35.65994613577052,34.91153710977449,35.40480765362196,52082400
2015-02-04,35.583404541015625,35.898075229949285,35.17518231757854,35.668449620966825,41614800
2015-02-05,36.10219192504883,36.2637788923907,35.600418112052054,35.90658562428903,36548200
2015-02-06,36.068172454833984,36.3913496325542,35.84705327698048,36.29779808814081,34616600
2015-02-09,36.0256462097168,36.348823354239514,35.898075345118876,35.92359146459557,31381100
2015-02-10,36.22975540161133,36.37433592991583,35.87256217449755,36.34882305491108,29670700
2015-02-11,36.04265213012695,36.2722777159902,35.898071615652384,36.2722777159902,38262500
2015-02-12,36.646480560302734,36.646480560302734,36.1532100624745,36.28078091377809,33268800
2015-02-13,37.30985641479492,37.30985641479492,36.69752451392544,36.89313085322874,40264900
2015-02-17,37.32698059082031,37.68671585565985,36.99293650116183,37.66102141312853,33695700
2015-02-18,37.28415298461914,37.42976245265416,37.164241227031674,37.36980657386043,27111700
2015-02-19,37.25845718383789,37.28415162599881,36.873024214672974,36.984372242954,27603400
2015-02-20,37.566810607910156,37.58394132834845,37.078596511146685,37.26702790126625,29721100
2015-02-23,37.8151969909668,37.849455160721796,37.38693882919979,37.42976399190639,32518800
2015-02-24,37.76380920410156,37.943676868687994,37.618199713233366,37.8152013657052,25271700
2015-02-25,37.67814254760742,37.76379284582785,37.515402406699394,37.64388112137947,29759800
2015-02-26,37.73810577392578,37.88371196278353,37.59249631771796,37.678149900002,28957300
2015-02-27,37.558231353759766,37.85801396254465,37.39549446374495,37.79805809425763,33807700
2015-03-02,37.58393859863281,37.849456577764755,37.30128663295617,37.40406768077013,31924000
2015-03-03,37.07002639770508,37.54111300173783,36.907289468262306,37.30985319630827,31748600
2015-03-04,36.88157653808594,37.01005196514235,36.7274034117391,36.83874812838487,25748700
2015-03-05,36.92441940307617,37.03576744051466,36.67602888392511,36.89015796581041,23193500
2015-03-06,36.28202819824219,36.924415373799306,36.102160573250224,36.83019806527491,36248800
2015-03-09,36.701725006103516,36.941551810577614,36.13642433477633,36.13642433477633,32108000
2015-03-10,35.99937057495117,36.581801783328004,35.99937057495117,36.27345546508737,39159700
2015-03-11,35.95655059814453,36.29059140186181,35.836638849871676,36.23920251965921,32215300
2015-03-12,35.134300231933594,35.67390643443451,34.99725774989294,35.3998214703532,59992500
2015-03-13,35.44263458251953,35.51972115666661,34.78311684089436,34.86020341504144,58007700
2015-03-16,35.59682083129883,35.66534044056343,35.356994030496224,35.51973422878203,35273500
2015-03-17,35.71672058105469,35.82806858441581,35.24563739854925,35.43406871114173,31673400
2015-03-18,36.40193557739258,36.68458746902727,35.39981327217812,35.4854635783615,44194800
2015-03-19,36.22206497192383,36.47901913652743,36.16210910909464,36.19636726831884,33879100
2015-03-20,36.72742462158203,36.8130749557488,36.39338374404048,36.45333963142738,71904500
2015-03-23,36.710289001464844,36.941548793669284,36.64176612939669,36.72741971948188,26246100
2015-03-24,36.74454879760742,36.97580531214062,36.61607005188877,36.641764494092406,25513300
2015-03-25,35.51115417480469,36.7702337970493,35.49402346195143,36.76166680694798,43469900
2015-03-26,35.29703903198242,35.639646888945954,35.048648499051396,35.30560602544938,37495600
2015-03-27,35.09147262573242,35.48546932574905,34.97156087071434,35.21994810581596,34401400
2015-03-30,35.08290100097656,35.57968194028548,35.040075846603344,35.20281274016152,35049700
2015-03-31,34.82595443725586,35.14286456986798,34.7231733907723,34.928735483739416,34887200
2015-04-01,34.87734603881836,34.91160420886701,34.52617447385327,34.77456172662089,36865300
2015-04-02,34.509029388427734,34.8944622303294,34.363419973776374,34.82593938405837,37487500
2015-04-06,35.5882568359375,35.7852552217751,34.41483024753489,34.55187274495891,39223700
2015-04-07,35.57112121582031,35.89659832762814,35.38268984991087,35.63964408876951,28809400
2015-04-08,35.476905822753906,35.708165630470745,35.15143196064925,35.51116726108616,24753400
2015-04-09,35.52829360961914,35.6482053616801,35.33129526446898,35.33129526446898,25723900
2015-04-10,35.73386001586914,35.930858366912055,35.46833879454158,35.65677342047406,28022000
2015-04-13,35.768123626708984,36.02508116202886,35.45121347179213,35.45978046555655,30276700
2015-04-14,35.67390060424805,35.999374403808346,35.45120456523315,35.802376072279756,24244400
2015-04-15,36.196372985839844,36.36767687841762,35.69959529144928,35.76811488807039,27343600
2015-04-16,36.11073684692383,36.26491008402282,35.81952109544254,35.93086915942543,22509700
2015-04-17,35.64820098876953,35.750985278513554,35.254204346800165,35.69102614248798,42387600
2015-04-20,36.753116607666016,36.97580942200038,35.69960188466575,35.742427048881915,46057700
2015-04-21,36.5218505859375,36.95867568172866,36.42763328028254,36.830196943590074,26013800
2015-04-22,36.82162094116211,36.94153264752082,36.44475184420736,36.54753284003641,25064300
2015-04-23,37.12141036987305,37.352670124312624,36.658890860993885,36.73597744580708,46309500
2015-04-24,41.00143814086914,41.232697955241726,39.09997400161236,39.108537727766596,130933700
2015-04-27,41.13848114013672,41.224134739493,40.44470495577985,40.45326868204011,59248200
2015-04-28,42.1063346862793,42.14915984120738,40.855821865219895,40.92434145963485,60730800
2015-04-29,42.02070236206055,42.23483149570208,41.54105192645706,41.729486609614014,47804600
2015-04-30,41.660945892333984,42.43181175054036,41.626684461447056,41.71233803866437,64725500
2015-05-01,41.67806625366211,41.866500809377364,41.4553735429206,41.609546676260514,38937300
2015-05-04,41.31834030151367,41.85794312075159,41.266948156531576,41.42968504795019,34039500
2015-05-05,40.77016830444336,41.249818534940886,40.521781098820426,40.95860290702272,50369200
2015-05-06,39.639564514160156,40.91577495533703,39.4168717632563,40.744471079915016,52433000
2015-05-07,39.99931716918945,40.33335804772233,39.53679752167432,39.63101484994787,32971700
2015-05-08,40.89864730834961,41.095645636286896,40.70164898041232,40.72734342008026,35364900
2015-05-11,40.573177337646484,41.03569693659532,40.573177337646484,40.7273505372961,24609400
2015-05-12,40.55604553222656,40.83869747979287,39.759485111167464,40.12778738186577,29928300
2015-05-13,40.79585647583008,41.386851317578746,40.74446434149793,41.27550332686698,34184600
2015-05-14,41.72947692871094,41.81512725535685,41.13847856586236,41.13847856586236,32980900
2015-05-15,41.3697395324707,41.892215034820794,41.15561044248136,41.85795359625835,28642700
2015-05-18,41.12135314941406,41.301224086324595,40.77874853130309,41.09565870157725,24136500
2015-05-19,41.01789474487305,41.21617336302688,40.67306036372805,41.00065269695736,28574800
2015-05-20,41.01789474487305,41.31962236193663,40.750647935056456,40.8540969339662,25047900
2015-05-21,40.879966735839844,41.03514191028441,40.52651290262391,40.759275664290755,22410700
2015-05-22,40.431678771972656,40.8196133448459,40.362710579453775,40.776509868813804,25720600
2015-05-26,40.1644287109375,40.41443345572515,39.819594353396994,40.37132998317863,29581900
2015-05-27,41.043766021728516,41.181699149569454,40.19030253231039,40.362719764257854,27335600
2015-05-28,40.905818939208984,41.397205745046406,40.854092800695135,40.94892241034517,19283700
2015-05-29,40.397186279296875,41.0092640620538,40.1644236108012,40.88857303881539,36519600
2015-06-01,40.71615982055664,41.18168520257991,40.190288921076736,40.56960736061453,28837300
2015-06-02,40.44893264770508,40.81962859956595,40.19030840627754,40.45755531928453,21498300
2015-06-03,40.38856887817383,41.155825161871846,40.362707452275124,40.836852229061684,28002200
2015-06-04,39.966163635253906,40.65582929520864,39.82823050326296,40.336859544089315,27745500
2015-06-05,39.77649688720703,40.10408924747941,39.5178727242908,39.923052662296506,25438100
2015-06-08,39.423038482666016,40.02649698455753,39.37131234070356,39.91442532126435,22121600
2015-06-09,39.35406494140625,39.60406635120722,39.190267172113984,39.448891247974316,24406100
2015-06-10,40.181671142578125,40.37133036990058,39.38855342807126,39.47476366257428,28417400
2015-06-11,40.03512954711914,40.44892895332621,39.767885947106336,40.22478884151689,27347800
2015-06-12,39.629947662353516,40.06098906555132,39.569602128992614,39.84546836395242,23931000
2015-06-15,39.20752716064453,39.354082953479136,38.810969843585106,39.181665727796975,33254500
2015-06-16,39.509254455566406,39.862708255499975,39.052348356687844,39.09545183695589,27070300
2015-06-17,39.629947662353516,39.716154627559106,39.104076624278605,39.4230463418412,28704100
2015-06-18,40.27649688720703,40.34546177960037,39.80234886444838,39.84545562185108,32658300
2015-06-19,39.74201202392578,40.37133530264665,39.64718568726244,40.336851204632026,63837000
2015-06-22,39.85408020019531,40.276502142337115,39.79373467825853,39.940290437665226,20318100
2015-06-23,39.578216552734375,39.89718623034462,39.32821178093346,39.76787579873294,25896500
2015-06-24,39.34545135498047,39.871322294114165,39.26786378545936,39.3713127819594,34890900
2015-06-25,39.35406494140625,39.70751861241819,39.22475125918431,39.681653902823676,20616000
2015-06-26,39.01784896850586,39.897173433480376,38.819570406097405,39.35406387545945,49835300
2015-06-29,38.25060272216797,38.991994258775385,38.24198334344222,38.82819975431394,34081700
2015-06-30,38.060951232910156,38.55233809220079,37.87991137271013,38.543715423885146,35945400
2015-07-01,38.319576263427734,38.99199970989857,38.0178453484998,38.328195643358484,28343900
2015-07-02,38.27647018432617,38.57819779015626,37.983361957840835,38.345435084836936,21752000
2015-07-06,38.267852783203125,38.34544036232128,37.888537556728096,37.897156937259126,23034000
2015-07-07,38.19025421142578,38.354051991630385,37.345413753420175,38.22473830079346,36435800
2015-07-08,38.138545989990234,38.70752052839232,37.95750609568296,38.310959925772366,39785900
2015-07-09,38.37992477416992,38.98338336238278,38.36268272438273,38.57820341384556,32424700
2015-07-10,38.457515716552734,38.91441856581729,38.42303161396314,38.80234687669362,25465800
2015-07-13,39.25925064086914,39.32821555329358,38.75062166847267,38.77648309955873,28178300
2015-07-14,39.328208923339844,39.62131715104737,39.060965410942934,39.18165645377822,22880300
2015-07-15,39.44889831542969,39.56096997419463,39.164412767591465,39.3799334175172,26629600
2015-07-16,40.22477722167969,40.25063864941405,39.62994136369858,39.66442217114959,26271700
2015-07-17,40.19028854370117,40.3282216235332,39.879938291933094,40.12994302681116,29467100
2015-07-20,40.44893264770508,40.62997257643144,40.035133203703886,40.21617313243025,30631900
2015-07-21,40.7592658996582,40.80237266224305,40.06960044989612,40.32822458248386,42781900
2015-07-22,39.25925064086914,40.457545180434174,38.9661423637494,39.17304038960755,59152400
2015-07-23,39.750614166259766,39.85406311829998,38.87990922822118,39.026464924812466,33934000
2015-07-24,39.604068756103516,39.93166102599703,39.483377732612155,39.57820733352215,32333200
2015-07-27,39.09543991088867,39.66441422718154,39.00923297665001,39.60406871549773,39701400
2015-07-28,39.08683395385742,39.34545813395903,38.61268907557368,39.29373527108963,34328900
2015-07-29,39.90580749511719,40.32822616087371,39.01786011074775,39.13855444669115,40945900
2015-07-30,40.414424896240234,40.86270815066605,39.59544593697352,39.87993142639592,39777900
2015-07-31,40.2592658996582,40.836859775358086,40.08684868844257,40.76789486402269,31201500
2015-08-03,40.35409164428711,40.51788617044745,40.043741351701655,40.50064412212776,24125900
2015-08-04,40.98340606689453,41.12995852491602,40.24201453233309,40.30236004899888,33403900
2015-08-05,41.01789474487305,41.73342164616,40.983410649041666,41.36272583743366,26959700
2015-08-06,40.19028854370117,41.18168481589541,39.940287097407136,41.12995867773939,27368000
2015-08-07,40.29374313354492,40.32822393904468,39.87994058170565,39.99201224318646,19163000
2015-08-10,40.80238342285156,40.940316549180395,40.379961373640384,40.474791014601166,23079900
2015-08-11,40.00925064086914,40.466153335761646,39.56958999144592,40.362704351529814,29237400
2015-08-12,40.29374313354492,40.431676221296605,39.40579579809574,39.819595061350796,30181400
2015-08-13,40.28512954711914,40.60409926784001,40.07823151314315,40.56961845456732,22627200
2015-08-14,40.51789093017578,40.604097893316684,40.10409158764672,40.112710968526876,21473400
2015-08-17,40.79374694824219,40.90581860314278,40.14718502075917,40.3540862845307,21099700
2015-08-18,41.01936340332031,41.15820604816727,40.52473627416114,40.64622317461851,23574100
2015-08-19,40.4466438293457,40.854495614889665,40.177634711818996,40.59416271587077,31485500
2015-08-20,39.62227249145508,40.32516551025145,39.62227249145508,39.97805711103252,36238200
2015-08-21,37.37474060058594,39.46605984327689,37.37474060058594,39.30986145085434,70053100
2015-08-24,36.16855239868164,37.04499618341016,34.46772876458694,35.10119869023638,88753700
2015-08-25,35.11853790283203,37.52225332493761,35.0491149413434,36.940847608411765,70616600
2015-08-26,37.06235122680664,37.17516193506298,35.63053675698444,36.45491328039548,63408000
2015-08-27,38.0949821472168,38.13836984600932,37.25324688751115,37.5135763905355,50943200
2015-08-28,38.12102127075195,38.311931153650974,37.652426091056086,37.66110561860778,28246700
2015-08-31,37.7652473449707,38.12103193794068,37.40078322202029,37.79995884435089,34441700
2015-09-01,36.29004669189453,36.95822825021439,36.151203985637885,36.59376407737118,49688900
2015-09-02,37.626399993896484,37.64375574143532,36.34210446845608,36.75863247857699,37671500
2015-09-03,37.747894287109375,38.1644223785622,37.5569843371752,37.66979506307003,28285200
2015-09-04,36.9755744934082,37.34871479118968,36.6197899432294,37.14912865916453,37138800
2015-09-08,38.0863151550293,38.18177010994742,37.487556770002435,37.57433219614419,32469800
2015-09-09,37.37474060058594,38.52887279901144,37.23589795290699,38.36399487908218,33469500
2015-09-10,37.5656623840332,37.99954620927654,37.097067058305385,37.41814016210961,31366600
2015-09-11,37.73053741455078,37.82599238668024,37.26194208424485,37.43549627809196,27132500
2015-09-14,37.34871292114258,37.695817925005336,37.192514510809765,37.68714170677361,23656000
2015-09-15,38.16440963745117,38.43341872161655,37.38342096806025,37.478872600889986,28882200
2015-09-16,38.442108154296875,38.511531158696684,38.0429358098111,38.15574653682527,23372200
2015-09-17,38.398712158203125,39.04953778800318,38.251193271044876,38.433423652924006,32768200
2015-09-18,37.73053741455078,38.17310077437447,37.60037425186863,37.74789316496258,63143700
2015-09-21,38.277225494384766,38.58962232843307,37.834662209392874,37.85201795687004,26177200
2015-09-22,38.0949821472168,38.225145243594355,37.58299935681892,37.643742797182284,28085900
2015-09-23,38.068965911865234,38.32929554503838,37.75656902794912,38.12103316260822,17145200
2015-09-24,38.103675842285156,38.294585776872026,37.5483050983278,37.70450353384965,27905600
2015-09-25,38.12971115112305,38.81524842148314,37.973512701920214,38.598306498731546,29384600
2015-09-28,37.5656623840332,38.259875842368366,37.49623938306424,38.03425770976102,27613800
2015-09-29,37.69583511352539,37.80864586359851,37.35740617357778,37.635091627394885,32763600
2015-09-30,38.40739440917969,38.44210590935251,37.886735147670784,38.07764508835045,34958900
2015-10-01,38.71110916137695,38.83259608316707,37.9648285729287,38.83259608316707,28657900
2015-10-02,39.544166564941406,39.544166564941406,38.1123487986759,38.41606942408367,41839000
2015-10-05,40.46400451660156,40.68962263832239,39.65698037576779,39.7003680941444,34369300
2015-10-06,40.56813430786133,40.94127463155743,40.1082185503957,40.20367351370455,27017200
2015-10-07,40.611515045166016,41.088786469414806,39.873914054078796,40.871844612004445,27711500
2015-10-08,41.17557144165039,41.23631490611371,40.351191596443144,40.40325884181337,33772700
2015-10-09,40.88051223754883,41.2536523884752,40.7156343553489,41.17555321013552,28600600
2015-10-12,40.78508377075195,40.845827247716485,40.35119990085034,40.767728018723346,19769100
2015-10-13,40.68962097167969,40.89788664573591,40.4032593939068,40.4032593939068,19987800
2015-10-14,40.50739669799805,40.871857544842,40.37723021825601,40.48136472615808,24697800
2015-10-15,40.79374694824219,40.81110269472148,40.3772189635498,40.79374694824219,27189400
2015-10-16,41.227622985839844,41.25365825583536,40.69828771321771,40.802418862391136,26450300
2015-10-19,41.32309341430664,41.548714850769485,40.80243416292757,41.149539227090024,29387600
2015-10-20,41.4532470703125,41.48795855908168,40.80242155210421,41.16688225337136,30802200
2015-10-21,40.958621978759766,41.6441590198389,40.88052278027898,41.58341225633613,25144300
2015-10-22,41.678871154785156,42.4772189605926,40.863170912353205,41.24498741322705,56637100
2015-10-23,45.878883361816406,46.92020539981984,45.34086824445204,45.38425597306229,135227100
2015-10-26,47.07638931274414,47.13713277606798,45.55779610910724,45.58382807616874,64633300
2015-10-27,46.59043502807617,47.18051718206609,46.49498338545537,46.85076792151368,50999900
2015-10-28,46.84210205078125,46.84210205078125,45.87020311211855,46.460285438160135,47000800
2015-10-29,46.304073333740234,46.7119251092547,46.18258641599641,46.460271745202355,30202100
2015-10-30,45.67928695678711,46.85077522917071,45.661931207166155,46.269369202816456,46619800
2015-11-02,46.199951171875,46.30408236306532,45.661932845138104,45.861519007532415,30285000
2015-11-03,46.98960876464844,47.197871098999286,45.90489945161657,45.9309314158429,36596900
2015-11-04,47.2065544128418,47.62308242521583,46.9115133236264,47.01564449915231,37087800
2015-11-05,47.18919372558594,47.466879038101354,46.859441175622614,47.28464867243874,31468500
2015-11-06,47.65778350830078,47.70985074343993,46.824727607693795,46.93753829536033,32851200
2015-11-09,46.998287200927734,47.61440132534526,46.47762803020566,47.33671599292411,32513100
2015-11-10,46.434242248535156,46.97226053731469,46.22597988084749,46.92019329025745,55283700
2015-11-11,46.55571746826172,47.03298882632494,46.39083956092144,46.599105171672996,36516300
2015-11-12,46.26935958862305,46.84208596602607,46.15654889466288,46.40820224647014,35361100
2015-11-13,45.852840423583984,46.243336508254096,45.58383127408441,46.05242657568855,36848200
2015-11-16,46.659847259521484,46.76397840672962,45.861499636873816,46.06108902523785,32165200
2015-11-17,46.275474548339844,46.76469773453281,46.17063815194163,46.450195210504184,31551300
2015-11-18,47.044246673583984,47.157817750455635,46.28420126008206,46.301673989799426,29710000
2015-11-19,47.122886657714844,47.75189178897952,46.983108109943075,47.16657016161757,28149200
2015-11-20,47.341285705566406,47.43738407158248,46.53755997631032,47.39370390500693,37147600
2015-11-23,47.341285705566406,47.577162604174106,46.9568955740852,47.39370390500693,28235900
2015-11-24,47.393699645996094,47.55968559710019,46.80837813480049,47.10540457385537,24600000
2015-11-25,46.90446853637695,47.376222244699214,46.90446853637695,47.25391646830066,21005100
2015-11-27,47.1141471862793,47.245191019552685,46.99184138593513,47.000576086281235,9009100
2015-11-30,47.48105239868164,48.013958962738336,47.17528797631252,47.647041655895386,56241400
2015-12-01,48.24111557006836,48.24985027079142,47.437386467633026,47.533484838503,39952800
2015-12-02,48.23237228393555,48.88758474205575,48.10133179186124,48.328470644339774,47274900
2015-12-03,47.350013732910156,48.721591335569954,47.114136884145545,48.47697978836919,38627800
2015-12-04,48.843902587890625,49.12345962535809,47.262655386991796,47.28012811840635,43963700
2015-12-07,48.756534576416016,48.89631307311219,48.30225362900791,48.73906184775622,30709800
2015-12-08,48.739070892333984,49.009889905361575,48.04017827915865,48.45951384706385,32878000
2015-12-09,48.03144454956055,48.80896285965442,47.620843644533515,48.37215452071781,36373200
2015-12-10,48.284793853759766,48.6255038225729,48.057651652828916,48.38962692126001,31775800
2015-12-11,47.22770309448242,48.136261604460415,47.18401960905427,47.79555174664591,39549500
2015-12-14,48.171226501464844,48.23237940664685,46.89574686112109,47.463599075049274,46768900
2015-12-15,48.223636627197266,48.83516890915725,48.12753826870005,48.62549946038306,39843000
2015-12-16,49.03610610961914,49.14093918008001,47.8392488359066,48.520672125360306,37503300
2015-12-17,48.66044235229492,49.61268452217809,48.511925806307374,49.23702914022346,41280900
2015-12-18,47.28885269165039,48.92251428925806,47.20148905944191,48.721582934051284,84684200
2015-12-21,47.900386810302734,48.35466438665022,47.37621499265401,47.944066961961305,37246300
2015-12-22,48.354671478271484,48.46824255530549,47.612098793425346,48.04017234065664,28322200
2015-12-23,48.76528549194336,48.81770369535507,48.433310202169196,48.660452417703276,27279800
2015-12-24,48.63423538208008,48.88758500037849,48.42456926062016,48.80022467186734,9558500
2015-12-28,48.87884521484375,48.87884521484375,48.03143611960808,48.35467330056684,22458300
2015-12-29,49.40302276611328,49.66510710454428,48.97495245761205,49.17588389482859,27731400
2015-12-30,49.19335174560547,49.60394927977877,49.17587901376661,49.33313026773352,21704500
2015-12-31,48.46826171875,49.08852887322421,48.41584350879779,48.95748834721933,27334100
2016-01-04,47.874183654785156,47.874183654785156,46.64238451996737,47.45484813363256,53778000
2016-01-05,48.09259033203125,48.38962009184693,47.64704735859906,47.9877572793265,34079700
2016-01-06,47.21897506713867,47.524742866998764,46.86079240579261,47.4548519415738,39518900
2016-01-07,45.57658004760742,46.72975711730953,45.48921971369176,46.039599148593176,56564900
2016-01-08,45.71635818481445,46.54629128706302,45.559106930527115,45.75130031598054,48754000
2016-01-11,45.69013595581055,46.170624297750734,44.956298064137194,45.87359459558338,36943800
2016-01-12,46.10948181152344,46.389038849216625,45.480480143005146,46.09200908009477,36095500
2016-01-13,45.113555908203125,47.23644428775786,44.81652616238856,47.00056743085373,66883600
2016-01-14,46.39778137207031,46.668600403970395,45.05241091508901,45.428066345708245,52381900
2016-01-15,44.54570388793945,45.40184760203569,43.97785186704536,44.825260883049154,71820700
2016-01-19,44.17005157470703,45.14850112457394,43.73324332337221,44.973777157523514,43564500
2016-01-20,44.37099075317383,44.886424713460386,42.894576471843244,43.66336006216184,63273000
2016-01-21,44.10017013549805,45.06115049457548,43.942918864605076,44.5544512144574,40191200
2016-01-22,45.6814079284668,45.71635338854948,44.78158066054159,44.912624469560384,37555800
2016-01-25,45.244598388671875,45.995909096173776,45.122292614442706,45.37563886138209,34707700
2016-01-26,45.57658004760742,45.81245694827946,45.03493864564744,45.2446081126614,28900800
2016-01-27,44.74662780761719,45.60277137893673,44.57190388166629,45.43678214962161,36775200
2016-01-28,45.48048782348633,45.611528332456565,44.772857077747055,45.30576381227601,62513800
2016-01-29,48.127540588378906,48.127540588378906,47.175298322274124,47.813038066350465,83611700
2016-02-01,47.795555114746094,48.127530298418115,47.61209646031509,47.94407164398711,44208500
2016-02-02,46.301673889160156,47.40242919830204,45.99590945122698,47.32380358103601,56313800
2016-02-03,45.56783676147461,46.6423846625727,44.78158057404552,46.520078885102066,57559800
2016-02-04,45.42805862426758,46.13568919872146,44.877679288581234,45.51541894243509,46987100
2016-02-05,43.82061004638672,45.428064779582975,43.29644140119395,45.375646582030505,62009000
2016-02-08,43.16539001464844,43.3051685177279,42.09957684580351,43.28769578827017,59290500
2016-02-09,43.051822662353516,43.89049708593674,42.518916031848164,42.82468382492604,46740500
2016-02-10,43.42747497558594,44.021534456179175,43.26148904199582,43.58472621060076,38237000
2016-02-11,43.41000747680664,43.77692818024972,42.37913962641428,42.52765618075021,48878600
2016-02-12,44.11763381958008,44.27488505821687,43.46242143612097,43.899229691760375,34243300
2016-02-16,44.95353698730469,44.95353698730469,44.10884420549356,44.78635925648084,37291200
2016-02-17,46.12377166748047,46.43173477729449,45.27028176981833,45.30547812919872,40789000
2016-02-18,45.92141342163086,46.5901310536965,45.84222326405758,46.04460072180875,27176000
2016-02-19,45.595855712890625,46.00060391835562,45.34068705254978,45.727840428656094,33559100
2016-02-22,46.32615661621094,46.63411641977522,46.00059527357428,46.00059527357428,25008300
2016-02-23,45.032711029052734,46.07977753866618,44.85673259002698,46.05338194759066,28895300
2016-02-24,45.19111251831055,45.31429647654481,44.17044112028377,44.601584974103694,33014500
2016-02-25,45.842220306396484,45.842220306396484,44.53118744022642,45.51666228249332,26939500
2016-02-26,45.13831329345703,46.3525612756069,44.96233478993359,46.28216853159322,35975900
2016-02-29,44.768760681152344,45.44627572624541,44.57518399497983,45.182306297279,31654000
2016-03-01,46.26457977294922,46.27337718884994,44.803960351599414,44.84795750063667,33024500
2016-03-02,46.59012222290039,46.598919635847395,45.89500912223385,46.11498136751997,29289900
2016-03-03,46.06218719482422,46.60772078425659,45.560650740014864,46.60772078425659,24427800
2016-03-04,45.78062057495117,46.1501756759503,45.499056382051805,46.10618190015539,33034200
2016-03-07,44.90074157714844,45.57825661527067,44.50479415079409,45.36708510208311,38407800
2016-03-08,45.44626235961914,45.86860862263018,44.52237634299091,44.69835479170628,33835100
2016-03-09,46.49333190917969,46.50212932175038,45.63104114732385,45.65743674154588,28251600
2016-03-10,45.79822540283203,46.58132613775923,45.015124667904836,46.57252872392753,38387800
2016-03-11,46.69572448730469,46.69572448730469,46.08860208378668,46.63413250534683,32275700
2016-03-14,46.78371047973633,47.15326571540165,46.308572828896864,46.37896222451668,24083600
2016-03-15,47.15324401855469,47.15324401855469,46.40533983211113,46.41413724382393,21104800
2016-03-16,47.82197189331055,48.041944171304635,46.986079922141485,47.03007370643819,31691700
2016-03-17,48.0947380065918,48.393900434446984,47.514011335638855,47.69878724082603,28223900
2016-03-18,47.065269470214844,48.36750493638401,47.03007310062663,48.32350779614346,67625500
2016-03-21,47.39083480834961,47.45242678637517,46.57253754999738,46.85410183711738,23925700
2016-03-22,47.575592041015625,47.733972309827074,47.03885928076679,47.17084395694625,23124100
2016-03-23,47.48760986328125,47.72518029335695,47.28523579836716,47.61079378483677,20129000
2016-03-24,47.69878387451172,47.80437297560439,47.27643753967193,47.37322587075173,19950000
2016-03-28,47.1092643737793,47.76918121494782,46.92448846381466,47.69878847409807,17025100
2016-03-29,48.138729095458984,48.27071379549601,47.03007036988729,47.214846264730845,23924300
2016-03-30,48.437889099121094,48.95702374681565,48.30590776215412,48.332303358245476,23008300
2016-03-31,48.59626770019531,48.9130282683264,48.270709719176175,48.34989986120895,26360500
2016-04-01,48.89543151855469,48.93062788415821,48.0155425175276,48.437888835239384,24399200
2016-04-04,48.772247314453125,48.974621380742164,48.393894777670525,48.772247314453125,18928800
2016-04-05,48.00674819946289,48.65786422255586,47.91875727978115,48.56107588916114,19272300
2016-04-06,48.499481201171875,48.56987393296584,47.69878233782152,47.83076703168012,21188700
2016-04-07,47.91876220703125,48.3147129950368,47.71638810571969,48.279516623545035,19225100
2016-04-08,47.8835563659668,48.64026142083823,47.795568811148755,48.10352860952198,22167200
2016-04-11,47.786766052246094,48.52587284216618,47.77796528384282,47.945146318408234,21414200
2016-04-12,48.0859375,48.20032065880134,47.30283343295434,47.839566285751005,24944300
2016-04-13,48.701873779296875,48.78106395440595,48.2971254871889,48.499499633242884,20818000
2016-04-14,48.71065902709961,48.90423569489343,48.455490393464196,48.587475095416416,20877100
2016-04-15,48.965824127197266,49.20339120315099,48.490683262269506,48.65786096370254,28793800
2016-04-18,49.67853546142578,49.79292197890913,48.5786741377677,48.825045356694176,23786000
2016-04-19,49.61695098876953,49.95130982147799,48.99223046815151,49.82812587166721,29596800
2016-04-20,48.913028717041016,49.71372755760217,48.82504116131302,49.52895167666731,36195700
2016-04-21,49.08021926879883,49.47617008628777,48.76345861480767,49.097817455855115,38909100
2016-04-22,45.5606575012207,46.13258677109316,44.67197096802247,45.67504402649732,126834100
2016-04-25,45.85102462768555,45.86862281365265,45.42867823400725,45.56065959399441,33226900
2016-04-26,45.26149368286133,46.062192622298355,44.95353384327421,45.983002469760166,33532600
2016-04-27,44.8215446472168,45.31428369771032,44.4783884727612,45.29668551485232,43369300
2016-04-28,43.9064826965332,44.67198553983453,43.607320164270014,44.54000078634629,43134800
2016-04-29,43.88007736206055,44.21443622758483,43.42253453463554,43.42253453463554,48411700
2016-05-02,44.53120040893555,44.654384380529656,43.80089063946837,43.99446736997996,33114500
2016-05-03,43.800880432128906,44.355211531632776,43.642500117984945,44.29361956018909,26460200
2016-05-04,43.88007736206055,44.0472584730783,43.51932289227503,43.853681757799315,24257600
2016-05-05,43.941654205322266,44.25841477337949,43.75687832612557,43.88006224559003,25390700
2016-05-06,44.337608337402344,44.337608337402344,43.69528973882728,43.924059413130735,24787300
2016-05-09,44.0560417175293,44.51358439777698,43.99444975639116,44.42559684086826,17951600
2016-05-10,44.89193344116211,44.96232280991007,44.161624020906515,44.28481129010773,22891000
2016-05-11,44.9183464050293,45.56066516710049,44.87435261298547,44.98873915750836,24039100
2016-05-12,45.32309341430664,45.587062872323735,44.8039586268567,45.050329897238576,24102800
2016-05-13,44.944732666015625,45.66624139250284,44.90953629972107,45.26148989313592,22592300
2016-05-16,45.604652404785156,45.71903556793896,44.654370591901454,44.69836437438448,20032000
2016-05-17,44.75405502319336,45.835029158495075,44.62115052818936,45.826170210823214,27803500
2016-05-18,45.019866943359375,45.31225951148461,44.56798291081939,44.727470995246755,24907500
2016-05-19,44.5857048034668,44.85151715453926,44.14268309168355,44.71861266899674,23842400
2016-05-20,44.85151290893555,45.38314094074447,44.656585672594005,44.727467382176265,23905800
2016-05-23,44.32874298095703,44.90467244889536,44.284441494189494,44.83378736607788,26118700
2016-05-24,45.71098327636719,45.81730754758918,44.65659275177895,44.92240511982776,34757900
2016-05-25,46.18057632446289,46.508414782424545,45.88818379004953,46.003366986643314,24040200
2016-05-26,45.976783752441406,46.056527780228876,45.507181911018925,46.012226293677344,24335200
2016-05-27,46.3577766418457,46.3577766418457,45.87045359265691,46.0033580351704,17721400
2016-05-31,46.96029281616211,46.96029281616211,46.14513463872806,46.30461931606301,37653100
2016-06-01,46.827388763427734,46.915995124656355,46.46411113235809,46.46411113235809,25324800
2016-06-02,46.49955368041992,46.72992683964494,45.932486488461535,46.64132047840952,22840800
2016-06-03,45.88818359375,46.44638844251135,45.71983320254743,46.410949279088626,23368300
2016-06-06,46.1894416809082,46.38436892331092,45.976789785574894,46.065396150291775,18243300
2016-06-07,46.16286087036133,46.7210691718458,46.16286087036133,46.2869097884592,20866800
2016-06-08,46.10969161987305,46.46410689248572,45.95906250952291,46.09197034924439,21149400
2016-06-09,45.7375602722168,46.07425771731674,45.622377061514435,46.07425771731674,20305700
2016-06-10,45.6135139465332,46.11855841546434,45.22365606630188,45.23251501313079,25833200
2016-06-13,44.42622756958008,44.94013450318344,43.469302195957205,43.930045294363865,83217800
2016-06-14,44.15152359008789,44.39075222178667,43.92115052106467,44.213546328674354,42577100
2016-06-15,44.02750015258789,44.40849912672679,44.02750015258789,44.10724420252365,33757600
2016-06-16,44.64773178100586,44.71861688396644,43.86801254837815,43.87687487624209,31188600
2016-06-17,44.417354583740234,44.68316691574605,44.14267992534148,44.665445642947375,45710500
2016-06-20,44.364192962646484,45.037587842399944,44.3287504152937,44.869237432467905,35607900
2016-06-21,45.35654830932617,45.569200155697175,44.44392493278733,44.47936747051357,34097800
2016-06-22,45.17933654785156,45.595774482418705,45.14389401470108,45.25908055744714,28816800
2016-06-23,45.994510650634766,46.12741850653784,45.3211191846942,45.43630238782388,29028800
2016-06-24,44.15152359008789,45.13502846480998,43.87684904778659,44.13380232477951,133503000
2016-06-27,42.91107940673828,43.54903169581225,42.565523043485584,43.504726824636585,50216300
2016-06-28,43.80598449707031,43.83256809747254,43.123730673193585,43.345241523283924,38140700
2016-06-29,44.7806282043457,44.94011626522283,44.1249546896301,44.22241999127577,31304000
2016-06-30,45.33882522583008,45.45401177883693,44.745177952614554,44.94010852232057,28527800
2016-07-01,45.32996368408203,45.82614902399661,45.25021967195266,45.30338347336761,21400400
2016-07-05,45.33882522583008,45.43629051068309,44.95782979047441,45.03757380717358,24806400
2016-07-06,45.524906158447266,45.66667295267418,44.64772179542718,44.993278145106096,28167500
2016-07-07,45.524906158447266,45.72869571389927,45.250231515888316,45.56034532201375,19585200
2016-07-08,46.34006118774414,46.393224999411736,45.67552875183963,45.83501680685565,28391000
2016-07-11,46.59701156616211,46.80966341927045,46.49068732960121,46.5172675437448,22269200
2016-07-12,47.14636993408203,47.31472034838474,46.774233317178556,46.90713780322089,27317600
2016-07-13,47.41218566894531,47.72230291847873,47.11979307480042,47.456490547441284,25356800
2016-07-14,47.615966796875,47.837477614281404,47.474200008934375,47.70456977184283,24545500
2016-07-15,47.58053970336914,47.84635209456357,47.14637687309415,47.80205059269582,32024400
2016-07-18,47.81089401245117,48.14759140126754,47.44761640714479,47.5805242495685,31433900
2016-07-19,47.040042877197266,47.75773922718194,46.89827607250752,47.58938882287164,53336500
2016-07-20,49.538692474365234,50.3627132084898,49.201994994403385,49.75134440381159,89893300
2016-07-21,49.44121551513672,49.822214404929724,49.4057729719032,49.60070357970063,32776700
2016-07-22,50.123470306396484,50.17663412235405,49.423495272896815,49.68931097269762,32157200
2016-07-25,50.26523971557617,50.27410204202336,49.84879825222542,50.03486992775722,25610600
2016-07-26,50.291812896728516,50.761418113080715,50.07030208636945,50.07916441157638,28079000
2016-07-27,49.78677749633789,50.32726451186467,49.71589578183573,50.158917482433104,32327500
2016-07-28,49.80449676513672,49.94626356842173,49.370337408820795,49.61842846957275,37550400
2016-07-29,50.22093963623047,50.29182134986619,49.662731353904704,49.84879965468419,30558700
2016-08-01,50.13233947753906,50.282965240005,49.74247820059197,50.150057371957125,26003400
2016-08-02,50.13233947753906,50.415873108052864,49.893107343045386,50.37156823204525,35122000
2016-08-03,50.47787857055664,50.60192406887511,50.052578270613466,50.22092524976191,22075600
2016-08-04,50.85002517700195,50.965211754053726,50.21207291023769,50.32725948728946,26587700
2016-08-05,51.35507583618164,51.57658669128593,50.90319517896335,51.08040453904427,29335200
2016-08-08,51.44367980957031,51.470260029348545,51.19558536502023,51.44367980957031,19473500
2016-08-09,51.567718505859375,51.833530808366454,51.40823044835776,51.541134909617895,16920700
2016-08-10,51.40823745727539,51.674049796022906,51.231028104781295,51.53228299002508,15756900
2016-08-11,51.65633010864258,51.78923797209029,51.41709798242913,51.41709798242913,18162300
2016-08-12,51.33735275268555,51.55886359998224,51.05381913854477,51.41709679291185,21655200
2016-08-15,51.4968376159668,51.83353502921965,51.35507081775303,51.399372308447255,19283900
2016-08-16,51.2115364074707,51.372018517537796,51.05997185965927,51.36310435633562,20523500
2016-08-17,51.318519592285156,51.425506517060306,51.02430129783723,51.3006878713138,18856400
2016-08-18,51.35417938232422,51.443337986745505,51.05996449036647,51.1936972954189,14214300
2016-08-19,51.372005462646484,51.47007821621518,50.99754956835072,51.20260923442497,17271000
2016-08-22,51.41659164428711,51.48791853190177,51.05104984789496,51.354182318150876,15221900
2016-08-23,51.61273956298828,51.871294440928345,51.57707611753724,51.62165712487772,18732400
2016-08-24,51.66624069213867,51.74648175313464,51.46118095871649,51.53250445679415,18151500
2016-08-25,51.86238479614258,51.96937514882843,51.51467465254821,51.60383327978643,18552600
2016-08-26,51.73755645751953,52.334907244776915,51.43442398362472,51.96044788241121,20971200
2016-08-29,51.799964904785156,52.24574774699864,51.799964904785156,51.87129179204484,16417200
2016-08-30,51.61273956298828,51.88020860176444,51.36310224693766,51.692980614726466,16930200
2016-08-31,51.229366302490234,51.53249878834742,51.086715920972345,51.39876596876692,20860300
2016-09-01,51.34526824951172,51.55032795019065,50.82815851654061,50.82815851654061,26075400
2016-09-02,51.41659164428711,51.88020621062282,51.19370022207109,51.41659164428711,18900500
2016-09-06,51.36310958862305,51.53250587714848,51.00648188524401,51.514674151874146,16278400
2016-09-07,51.407684326171875,51.56816644361167,51.18479287428922,51.23828804712037,17493400
2016-09-08,51.20261764526367,51.52358183655641,50.97972622364962,51.380931462765545,20146100
2016-09-09,50.114906311035156,51.28285858214526,50.114906311035156,50.632016040566604,35113900
2016-09-12,50.863826751708984,51.00647713957757,49.57997326089168,49.927683368755524,29303000
2016-09-13,50.40020751953125,50.50719785141258,49.97225639516556,50.37346163708752,30130200
2016-09-14,50.15948486328125,50.489366621550886,49.954425160089805,50.2753893567558,24062500
2016-09-15,50.98863983154297,51.13129020378808,49.90984617887343,50.06141411247627,26847000
2016-09-16,51.04212951660156,51.380925389705226,50.59634672606356,51.380925389705226,44607000
2016-09-19,50.7568359375,51.48791954466466,50.685509048482345,51.059968413718515,20937100
2016-09-20,50.649845123291016,51.13128798305001,50.59634996062757,51.13128798305001,17384000
2016-09-21,51.49683380126953,51.57707485103736,50.89057224875553,51.27394237425372,33707300
2016-09-22,51.55033493041992,51.71081704851685,51.380938650674786,51.63949015111659,19822200
2016-09-23,51.20261764526367,51.630568766636266,51.158040041151494,51.59490532292525,19955300
2016-09-26,50.7301025390625,50.94407645666682,50.66769319634007,50.890584677792795,21688700
2016-09-27,51.66624069213867,51.76431347791749,50.53395167633063,50.756843134535664,28065100
2016-09-28,51.73755645751953,51.76430574122273,51.41659226150699,51.603823643216465,20536400
2016-09-29,51.17588424682617,51.86238699993577,51.00648454840218,51.54142613140119,25463500
2016-09-30,51.35417938232422,51.50574730931391,51.12237381293487,51.32743350152433,29910800
2016-10-03,51.19371032714844,51.309614841873945,50.872749472687886,51.18479616496364,19189500
2016-10-04,51.03322219848633,51.354182993815584,50.79249905119946,51.05996808116712,20085900
2016-10-05,51.389854431152344,51.67515522763332,51.051058459936016,51.077807747830576,16726400
2016-10-06,51.479000091552734,51.58598701302672,51.0688773239721,51.479000091552734,16212600
2016-10-07,51.53250503540039,51.69298715919421,51.19370906282968,51.57708264733117,20089000
2016-10-10,51.74647903442383,52.05852569909475,51.59491108225969,51.63057452995167,18196500
2016-10-11,50.98863983154297,51.72864097578856,50.721170808715016,51.61273648551029,26497400
2016-10-12,50.91732406616211,51.059974460036244,50.284313155911484,50.91732406616211,22177500
2016-10-13,50.74791717529297,51.08671308800535,50.21297912452873,50.551775037241114,25313700
2016-10-14,51.19371032714844,51.47901453286981,50.92624124790438,50.92624124790438,27402500
2016-10-17,51.0153923034668,51.22936617468312,50.70334225645073,51.140210961851885,23830000
2016-10-18,51.407684326171875,51.66623922660862,51.18479287428922,51.29177981889787,19149500
2016-10-19,51.291770935058594,51.56815751190167,51.17586984891255,51.23827917254597,22878400
2016-10-20,51.04212951660156,51.28285263161842,50.516105687724604,51.265020911870565,49455600
2016-10-21,53.19081115722656,53.89514889808014,53.0392466160839,53.743580955884134,80032200
2016-10-24,54.3855094909668,54.3855094909668,53.43153443263575,53.440448593465874,54067000
2016-10-25,54.37660598754883,54.715398582348094,54.207206289095176,54.25178390408939,35137200
2016-10-26,54.05564498901367,54.563837313019214,53.91299457176745,54.216127133547445,29911600
2016-10-27,53.583099365234375,54.23394534534485,53.57418520433918,54.037799795116854,28479900
2016-10-28,53.378028869628906,53.95754784127848,53.11947744326547,53.50284750326354,33574700
2016-10-31,53.42261505126953,53.868397900766986,53.42261505126953,53.63659231549173,26434700
2016-11-01,53.315616607666016,53.51176210742978,52.825256259309086,53.467184512315974,24533000
2016-11-02,52.985748291015625,53.43153112812593,52.869843801072065,53.33345835979316,22147000
2016-11-03,52.78961181640625,53.17298539421667,52.700456594100736,53.07491260904837,21600400
2016-11-04,52.34381866455078,52.85201081461026,52.174422414881974,52.29032690205172,28697000
2016-11-07,53.86839294433594,53.957551546663886,53.29779149364876,53.29779149364876,31664800
2016-11-08,53.91297912597656,54.18936231711575,53.62767837322132,53.984302613638754,22935400
2016-11-09,53.6455078125,54.01996718395453,52.78069137564578,53.49394327240046,49632500
2016-11-10,52.33491134643555,53.930814889988945,51.38093624521726,53.92189732770456,57822400
2016-11-11,52.62020492553711,52.70936012986921,51.71972171693885,51.91586724773313,38767800
2016-11-14,51.81779861450195,52.67370428918762,51.06888327481031,52.62020912169061,41328400
2016-11-15,52.84104919433594,53.397556689276975,52.34737606252579,52.35635386755708,35904100
2016-11-16,53.54116439819336,53.55013877813001,52.78718979444245,52.90387385376381,27332500
2016-11-17,54.42978286743164,54.708036620839756,53.82840003061889,54.22333785968863,32132700
2016-11-18,54.16948699951172,54.87858302942482,54.12460824076414,54.555450487994555,27686300
2016-11-21,54.62725830078125,54.725993622744035,54.23231701293011,54.30412576491386,19652600
2016-11-22,54.86062240600586,54.98628428078982,54.58237209013546,54.7349605312219,23206700
2016-11-23,54.21436309814453,54.84267249815895,54.079723412981764,54.76188937186718,21848900
2016-11-25,54.331050872802734,54.331050872802734,53.97201739463509,54.12460585244966,8409600
2016-11-28,54.40285110473633,54.77086233105392,54.043814258755155,54.16050174730341,20732600
2016-11-29,54.833702087402344,55.12093024078626,54.32207672518539,54.43876423250688,22366700
2016-11-30,54.088687896728516,54.914471194831144,54.052786954746594,54.62724311480296,34655400
2016-12-01,53.137264251708984,53.98997440253792,52.9038892172354,53.954070024306596,34542100
2016-12-02,53.182125091552734,53.37959568125278,52.77820953263391,53.02953667153274,25515700
2016-12-05,54.05278778076172,54.38489461136404,53.460379428647016,53.586041287576066,23552700
2016-12-06,53.8104362487793,54.268204919648305,53.67579659168498,54.241278357840926,19907000
2016-12-07,55.085025787353516,55.0940035931507,53.6758115918063,53.864304425191165,30809000
2016-12-08,54.76189041137695,55.27351917028972,54.6093019610568,55.022191981483736,21220800
2016-12-09,55.62356948852539,55.641521672328935,54.8695948889213,54.914473636415686,27349400
2016-12-12,55.80308532714844,55.91977281163157,55.399173169527394,55.48893066588118,20198100
2016-12-13,56.53013610839844,56.92507390509827,55.86592238558376,56.099293941808845,35718900
2016-12-14,56.260868072509766,56.95201188168484,56.1262283785554,56.5480962238514,30352700
2016-12-15,56.17109680175781,56.68272203502931,55.919769662866884,56.27880647612318,27669900
2016-12-16,55.91976547241211,56.50319939422564,55.75819926095693,56.50319939422564,42453100
2016-12-19,57.10458755493164,57.2392272187439,56.02748051652021,56.15314580062513,34338200
2016-12-20,57.03280258178711,57.26617420171064,56.575030300817346,57.167438869578724,26028400
2016-12-21,57.03280258178711,57.17641667651623,56.65581344310436,56.9340672496552,17096300
2016-12-22,57.04176712036133,57.53544027179212,56.91610523716398,57.30206869214412,22176600
2016-12-23,56.763511657714844,57.032787586529224,56.3685704330265,56.95200446548199,12403800
2016-12-27,56.799407958984375,57.50850380529607,56.736577028200195,56.736577028200195,11763200
2016-12-28,56.53911209106445,56.90712331050338,56.39549804016217,56.90712331050338,14653300
2016-12-29,56.45832443237305,56.727600328152796,56.30573258954629,56.42242006652807,10250600
2016-12-30,55.776161193847656,56.53911364222135,55.67742588913807,56.51218365291837,25579900
2017-01-03,56.17109680175781,56.404468333554235,55.76718124285169,56.3595895879044,20694100
2017-01-04,55.91976547241211,56.32368100105005,55.75819926095693,56.08133168386728,21340000
2017-01-05,55.91976547241211,56.242897895322464,55.67741615522934,55.8210301849641,24876000
2017-01-06,56.40447235107422,56.68272607236846,55.68640209744447,55.919773645863245,19922900
2017-01-09,56.22496032714844,56.619901579590454,56.13520281924586,56.33267002143742,20382700
2017-01-10,56.20701217651367,56.61092783913595,55.901831834091254,56.30574749671353,18593000
2017-01-11,56.71863555908203,56.75453993317812,56.036469571404105,56.19803583080695,21517300
2017-01-12,56.19802474975586,56.90712059020208,55.60561639009888,56.601940318619455,20968200
2017-01-13,56.27882385253906,56.43141231966684,55.964665687934435,56.20701509810491,19422300
2017-01-17,56.1262321472168,56.27882403887968,55.67743770260696,56.2608718502117,20664000
2017-01-18,56.09929275512695,56.27881117674918,55.75820809644764,56.25188118788694,19670100
2017-01-19,55.91976547241211,56.530125954791984,55.83000798783859,55.86591235127942,18451700
2017-01-20,56.31472396850586,56.38652929347674,55.982613640422976,56.251889601115614,30213500
2017-01-23,56.51219177246094,56.65580584793743,56.16213267748883,56.278820183822745,23097600
2017-01-24,57.014835357666016,57.212305969858704,56.49423226153229,56.72760724394713,24672900
2017-01-25,57.15845489501953,57.53544054641093,56.952009882491446,57.40080428121237,23672700
2017-01-26,57.68802261352539,57.930375396924134,57.041761079235634,57.55338978725754,43554600
2017-01-27,59.04338836669922,59.1600792898964,58.24453490691963,58.69332929322542,44818000
2017-01-30,58.45995330810547,59.05236517509764,58.16375422266814,58.96260766896334,31651400
2017-01-31,58.02911376953125,58.477908142307115,57.67905470661076,58.21760658433007,25270500
2017-02-01,57.068702697753906,58.00219595576499,56.96996737299872,57.76882092924729,39671500
2017-02-02,56.700687408447266,56.91611024432979,56.32370172569011,56.77249616175138,45827000
2017-02-03,57.15845489501953,57.17640708185191,56.61092518073527,56.99688863755763,30301800
2017-02-06,57.12253952026367,57.13151732396562,56.67374520797495,56.99687766066745,19796400
2017-02-07,56.934051513671875,57.24820618905331,56.754533088869984,57.21230524331626,20277200
2017-02-08,56.85327911376953,57.27514697799554,56.7455694081907,57.05972414280806,18096400
2017-02-09,57.49953079223633,57.840618886104764,56.835317061739595,57.01483548923546,22644400
2017-02-10,57.4456787109375,57.71495806911844,57.42772652545682,57.6700758934021,18170700
2017-02-13,58.09193801879883,58.21759988086204,57.56235715891141,57.66109245739791,22920100
2017-02-14,58.30866622924805,58.444122152241526,57.811996808130104,58.164184963742926,23108400
2017-02-15,58.27254867553711,58.3086707170872,57.938431847954945,58.24545886676828,17005200
2017-02-16,58.26352310180664,58.91370614486905,58.19128590002529,58.4621909082508,20546300
2017-02-17,58.353816986083984,58.417028827731116,58.0648475829008,58.21836107124755,21248800
2017-02-21,58.23643112182617,58.65182429730098,58.20030907749243,58.344797254827405,20655900
2017-02-22,58.11903762817383,58.14612743809023,57.83910040627059,58.09194781825742,19292700
2017-02-23,58.353816986083984,58.453150864325764,57.965513704659024,58.17320680311074,20273100
2017-02-24,58.353816986083984,58.5163627059729,57.920359436522205,58.27254068135252,21796800
2017-02-27,58.00163650512695,58.28157368045469,57.83909078309733,58.28157368045469,15871500
2017-02-28,57.775875091552734,57.97453940447555,57.57720733384289,57.86618018359677,23239800
2017-03-01,58.64279556274414,58.687942948369326,57.81200237025447,57.91133626403503,26937500
2017-03-02,57.802978515625,58.4712190904346,57.68558359769826,58.4170394704589,24539600
2017-03-03,58.019710540771484,58.04680035386691,57.450800352251285,57.784924122772374,18135900
2017-03-06,58.03776168823242,58.299641335095004,57.622371969244185,57.76685669772222,18750300
2017-03-07,58.15515899658203,58.498308067501014,57.965523439791916,57.965523439791916,18521000
2017-03-08,58.68793869018555,58.76921500173393,58.01969818107199,58.02873041337172,21510900
2017-03-09,58.45315933227539,58.877577822205325,58.22740173803446,58.8685524789297,19846800
2017-03-10,58.633766174316406,58.93176787011517,58.47122042111484,58.79631192751796,19538200
2017-03-13,58.435089111328125,58.86854668099268,58.30866542217061,58.706000953565265,20100000
2017-03-14,58.1641845703125,58.29060826036475,57.92939476468358,58.27254379631478,14280200
2017-03-15,58.47122573852539,58.624739272294306,58.01971048185724,58.29062239168856,24833800
2017-03-16,58.371891021728516,58.48025716207406,58.06486395844676,58.47122492798461,20674300
2017-03-17,58.57958221435547,58.91369903982974,58.40800424046873,58.61570425567767,49219700
2017-03-20,58.633766174316406,58.859523782119936,58.44413061051049,58.61570859710531,14598100
2017-03-21,57.98359298706055,59.1485032674745,57.91134888682326,58.868565991025775,26640500
2017-03-22,58.724063873291016,58.82339776518158,57.90230981896677,57.90230981896677,20680000
2017-03-23,58.57958221435547,58.91369903982974,58.48927366626249,58.64279406427559,19269200
2017-03-24,58.678916931152344,59.103335421115816,58.48024914587263,59.02206599417867,22617100
2017-03-27,58.78727340698242,58.89563952738581,58.110000656004345,58.362848047370875,18614700
2017-03-28,58.95884704589844,59.121392769780485,58.38090822533431,58.66084540385232,20080400
2017-03-29,59.12141036987305,59.1485001836555,58.651830632389725,58.80535105978403,13618400
2017-03-30,59.33811950683594,59.581941543205886,59.02206028336967,59.076239896085504,15122800
2017-03-31,59.47358703613281,59.77158874338195,59.10334123811254,59.28395146504037,21040300
2017-04-03,59.19364929199219,59.54583061953099,58.86855777586781,59.428432250634295,20400900
2017-04-04,59.35619354248047,59.428430741225654,58.94982571285842,59.049159611905445,12997400
2017-04-05,59.202674865722656,59.91606975723082,59.09431561964464,59.8709223678902,21448600
2017-04-06,59.35619354248047,59.654188350046084,59.13043593366004,59.23879517656555,18103500
2017-04-07,59.31103515625,59.563882558281385,59.094309795876676,59.46454866611548,14108500
2017-04-10,59.175575256347656,59.437454873635545,59.02206175677099,59.2478193348218,17952700
2017-04-11,59.13043975830078,59.24783124223329,58.56152613794686,59.238799008215125,18791500
2017-04-12,58.90467834472656,59.15752576435873,58.796312212209,59.076249442576696,17108500
2017-04-13,58.65181350708008,59.473574362947886,58.65181350708008,58.95884738264389,17896500
2017-04-17,59.13043975830078,59.13946510274304,58.706014323933864,58.73310413641245,16689300
2017-04-18,59.049163818359375,59.33813330265167,58.84147066161152,58.99498419304706,15155600
2017-04-19,58.73309326171875,59.37424396677835,58.59763733483019,59.28394231204419,26992800
2017-04-20,59.14849090576172,59.37424850463867,58.82339941221289,59.11236886319239,22299500
2017-04-21,59.96120834350586,60.23211327737716,59.1033254956454,59.30199324756201,32522600
2017-04-24,60.981651306152344,61.09904968576255,60.59334789810004,60.9365039128668,29770000
2017-04-25,61.33382797241211,61.44219410924226,61.04485849710746,61.31577039439495,30242700
2017-04-26,61.252540588378906,61.68599122953567,61.062905071676106,61.47829814010705,26190800
2017-04-27,61.6498908996582,61.74922480855709,61.02680452242791,61.54153164600571,34971000
2017-04-28,61.82145309448242,62.435513969925715,61.12612279958273,62.22782086048756,39548800
2017-05-01,62.6793327331543,62.80575641653184,61.85757190162621,62.0201176216222,31954400
2017-05-02,62.58002471923828,62.95026369084297,62.42650427776621,62.95026369084297,23906100
2017-05-03,62.38134765625,62.652252668434215,62.0472238960227,62.652252668434215,28928000
2017-05-04,62.137516021728516,62.38133807377394,61.984002516114614,62.33618380055818,21749400
2017-05-05,62.30910110473633,62.336190915928036,61.84855364575059,62.218799437572116,19128800
2017-05-08,62.254913330078125,62.35424721782367,61.7853336989947,62.28200313772242,18566100
2017-05-09,62.345218658447266,62.56194402194456,62.020127168413765,62.182672913430515,22858400
2017-05-10,62.58904266357422,62.81480029186825,62.236861314601605,62.3000731749409,17977800
2017-05-11,61.82145309448242,62.06527513200038,61.51442610154797,61.73115144300608,28789400
2017-05-12,61.74922180175781,61.95692184377166,61.44219474525784,61.95692184377166,18714100
2017-05-15,61.794376373291016,61.83953065337804,61.01776960490985,61.5324967058531,31530300
2017-05-16,63.03862762451172,63.065872715673095,61.9033692990082,61.96694348807372,34956000
2017-05-17,61.285789489746094,62.75707986893023,61.24037638436042,62.56635729863107,30548800
2017-05-18,61.49466323852539,61.87610831767637,60.97698579423023,61.213121431875756,25201300
2017-05-19,61.47649383544922,61.84885485877125,61.24035822976636,61.30393240101963,26961100
2017-05-22,62.16676330566406,62.21217642504724,61.30396946993706,61.658169628104496,16237600
2017-05-23,62.37562561035156,62.439199791158096,62.103160876000096,62.41195470353616,15425800
2017-05-24,62.457366943359375,62.55727022705997,62.16674109870312,62.548193149681154,14593900
2017-05-25,63.229339599609375,63.46546830282994,62.584513810231805,62.639003983426434,21854100
2017-05-26,63.538150787353516,63.77428650995264,63.138537553580925,63.39284129357066,19827900
2017-05-30,63.94683074951172,63.94683074951172,63.365572144248155,63.383740156729246,17072800
2017-05-31,63.429161071777344,64.24654859673697,63.40191597579005,64.05582599575776,30436400
2017-06-01,63.66529083251953,64.12847820819837,63.07495506807669,63.79243922128352,21603600
2017-06-02,65.17290496826172,65.26372423884219,63.792427110800325,63.97407258102746,34770300
2017-06-05,65.64517974853516,66.1991863947654,65.21832148710523,65.36363788634405,33316800
2017-06-06,65.86312866210938,65.9539548503022,65.63607704975796,65.663329063655,31511100
2017-06-07,65.74505615234375,66.09017206578957,65.34544314693794,65.97210773649442,22301800
2017-06-08,65.34546661376953,65.86314413437857,64.93677638715546,65.8540670566792,24588300
2017-06-09,63.86509323120117,65.46353892240252,62.293892631651296,65.42720982384488,49187400
2017-06-12,63.37464904785156,63.51996541514794,61.876106923170134,62.89330070704743,47761700
2017-06-13,64.16480255126953,64.31919602202491,63.538137732352176,63.59262791519125,25258600
2017-06-14,63.819664001464844,64.57347701568159,63.05677391170233,64.4009225024631,25510700
2017-06-15,63.483619689941406,63.76516141647899,62.48459417826433,62.91144530495991,26068700
2017-06-16,63.57447052001953,63.60171561302018,62.866070385732954,63.32925775394625,48345100
2017-06-19,64.3646011352539,64.42817531702812,63.89232984573162,64.02856221498098,23798300
2017-06-20,63.492713928222656,64.3645912569148,63.456384840060686,64.31917816444607,21512200
2017-06-21,63.819664001464844,64.13754180126453,63.5199611399526,63.76517383192904,19891100
2017-06-22,63.810577392578125,64.11028020931458,63.31106114957693,64.06487405117355,22965700
2017-06-23,64.67340087890625,64.70972997985673,63.50181335725653,63.656206839495425,27617300
2017-06-26,64.05579376220703,65.12747754918972,63.974058515375184,64.84593579357157,19607000
2017-06-27,62.85698318481445,63.737944768769516,62.82973809319803,63.6743705786422,25215100
2017-06-28,63.392818450927734,63.42914061448399,62.47552791714895,62.85697299608297,25806200
2017-06-29,62.203067779541016,63.111274374951726,61.83978375556344,63.01137109513123,28918700
2017-06-30,62.602691650390625,63.011381916888524,62.43013015032512,62.466459251868784,24161100
2017-07-03,61.912437438964844,63.21117305301724,61.77620507375762,62.96596033889699,16165500
2017-07-05,62.738922119140625,63.065877093909265,61.95786378264526,61.99419288307149,21176300
2017-07-06,62.27572250366211,62.466445046594096,61.86703233010301,62.00325776857868,21117600
2017-07-07,63.084022521972656,63.429138496762036,62.39378364332822,62.39378364332822,16878300
2017-07-10,63.556278228759766,63.80149087443563,62.847871513227716,63.08400708507173,15014500
2017-07-11,63.56535720825195,64.1920217746365,63.34738963566506,63.57444121142013,17460000
2017-07-12,64.618896484375,64.73696083970482,64.073973948064,64.20112230890103,17750900
2017-07-13,65.18199157714844,65.42721126554929,64.76421732813029,64.9367788178148,20269800
2017-07-14,66.09928131103516,66.54430064577471,65.35455210778917,65.6088488704975,25868100
2017-07-17,66.616943359375,66.70776262079461,66.04477577627254,66.11743395703442,21803900
2017-07-18,66.57154846191406,66.65328373230757,65.99029677556021,66.38081897286254,26435300
2017-07-19,67.08013153076172,67.24360897521055,66.70776354599168,66.75317664186407,22416200
2017-07-20,67.40709686279297,67.47975505581924,66.55338041740092,67.37076776627984,42361000
2017-07-21,67.01655578613281,67.47065901797076,66.4534652841902,66.70776198536899,46717100
2017-07-24,66.84397888183594,66.98021120569419,66.41712083397655,66.78040472124394,21394800
2017-07-25,67.37983703613281,67.48881737277064,66.75317238420475,67.0256370839296,22018700
2017-07-26,67.25270080566406,67.55240371447208,67.03472623499191,67.51607461936005,16252200
2017-07-27,66.44441223144531,67.58874780048416,65.68151492301816,66.98933492085447,36844200
2017-07-28,66.33540344238281,66.58061614804272,65.88130019340352,65.99936454367449,18306700
2017-07-31,66.02660369873047,66.69868143577374,65.76322993555941,66.57153309180666,23600100
2017-08-01,65.91764068603516,66.6805309503196,65.83589848396646,66.38990509786836,22132300
2017-08-02,65.62702941894531,65.89948731857099,64.88230007345899,65.89041023893137,26499200
2017-08-03,65.52708435058594,65.79046500272204,65.25461969553092,65.56341343319754,18214400
2017-08-04,66.00846099853516,66.33541595379192,65.608847846762,65.75416423979479,22579000
2017-08-07,65.75416564941406,66.20826899377595,65.62701726731811,66.117449710717,18705700
2017-08-08,66.10836791992188,66.41715487848757,65.16383210049628,65.47261905906197,22044600
2017-08-09,65.81774139404297,65.8540704939375,65.43629623875135,65.61793480915671,22213400
2017-08-10,64.85498809814453,65.56338760736774,64.80049103116187,65.30000705897889,24734500
2017-08-11,65.84498596191406,66.02662453087176,64.7369726756973,65.03668255063802,21443700
2017-08-14,66.83489227294922,66.95296351591865,66.25364084761271,66.35354408594213,20096600
2017-08-15,66.8531723022461,67.19099457632346,66.68882388356604,67.19099457632346,19181400
2017-08-16,67.24578857421875,67.65665617793367,66.80752375973766,66.96273979083148,18150400
2017-08-17,66.10450744628906,67.44668568651036,66.10450744628906,67.18190160811425,22977500
2017-08-18,66.18665313720703,66.50621760524218,65.67534998835079,65.98578205273266,18761500
2017-08-21,65.8761978149414,66.17750433527536,65.46532338740043,66.1683719348463,17734800
2017-08-22,66.79840850830078,66.87144685019958,66.05883695645971,66.05883695645971,14343700
2017-08-23,66.39665222167969,66.7892619609359,66.22317139368805,66.61578113294426,13766500
2017-08-24,66.3692855834961,66.5245016605969,65.80319481491173,66.41493368300428,17098300
2017-08-25,66.48794555664062,66.97185835711653,66.17751355859248,66.52446819746655,12794300
2017-08-28,66.4970932006836,66.73447997149324,66.24144162228362,66.70708972609083,14569700
2017-08-29,66.6979751586914,66.79841071885792,65.78492967789336,65.96753598765929,11478400
2017-08-30,67.57450103759766,67.7571073556144,66.49710704293607,66.66145551554493,16897800
2017-08-31,68.26837921142578,68.44186000991958,67.38273131391115,67.59272778642136,27652800
2017-09-01,67.51055908203125,68.24099100580092,67.23664275687918,68.21360076648202,21736200
2017-09-05,67.20926666259766,67.46491823802121,66.63405061789464,66.96274052487995,21556000
2017-09-06,67.01752471923828,67.60187313918946,66.97186966899915,67.32795676971995,16535800
2017-09-07,67.87580108642578,68.1131948737568,67.20014934739012,67.27319466133575,17471200
2017-09-08,67.54707336425781,67.96707323579679,67.4192406532862,67.86663772673523,14703800
2017-09-11,68.25927734375,68.42362579749354,67.8484027263993,67.8484027263993,17910400
2017-09-12,68.18622589111328,68.69752904955875,67.90318406639997,68.25927118974352,14394900
2017-09-13,68.67015075683594,68.68841556766422,68.06754435320418,68.41449913311433,13380800
2017-09-14,68.26837921142578,68.92577279942199,68.04011793592605,68.4783826499173,15733900
2017-09-15,68.7614517211914,68.83449703020756,67.62927729537721,68.3231937990626,38578400
2017-09-18,68.62447357177734,69.36403787918229,68.51490565120643,68.68838645061504,23307000
2017-09-19,68.88013458251953,69.126653730311,68.4875248538277,68.67013111397084,16093300
2017-09-20,68.42362213134766,68.98058036330423,67.84839909107393,68.79796711004934,21587900
2017-09-21,67.75708770751953,68.69752320797029,67.6657845749871,68.57882983227638,19186100
2017-09-22,67.939697265625,68.03100039322142,67.42838721231725,67.55621298414866,14111400
2017-09-25,66.88971710205078,67.793630221191,66.57927800128489,67.64753959354009,24149200
2017-09-26,66.88971710205078,67.39188796113555,66.64319090938602,67.26406214493328,18019600
2017-09-27,67.42838287353516,67.72055704263258,66.80751189345544,67.15447350837101,19565100
2017-09-28,67.44664764404297,67.5379507657191,66.93533762388964,67.14534107312824,10883800
2017-09-29,68.01274871826172,68.0584037738649,67.45579047662368,67.51057793654417,17079100
2017-10-02,68.12230682373047,68.48752631780594,67.83926502466365,68.21360995575372,15304800
2017-10-03,67.80274200439453,68.36882559940346,67.7388291157328,68.17708693341827,12190400
2017-10-04,68.19535827636719,68.22274852185029,67.30057078334819,67.6475255027727,13317700
2017-10-05,69.36405944824219,69.50101765004824,68.44188165313048,68.67927540519541,21195300
2017-10-06,69.39143371582031,69.41882395667734,68.97143376872133,69.09012713442912,13959800
2017-10-09,69.65621948242188,69.8936131860505,69.26360976587465,69.36404529564129,11386500
2017-10-10,69.65621948242188,69.96665150825908,69.51926130855989,69.6927421265172,13944500
2017-10-11,69.7749252319336,69.81144788250941,69.34579279514685,69.72014473906152,15388900
2017-10-12,70.41404724121094,70.56926325097133,69.72926335181658,69.83882431589123,16876500
2017-10-13,70.75187683105469,71.09883849585195,70.56927056135915,70.84317996590246,15335700
2017-10-16,70.8979721069336,71.04405573915164,70.62405571829797,70.6879686135152,12380100
2017-10-17,70.84319305419922,70.8705902690996,70.53276094516787,70.73363205853354,16824000
2017-10-18,70.86146545410156,71.08059443488776,70.64233647331535,70.91624595780193,13300700
2017-10-19,71.13536071777344,71.1536185582408,70.6240506269135,70.82492170196748,15092800
2017-10-20,71.95709228515625,72.10318286550181,71.41839894359212,71.50970207331696,22866400
2017-10-23,71.97535705566406,72.44100510682881,71.91144416828955,72.12144066995626,20627200
2017-10-24,72.00275421142578,72.31318627534222,71.63753469165476,72.03927686000117,17517200
2017-10-25,71.79273223876953,72.22186454156085,71.22664874656068,71.74708416429074,20410800
2017-10-26,71.91144561767578,72.5140518584979,71.90231321472899,72.31318078956305,32120700
2017-10-27,76.52232360839844,78.70450129657569,76.33971733659439,77.03363370821872,71066700
2017-10-30,76.59537506103516,76.99711725047952,75.88320079137166,76.42189421268722,31756700
2017-10-31,75.94711303710938,77.0245068364868,75.88320014078967,77.0245068364868,27086600
2017-11-01,75.94711303710938,76.47668101574882,75.67319664374877,76.40363571538822,22307400
2017-11-02,76.74146270751953,77.11580767018945,75.89233027270356,76.10232679747416,23992900
2017-11-03,76.82364654541016,77.18886613258223,76.14799483703158,76.76886604542882,17633500
2017-11-06,77.12495422363281,77.33495078693029,76.76886703718552,76.87842803856356,19860900
2017-11-07,76.94233703613281,77.51756012808433,76.63190492668542,77.39885976130883,17939700
2017-11-08,77.20711517333984,77.25277022877441,76.54059594628924,76.8236377852299,18034200
2017-11-09,76.77798461914062,76.94233307037251,75.69146532609217,76.79624942815728,21178400
2017-11-10,76.57710266113281,76.7870991540696,75.99275429629186,76.5040573740322,19397800
2017-11-13,76.63189697265625,76.64102937668737,76.20276454097528,76.38537779168168,14196900
2017-11-14,76.74146270751953,76.78711079439081,75.76450448389109,76.2392849900541,18801300
2017-11-15,76.14501190185547,76.79652897284097,75.87889811213442,76.59464906333068,19383100
2017-11-16,76.34688568115234,76.54876559296514,76.10830669534447,76.2551239942287,20962800
2017-11-17,75.6127700805664,76.27346529598645,75.4659458100435,76.27346529598645,22079000
2017-11-20,75.7320556640625,75.78711126220058,75.4751202047965,75.61276620110792,16315000
2017-11-21,76.82405853271484,76.93416975789448,75.9247771882623,75.9247771882623,21237500
2017-11-22,76.26429748535156,76.989226668278,76.20006360843239,76.92499279135882,20553100
2017-11-24,76.40192413330078,76.5579196518369,75.9614583740018,76.17251648805387,7425600
2017-11-27,76.96168518066406,77.06262511230014,76.43863598989813,76.44780725570776,18265200
2017-11-28,77.88848876953125,78.05366257021291,77.09932583304847,77.14521016694698,21926000
2017-11-29,76.47534942626953,77.9252078068022,76.32853213509668,77.73250617409357,27381100
2017-11-30,77.2369613647461,77.55813065560376,76.47532633145116,76.631328844981,33054600
2017-12-01,77.319580078125,77.82427286264766,76.36524312072224,76.71394033553617,29532100
2017-12-04,74.40150451660156,77.47556619610519,74.05280034336022,77.46638792813378,39094900
2017-12-05,74.86949920654297,75.86972049379268,74.3097508176029,74.6400914893993,26152300
2017-12-06,75.96150207519531,76.29184983447955,74.72270147836434,74.83281973178234,26162100
2017-12-07,75.69535064697266,75.97982091021484,75.24571358702805,75.74123498003419,23184500
2017-12-08,77.22781372070312,77.61321698761087,76.46617845445618,76.74146350183275,24489100
2017-12-11,78.2096939086914,78.33816168976087,77.19112292951998,77.34711852068017,22857900
2017-12-12,78.53083801269531,78.96212556748726,78.07202265669821,78.2830737999155,23924100
2017-12-13,78.31980895996094,78.9162705445028,78.15463509041041,78.67768451049218,22062700
2017-12-14,77.71415710449219,78.79696176214024,77.56733281147054,78.3932019572983,19306000
2017-12-15,79.69620513916016,79.91643449229753,77.8884719881189,78.23717604829837,53936700
2017-12-18,79.26496124267578,80.2927104568725,79.12732219695329,79.94401320609425,22283800
2017-12-19,78.7602767944336,79.23744187268561,78.24639863212045,79.23744187268561,23524800
2017-12-20,78.47575378417969,79.19151142310976,77.73247535259496,79.09974277642515,23674900
2017-12-21,78.45741271972656,79.00798965440873,78.36565106410713,78.9621123270818,17990700
2017-12-22,78.46660614013672,78.57671734776001,77.92520036577682,78.36566619917075,14145800
2017-12-26,78.36566925048828,78.48495873038058,78.02614334484022,78.28307884058808,9891200
2017-12-27,78.65013885498047,78.89790310357836,78.2005017013721,78.59508324461105,14678000
2017-12-28,78.65930938720703,78.8520110055147,78.50331383919135,78.82448320303747,10594300
2017-12-29,78.494140625,78.96213430014454,78.4574345523448,78.57672403774859,18717400
2018-01-02,78.870361328125,79.2007089630862,78.45743028490708,79.03553514560559,22483800
2018-01-03,79.23741149902344,79.38423577510852,78.88871434477157,78.97129774934433,26061400
2018-01-04,79.934814453125,80.43951416134298,79.43929301259287,79.45764254699763,21912000
2018-01-05,80.92585754394531,81.12773742775576,80.22845621831836,80.43951436983846,23407100
2018-01-08,81.00846862792969,81.28376074554019,80.38447922885265,80.9350564631043,22113000
2018-01-09,80.95337677001953,81.42137036009547,80.62302917713843,81.34795822812939,19484300
2018-01-10,80.58631896972656,80.92584481189634,80.210094064426,80.62302503382323,18652200
2018-01-11,80.82492065429688,80.87079799264367,80.0541071598178,80.87079799264367,17808900
2018-01-12,82.21968841552734,82.38486217957073,81.16441197863706,81.36629180146397,24271500
2018-01-16,81.07268524169922,83.31170678485238,80.76069410914462,82.67853924988611,36599700
2018-01-17,82.71524047851562,82.84370823156674,81.43973421538863,81.74255406228086,25621200
2018-01-18,82.67855834960938,83.20160778163927,82.27480543779456,82.40327322804966,24159700
2018-01-19,82.58677673339844,83.14653211355778,82.27478560398126,82.71524449268408,36875000
2018-01-22,84.06412506103516,84.07330332569353,82.34815362008106,82.58673949444623,23601600
2018-01-23,84.33027648925781,84.69733022933848,83.99992882328199,84.33027648925781,23412800
2018-01-24,84.25686645507812,85.73425272026924,84.03663700589122,84.92674007260527,33277500
2018-01-25,84.72486114501953,85.55990160841473,84.35780739146391,84.85332890861879,26383200
2018-01-26,86.3123550415039,86.3123550415039,84.95426531142833,85.44978680785084,29172200
2018-01-29,86.18388366699219,87.58785768079451,86.00036030607758,87.30339437108664,31569900
2018-01-30,85.1010971069336,85.94532294893189,84.51381382613326,85.61497522836058,38635100
2018-01-31,87.18409729003906,87.54197271331725,85.80765120021006,86.02788061431198,48756300
2018-02-01,86.49588775634766,88.15679739054353,85.87189848478197,86.98223099723586,47227900
2018-02-02,84.22014617919922,86.22975969195994,83.9632106983099,85.92693987478319,47867800
2018-02-05,80.7514877319336,85.55986981388295,80.7514877319336,83.10061968019,51031500
2018-02-06,83.8072280883789,83.94487411751392,78.22803078172014,79.73294483140248,67998600
2018-02-07,82.2288818359375,84.21096036880702,81.8526499147874,83.03639427511158,41107600
2018-02-08,78.0077896118164,82.47664674586684,77.77838193139192,82.32065120341022,55628700
2018-02-09,80.91667175292969,81.60489474685879,76.92497978833416,79.19152863516194,63499100
2018-02-12,81.7884292602539,82.38489067006692,80.68727511980471,81.43055381455956,35720300
2018-02-13,82.43077850341797,82.58677406308269,80.5679890530388,81.60490936259363,26407700
2018-02-14,83.72148895263672,83.8874386714606,81.50883541345713,81.60102813861394,34960900
2018-02-15,85.42709350585938,85.48240773902951,83.54633220567332,84.0902742554588,27823900
2018-02-16,84.81859588623047,86.20150777567987,84.63421044784532,85.23346663952384,30596900
2018-02-20,85.48239135742188,85.79584799712225,83.90587270950057,84.33918620990677,30911700
2018-02-21,84.34841918945312,86.07245219018611,84.34841918945312,85.72211698010265,26922500
2018-02-22,84.56968688964844,85.49162828063015,84.22856604279755,84.8647078534084,24392800
2018-02-23,86.7177963256836,86.72701770815189,85.15049893105932,86.29370417224236,26329200
2018-02-26,87.97164154052734,87.99929865548857,86.89297185391412,87.0312644625745,30199800
2018-02-27,86.84687805175781,88.35886140220327,86.84687805175781,88.26666866792826,25869100
2018-02-28,86.450439453125,88.2390079676159,86.32136822361066,87.43691644090148,31167300
2018-03-01,85.60223388671875,87.18797378116913,84.67107136100493,86.65324622906792,37135600
2018-03-02,85.78665924072266,85.87885198379271,83.76760510836796,84.43140411264103,32830400
2018-03-05,86.33058166503906,86.9114021444224,85.05830521950013,85.13205517682782,23901600
2018-03-06,86.03556823730469,87.11423795045299,85.68523304942059,86.97594533839064,22175800
2018-03-07,86.53341674804688,86.60717374508762,85.21504031982467,85.88806060857631,26716100
2018-03-08,87.05892181396484,87.67662082929051,86.45043714774843,86.91140782196537,25887800
2018-03-09,89.00421905517578,89.00421905517578,87.58442852761301,87.85179236402298,36937300
2018-03-12,89.21626281738281,89.62191926891275,88.54324955973114,88.96734174366952,26073700
2018-03-13,87.04048156738281,89.64957010239641,86.63482514427864,89.42830615972773,35387800
2018-03-14,86.52418518066406,87.96241831825452,86.20150714890944,87.69505451084254,32132000
2018-03-15,86.82841491699219,87.19719277156749,85.58379581242153,86.22915178253889,27611000
2018-03-16,87.21564483642578,87.93475791893404,86.58872447636789,87.2894018279276,49081300
2018-03-19,85.63912963867188,86.5702923520782,84.9200165262042,86.42277836292885,33344100
2018-03-20,85.86038208007812,86.4504238898798,85.74053225534921,85.78663212924282,23075200
2018-03-21,85.26111602783203,86.70856327356175,85.01218799186029,85.67598670931511,24457100
2018-03-22,82.7811279296875,84.58813242127275,82.66127806716412,84.14559740744218,38604700
2018-03-23,80.37484741210938,83.39881392363783,80.28265468360752,82.51375106908226,44068900
2018-03-26,86.45965576171875,86.66248397729503,83.34349663599922,83.53710346890728,56396800
2018-03-27,82.486083984375,87.7134891344115,81.60102123679106,87.52910369969322,56569000
2018-03-28,82.41231536865234,84.10869067088818,81.93290908571649,82.80875032782818,52501100
2018-03-29,84.14556121826172,85.08594508051719,81.49959475927469,83.14064879412366,45867500
2018-04-02,81.61022186279297,83.78600338912682,80.67906643002173,83.40801120135436,48515400
2018-04-03,82.70738220214844,83.02084601175143,81.02944872869159,82.5875323232788,37213800
2018-04-04,85.12284088134766,85.51927591687797,80.88191235972218,80.99254081270955,35560000
2018-04-05,85.16893768310547,85.80507945275836,84.26543911707367,85.22425894602364,29771900
2018-04-06,83.18675231933594,85.24267712658813,82.49529646298737,84.34839309362756,38026000
2018-04-09,83.68463897705078,85.89730030419967,83.54635335911235,83.93356715705288,31533900
2018-04-10,85.62992858886719,85.9987066154534,84.48672303692015,85.17817919907337,26812000
2018-04-11,84.68952178955078,86.00789802729926,84.33918665500383,84.82781438055862,24872100
2018-04-12,86.2752685546875,86.8099961968903,85.21503465276233,85.21503465276233,26758900
2018-04-13,85.81428527832031,86.82841915248244,85.22424349575861,86.70856933328652,23346100
2018-04-16,86.81920623779297,87.2709625168187,86.12775029700038,86.72701351912467,20288100
2018-04-17,88.57089233398438,89.00420583089262,87.47378003618294,87.58441551428291,26771000
2018-04-18,88.9120101928711,89.17015259943066,88.06381895636432,88.70918200661627,21043300
2018-04-19,88.60778045654297,89.49284327597108,87.89788170415996,88.91202277899284,23552500
2018-04-20,87.58441925048828,88.60777460654438,86.70857787152482,88.42338916903215,31154400
2018-04-23,87.9071044921875,88.7737315940436,87.24330560854062,88.26666104852052,22331800
2018-04-24,85.8511734008789,88.93967524163949,85.19659594471828,88.72762565512232,34524800
2018-04-25,85.1043930053711,86.01711989082281,83.23285342696254,86.01711989082281,33729300
2018-04-26,86.90218353271484,87.72271067625822,85.8327283146091,86.24760609426191,42529000
2018-04-27,88.34042358398438,90.25806336060775,86.57951918916967,89.98147813045559,48272800
2018-04-30,86.21992492675781,88.87511968400868,85.87881123586529,88.81058409109507,41523600
2018-05-01,87.58441925048828,87.85178305857852,85.54692992040778,85.93414355949561,31408900
2018-05-02,86.21072387695312,87.74114261659477,85.9157029732961,87.57519291867187,27471000
2018-05-03,86.72702026367188,87.51989036681522,85.23347278322308,85.70366482900671,31142500
2018-05-04,87.73193359375,87.92554041410197,85.66678010895505,86.03555801937226,22531300
2018-05-07,88.70919036865234,89.16093962271505,87.67661361122677,87.74114921895001,24242000
2018-05-08,88.33118438720703,88.65386943526143,87.63972848512446,88.36806287938047,23484600
2018-05-09,89.37300872802734,89.40066584682667,87.63053990511686,88.51560287597177,27327400
2018-05-10,90.26728057861328,90.30415204266787,89.47441045820877,89.85240275252947,22388100
2018-05-11,90.07364654541016,90.23038188490506,89.46516905074225,90.16584628647281,16778300
2018-05-14,90.37791442871094,90.9863991297161,89.71411549447065,90.27650031187675,19454100
2018-05-15,89.72330474853516,90.21193239074974,88.8197994040585,89.6495477747305,24594000
2018-05-16,89.95481872558594,90.18630307276226,89.4640730398668,90.14926472949304,17384700
2018-05-17,89.05664825439453,90.31592352573514,88.7325716178747,89.59369357453643,17246700
2018-05-18,89.22332763671875,89.75111166745761,88.89925096246535,88.89925096246535,17865800
2018-05-21,90.3714828491211,90.75112054889236,89.63073721672593,89.81592185873942,19422500
2018-05-22,90.27887725830078,90.89925348863412,90.00109327176992,90.44554623735125,15441200
2018-05-23,91.35296630859375,91.4177816291444,89.18626961641154,89.54738455438522,21251200
2018-05-24,91.02886962890625,91.61221449481303,89.63996404621638,91.41776856095714,26649300
2018-05-25,91.07518005371094,91.64926363878983,90.61221147152018,91.01962608443682,18363900
2018-05-29,90.7511215209961,91.55668249315906,90.02889151932943,90.59370680282306,28671000
2018-05-30,91.62150573730469,91.89928979163079,90.65853702814933,91.02890634812819,22158500
2018-05-31,91.51964569091797,92.58447507266598,91.30668405317324,91.9363217434323,34140900
2018-06-01,93.32522583007812,93.39004116164045,91.82520478833982,91.92705846141507,28655600
2018-06-04,94.14005279541016,94.31598316019209,93.38078441778417,93.76042213876799,27281600
2018-06-05,94.62151336669922,94.75114399398632,94.01039149719774,94.44558305923557,23514400
2018-06-06,94.8992919921875,95.00114563896918,94.3529924906671,94.89003770745425,21122900
2018-06-07,93.40853881835938,95.08448989356529,92.94557023508459,95.0474515591825,28232200
2018-06-08,94.10301208496094,94.39931175988997,93.09374374560126,93.60300505895414,22165100
2018-06-11,93.56596374511719,94.06596365315312,93.21410306214432,93.52892540668107,23490900
2018-06-12,93.80671691894531,93.93634759143626,93.28819422898155,93.6122709102089,18325200
2018-06-13,93.38076782226562,94.4548583952289,93.11224517902481,94.18633575198807,29492900
2018-06-14,93.90855407714844,94.47337636405945,93.51966212809711,94.12152275268069,25691800
2018-06-15,92.71410369873047,94.0104173930194,92.65854971868738,93.99190175445213,65738600
2018-06-18,93.3900375366211,93.62152186383572,92.05668555127563,92.60299223695952,23586000
2018-06-19,93.3900375366211,93.519668194714,92.13076223142617,92.26965424062317,28653100
2018-06-20,94.32523345947266,94.92708704129342,93.63078049798024,93.86226481847771,26180800
2018-06-21,93.64930725097656,94.87154432570252,93.40856155106854,94.51969065994592,23198200
2018-06-22,92.97337341308594,93.30670436243275,92.25113634053385,92.97337341308594,38923100
2018-06-25,91.10298919677734,92.69560281198433,90.09372072222317,92.59374912280185,35433300
2018-06-26,91.74189758300781,92.66783516766229,91.43633648462948,91.50115183298156,26897200
2018-06-27,90.31591033935547,92.61223051229025,90.18627970367397,92.20482297057978,31298400
2018-06-28,91.32521057128906,91.76966366738165,90.05668075234038,90.16778872810681,26650700
2018-06-29,91.30667877197266,92.51040010160192,91.04741745527492,91.6029784288188,28053200
2018-07-02,92.60296630859375,92.64925892247035,90.74183086088115,90.83442315297341,19564500
2018-07-03,91.7140884399414,93.17706394202123,91.61223477618171,93.0381790044768,14670300
2018-07-05,92.37150573730469,92.51965202978053,91.69556840942492,92.13076006464794,18977400
2018-07-06,93.6678237915039,93.91782376255486,92.28817208203743,92.49187942514476,19234600
2018-07-09,94.30670928955078,94.67708560944855,93.75114834187448,94.12152466177226,18212000
2018-07-10,94.55672454833984,94.91783954901724,94.31597885977446,94.44560952338475,19293100
2018-07-11,94.4271011352539,94.76043210703112,93.61227168503302,93.65857138173808,19644600
2018-07-12,96.47341918945312,96.67712654610685,95.12155144406402,95.158582723145,24335900
2018-07-13,97.6215591430664,97.77896677140626,96.38079962333178,96.64006797301768,24635200
2018-07-16,97.14006042480469,97.98265947654964,96.77893847195497,97.59376760651351,21786900
2018-07-17,98.1030502319336,98.61231855254216,96.59377503574748,96.86229768985557,25901700
2018-07-18,97.33454132080078,98.19566337908985,96.96416495063549,98.09380970068585,29493900
2018-07-19,96.66785430908203,97.51045356795767,96.19562431404485,97.15859994157478,40171600
2018-07-20,98.39935302734375,100.18641228556255,98.2234297454103,100.07530433157109,56004000
2018-07-23,99.97344970703125,100.13085734990607,98.26972143061766,98.42713613783334,29707000
2018-07-24,99.68640899658203,100.76049254681622,99.31603267899274,100.52900823136551,26316600
2018-07-25,102.62162780761719,102.9179274470493,99.63084736156186,99.96418533896558,30702100
2018-07-26,101.50123596191406,102.77902672396856,101.39012095742844,102.53828107975306,31372100
2018-07-27,99.70492553710938,102.01976871259545,98.27898129328908,102.01976871259545,37005300
2018-07-30,97.56600189208984,99.56602250062684,97.00117965471293,99.25120725452952,34668300
2018-07-31,98.22344207763672,98.8160414544634,97.57528165249755,98.60307274200609,27655200
2018-08-01,98.40860748291016,98.56601511626263,97.61230090151005,98.1771231758599,23628700
2018-08-02,99.60308074951172,100.08456506461589,97.07526866827604,97.59379838955135,26104300
2018-08-03,100.03826141357422,100.04752276409661,98.90861683742318,99.81603845142108,18659600
2018-08-06,100.12158203125,100.39010465393221,99.59379813545112,100.1123277460243,20265900
2018-08-07,100.81605529785156,101.01976264347519,100.15864063246525,100.51975563085574,16080200
2018-08-08,101.3808822631836,101.62162796119844,100.70495192844793,101.23273595510327,15487500
2018-08-09,101.54755401611328,102.00126843314662,101.48273868001449,101.58459236021856,13677200
2018-08-10,100.92715454101562,101.56605346796503,100.35307093532627,101.31604646857605,18183700
2018-08-13,100.19566345214844,101.46419995789128,100.0938097951152,101.1493776367867,18472500
2018-08-14,101.4456787109375,101.62160904184941,100.03825725666307,100.51974149871108,16788300
2018-08-15,100.0700454711914,101.30627597192837,99.28926122130389,100.84152563722998,29982800
2018-08-16,100.05145263671875,101.18544460106334,99.73542580942399,100.66492648950612,21384300
2018-08-17,99.99565124511719,100.2930910790785,99.16839648530213,99.79116002960784,18061500
2018-08-20,99.33573913574219,100.29312369100401,98.97323444183775,99.93061899709959,17914200
2018-08-21,98.50846099853516,99.78187207887949,98.38762140122903,99.38218660095866,22881900
2018-08-22,99.5123291015625,99.77258812742485,98.32256950246222,98.3876342589278,18000600
2018-08-23,99.97708129882812,100.55337421819866,99.3357307132753,99.59598974411142,18167700
2018-08-24,100.75785064697266,100.90656703204155,99.97706657790255,100.0793121951799,17234000
2018-08-27,101.87324523925781,101.91042610726917,100.86009317916866,101.56650839680816,19662300
2018-08-28,102.48672485351562,102.7098029829645,102.04985849351408,102.18928498374183,19151500
2018-08-29,104.12264251708984,104.13193950768387,102.49601664791129,102.66332702097355,20818000
2018-08-30,104.05757141113281,104.67104510540463,103.58353129267796,103.79731242260256,22798700
2018-08-31,104.41079711914062,104.82906952456453,103.65789686124073,103.81591734223596,23222700
2018-09-04,103.8344955444336,104.06687065945333,102.4495418445432,103.03512458144365,22634600
2018-09-05,100.8415298461914,103.56496720485693,100.47902513731849,103.18387560209231,32872400
2018-09-06,101.07389068603516,101.30626583012119,99.93060894838676,100.61843738925398,23477600
2018-09-07,100.58123779296875,101.0552849842923,99.67033136896302,100.59983177228943,22498600
2018-09-10,101.66878509521484,101.91045726541492,100.7206974913955,101.16685386088896,20727900
2018-09-11,103.39765167236328,103.72297548581166,101.21332653460725,101.22262352685642,24301800
2018-09-12,103.8344955444336,103.96462504152258,102.71909782894917,103.5742365502556,18891100
2018-09-13,104.94992065429688,105.71211089534839,104.21561429779784,104.21561429779784,26055600
2018-09-14,105.37747955322266,105.71210031742312,104.5130437609592,105.36818256212644,19122300
2018-09-17,104.23420715332031,105.68422596521755,103.97394809390569,105.67493606418668,20736500
2018-09-18,105.22879028320312,105.68424371366689,103.84383600357246,104.2807025373255,22170900
2018-09-19,103.82521057128906,105.33100404385185,103.21174388422563,105.08004201085467,21728400
2018-09-20,105.56336212158203,105.77715033785748,104.03898200435182,104.3643057321402,23714500
2018-09-21,106.2047348022461,107.16211923386406,105.50760938991927,105.96306267367873,71229700
2018-09-24,106.58583068847656,106.79961894391707,104.30855708524608,105.06145029198666,27334500
2018-09-25,106.38131713867188,106.98549381240666,105.73066970020379,106.70664794943113,22668000
2018-09-26,105.94449615478516,106.94835155200484,105.72141087404498,106.39994952612274,19352000
2018-09-27,106.34415435791016,106.80890460244288,106.14895301466358,106.68806500028776,19091300
2018-09-28,106.3069839477539,106.49288122724853,105.66562627790216,106.13967355959808,21647800
2018-10-01,107.45954132080078,107.52460606484277,106.64158352548361,106.66017041312766,18883100
2018-10-02,107.03201293945312,107.67336363566476,106.37206825695827,107.17143947046537,20787200
2018-10-03,107.05055236816406,107.98934969642218,106.8274742723737,107.28292745297377,16648000
2018-10-04,104.83837890625,106.66949631688402,103.76015475097279,106.53006980142202,34821700
2018-10-05,104.22489166259766,105.19157306280196,102.83993786136007,104.68964192664629,29068900
2018-10-08,103.03515625,104.13196741366653,101.63160813826356,103.78805667631049,29640600
2018-10-09,104.34574127197266,105.10793149441173,102.98867122185075,103.30469802776423,26198600
2018-10-10,98.67577362060547,103.63930274264362,98.33185589263573,103.39763063402906,61376300
2018-10-11,98.44340515136719,101.25049364923605,96.85395299459222,97.92288002907678,63904300
2018-10-12,101.84538269042969,103.3976470244834,99.56810900713062,101.32486461231034,47742100
2018-10-15,100.01427459716797,101.76174046389703,99.41009771966117,101.23192534487393,32068100
2018-10-16,103.17457580566406,103.55567448960014,101.26909656903858,101.81750565956385,31610200
2018-10-17,102.905029296875,103.9274787245873,101.82681209230525,103.80664617755349,26548200
2018-10-18,100.85081481933594,102.73769989744052,100.22805112103549,102.33801435689176,32506200
2018-10-19,100.99951934814453,103.04441744175033,100.58123990295782,101.25048134203621,32785500
2018-10-22,101.9011459350586,102.74699486598296,100.60914069741555,101.6130030248225,26545600
2018-10-23,100.47901916503906,101.28768728605093,97.6998141983614,100.1722822476007,43770400
2018-10-24,95.10649108886719,100.8415074847166,94.42795260207944,100.76715283411023,63897800
2018-10-25,100.66490936279297,101.56651891219347,98.66648182231513,99.03828344939666,61646800
2018-10-26,99.41940307617188,101.08321033169534,97.37450418653276,98.23894019992701,55523100
2018-10-29,96.52864074707031,101.03671746552051,94.46514817663267,100.48831548786883,55162000
2018-10-30,96.4170913696289,97.02126103008275,93.05229695836779,96.35202661735575,65350900
2018-10-31,99.27996063232422,100.5161981798028,97.96007143156353,98.00654929996053,51062400
2018-11-01,98.45269775390625,99.75399995807089,98.09019310231041,99.50303792678396,33384200
2018-11-02,98.67577362060547,99.75399048172474,97.57896277877116,98.97321348831345,37680200
2018-11-05,99.93061065673828,100.1443918216972,98.4341141359189,98.8709805489133,27922100
2018-11-06,100.12578582763672,101.16682175374811,98.78730296089307,99.80975199897763,24340200
2018-11-07,104.06689453125,104.32715358512853,101.6873750769007,101.72455595481581,37901700
2018-11-08,103.87171936035156,104.29928889778657,103.09094205499946,103.91819723918242,25644100
2018-11-09,101.84538269042969,103.59284130377816,101.0924894572175,103.03514234986072,32039200
2018-11-12,99.33573913574219,102.20789280152768,98.62001964873176,101.70596158884601,33621800
2018-11-13,99.40080261230469,101.07389954139273,99.12194957835973,99.9677985808728,35374600
2018-11-14,97.99118041992188,101.06244906378241,97.52442239724694,100.91308307788857,39495100
2018-11-15,100.14761352539062,100.63304592194673,97.00166859232937,98.0098606425552,38505200
2018-11-16,101.0904541015625,101.64122515347289,99.6995171786206,99.96090053357212,33502100
2018-11-19,97.66447448730469,101.34252373884136,96.66561236578751,101.07180316655825,44773900
2018-11-20,94.94792175292969,96.12415403408403,92.74482318537956,95.03194190552203,64052500
2018-11-21,96.25484466552734,97.48708562015588,95.44268310277755,96.71226555568725,28130600
2018-11-23,96.21751403808594,96.90831402892918,95.21865199323946,95.37734803724233,13823100
2018-11-26,99.39144897460938,99.54080783005593,97.62710431654097,97.82314182053058,32336200
2018-11-27,100.01691436767578,100.19428470573847,98.35525684949678,99.20475279683164,29124500
2018-11-28,103.73230743408203,103.9283449525572,100.68904307597685,100.71704741830726,46788500
2018-11-29,102.8641357421875,103.73230595284474,101.78125370645922,102.99482741930474,28123200
2018-11-30,103.5176010131836,103.59228401140729,102.08932250242822,103.34023067294298,33665600
2018-12-03,104.63780975341797,105.87938779888493,103.36823448839264,105.4873127704729,34732800
2018-12-04,101.30516052246094,105.15124928496128,101.01577282059615,104.49779088650456,45197000
2018-12-06,101.9306411743164,101.97731271331564,98.01920582469567,98.78468886148771,49107400
2018-12-07,97.85115814208984,102.17333515755126,97.3657328997488,101.17447320701643,45044900
2018-12-10,100.43700408935547,100.80108195811455,96.98299701369645,97.83250017052869,40801500
2018-12-11,101.37051391601562,103.57361256949602,100.2969760560072,102.50007470948759,42381900
2018-12-12,101.82793426513672,103.87232960814295,101.79059276780917,103.51759606677477,36183000
2018-12-13,102.17330169677734,103.49889954867642,101.40781902389833,102.29466330923987,31333400
2018-12-14,98.98072814941406,101.99598881031265,98.48596566995482,101.05313539120957,47043100
2018-12-17,96.04948425292969,98.76601989854912,94.94793481758353,98.40194913893302,56957300
2018-12-18,97.05767059326172,97.56177014470885,95.7040679674789,96.85229591058001,49319200
2018-12-19,96.79629516601562,99.77420694276607,94.61186359716717,96.75895366408555,68198200
2018-12-20,94.76121520996094,97.37505584853552,92.21271328713449,96.19883076614994,70334200
2018-12-21,91.69929504394531,96.1521639697642,90.98048361614839,94.87324427337214,111242100
2018-12-24,87.87187194824219,91.45657763972962,87.73185022456776,91.18585710368747,43935200
2018-12-26,93.8743667602539,93.99572839854008,87.71316257947862,88.81471174529617,51634800
2018-12-27,94.45316314697266,94.46250030256017,89.99095714596949,92.6981553711537,49498500
2018-12-28,93.71569061279297,95.60139732247933,92.90352895598785,95.30266530163419,38196300
2018-12-31,94.8172378540039,95.59205799056812,93.76236713751652,94.555854463877,33173800
2019-01-02,94.39714050292969,94.98525301906949,92.36207533763465,92.93152066752192,35329300
2019-01-03,90.92448425292969,93.52899544733788,90.73777672947024,93.44497528124018,42579100
2019-01-04,95.15330505371094,95.69474615051092,92.35275649777576,93.09023513883162,44060600
2019-01-07,95.27465057373047,96.404204196358,94.2664586018881,94.8825755223383,35656100
2019-01-08,95.96544647216797,97.05765846945678,94.9479103411205,96.18948831521553,31514400
2019-01-09,97.33772277832031,97.90716818175943,96.37620231347934,96.95498487233168,32280800
2019-01-10,96.71226501464844,96.85229385187884,95.57337425101286,96.3575314662056,30067600
2019-01-11,95.96544647216797,96.5628961350693,94.88256450680822,96.3295171379309,28314200
2019-01-14,95.26531982421875,96.03080273305875,94.52784125853005,95.12529098629969,28437100
2019-01-15,98.02852630615234,98.06586780429797,95.10661639517912,95.6947360882696,31587600
2019-01-16,98.37393951416016,99.19543836944841,97.98186439986189,98.26192212273993,29853900
2019-01-17,99.064697265625,99.54078518608505,97.79511523341117,98.01915702669591,28393000
2019-01-18,100.54901885986328,100.72638919898468,98.86869414340933,100.3156398335089,37427600
2019-01-22,98.65397644042969,99.97956752199711,97.88849356438179,99.65283832895757,32371300
2019-01-23,99.61550903320312,99.92357107672707,98.33658932419233,99.0647379149298,25874300
2019-01-24,99.139404296875,99.8862200055949,98.33657990275798,99.75552832489328,23164800
2019-01-25,100.04493713378906,100.70773283206964,99.1394252106484,100.11028298792478,31225600
2019-01-28,98.0938720703125,99.40079601573274,97.70179702333519,99.19542133717438,29476700
2019-01-29,96.09615325927734,97.99118987463487,95.37734184659234,97.90716971892232,31490500
2019-01-30,99.30743408203125,99.30743408203125,97.3937304673391,97.66445097444586,49471900
2019-01-31,97.48707580566406,98.22455429760602,96.32018080996387,96.89896329180942,55636400
2019-02-01,95.94678497314453,97.17902595765626,95.5453727595904,96.88030108632502,35535700
2019-02-04,98.7099838256836,98.76599963101216,95.93744005435147,96.03079735584504,31315100
2019-02-05,100.09160614013672,100.13827767592316,98.91537375700409,99.00872395074025,27325400
2019-02-06,98.98072814941406,99.8862400633665,98.51397001827684,99.8862400633665,20609800
2019-02-07,98.27122497558594,98.56994980701928,97.35638329526707,98.19654910934894,29760700
2019-02-08,98.64466857910156,98.74735594485962,97.32841426136581,97.44976881991427,21461100
2019-02-11,98.2525863647461,99.49416469986221,97.99120295149298,99.13942396287827,18914100
2019-02-12,99.78350067138672,100.01687961525695,98.46724713148184,99.083363839776,25056600
2019-02-13,99.7088623046875,100.61437415152945,99.61551210981132,100.35299075701082,18394900
2019-02-14,99.79287719726562,100.15694792357682,98.63531917315214,99.2420989688955,21784700
2019-02-15,101.02513122558594,101.09981423602228,100.22230666880493,100.73574346284995,26606900
2019-02-19,100.97844696044922,101.43587503236724,100.61437620747837,100.62371336380579,18038500
2019-02-20,100.45343017578125,101.19405827355652,99.64717716567546,101.11905633015621,21607700
2019-02-21,102.57218170166016,102.63780660958672,100.19092380284445,100.21904774158747,29063200
2019-02-22,104.03469848632812,104.25032014897984,102.95656871533099,103.17219753056223,27763200
2019-02-25,104.61593627929688,105.16906666258983,104.30656578457186,104.7753171947006,23750600
2019-02-26,105.33781433105469,106.16281421347584,104.22218371922284,104.30656268988359,21536700
2019-02-27,105.1596908569336,105.33781868368321,103.95031134640085,104.70969350341102,21487100
2019-02-28,105.02845001220703,105.82532605632403,104.74720343035492,105.03782704404264,29083900
2019-03-01,105.49720001220703,105.95657442969933,104.69094694737922,105.83470162783632,23501200
2019-03-04,105.24408721923828,106.17221317272777,103.87533371788183,105.95658433879579,26608000
2019-03-05,104.71907806396484,105.36595739700034,104.27845767969917,105.23470755443952,19538300
2019-03-06,104.76596069335938,105.61909186020827,104.46596001819302,104.87846362876437,17687000
2019-03-07,103.49095153808594,104.5784584086641,103.00345314434466,104.43783153366452,25339000
2019-03-08,103.60344696044922,103.79094467847403,102.00031786782479,102.33781948233303,22818400
2019-03-11,105.77845001220703,105.89094577839636,104.04407114185575,104.05344102065204,26491600
2019-03-12,106.51907348632812,106.86594495371561,105.60969460222127,105.76906836575492,26132700
2019-03-13,107.34406280517578,107.81281417113725,106.66905969377875,106.99718421943614,35513800
2019-03-14,107.428466796875,108.0003442068541,107.18472116341992,107.38159593778612,30763400
2019-03-15,108.66596221923828,109.92221264479788,107.42845155155841,108.13157871133325,54681100
2019-03-18,110.22220611572266,110.2597070867826,108.79720497833942,108.90970073894036,31207600
2019-03-19,110.29720306396484,111.03783111556305,109.6784477983593,110.70969942178999,37588700
2019-03-20,110.17533111572266,111.328462761354,109.41595610065998,110.05345832089132,28113300
2019-03-21,112.70661926269531,113.26911966940233,109.77223010086277,109.819108114997,29854400
2019-03-22,109.73469543457031,112.1159460316881,109.725318404717,112.03157422074258,33624500
2019-03-25,110.30658721923828,110.6347117816266,109.0503296984928,109.27532837661923,27067100
2019-03-26,110.5409927368164,111.29099091700783,109.54723459800589,111.20661907217594,26097700
2019-03-27,109.47221374511719,110.82222025013559,108.30033508522753,110.51284256730558,22733400
2019-03-28,109.62222290039062,110.23160126325322,108.87221766108588,110.1003514192619,18334800
2019-03-29,110.569091796875,110.92534031583367,109.65033582866252,110.69096459617101,25399800
2019-04-01,111.58158874511719,111.66596772298894,110.71908781897977,111.51596383014106,22789100
2019-04-02,111.74097442626953,112.01285112919574,111.11284203895333,111.61909446999734,18142300
2019-04-03,112.47222137451172,112.90347183991517,111.70346930095263,112.36909548576531,22860700
2019-04-04,111.90032958984375,112.71595956294009,110.9815737413245,112.59407962694294,20112800
2019-04-05,112.39722442626953,112.71597913818316,111.90972605535296,111.92847296660453,15826200
2019-04-08,112.43472290039062,112.51909472801536,111.2253433030464,112.32221997764483,15116200
2019-04-09,111.82534790039062,112.06910066394165,111.1690987130375,111.2159695678029,17612000
2019-04-10,112.678466796875,112.82846352949575,112.06908853026442,112.27534029612453,16477200
2019-04-11,112.80973052978516,113.29722891163571,112.42535089100045,113.00660528895055,14209100
2019-04-12,113.39096069335938,113.4190917854993,112.84721450582565,113.10033711445524,19745100
2019-04-15,113.4847183227539,113.98159366900393,113.03471382558513,113.38159244116478,15792600
2019-04-16,113.22222900390625,114.04723618396625,112.59410373914596,114.03785915167104,14071800
2019-04-17,114.15972137451172,114.23472332075816,113.00659684943443,113.6628459976427,19300900
2019-04-18,115.65972137451172,115.80034107045917,113.71909089207197,114.55346780006045,27991000
2019-04-22,116.02535247802734,116.25035115495999,114.90972181924721,114.95659982187354,15648700
2019-04-23,117.60035705566406,117.73160687940288,116.09097693008871,116.34409954656245,24025500
2019-04-24,117.19722747802734,117.98472639979519,116.73784595441734,117.9284785204057,31257000
2019-04-25,121.0784912109375,123.15974874862361,120.7784977280671,121.93162226484172,38033900
2019-04-26,121.77224731445312,122.36287870070032,120.95662439451826,121.59411948017802,23654900
2019-04-29,121.65977478027344,122.04414015877607,121.2660252159694,121.78164044924006,16324200
2019-04-30,122.43787384033203,122.53161553910437,121.30348913547223,121.6972386026946,24166500
2019-05-01,119.8878402709961,122.48471955022414,119.71908950231348,122.37222380615428,26821700
2019-05-02,118.32221984863281,120.00035061000398,117.6753406698007,119.9816037023556,27350200
2019-05-03,120.84410858154297,121.34098393504276,119.29723464029385,119.40036052338766,24911100
2019-05-06,120.14097595214844,120.52535552652098,118.2284765685761,118.4909762034751,24239800
2019-05-07,117.67536163330078,119.23161989075442,116.45661214684846,118.5566166539109,36017700
2019-05-08,117.66596221923828,118.4722150883627,116.95345818668181,117.60033731838293,28419000
2019-05-09,117.65660095214844,117.928477621423,115.84722026893256,116.52222342677581,27235800
2019-05-10,119.18474578857422,119.93475099909723,116.08161335638036,117.10349527690346,30915100
2019-05-13,115.64098358154297,117.70349429405978,115.35035996559554,116.3534878024182,33944900
2019-05-14,116.93475341796875,118.01287615586968,115.96911931087593,116.1285002583101,25266300
2019-05-15,118.5814208984375,119.2306946018569,116.39836370414632,116.92531349521981,24722700
2019-05-16,121.31967163085938,121.74312107077519,118.99547378357154,119.2683568817107,30112200
2019-05-17,120.51045227050781,122.75937778703118,120.36929766667497,120.73627666366038,25770500
2019-05-20,118.76962280273438,120.0587513222741,118.33677604925599,119.05191041810473,23706900
2019-05-21,119.40949249267578,120.00230298438471,119.1083813760697,119.90820710651818,15293300
2019-05-22,120.13404083251953,120.6704024221227,119.05192026974974,119.1460233283818,15396500
2019-05-23,118.73200225830078,118.8355098877594,117.37699851197418,118.75081856408598,23603800
2019-05-24,118.7884521484375,119.8988007872087,118.53439254880298,119.41890963467064,14123400
2019-05-28,118.71318817138672,120.44457549822678,118.60968053999343,119.48478594600999,23128400
2019-05-29,117.56519317626953,117.98862824202146,116.71831586570991,117.97921649994422,22763100
2019-05-30,118.30856323242188,118.3367912796865,117.4146343877264,117.86630468112753,16829600
2019-05-31,116.37957763671875,117.26409483301896,116.04082667554235,116.89711582158729,26646800
2019-06-03,112.76622772216797,117.02884245744448,111.98522540230312,116.53953236067598,37983600
2019-06-04,115.89027404785156,116.00318624825564,113.52842907562757,114.12123966491845,29382600
2019-06-05,118.40267181396484,118.44031160737279,116.87829248669749,117.57461071710313,24926100
2019-06-06,120.27518463134766,120.41633203600377,118.18622314379182,118.97664430243292,21459000
2019-06-07,123.64387512207031,124.44370810074517,120.6892197913941,121.56433235049462,33885600
2019-06-10,124.77306365966797,126.16570010482853,124.20847394395031,124.5848575156868,26477100
2019-06-11,124.30257415771484,126.31625637223944,123.5309691878506,125.9775054222207,23913700
2019-06-12,123.72855377197266,124.18021682394676,122.99459592822366,123.64385528376351,17092500
2019-06-13,124.50957489013672,125.1494297443046,123.79442610240686,124.18963310494188,17200800
2019-06-14,124.63188171386719,125.89278219653205,123.86969581551169,124.45309453116953,17821700
2019-06-17,125.0082778930664,125.83632442982923,124.70715961925478,124.8012626693483,14517800
2019-06-18,127.18194580078125,127.25722538250275,125.68580180411061,126.26920061481215,25934500
2019-06-19,127.68064880371094,127.90647317013605,125.91161469012324,127.03137503401712,23744400
2019-06-20,128.8662567138672,129.53435389894676,127.70886387915313,129.33674324028374,33042600
2019-06-21,128.8850860595703,129.6002204433433,128.40519494970937,128.51810712659196,36727900
2019-06-24,129.64732360839844,130.23072256547343,128.9133654501055,128.9133654501055,20628800
2019-06-25,125.55406188964844,129.46851430607614,124.89538344412291,129.14858682655137,33327400
2019-06-26,126.02452850341797,127.72770198486519,125.7140199955671,126.41974986599556,23657700
2019-06-27,126.23155975341797,126.75851685096869,125.62933742861564,126.22215518953972,16557500
2019-06-28,126.05278778076172,126.65501010981465,125.30000627991733,126.62678205986786,30043000
2019-07-01,127.67125701904297,128.63105385468305,127.00317398222258,128.56519318651422,22613500
2019-07-02,128.51809692382812,128.52750148511842,127.35128520893545,128.0852430166249,15237800
2019-07-03,129.34616088867188,129.60963219222674,128.2452097925421,128.72511523396,13629300
2019-07-05,128.96974182128906,129.2238085214949,127.70884159644157,127.91585678059347,18141100
2019-07-08,128.87570190429688,129.00743758422283,127.37954353314429,128.34874482648078,16779700
2019-07-09,128.40521240234375,128.88510357743075,127.78416662885805,127.9723584019444,19953100
2019-07-10,129.71316528320312,130.40007171969035,128.93215578062745,129.03566341007993,24204400
2019-07-11,130.2306671142578,131.0022719233697,129.73195253592337,130.04247537192379,22327900
2019-07-12,130.70115661621094,130.91759076501245,129.86369113942004,130.6541194481418,18936800
2019-07-15,130.70115661621094,131.30337882021664,130.2871405169213,131.2092901259685,16651500
2019-07-16,128.98858642578125,130.8423044686854,128.46164381912794,130.75762034078235,22726100
2019-07-17,128.22642517089844,129.7884298095519,128.17937363810682,129.57200998844476,20211000
2019-07-18,128.36752319335938,128.555714904521,126.7208205940075,127.54888135284733,30381800
2019-07-19,128.55577087402344,132.36671570617833,128.39580713198706,131.94328058218633,48992400
2019-07-22,130.25889587402344,130.97404460017884,129.22383410643957,129.29911367540907,25074900
2019-07-23,131.06814575195312,131.7268384535232,129.88252473372688,131.51040428787084,18034600
2019-07-24,132.41375732421875,132.43258080955212,130.6541419355265,130.70117911169137,20738300
2019-07-25,131.9150390625,132.31024609508248,131.09639694915856,132.1408634479117,18356900
2019-07-26,132.9971160888672,133.31704345261304,132.01851051796575,132.0843711596273,19037600
2019-07-29,132.70545959472656,133.15712274567264,131.14344051498526,133.1477181818595,16605900
2019-07-30,132.0656280517578,132.8842703499889,131.5480897881171,131.86801731178036,16846500
2019-07-31,128.22642517089844,132.19733332223063,127.10666473777279,132.04677416054224,38598800
2019-08-01,129.9107208251953,132.62072746667351,128.8474168163722,128.91329181357,40557500
2019-08-02,128.81924438476562,130.15543916148184,127.27604868290362,129.9390049556382,30791600
2019-08-05,124.40605926513672,126.02451977982514,123.06046027244633,125.43171649321536,42749600
2019-08-06,126.73966979980469,127.67122398449112,125.34703362478477,125.90220431074479,32696700
2019-08-07,127.29486083984375,127.64301634974025,124.04850598038773,125.89280552039952,33414500
2019-08-08,130.69178771972656,130.78589079776512,127.90650029228253,128.53696507053607,27496500
2019-08-09,129.58139038085938,131.1528134737001,128.40517420135814,130.4282602868572,23466700
2019-08-12,127.77474212646484,129.7225635060168,127.25721836260983,128.9792010094552,20484300
2019-08-13,130.41883850097656,130.60703019321937,127.03133060818271,128.01935494008973,25154600
2019-08-14,126.49137878417969,129.267054066321,126.19870808813045,128.73835675656483,32527300
2019-08-15,126.2081527709961,127.05785728317043,124.85808736125207,126.87847473929178,28074400
2019-08-16,128.52120971679688,128.83276655962823,127.19001622631394,127.34107670876318,24449100
2019-08-19,130.67379760742188,130.80597195482486,129.23875154567287,130.14510021780998,24355700
2019-08-20,129.5880584716797,130.9570244791791,129.5691867131472,130.48497120926137,21170800
2019-08-21,131.03253173828125,131.69341779759466,130.2866939592937,130.80595540335926,14970300
2019-08-22,130.07904052734375,131.419670524466,128.67231613593393,130.90985916451757,18697000
2019-08-23,125.93440246582031,130.61717842050552,125.37738292455593,129.52201110125864,38508600
2019-08-26,127.87926483154297,127.98311715712224,126.4158963914449,127.44498376524912,20312600
2019-08-27,128.1529998779297,129.07822005819563,127.13336330122213,128.7666632370417,23102100
2019-08-28,127.98308563232422,128.17190406706945,126.08543659336127,127.34110007300573,17393300
2019-08-29,130.39999389648438,130.70211491154487,129.25763302235376,129.57862579641338,20168700
2019-08-30,130.154541015625,131.40075428023866,128.6534149264152,131.37243223371954,23940100
2019-09-03,128.43624877929688,129.531415835195,128.11525600957862,128.974396427874,18869300
2019-09-04,129.93736267089844,129.9940067474354,128.8516317155675,129.62580584402536,17995900
2019-09-05,132.2221221923828,132.5336790754862,131.00421670334944,131.33465975068032,26101800
2019-09-06,131.32522583007812,132.3448482188125,130.475521298236,132.20323799980014,20824500
2019-09-09,129.83351135253906,131.93886451289768,128.83276091055478,131.78780403707216,25773900
2019-09-10,128.47406005859375,129.23878429132327,126.99180541022497,129.15381813344823,28903400
2019-09-11,128.5117645263672,128.65338913649668,127.53933604167992,128.3135102404754,24726100
2019-09-12,129.83351135253906,130.68320131869783,129.21983357171783,130.14506818170923,27010000
2019-09-13,129.6447296142578,130.34335930210972,128.9366496402951,130.07901059763753,23363100
2019-09-16,128.7100372314453,129.05935201666531,128.077487623056,128.23798399480359,16731400
2019-09-17,129.7108154296875,129.83355390726493,128.80446668358604,129.30485647450766,17814200
2019-09-18,130.77761840820312,130.91922860133747,128.8988415457411,129.68245156156436,23982100
2019-09-19,133.18511962890625,134.41244663488519,132.24101306681607,132.4581535424384,35772100
2019-09-20,131.6462860107422,133.73275447088702,130.52279634485038,133.12852655048258,39167300
2019-09-23,131.36302185058594,131.82563937673066,130.70214996032686,131.44798800663494,17139300
2019-09-24,129.70135498046875,132.82634517607883,129.22930173265038,132.51478830380807,29773200
2019-09-25,131.5707244873047,132.13719433080792,128.42684710830753,129.81468525955654,21382000
2019-09-26,131.74058532714844,132.34481277632435,130.70207705202168,131.64618334172894,17456600
2019-09-27,130.0318145751953,132.5148198598993,129.01217758838828,132.31655110999571,22477700
2019-09-30,131.25914001464844,131.43852257437396,130.07900675953152,130.33391957629536,17280900
2019-10-01,129.40870666503906,132.41095892584008,129.34261228406484,131.85393945444736,21466600
2019-10-02,127.12391662597656,128.74778073060725,126.1137303037944,128.63449257639763,30521700
2019-10-03,128.662841796875,129.10657303583397,125.77387800683437,127.40717833406802,24132900
2019-10-04,130.39999389648438,130.52273235959305,128.79501562026346,129.1065725148235,22897700
2019-10-07,129.45590209960938,130.4566528657822,129.36150007607725,129.47478826668564,15303700
2019-10-08,128.0869140625,130.06009298883106,128.03970586113044,129.4181075491507,25550500
2019-10-09,130.51327514648438,130.94755602724297,129.31425597357858,129.77687330004977,19749900
2019-10-10,131.32522583007812,131.8633590682478,130.52272950654768,130.74932026289008,17654600
2019-10-11,131.87278747558594,133.14733699817143,131.70285522239948,132.2881966357152,25446000
2019-10-14,131.75009155273438,132.44872128397756,131.7217695044907,131.8822659131797,13304300
2019-10-15,133.65719604492188,133.86488627108216,131.99555898823667,132.2315856696135,19695700
2019-10-16,132.56201171875,133.10959527775475,131.73119329737403,132.9207624322249,20751600
2019-10-17,131.88226318359375,133.5155636908473,131.24971344270278,133.07183240298096,21460600
2019-10-18,129.7296600341797,132.17489208024338,128.92716385561022,131.9483013648318,32273500
2019-10-21,130.69264221191406,130.75873657484425,129.3520128508319,130.71152837359705,20078200
2019-10-22,128.74781799316406,132.18436558936338,128.6439656864414,131.2025010215596,27431000
2019-10-23,129.5691680908203,129.76742236837504,128.03027004217142,129.22928920909175,29844600
2019-10-24,132.11827087402344,132.57143797737498,130.91925154035994,131.5990093983485,37029300
2019-10-25,132.86407470703125,133.25116174495116,131.4195932298362,131.5517675347456,25959700
2019-10-28,136.1307373046875,137.52801108363448,135.48873730511255,136.3289916296993,35280100
2019-10-29,134.84674072265625,136.42339693779408,134.67679405199993,136.02687391415967,20589500
2019-10-30,136.52723693847656,136.8954378848265,134.80895625156265,135.49816434559108,18496600
2019-10-31,135.3565673828125,136.8293714690805,134.99781664764748,136.80104942172338,24605100
2019-11-01,135.68701171875,136.34788350634045,134.97893171649068,136.1968229817699,33128400
2019-11-04,136.47059631347656,136.89544135373484,136.1023953577965,136.73494497878934,16912000
2019-11-05,136.3856658935547,136.9143633625978,135.86640430577106,136.86715514444919,18250200
2019-11-06,136.00796508789062,136.44226036860792,135.1960330111829,136.30063576567125,16575800
2019-11-07,136.19683837890625,136.78219437631083,135.73423527825764,135.80031526152482,17786700
2019-11-08,137.8018035888672,137.83012563396463,135.72475757556614,135.93246217689625,16732700
2019-11-11,137.94342041015625,138.23609116077284,136.64054864968358,137.21645427074083,14362600
2019-11-12,138.84979248046875,139.32184587533385,137.89623540304834,138.10394004926312,18641600
2019-11-13,139.0763702392578,139.21799490264692,138.1039413888772,138.53823685497338,16919200
2019-11-14,139.78443908691406,140.1148822022975,138.7836882655932,138.80257443371022,19729800
2019-11-15,141.58766174316406,141.60654790799413,139.98268347475755,140.605782854921,23485700
2019-11-18,141.9369659423828,142.13523464345982,140.65298054252128,141.68206756289746,21534000
2019-11-19,141.9842071533203,142.87166976324727,141.80482457396164,142.4468246260913,23935700
2019-11-20,141.73788452148438,142.89361502395266,140.63900530933563,142.39153703820168,25696800
2019-11-21,141.60525512695312,141.90840417755308,140.67688645563982,141.52946786430311,18576100
2019-11-22,141.7094268798828,142.38202964053613,140.9800017545236,142.16415034691838,15901800
2019-11-25,143.26304626464844,143.37673437237504,142.02206070526566,142.09784795876988,22420900
2019-11-26,144.02093505859375,144.3903889638785,143.34834652958634,143.3862329369478,24620100
2019-11-27,144.29562377929688,144.466134245281,143.53776575784192,144.3050917646495,15184400
2019-11-29,143.40518188476562,144.2767137945009,143.3104441849264,144.08725284976603,11977300
2019-12-02,141.6715850830078,143.83147163906838,140.50638654867225,143.81252120824163,27418400
2019-12-03,141.44419860839844,141.55787226364612,138.9243265808417,139.72008553239814,24066000
2019-12-04,141.9557647705078,142.26836733521912,141.3399987178796,142.23048093356795,17574700
2019-12-05,142.03155517578125,142.4010235261113,141.6052644434032,142.14524330470715,17869100
2019-12-06,143.7556610107422,143.86933466734416,142.3536329112005,143.0357037606945,16403500
2019-12-09,143.38619995117188,144.1914268580623,142.95990930544062,143.11148380990429,16687400
2019-12-10,143.1683349609375,143.8882922467692,142.81781707742448,143.3198950256261,16476100
2019-12-11,143.70831298828125,143.86935551011177,142.4104903709191,143.55673845422552,18856600
2019-12-12,145.16717529296875,145.356636210502,143.06412586198456,143.66092702946716,24612100
2019-12-13,146.38917541503906,146.73021076684506,144.77873631954225,144.93977878359811,23845400
2019-12-16,147.33653259277344,147.68703602021847,146.66394415335506,146.9386603212284,24144200
2019-12-17,146.54080200195312,147.50707158481424,146.31344020159077,147.26075935401926,25425600
2019-12-18,146.23765563964844,147.289180496491,146.05766268456694,146.1713508143225,24129200
2019-12-19,147.50706481933594,147.56390165308392,145.6503130055619,145.8871427828067,24958900
2019-12-20,149.1174774169922,150.14058360405707,148.05647037766204,149.06064059353412,53477500
2019-12-23,149.1174774169922,149.79006576783252,148.9848533439434,149.79006576783252,17718200
2019-12-24,149.08909606933594,149.40171313101288,148.84278383319707,149.18381931366798,8989200
2019-12-26,150.3111114501953,150.36794828022363,149.1080122131433,149.25958672984655,14520600
2019-12-27,150.5858612060547,151.14477604561935,149.88483981841782,151.05003834690453,18412800
2019-12-30,149.28805541992188,150.6427296298846,148.47336018695765,150.61431120530008,16348400
2019-12-31,149.3922119140625,149.4585311862097,148.2080630966477,148.51121213227788,18369400
2020-01-02,152.1584014892578,152.26260717686054,149.98904693545595,150.41533767385138,22622100
2020-01-03,150.26376342773438,151.52369966939423,149.7332670007078,149.9795792382155,21116200
2020-01-06,150.65211486816406,150.7184341257304,148.26486732973,148.80484601012395,20813700
2020-01-07,149.27853393554688,151.2584272318134,149.03223619242732,150.92687424549183,21634100
2020-01-08,151.6563262939453,152.32892928184137,149.6290637970409,150.55743255975017,27746500
2020-01-09,153.55093383789062,153.67408993395057,152.54677800677655,153.31410408696973,21385000
2020-01-10,152.8404541015625,154.62141856495847,152.68887958234973,154.24249672186824,20725900
2020-01-13,154.6782684326172,154.70668685049705,152.7646797173632,153.23833928861814,21626500
2020-01-14,153.5888671875,154.98142757393325,153.20046284462947,154.7824841808954,23477400
2020-01-15,154.58351135253906,155.3034830617299,154.00566062481232,154.05301501204548,21417900
2020-01-16,157.416015625,157.48233490143087,155.38875329683958,155.6919023520506,23865400
2020-01-17,158.29702758789062,158.64753102974288,156.7149919685834,158.60016218369577,34371700
2020-01-21,157.72866821289062,159.32964019102602,157.66234892151422,157.8991787536657,29517200
2020-01-22,156.97079467773438,158.66650420670973,156.9518442456102,158.58123448962317,24138800
2020-01-23,157.93704223632812,158.0128294992705,156.5634324259856,157.43496426740944,19680800
2020-01-24,156.3455047607422,158.70433402348226,155.78659007941053,158.68538359811564,24918100
2020-01-27,153.73092651367188,154.7729831980211,151.76050125459204,152.6604514156532,32078100
2020-01-28,156.74343872070312,157.02762291226713,154.47934644660026,155.15193497322656,24899900
2020-01-29,159.18753051757812,159.8601335879613,156.96133881169087,158.99806954653704,34754500
2020-01-30,163.67782592773438,164.8809254745799,161.79265533503514,164.8809254745799,51597500
2020-01-31,161.2621307373047,163.31781150569444,160.6463790875127,163.1378330139446,36142700
2020-02-03,165.19349670410156,165.30717036186377,161.42315656565438,161.45157498009493,30107000
2020-02-04,170.63108825683594,171.12369816863662,167.02180529379913,167.8080817735197,36433300
2020-02-05,170.42269897460938,174.49617396372633,169.01120277781624,174.33513145257945,39186300
2020-02-06,173.9561767578125,174.13616966421563,170.57424129734784,171.4363049780474,27751400
2020-02-07,174.20252990722656,175.85087054547617,172.86680634459037,173.21732428358098,33529100
2020-02-10,178.7591094970703,178.89173359155058,173.59622334452445,173.90884037900125,35844300
2020-02-11,174.7235565185547,180.6537695392819,173.8330741528824,180.6064006880335,53159900
2020-02-12,174.97935485839844,176.05929828587423,172.27002107298435,175.80351802661943,47062900
2020-02-13,174.0320281982422,176.41926233388548,173.23626903141627,173.43521243685896,35295800
2020-02-14,175.58560180664062,175.64243864012167,173.0278286604553,173.59622590515036,23149500
2020-02-18,177.36659240722656,177.8118336444515,175.72773402943122,175.8319397329295,27792200
2020-02-19,177.8984832763672,178.75339330512708,177.1290613515988,178.63940916647175,29997500
2020-02-20,175.18177795410156,177.87001544081576,172.02809549780588,177.5850405545757,36862400
2020-02-21,169.64378356933594,174.30782755645598,168.37091244894728,173.99435669944893,48572600
2020-02-24,162.32952880859375,165.80619024009897,155.05324119911742,159.36582502799183,68311100
2020-02-25,159.6508331298828,166.08169133903291,159.2518595430359,165.47375160376006,68073300
2020-02-26,161.64561462402344,164.58082272532707,159.7838056869428,161.20866567721743,56206100
2020-02-27,150.2562255859375,158.66290516046735,150.06624715653416,155.13875963759634,93174900
2020-02-28,153.8944091796875,155.50926247929854,144.3858464813755,144.7753117827842,97012700
2020-03-02,164.1343536376953,164.25784613285873,154.17933661297113,157.02905638868572,71030800
2020-03-03,156.26913452148438,166.23366029061174,154.13184460346224,165.09377523321822,71677000
2020-03-04,162.00656127929688,162.14904146075395,157.3235145582892,160.0497561503621,49814400
2020-03-05,157.9409637451172,162.31052511256803,157.39001621509487,157.73198314771483,47817300
2020-03-06,153.47640991210938,154.9392596374927,148.18542341366964,154.46430635732068,72821100
2020-03-09,143.07492065429688,149.84775902864055,142.48598322850134,143.435889783358,70419300
2020-03-10,152.85897827148438,152.96346858405525,144.93676019104754,150.2372411030131,65354400
2020-03-11,145.9341583251953,149.8002707223912,143.5783794771565,149.25883148736696,56371600
2020-03-12,132.0940399169922,145.78220065599004,131.63808870236042,138.0214636849162,93226400
2020-03-13,150.87367248535156,153.79938665871734,133.68035660445514,140.11122857796408,92727400
2020-03-16,128.6363525390625,141.8685592719839,128.23739349861998,132.98692659116145,87905900
2020-03-17,139.2278289794922,140.1112352341527,128.23740173973297,132.98693513750086,81059800
2020-03-18,133.36688232421875,138.68636514109926,128.25639461563904,131.08711225665544,81593200
2020-03-19,135.5612030029297,142.6284972735,132.03704247024078,135.61819509064304,85922700
2020-03-20,130.46966552734375,139.7312540410922,129.05429960314783,138.6863510776693,84866200
2020-03-23,129.16831970214844,133.52840283190852,125.88165036490473,130.14672252460196,78975200
2020-03-24,140.9091796875,142.1060716037438,134.19334574567077,136.54911069257048,82516700
2020-03-25,139.5602569580078,146.59906738567054,137.20449296873716,141.45057605299218,75638200
2020-03-26,148.28993225097656,148.81238382335576,140.9376493369031,140.96614537772146,64568100
2020-03-27,142.2010040283203,147.13102121684818,141.7260507653704,144.14831530529963,57042300
2020-03-30,152.2035369873047,152.55501230058746,142.49548995938957,144.8037706334884,63420300
2020-03-31,149.8097686767578,156.52560046154846,148.71736744542542,151.41509857414286,77927200
2020-04-01,144.4903106689453,149.8477839495516,143.26493738693705,145.33572706359047,57969900
2020-04-02,147.48245239257812,147.69143294588625,142.82791714763218,144.25277665050385,49630700
2020-04-03,146.1241455078125,149.4963171018683,144.5662991410881,147.33053104311554,41243300
2020-04-06,156.9910430908203,158.15942396618635,149.68626016931051,152.28900906098028,67111700
2020-04-07,155.3002471923828,161.48413441584339,155.0817582215985,161.09466920123717,62769000
2020-04-08,156.8580780029297,158.32092775680474,155.30972564119622,157.3710211779595,48318200
2020-04-09,156.86756896972656,158.98585654320863,155.1482404127014,158.02645613418778,51385100
2020-04-13,157.21905517578125,157.2760617539971,154.16986273762387,156.11717440218635,41905300
2020-04-14,164.998779296875,165.04627752742255,159.58431438622728,160.53422101947862,52874300
2020-04-15,163.2699737548828,164.87531845127268,160.7622205618649,162.62402963993992,40940800
2020-04-16,168.1714324951172,168.3994152624169,164.23882034933587,165.5686980836176,50479600
2020-04-17,169.65335083007812,170.9832144782494,167.06009497450415,170.5082611046987,52765600
2020-04-20,166.29067993164062,169.7958382972774,166.2241939936054,167.78204054561874,36669600
2020-04-21,159.41336059570312,164.97030648601222,157.7890136465808,164.808824074953,56203700
2020-04-22,164.8278045654297,165.28375569511513,162.26305953111464,162.8044987799114,34620200
2020-04-23,162.83302307128906,166.29068326802962,162.34857581784783,165.38827470051632,32790800
2020-04-24,165.8061981201172,165.81569196802081,162.15856029457086,163.44092549392695,34277600
2020-04-27,165.33126831054688,168.0384937789197,164.6188382671183,167.74402501341078,33194400
2020-04-28,161.3036346435547,166.87008780328102,160.90467561776978,166.7940935372614,34392700
2020-04-29,168.5419464111328,168.7794230968236,163.26997558433888,164.54284714097906,51286600
2020-04-30,170.23275756835938,171.36313417668887,167.4020256405569,170.98317735810693,53875900
2020-05-01,165.82521057128906,169.69132309324073,165.29325067285902,166.9935916904016,39370500
2020-05-04,169.8813018798828,170.03329042260975,165.09377873938547,165.74921664727339,30372900
2020-05-05,171.7051239013672,174.4503535890993,170.88820358800612,171.57213754777004,36839200
2020-05-06,173.39596557617188,174.9728142035313,172.5315614803006,172.95901660365254,32139300
2020-05-07,174.40289306640625,175.30530162125282,173.43398407869637,174.94433240154322,28316000
2020-05-08,175.42872619628906,175.73270323488325,174.17485714814552,175.71370104636537,30877800
2020-05-11,177.3855743408203,178.11699203070202,173.69043802497885,173.97539842652998,30892700
2020-05-12,173.367431640625,177.6705069643846,173.16795939072577,177.4425386787855,32038200
2020-05-13,170.74566650390625,174.830266709977,167.69646074122883,173.40540718421423,44711500
2020-05-14,171.4866180419922,171.63860655955162,166.87956575262888,168.64639240959448,41873900
2020-05-15,173.98489379882812,177.68952368706329,168.13346574945095,170.09027099782256,46610400
2020-05-18,175.64723205566406,176.87260518633394,174.74482368880803,176.44515011723627,35264500
2020-05-19,174.4313201904297,177.252543411684,174.29833387167523,175.76118337797442,26799100
2020-05-20,176.8508758544922,177.0318631296963,175.2124846213123,176.04120052904094,31261300
2020-05-21,174.72665405273438,177.81292860726518,174.5932973177432,176.6031831674777,29119500
2020-05-22,174.80284118652344,175.70777736396283,173.878864430985,174.49803205422208,20826900
2020-05-26,172.95489501953125,177.65096998396217,172.50719436134594,177.4985581567519,36073600
2020-05-27,173.1835174560547,173.3549844144041,168.2207285103278,171.64990779458807,39517100
2020-05-28,172.79298400878906,175.41250287324576,171.82139111320652,172.16431052776355,33810200
2020-05-29,174.55517578125,175.52678301222977,171.84993125203522,174.05984460970063,42130400
2020-06-01,174.15513610839844,174.31706825276393,172.85014412835073,173.87888780610865,22622400
2020-06-02,176.1364288330078,176.22215504170484,172.74534536425864,175.50774089964386,30794600
2020-06-03,176.56504821777344,177.1175301498481,174.86950673493328,176.05067650710572,27311000
2020-06-04,174.2407989501953,177.0222488681,173.6502213991055,175.55532527724208,28761800
2020-06-05,178.31776428222656,178.82261577227575,173.3740161676006,173.9550735758374,39893600
2020-06-08,179.42269897460938,179.60368618388102,175.6886968023401,177.11752483159168,33211600
2020-06-09,180.7943878173828,181.65167887606577,178.3748973930078,179.07979116522557,29783900
2020-06-10,187.50038146972656,189.1006768084004,181.947000106035,182.06131625973632,43872300
2020-06-11,177.43191528320312,186.47162701714973,177.2414077362902,183.96642443239614,52854700
2020-06-12,178.8321533203125,182.62330696543887,176.39360750554295,181.49928782354135,43373600
2020-06-15,179.9752197265625,181.7660225607909,175.27912969897213,175.82209144395165,32770200
2020-06-16,184.3855438232422,186.3001685905178,182.37565801817837,183.73780074282863,42556700
2020-06-17,185.02369689941406,187.00500670921446,184.49979041741094,185.77620654826265,25687800
2020-06-18,187.00506591796875,187.166998057351,184.7951377068354,184.7951377068354,23061600
2020-06-19,185.89056396484375,189.8341296600806,185.14757437985665,189.16734599852728,44441100
2020-06-22,191.0533905029297,191.23436320106813,185.96675100741712,186.50017788250193,32818900
2020-06-23,192.329833984375,194.27303423664063,191.87259842577603,192.5012864177539,30917400
2020-06-24,188.4529266357422,193.60623760474027,187.23366096391769,192.0345322646708,36740600
2020-06-25,190.8342742919922,191.09146741534593,186.19535045759932,188.4147984792435,27803900
2020-06-26,187.01455688476562,190.40564005963446,185.6333592367713,190.25322823418622,54675800
2020-06-29,189.0244598388672,189.11018604803854,184.36648018824906,186.49066751265465,26701600
2020-06-30,193.85389709472656,194.70166798928813,188.357681249384,188.49103797881637,34310300
2020-07-01,194.98744201660156,196.55916194472687,192.19647091012706,193.50146283713315,32061200
2020-07-02,196.47340393066406,198.1499050400059,195.27319343767005,195.92092193188483,29315800
2020-07-06,200.7027130126953,201.11231795021436,198.21655159338107,198.92144533933973,31897600
2020-07-07,198.36900329589844,204.4843869114335,198.12134494687825,200.46461530971268,33600700
2020-07-08,202.731689453125,203.14127992845096,198.78812386849197,200.1026505749674,33600000
2020-07-09,204.15101623535156,206.11327165088568,201.43623636214315,206.06564112885147,33121700
2020-07-10,203.53179931640625,203.92234915396207,201.0646929402599,203.48416880588633,26177600
2020-07-13,197.24502563476562,205.5608037299183,196.70206380880938,204.3034276286274,38135600
2020-07-14,198.4642333984375,198.94050944255682,192.44409722406942,196.34956659976442,37591800
2020-07-15,198.16891479492188,201.30281906359042,195.30173846244642,199.61679792738738,32179400
2020-07-16,194.2444305419922,195.93997218751295,192.7108210160108,195.6542036387055,29940700
2020-07-17,193.25376892089844,195.31127034893814,191.8344611018104,194.7683232262637,31635300
2020-07-20,201.56004333496094,202.22682694154088,193.37760921523997,195.27319325053878,36884800
2020-07-21,198.8452606201172,203.78900858696974,198.1594219117219,203.52229514868182,37990400
2020-07-22,201.7029266357422,202.22683324824817,198.50235068955192,199.27391563942754,49605700
2020-07-23,192.92991638183594,200.91230847679552,192.55842160486344,197.35929283705426,67457000
2020-07-24,191.74876403808594,193.23474316986903,188.13858299901412,190.91051343665205,39827000
2020-07-27,194.17776489257812,194.2920665013878,191.32962868313254,191.91068608590263,30160900
2020-07-28,192.43460083007812,194.98743376683993,192.16788737503714,193.949155350088,23251400
2020-07-29,194.3777618408203,194.9397640412787,192.42502730325805,192.8917830230977,19632600
2020-07-30,194.22540283203125,194.75884431463618,190.10086427671118,191.4630070516711,25079600
2020-07-31,195.28271484375,195.36845558536268,189.56740183239614,194.7016574395373,51044000
2020-08-03,206.26560974121094,207.3134227858936,200.45505109147118,201.4838090258531,78983000
2020-08-04,203.16983032226562,204.57961789051777,200.33122914366757,204.0080808185462,49280100
2020-08-05,202.83648681640625,204.79874220686773,201.53149483115251,204.70348116401652,28806400
2020-08-06,206.08468627929688,206.10372685935414,201.51243254620533,202.264942432697,32656800
2020-08-07,202.3982696533203,205.46548863137218,200.92181096572025,204.6558280531857,27820400
2020-08-10,198.36900329589844,201.82677256630785,196.55915986005738,201.6267302012885,36716500
2020-08-11,193.73007202148438,197.79745947005014,193.50145425985625,197.33071819206666,36446500
2020-08-12,199.26437377929688,200.30265206772674,195.03504017950794,195.5494119121457,28013100
2020-08-13,198.79762268066406,201.32189449596746,198.27371611259795,199.50251647540682,22588900
2020-08-14,198.98814392089844,199.64540724846154,197.66409697652952,198.85478719753726,17958900
2020-08-17,200.30271911621094,201.1695452955164,199.00724726042574,199.65499045571647,20184800
2020-08-18,201.4552764892578,202.28399227877523,199.28345856619634,200.54081995254023,21336200
2020-08-19,200.23300170898438,202.5246614337485,199.80332006369252,201.94219955948745,27627600
2020-08-20,204.8927764892578,205.29381381902428,199.47875068251517,200.08029939219975,26981500
2020-08-21,203.40318298339844,206.48736005046817,203.24085940828198,204.20525755571333,36249300
2020-08-24,204.04293823242188,205.79032438204533,202.83981177895026,205.0932698409318,25460100
2020-08-25,206.6974334716797,206.83111256977526,203.47957724399592,203.47957724399592,23043700
2020-08-26,211.16612243652344,212.0636882339954,207.54722933961594,208.04375788990563,39600800
2020-08-27,216.3509979248047,220.71467669554357,209.49513302411248,212.82758145339662,57602200
2020-08-28,218.57582092285156,220.22771568625402,216.35100743795786,217.87876641205395,26292900
2020-08-31,215.34837341308594,218.37526098059254,214.18344954547442,216.75201094914362,28774200
2020-09-01,217.00987243652344,217.18173932118268,214.29807350693463,215.32931852467755,25725500
2020-09-02,221.19210815429688,222.34748887077873,217.08624417836464,217.6782494908161,34080800
2020-09-03,207.48997497558594,218.9577772060662,205.25561798169193,218.91958942041342,58400300
2020-09-04,204.57766723632812,208.5021215523403,195.92668396583133,205.3892997487849,59664100
2020-09-08,193.51087951660156,200.54815481211494,193.07163989272198,197.17751849448624,52924300
2020-09-09,201.75125122070312,205.14098845525137,197.3684714692086,198.22784947553285,45679000
2020-09-10,196.0985107421875,205.04550944722897,194.89539903060142,203.7659930391178,35461500
2020-09-11,194.8190155029297,199.21135322657878,192.15497713349296,197.8459033435166,33620100
2020-09-14,196.13673400878906,199.75562740153794,194.81902968180668,195.01955560675427,30375800
2020-09-15,199.3545684814453,200.30942320721906,197.58808141079317,199.0108201973697,21823900
2020-09-16,195.79296875,201.14014659025136,195.40147480702015,201.11150211344088,26328100
2020-09-17,193.74957275390625,195.1054646940721,190.93275427264976,191.01868769979,34011300
2020-09-18,191.3433380126953,194.4561591751333,187.3902400287708,193.64454139976738,55225300
2020-09-21,193.39625549316406,193.5585936061161,187.51436188906752,188.28779182875024,39839700
2020-09-22,198.0559844970703,198.70529334933173,192.9570632684131,195.8025265449776,33517100
2020-09-23,191.53427124023438,198.70523825617184,190.99955502187976,198.51425568968156,30803800
2020-09-24,194.0169219970703,196.28948076547937,190.20704663295967,190.82771090807543,31202500
2020-09-25,198.4379119873047,199.60282132425013,193.39626573547469,194.36067831325278,29437300
2020-09-28,199.98483276367188,202.97353356457953,198.66712820635112,201.35982628958376,32004900
2020-09-29,197.90321350097656,200.58636790258805,197.47353172695807,199.8988712361869,24221900
2020-09-30,200.8345947265625,202.41009918439974,197.21568718363864,198.35196663004595,33829100
2020-10-01,202.86846923828125,204.32939600324374,201.77993528458512,203.8519685749572,27158400
2020-10-02,196.8815155029297,201.4648215025371,196.26085113479485,198.6098003769444,33154800
2020-10-05,200.88232421875,200.910968692412,197.63580969444047,197.8649800536622,21331600
2020-10-06,196.6141815185547,200.69140156656152,195.57339314489093,199.3928128529531,28554300
2020-10-07,200.357177734375,200.62453590384288,197.3875788228527,197.71222594721692,25681100
2020-10-08,201.07333374023438,201.6557957748077,198.91536704931994,201.00648690794026,19925800
2020-10-09,206.06719970703125,206.1149453581554,201.69396323673163,201.69396323673163,26458000
2020-10-12,211.40481567382812,213.7537645457266,207.02203628581694,208.91264443105055,40461400
2020-10-13,212.79891967773438,215.04283405759003,210.47861517325316,212.66524060212126,28950800
2020-10-14,210.88925170898438,214.09756472401912,209.23735682791846,212.93264059195755,23421700
2020-10-15,209.7433624267578,210.4117577247868,206.25813443644452,207.2989370111519,22733100
2020-10-16,209.7433624267578,212.25462008720422,209.4187153634187,210.21123185041571,26057900
2020-10-19,204.5489959716797,212.26422448710105,204.0715685727298,210.46909280467258,27625800
2020-10-20,204.95956420898438,207.55677026859448,203.46999314507534,206.0576559024547,22753500
2020-10-21,205.1028289794922,207.1271166414113,203.49866522161116,203.49866522161116,22724900
2020-10-22,205.18875122070312,206.3059296091729,202.14276202063672,204.27208418481786,22351500
2020-10-23,206.46827697753906,206.51602263791943,203.53687992528793,205.32245397806003,18879600
2020-10-26,200.5959014892578,206.57328739211215,198.70529303319933,204.19570822507853,37111600
2020-10-27,203.62277221679688,204.97866419195947,200.83459813928872,202.0377098600853,36700300
2020-10-28,193.52996826171875,199.4118774599647,192.97616528668934,198.29469906700677,51195600
2020-10-29,195.4778289794922,197.99864446463528,194.18876948041668,194.85717933618886,31432600
2020-10-30,193.32943725585938,195.06726527827394,190.60809546277156,194.3129364566058,36953700
2020-11-02,193.19580078125,196.01261992601422,191.08556496375604,195.06730829502152,30842200
2020-11-03,197.11065673828125,198.72436357805273,193.95008988401975,194.68533211248038,27512000
2020-11-04,206.6210174560547,208.46389468820024,202.83024295706136,204.35801637531904,42311800
2020-11-05,213.20953369140625,214.00206496769775,211.16614488901527,212.0159651252917,36080100
2020-11-06,213.62013244628906,214.23123897961761,208.18700591079525,212.2260379268585,25231900
2020-11-09,208.53070068359375,217.82143209246186,208.0437300706879,214.30757407086816,44395000
2020-11-10,201.48390197753906,206.72605996738244,200.252145721527,204.81635040648283,44045100
2020-11-11,206.7737579345703,208.19648190458057,202.62013476954425,202.8015594671783,29440800
2020-11-12,205.71392822265625,209.21824372278732,204.77817456284876,207.40402536215038,21593900
2020-11-13,206.73562622070312,207.60454766415813,204.49172597949683,206.59240381570694,18621100
2020-11-16,207.42311096191406,207.91009625072095,204.8354625277745,205.16965297683396,24953300
2020-11-17,204.7781524658203,207.85277130198583,204.41530300487557,206.34411364526463,24154100
2020-11-18,202.07838439941406,205.99396069745663,201.93477246327697,204.53877780474014,28372800
2020-11-19,203.3612518310547,203.94523869108724,200.9774337417931,202.36560952624848,24792700
2020-11-20,201.41783142089844,204.1941538861214,201.04446371546402,203.15064088991645,22843100
2020-11-23,201.14974975585938,203.23677550393984,199.28291144723923,201.95392401063881,25683500
2020-11-24,204.73983764648438,205.11320532389465,199.95306506016246,200.65192976750566,33979700
2020-11-25,204.74945068359375,206.10889264226566,203.39959162135418,205.93657580336972,21012900
2020-11-27,206.0514373779297,207.04709439516884,204.91218300631596,205.68765254415658,14512200
2020-11-30,204.94090270996094,205.60146510182233,201.84863688732,204.96962217882137,33064800
2020-12-01,206.98963928222656,208.05230344579502,204.25160461083848,205.36212481674454,30904500
2020-12-02,206.18548583984375,206.28122715714795,203.7250917523255,205.7163913660457,23724500
2020-12-03,205.10366821289062,207.15240660691688,204.53881785971507,205.4578847635359,25120900
2020-12-04,205.2185516357422,206.19505750838957,204.08886550697892,205.08452256365908,24666000
2020-12-07,205.15150451660156,206.3481977299115,203.90695526121635,205.22809463522196,24620000
2020-12-08,206.7981719970703,207.69808770235701,203.8112301736273,204.84517494514358,23284100
2020-12-09,202.7677001953125,206.05141934797453,202.20286450676673,205.98441212448722,32440600
2020-12-10,201.54234313964844,203.99316917004796,201.3891628607296,202.73903667856035,26733300
2020-12-11,204.1654815673828,204.22293512677876,200.19246494822374,201.09238080711714,30979400
2020-12-14,205.06536865234375,206.98966090003364,203.80166807637727,204.0122872737172,28798400
2020-12-15,204.9983673095703,206.23334844937955,203.18896750450304,205.9940097735343,27000600
2020-12-16,209.9287109375,210.72331699112576,205.56317639407263,205.59189586280007,35023300
2020-12-17,210.06277465820312,211.47008729036386,208.62674255257576,210.49358136827655,32515800
2020-12-18,209.2681884765625,210.32128463124675,206.8077941632735,209.2681884765625,63354900
2020-12-21,213.0975799560547,214.44745359399022,208.01402881752463,208.27251867774226,37181900
2020-12-22,214.3900146484375,216.00794643471485,212.38914682397282,213.19332126901028,22612200
2020-12-23,211.59449768066406,214.02617170610205,211.38387852002725,213.5953650986433,18699600
2020-12-24,213.250732421875,214.0740579439434,211.76682990316124,211.97744907913722,10550600
2020-12-28,215.3665008544922,216.39086269746974,213.50923056206076,214.87824065113975,17933500
2020-12-29,214.5910186767578,217.49180182350608,214.04533417401936,216.65890803129258,17403200
2020-12-30,212.2263641357422,216.00792655313228,212.02532784702316,215.62497594211862,20272300
2020-12-31,212.93482971191406,213.49009718851218,210.3116725862071,212.2455331622111,20942100
2021-01-04,208.40652465820312,213.4900752334204,205.64933874293737,213.04011740396882,37130100
2021-01-05,208.6075897216797,209.20115958747942,206.5014122383252,207.99488327910248,23823000
2021-01-06,203.19851684570312,207.2577056684526,202.9017392526193,203.12192672360536,35930700
2021-01-07,208.98094177246094,209.98616708451945,204.59627029591414,204.9121844778068,27694500
2021-01-08,210.25425720214844,211.17332424076446,207.77471176782262,209.3543413498572,22956200
2021-01-11,208.21505737304688,209.5744991531238,207.48745852732125,209.15326079150833,23031300
2021-01-12,205.7642364501953,207.84170898199775,204.22290942349233,207.26729032493492,23249300
2021-01-13,207.1140899658203,207.51617714350778,204.80686188159456,204.8930348974412,20087100
2021-01-14,203.9357147216797,208.1863721862061,203.66765655797752,206.7024693890927,29480800
2021-01-15,203.58145141601562,205.36213157006432,202.9878962340234,204.41435985792472,31746500
2021-01-19,207.20985412597656,207.7268192377233,203.56233504710266,204.63456763921351,30480900
2021-01-20,214.77294921875,216.16111060778343,208.0235956832945,208.4161146150016,37777300
2021-01-21,215.37608337402344,216.64936685048048,212.93482602015692,215.11759352034807,30709400
2021-01-22,216.31431579589844,220.2586275356128,216.17071841802812,217.39613140277186,30172700
2021-01-25,219.74160766601562,219.98094632418085,214.6580569038777,219.34908876068727,33152100
2021-01-26,222.4222412109375,224.1933388163299,220.268192922811,221.97228328877176,49169600
2021-01-27,222.96791076660156,230.18637361109083,220.3256169707931,227.85042573267413,69870600
2021-01-28,228.74073791503906,232.29253006928437,225.0644995906523,225.5623280954357,49111200
2021-01-29,222.06797790527344,227.86954440379412,221.48399101899585,225.92611574790212,42503100
2021-02-01,229.43002319335938,232.15848963643907,222.5179218384246,225.03576910164196,33314200
2021-02-02,229.29603576660156,231.97663204495075,228.51101245118528,231.0097089858927,25916300
2021-02-03,232.6371612548828,234.63802880665224,229.0566498927126,229.35344208114293,27158100
2021-02-04,231.68942260742188,232.86697949222687,230.11936136908966,232.31171197270916,25296100
2021-02-05,231.87130737304688,232.9052522107318,230.16721716132736,231.9000268456431,18054800
2021-02-08,232.1297607421875,233.28815157632502,230.54054867068731,232.78075482945962,22211900
2021-02-09,233.37435913085938,234.32213093396786,231.0862819839314,231.5553764374058,23565000
2021-02-10,232.4648895263672,235.4326805135814,230.61718724582224,234.55191588851997,22186700
2021-02-11,234.06362915039062,234.69547207814844,231.8234083059105,234.3412555541554,15751100
2021-02-12,234.54234313964844,234.83912077191874,232.37871207689895,233.5275348439118,16561100
2021-02-16,233.30731201171875,235.63369127508065,232.56057659584255,234.58059537675686,26728500
2021-02-17,234.32444763183594,234.429999771811,231.1962886570467,231.56092598454555,21653500
2021-02-18,233.9310302734375,234.06536803282074,231.1195276514465,232.0215160251843,16925600
2021-02-19,231.22508239746094,233.9982091087317,230.46702209962763,233.89265696504796,25262600
2021-02-22,225.0263214111328,228.30801355738436,223.00165002550102,227.81864342177664,36446900
2021-02-23,223.83648681640625,225.33339754887209,219.48007774451878,221.01537906288905,30228700
2021-02-24,225.064697265625,225.68840512166148,219.7391387901833,220.7082886727813,26339700
2021-02-25,219.7295379638672,225.10306244701493,218.6644263196848,222.69457334247465,39542200
2021-02-26,222.9824676513672,225.8515415247869,220.2573072215553,222.166836123275,37819200
2021-03-01,227.3580322265625,227.86659759459576,223.72129349094783,226.36008213862527,25324000
2021-03-02,224.41220092773438,227.70349799818933,224.00918764921863,227.4252175123957,22812500
2021-03-03,218.3573760986328,224.13392888093216,218.06950529574024,222.77135603173917,34029500
2021-03-04,217.56092834472656,223.08800061349675,215.19081513202866,217.57053331073425,44727800
2021-03-05,222.2340087890625,223.8364715609729,217.30187304022164,220.23812306789688,41872800
2021-03-08,218.19427490234375,223.9324376851917,217.9447946567308,222.01331832648629,35267400
2021-03-09,224.32582092285156,225.8611219944867,222.30114977246933,223.4622232211294,33080500
2021-03-10,223.02085876464844,227.41564385006524,222.65622140139538,227.41564385006524,29746800
2021-03-11,227.5403289794922,229.497823745589,224.83436439861,225.45808680397872,29907600
2021-03-12,226.2161865234375,226.283362726676,223.79809211606153,224.54654746853438,22653700
2021-03-15,225.31417846679688,225.67881578579735,222.4354997800782,225.458121186163,26034900
2021-03-16,228.09690856933594,230.35186474160002,226.39848405501235,226.72473079014074,28092200
2021-03-17,227.45401000976562,228.90295443295722,223.7980901339011,226.60000251813773,29562100
2021-03-18,221.3896026611328,224.719275803559,221.01537498492127,223.15518889547872,34833000
2021-03-19,221.0345458984375,223.0688074379135,220.07498635842558,221.67744903323953,46430700
2021-03-22,226.44650268554688,227.31969089953785,220.8330724893745,220.95781993782433,30127000
2021-03-23,227.97218322753906,231.30185638179913,227.48281307743645,227.8858263731183,31638400
2021-03-24,225.9379425048828,228.37521779869715,225.8036047271406,228.2312896945875,25620100
2021-03-25,222.9440460205078,227.35802548423027,222.20519576310443,225.78434852304252,34061900
2021-03-26,226.91661071777344,227.13731992949707,222.18598973898824,222.18598973898824,25479900
2021-03-29,225.726806640625,227.22371728101677,222.50268578373593,227.02220332170978,25227500
2021-03-30,222.47389221191406,224.39301135235166,221.75422253424998,224.08594526185743,24792000
2021-03-31,226.2353515625,229.43068651308948,222.99203570768762,223.49101075651635,43623500
2021-04-01,232.5492706298828,233.01944545451641,228.42316149759984,228.8261747651646,30338000
2021-04-05,238.99752807617188,239.85153557551078,232.88512317429942,232.94269441038907,36910600
2021-04-06,237.83642578125,239.31414101565258,236.8960615411756,237.59653589865943,22931900
2021-04-07,239.7939453125,240.78229055854658,237.19354691855074,237.78846920288845,22719800
2021-04-08,243.00840759277344,243.86241483635493,241.80895839438858,242.54782320027354,23625200
2021-04-09,245.50331115722656,245.63764890551167,242.23120965191174,242.6438132210316,24326800
2021-04-12,245.56089782714844,247.24973207374578,244.32305775852038,244.40942924919764,27148700
2021-04-13,248.03656005859375,248.70826351478416,246.44368755447493,246.85632045190187,23837500
2021-04-14,245.25384521484375,248.36280908207007,244.84124159709435,247.06742699301665,23070900
2021-04-15,249.00572204589844,249.41832565556072,247.30731205606156,247.49920641050562,25627500
2021-04-16,250.195556640625,250.445051503243,247.18255477329765,248.9769265105959,24878600
2021-04-19,248.27642822265625,250.9056412984342,247.39364983670757,249.66780128143571,23209300
2021-04-20,247.81588745117188,249.6774355364168,246.45329984767133,247.39367885760478,19722900
2021-04-21,250.04205322265625,250.13801504914483,246.84673231299666,248.4683905453081,24030400
2021-04-22,246.7699737548828,251.19352978714605,245.3018339862112,249.6870140739472,25606200
2021-04-23,250.58897399902344,250.9344306690591,246.86587820955702,247.4512247703219,21462600
2021-04-26,250.9727783203125,251.82680034091737,249.64861079357635,251.07834509387854,19763300
2021-04-27,251.37582397460938,252.54648783182677,249.60063289753063,251.00158168291068,31014200
2021-04-28,244.2655029296875,246.1654415847011,242.72061130265914,245.72402306023824,46903100
2021-04-29,242.29840087890625,245.74323113487725,238.93035179332017,245.12911354726194,40589000
2021-04-30,241.9817352294922,242.84534766283653,239.50608432237092,239.64042208199547,30945100
2021-05-03,241.6746826171875,244.06399130382755,240.96460323871534,243.1523979660195,19626600
2021-05-04,237.76925659179688,241.05096316703924,235.8213518591053,240.82066360194878,32756100
2021-05-05,236.50267028808594,239.41013488306382,235.87896236652082,238.9879262904949,21901300
2021-05-06,239.63082885742188,239.7555762980852,234.79465463224184,236.48347435623583,26491100
2021-05-07,242.2504425048828,244.01602879660211,241.01260232215404,241.9529667059604,27032900
2021-05-10,237.1838836669922,241.5498818322568,237.12631244610267,240.7246601688404,29299900
2021-05-11,236.2723388671875,236.62738584949687,232.76036211665323,234.66028588552803,33641600
2021-05-12,229.33474731445312,234.49718271340848,228.44236390313688,232.37654952810314,36684400
2021-05-13,233.20172119140625,235.66779589203034,231.65682996259065,232.02146722209824,29624300
2021-05-14,238.11471557617188,239.10306082061462,235.5622980961346,235.64865494854968,23901100
2021-05-17,235.2648162841797,236.6177988375516,233.67195847192968,236.57942289581203,24970200
2021-05-18,233.249755859375,236.44509117389674,233.07702751284302,236.31075341180204,20168000
2021-05-19,233.8268280029297,233.93262388279754,229.47961380869796,230.16246611695865,25739800
2021-05-20,237.05836486816406,238.47217569165701,234.53851835238595,234.63470174976987,21800700
2021-05-21,235.79844665527344,238.83766010110827,235.38489032383154,238.10671616214,21863100
2021-05-24,241.1940155029297,241.55949482361876,238.04900607225056,238.31830198996036,21411500
2021-05-25,242.09808349609375,243.0887108966254,241.23249158269627,242.14617519695508,17704300
2021-05-26,241.87689208984375,243.2714634355035,241.16517303578058,241.819173240438,17771600
2021-05-27,239.7802276611328,241.86727856189606,239.72252348400554,241.56913052971964,24426200
2021-05-28,240.1360626220703,242.44433227006198,240.02065427610526,241.4056131297948,18270200
2021-06-01,237.94325256347656,241.68455866726802,237.52008367139496,241.62685448541734,23213300
2021-06-02,237.84703063964844,239.74172912294227,236.4428322679461,238.64530588633542,19406700
2021-06-03,236.3178253173828,236.9237338024007,233.71140768799265,235.846550117456,25307700
2021-06-04,241.20361328125,242.0307405997001,238.04899157263242,238.2894353899083,25281100
2021-06-07,244.10821533203125,244.3775112737466,240.26111367835148,240.4246137375695,23079200
2021-06-08,242.91561889648438,246.22412860795987,242.85790004526086,245.4066136508643,22455000
2021-06-09,243.89657592773438,245.76242221340559,243.53111132137863,244.1081676513997,17937600
2021-06-10,247.40704345703125,247.61863517541653,243.97351361873402,244.56980954753342,24563600
2021-06-11,248.03224182128906,248.609283510247,246.80114128203925,248.12839586874716,18999700
2021-06-14,249.955810546875,250.01351471996307,246.98389887756707,248.04185763593912,19150500
2021-06-15,248.48426818847656,250.05196672313224,247.83026798722594,249.84037496966238,18038900
2021-06-16,247.541748046875,250.6194116030859,244.69488651031241,249.4845237170654,27220000
2021-06-17,250.92718505859375,251.74469998319134,246.2241188200235,246.28182299342527,27565500
2021-06-18,249.5133819580078,252.27367262643241,248.85938173817627,249.70574877610207,37202200
2021-06-21,252.59103393554688,253.44699862968113,248.06108081005905,249.88844788107733,26696100
2021-06-22,255.3610076904297,255.63030364087788,252.36987079514645,252.67764598167503,24694100
2021-06-23,255.1301727294922,256.6305401403005,254.3222848429845,255.82265225379285,19518700
2021-06-24,256.4958190917969,257.61148179657937,255.3224522256505,255.9860794323836,21446900
2021-06-25,254.88967895507812,257.03444843637993,254.63963733626937,256.05344819862387,25611100
2021-06-28,258.44830322265625,258.62141576149537,255.74571652356687,256.0150124787803,19590000
2021-06-29,261.0257873535156,261.26623115714835,257.73653255640755,258.5924972347941,19937800
2021-06-30,260.5449523925781,260.98736086236244,259.29465610147,260.34298777501124,21656500
2021-07-01,261.2181701660156,261.44898683933064,259.2946196189184,259.3042174129385,16725300
2021-07-02,267.036865234375,267.373492407976,262.0837290689693,262.39150416203586,26458000
2021-07-06,267.0464782714844,268.6911054771681,263.81489866709086,267.402330362961,31565600
2021-07-07,269.2297058105469,269.9606643036204,266.55597211609904,268.71996616433717,23260000
2021-07-08,266.815673828125,268.0755969208778,264.3631295960202,266.3155319677022,24618600
2021-07-09,267.3158264160156,267.4216076093967,264.79597985271084,265.18068409845046,23916700
2021-07-12,266.7195739746094,269.075906208845,266.00784018519494,268.48923727475227,18931700
2021-07-13,270.2396240234375,272.03813906947397,266.7868543506358,266.9118604799698,26120100
2021-07-14,271.7112121582031,272.817248138477,269.82611100200353,271.55732455253013,23113700
2021-07-15,270.28765869140625,271.711096424281,269.1335168159892,271.2205817245717,22604200
2021-07-16,270.0183410644531,273.2402933017713,268.7776430510648,271.2878911548484,26186800
2021-07-19,266.4213562011719,269.6529067683761,263.95921404966873,268.2679481392744,32935600
2021-07-20,268.6430358886719,270.22995898020264,265.7000063440737,267.40233775483614,26259700
2021-07-21,270.6435546875,270.75896302355244,266.69067242244347,268.23911651623393,24364300
2021-07-22,275.202392578125,275.4716884823561,272.58636264371466,272.99029182453523,23384100
2021-07-23,278.5974426269531,278.9051883924715,275.5486022461029,276.38534199654606,22768100
2021-07-26,278.00115966796875,278.616709994847,275.6833068492784,277.95308263976796,23176100
2021-07-27,275.5871276855469,278.5109037300761,272.13435756738795,278.36664329219724,33604100
2021-07-28,275.2793273925781,279.0590972753007,272.98067033830415,277.943434405772,33566900
2021-07-29,275.54864501953125,277.5876041189694,275.1446864474467,275.29857402961915,18168300
2021-07-30,274.0194396972656,275.7025466900229,273.0576642728328,274.26951069995624,20944800
2021-08-02,273.9328308105469,275.8082749172966,272.8940971151015,275.4139435469008,16267400
2021-08-03,276.14495849609375,276.25076905660643,273.14422383185655,274.50995786548094,17879000
2021-08-04,275.5582275390625,276.59693186168965,273.76931036819576,275.2793045071055,16191300
2021-08-05,278.4531555175781,278.55896605599236,275.1639006499143,275.9140841592982,13900200
2021-08-06,278.3955078125,278.4339870480046,276.6258445430264,277.4818387644274,16589300
2021-08-09,277.3086853027344,280.40560323278316,276.808572666281,278.67441927108996,16117600
2021-08-10,275.4909362792969,278.1935226909762,274.2983442260447,277.7607120388484,18616600
2021-08-11,275.9814453125,277.62607292416914,274.9330843638876,276.23148694196493,13955900
2021-08-12,278.7320861816406,278.88597374560374,275.3947248502605,275.6736478943844,14561300
2021-08-13,281.6559143066406,281.70399133323906,278.24159423758465,278.41473610565794,18249000
2021-08-16,283.33905029296875,283.55064206366075,278.9341023443054,281.98294340140507,22507600
2021-08-17,281.8770751953125,282.21370240044297,279.953524710054,281.21347728086533,20075300
2021-08-18,280.1522521972656,284.09344038644264,279.7089674078397,281.4145875343293,21813000
2021-08-19,285.97247314453125,286.6470164928712,278.13829528997536,278.1864643546096,29850500
2021-08-20,293.28631591796875,294.7124789833826,287.21554348054167,288.8151504653693,40817600
2021-08-23,293.5657958984375,294.2885083597371,290.8676811391506,292.21673851879405,22830200
2021-08-24,291.6095886230469,294.5293451223388,291.0121511635646,293.9222620885944,18175800
2021-08-25,291.0218505859375,293.50796840478165,289.4897037639269,293.228511364618,20006100
2021-08-26,288.20806884765625,291.426544578333,288.0731778231543,290.03893440127865,17666100
2021-08-27,288.81512451171875,289.92327755138285,286.0302588466658,288.1116739143192,22605700
2021-08-30,292.54437255859375,293.15145574767917,290.106423632768,290.1642382786574,16348100
2021-08-31,290.8965759277344,293.4212466452703,290.5303969246272,293.34417025857385,26285300
2021-09-01,290.8483581542969,294.08612491832895,290.5207320699009,291.8505275583118,18983800
2021-09-02,290.193115234375,292.3226995544428,289.2584060139798,291.20493024605145,16285600
2021-09-03,290.1835021972656,291.59037412727884,289.33551492747904,290.03893618886394,14747900
2021-09-07,289.2584533691406,290.1353480932548,287.35051112759913,290.0582716965981,17180400
2021-09-08,289.2873229980469,289.67276374560055,286.6470229996981,288.8729749296078,15046800
2021-09-09,286.43499755859375,291.1470962428215,286.1940934395369,289.87511543646343,19927000
2021-09-10,284.9510498046875,289.00789676784274,284.63306927340466,287.56247190206864,19633400
2021-09-13,286.18450927734375,287.67813278036044,283.3803812009098,286.7241322672505,23652900
2021-09-14,288.88262939453125,290.4244218394307,287.25411498430714,288.66098698942704,21853400
2021-09-15,293.7295837402344,294.211391982283,290.8387342879429,292.2263443776221,28356300
2021-09-16,294.114990234375,294.20171217898536,289.8172694493365,292.70811856529957,19550800
2021-09-17,288.95965576171875,293.42120456252405,288.63202970257026,293.1032240780458,41372500
2021-09-20,283.59228515625,287.8514824392424,278.98620009647595,285.54842520573646,38278700
2021-09-21,284.0741271972656,286.7144563554884,283.37070598587525,284.93175998192237,22364100
2021-09-22,287.71661376953125,289.29695901168185,283.79471679857085,285.9339466951143,26626300
2021-09-23,288.6609191894531,289.9521616041896,286.70477912281865,287.9767597966443,18604600
2021-09-24,288.4586486816406,288.8922585277224,286.12668346058666,287.3794027439531,14999000
2021-09-27,283.46710205078125,285.68340842010866,282.2818430717225,285.3654278881508,23571700
2021-09-28,273.2044982910156,280.2003624362763,272.4625242845209,279.2560078220888,43186200
2021-09-29,273.6671142578125,276.3363216518175,272.7131432346265,274.7270983987107,26353700
2021-09-30,271.6627502441406,277.35769732785985,271.37364767786374,275.31483525135485,32343600
2021-10-01,278.5814514160156,279.42943838360947,271.0556111894694,271.85539970235783,30086300
2021-10-04,272.8094787597656,277.28067385415983,270.0535494270314,276.9434021661116,31350700
2021-10-05,278.25390625,279.83422199721866,273.7152514221425,273.7152514221425,24993000
2021-10-06,282.4456787109375,282.9467782189283,275.1222152677456,275.38238119187673,28002600
2021-10-07,284.1223449707031,285.8472268251137,283.2261886390808,284.440325492257,20430500
2021-10-08,284.1223449707031,285.8472268251137,283.0720064625797,285.4424949358928,17685700
2021-10-11,283.5248718261719,287.128787851861,282.09870892799114,282.2625366597223,19298600
2021-10-12,282.2239685058594,284.690824072325,281.71325300359666,284.5944565534147,17974100
2021-10-13,285.5292663574219,286.4639757468963,282.8118601644448,284.18020883839904,23416300
2021-10-14,291.7348937988281,292.2359637895139,286.9938877052562,288.32368317323034,27262900
2021-10-15,293.14178466796875,293.3730726386509,289.5860372188823,291.33982641094127,25384800
2021-10-18,296.1097106933594,296.99622136989956,291.67706908893643,292.52505628022925,22729300
2021-10-19,297.0155334472656,298.046580784232,296.04227134224186,297.1311627256362,17682100
2021-10-20,296.2253723144531,298.4320624863461,294.9726531333277,297.95987037171125,16537100
2021-10-21,299.45355224609375,299.7040726055075,295.2136149975582,295.9941716239133,16918100
2021-10-22,297.9117126464844,299.77148563337295,296.6011787740469,299.10658782442397,17449300
2021-10-25,296.919189453125,298.1429719558944,295.3099367822359,298.1044190576334,17554500
2021-10-26,298.82708740234375,301.03377733794736,297.3720465392761,299.68472017039693,28107300
2021-10-27,311.4119567871094,314.2353460702273,304.50281355306396,304.50281355306396,52588700
2021-10-28,312.5490417480469,313.0501117800628,309.667808194034,312.5297505959251,26297900
2021-10-29,319.55450439453125,319.9206833758431,312.115383713237,312.33702609856846,34766000
2021-11-01,317.3863830566406,319.429245467658,314.4955333639382,319.30397060914856,27073200
2021-11-02,321.0096435546875,321.318007963707,317.9935185073219,318.29223733879434,26487100
2021-11-03,321.8479309082031,322.71517993039924,318.61980955207633,321.75156337079386,21500100
2021-11-04,324.1991271972656,324.2954947256181,317.52127212453837,320.7783004950608,23992200
2021-11-05,323.8329772949219,326.4636610780947,322.2526614356384,326.1938496188393,22570100
2021-11-08,324.7291564941406,325.3651469944245,322.27194586748317,325.0278752948011,20897000
2021-11-09,323.72698974609375,326.39619698658385,322.3586413143152,324.8447590588509,21307400
2021-11-10,318.7643737792969,322.45504199048236,317.91641583544316,322.3972273444752,25500900
2021-11-11,320.3350524902344,321.62629517799496,318.48492512550797,319.197991984075,16849800
2021-11-12,324.46893310546875,324.9603869066264,321.645543957004,321.7708188010042,23831000
2021-11-15,323.84259033203125,325.5867337696935,321.87680452226203,325.25910770260543,16723000
2021-11-16,327.1575012207031,328.2753000737165,323.3030345857247,323.4668329496531,20886800
2021-11-17,327.37945556640625,330.34317737832805,326.2982353582756,327.2056943460369,19053400
2021-11-18,329.4550476074219,330.5942177948435,325.44872862025187,326.47202852171574,22463500
2021-11-19,331.2313232421875,333.152448348102,330.3528538835382,330.7776231911043,21963400
2021-11-22,328.06488037109375,337.5642399354129,327.7945753077866,332.6890561129603,31031100
2021-11-23,325.9893493652344,327.69808997134413,322.0119904551096,325.381155553639,30427600
2021-11-24,326.21142578125,326.4527706824411,322.34990736219254,324.6378523117165,21661300
2021-11-26,318.2663269042969,326.230708290166,316.76033714457986,322.77466242134005,24217200
2021-11-29,324.9757080078125,327.29261293135295,323.1511265991085,323.34421428483876,28563500
2021-11-30,319.1448059082031,326.0858868817991,317.6001928133879,323.71106155688426,42885600
2021-12-01,318.6524658203125,327.5339693788618,317.9863810414146,323.5276501773053,33337600
2021-12-02,318.0828857421875,321.94440378728416,316.4513920112506,318.864840789436,30766000
2021-12-03,311.82720947265625,321.1817382170732,307.01960945389317,320.4962976310111,41779300
2021-12-06,314.89715576171875,316.11354341449044,308.1781223856923,312.73471501105405,30032600
2021-12-07,323.3249206542969,324.1744298816056,318.67178431375265,320.15847701837134,31021900
2021-12-08,323.3731994628906,323.8848494624371,319.3475536468009,323.70142498514247,24761000
2021-12-09,321.5679016113281,324.84052263649073,320.62181914163386,322.83254633757906,22214200
2021-12-10,330.6810302734375,331.1250964977841,323.19934077530974,323.3827651973081,38095700
2021-12-13,327.6497802734375,331.8878102110468,327.3408517779993,328.8854647941473,28899400
2021-12-14,316.97265625,323.05456390849514,312.8890909419122,321.683712251311,44438700
2021-12-15,323.0643005371094,323.5856138077835,313.26570278294963,317.2333990836734,35381100
2021-12-16,313.6518249511719,325.10124228323565,311.83690659632845,324.08757603047445,35034800
2021-12-17,312.5898742675781,313.67112406852533,306.2666502470529,309.7709825901244,47750300
2021-12-20,308.83453369140625,311.62446489459614,306.5755493846343,308.9696714904224,28326500
2021-12-21,315.95904541015625,316.38381472096694,308.7283333654757,312.09752764718075,24740600
2021-12-22,321.6644287109375,322.06020834026276,314.47234037759364,316.93404606965555,24831500
2021-12-23,323.1028747558594,324.7440317285957,321.2107391407732,321.2300361252478,19617800
2021-12-27,330.5942687988281,330.62322900952455,323.8172848853802,323.84624509607664,19947000
2021-12-28,329.435791015625,331.90716045361296,328.53799505142064,331.2700063774219,15661500
2021-12-29,330.1115417480469,332.38016007251247,327.9201113620014,329.48402148531875,15042000
2021-12-30,327.5725402832031,331.250633386475,327.0898505902694,330.072869357275,15994500
2021-12-31,324.67645263671875,327.6111852143737,324.222723076331,326.79063617756316,18000800
2022-01-03,323.1607971191406,326.29828058631676,318.3628596847403,323.7400307283668,28865100
2022-01-04,317.6194763183594,323.59517698244974,314.82951579453515,323.2379618678629,32674300
2022-01-05,305.4267883300781,314.78131857507753,305.0406424002805,314.57856765657084,40054300
2022-01-06,303.0133056640625,307.66644167118665,300.7060346434731,302.30856806148427,39646100
2022-01-07,303.1677551269531,305.54258020265945,299.35449471125537,303.27393271968896,32720000
2022-01-10,303.3898010253906,303.82423357931884,294.1414784951119,298.77528825214137,44289500
2022-01-11,304.07525634765625,305.6488002414314,299.1614780529444,302.53064320042563,29386800
2022-01-12,307.2512512207031,312.21331483505577,306.1024475266732,308.60280577441176,34372200
2022-01-13,294.2476806640625,309.77100062212895,293.47538879376066,309.3751914637592,45366000
2022-01-14,299.4607238769531,300.0592544355826,293.2340145006697,293.7167042364733,39846400
2022-01-18,292.1720886230469,299.0745458921932,291.2935897762765,293.54294042354564,42333200
2022-01-19,292.8284912109375,303.04222074165364,292.2203269969151,295.68603516166604,45933900
2022-01-20,291.158447265625,300.86049892883005,290.71438096885566,298.36983291707537,35380700
2022-01-21,285.7812805175781,293.58153359567393,285.37580818130317,292.2107112599279,57984400
2022-01-24,286.1094970703125,286.82386842126607,266.49297997417904,282.08388134377833,85731500
2022-01-25,278.50225830078125,284.77722360368267,275.2972214903032,281.4273563327692,72848600
2022-01-26,286.4377136230469,297.81954500203807,282.8851245004796,297.32719208033615,90428900
2022-01-27,289.4593505859375,296.66107253209896,287.615472429576,292.1817275159188,53481300
2022-01-28,297.587890625,297.80027529096344,284.2560022424525,289.8358945088993,49743700
2022-01-31,300.2137756347656,301.56530125918164,295.7633601067022,298.25405611410014,46444500
2022-02-01,298.070556640625,299.8758114270801,294.56622466172195,299.66342677802413,40950400
2022-02-02,302.60784912109375,304.21038262271304,298.1864239841783,298.91045860750387,36636000
2022-02-03,290.820556640625,300.4550540690847,289.57520891247447,298.7752738080084,43730000
2022-02-04,295.3482360839844,298.10920758842764,289.584918714947,289.8166003905514,35096500
2022-02-07,290.5309753417969,297.1824248464775,289.5173091795903,295.57025756283554,28533300
2022-02-08,294.0159606933594,294.9813401359987,289.5655756040924,290.8205570951065,32421200
2022-02-09,300.43572998046875,301.1308043619736,296.7480028768317,299.1421250545375,31284700
2022-02-10,291.9114685058594,298.41811714419794,290.289637957717,293.5140020692782,45386200
2022-02-11,284.8255615234375,293.755321446796,284.03394330282464,292.6933981582962,39175600
2022-02-14,284.7869873046875,286.48606485987114,281.26335759126283,283.5995597685924,36359500
2022-02-15,290.06756591796875,290.3861281751453,286.7369950149994,289.62349961792046,27058300
2022-02-16,289.72900390625,291.0543038082839,284.09887060149885,288.635864710569,29982100
2022-02-17,281.24517822265625,287.11712691828404,280.53898325758263,286.69147920261867,32461600
2022-02-18,278.5364074707031,284.2729368294198,276.96926395825363,283.489365073195,34264000
2022-02-22,278.3333435058594,282.02872584374245,275.2183925047165,275.702080365006,41736100
2022-02-23,271.1263427734375,282.1834680729997,270.9619054573808,280.7130382995433,37811200
2022-02-24,284.97918701171875,285.53059821327315,262.6618238516017,263.61954581271243,56989700
2022-02-25,287.61041259765625,287.9199798483663,282.1350636287986,285.51122425806165,32546700
2022-02-28,289.0421447753906,289.3807321175086,283.44103215371325,284.7082917445892,34627500
2022-03-01,285.32745361328125,290.1836686434819,282.6187841386107,286.7301305623066,31217800
2022-03-02,290.3965148925781,291.63475461259384,284.118256021791,285.7240737108103,31873000
2022-03-03,286.2657775878906,293.2405468384808,284.45676056249704,293.00838616012356,27314500
2022-03-04,280.403564453125,286.0143623913026,277.80135044002003,284.6890621306377,32356500
2022-03-07,269.81072998046875,280.2390376841762,269.4431225318955,279.1168784545169,43157200
2022-03-08,266.8505554199219,274.69595707889357,261.1914024621827,268.736920057862,48159500
2022-03-09,279.0879211425781,280.1520404378098,271.6197787096346,274.19300190647954,35204500
2022-03-10,276.2727966308594,277.2498554429739,271.42623538275626,273.7866342304661,30628000
2022-03-11,270.932861328125,280.06488834104937,270.31372684225215,278.5654386141769,27209300
2022-03-14,267.42132568359375,276.08900319722903,266.8215575071672,271.19408479495587,30660700
2022-03-15,277.78192138671875,278.4300760838003,269.6366346705724,271.2037785530538,34245100
2022-03-16,284.7857360839844,284.9598566183486,273.960800034903,279.67796423359994,37826300
2022-03-17,285.588623046875,285.9658841758017,279.92946993729333,283.7215952422282,30816600
2022-03-18,290.62860107421875,291.1800121692439,283.1798277784117,285.73368363007364,43390600
2022-03-21,289.4000549316406,290.348093539092,285.27902590005374,289.1388741774251,28351200
2022-03-22,294.1402282714844,295.04956371485423,289.02280298221535,290.01919868863627,27599700
2022-03-23,289.7193298339844,293.3373349131294,288.0070855267432,290.7060719110069,25715400
2022-03-24,294.1789855957031,294.2757290797384,288.5875546732744,289.3808099116107,24484500
2022-03-25,293.7725830078125,295.5332134926127,289.5258199394837,295.27203273707045,22566500
2022-03-28,300.5636291503906,300.6603430987499,294.4014214022609,294.4014214022609,29578200
2022-03-29,305.11981201171875,305.51643938198106,298.9672904561164,303.6687492277118,30393400
2022-03-30,303.6204528808594,305.642293606047,301.4148379753387,303.5237389507756,28163600
2022-03-31,298.2515563964844,304.8587480003614,297.8452751937795,303.6591822316137,33422100
2022-04-01,299.3254089355469,300.0122374321194,295.5719864101128,299.2770224362612,27110500
2022-04-04,304.69427490234375,304.8296921264754,299.605870116793,299.9734775453708,24289600
2022-04-05,300.7377014160156,304.5975202300645,299.76064270992003,303.04971351922677,23156700
2022-04-06,289.72900390625,296.98432119939486,287.03001760705087,295.23337365440614,40110400
2022-04-07,291.5379333496094,293.7435481849462,286.6817192400576,286.9816032664707,31411200
2022-04-08,287.2815246582031,291.2961273756615,286.6140331520905,290.6383190722913,24361900
2022-04-11,275.95361328125,283.06380135890896,275.7020861416009,282.27057568810704,34569300
2022-04-12,272.8579406738281,281.2547532210791,271.3391540006482,279.80368992052826,30966700
2022-04-13,278.23651123046875,279.1651833596897,272.1226915423585,273.50606081797804,21907200
2022-04-14,270.70068359375,278.9040387773758,270.2073421446939,278.69121497830656,28221600
2022-04-18,271.3681640625,273.2448748903174,269.2592925621962,269.8107036813086,20778000
2022-04-19,275.99224853515625,276.8338901106772,269.3270459623916,270.26540148092727,22297700
2022-04-20,277.0176696777344,280.24873024308215,276.05997725645005,279.95849984253823,22906700
2022-04-21,271.648681640625,283.73119084745724,270.92315009615794,279.1651778133999,29454600
2022-04-22,265.0899353027344,273.9607825716903,264.4611470651918,272.49035276111147,29405800
2022-04-25,271.5616760253906,271.93893715298736,261.9362771237636,264.3740824976134,35678900
2022-04-26,261.4042053222656,269.27862643636087,261.1913815342113,268.44669768793943,46518400
2022-04-27,273.9801025390625,281.47726299922044,270.05256019523966,272.89664665414017,63477700
2022-04-28,280.1810302734375,281.4869933800965,272.27755777079875,275.8858797797823,33646600
2022-04-29,268.466064453125,280.4228421568128,267.47935197429007,279.1942562573067,37073900
2022-05-02,275.1893310546875,275.64399875590436,267.2084825593842,268.64986271938767,35151100
2022-05-03,272.58709716796875,274.8604357472129,271.01027020615345,274.69596890447576,25978600
2022-05-04,280.5196228027344,281.3902550491014,267.7018944721031,273.37070203873003,33599300
2022-05-05,268.3016662597656,277.00804788297944,265.3898558476399,276.22447589864737,43260400
2022-05-06,265.7671203613281,270.13964762879215,262.41997938914824,265.8444974229105,37780300
2022-05-09,255.9481658935547,263.47434519385956,254.7292929856696,261.24939362131454,47726000
2022-05-10,260.7077331542969,264.8190795955056,256.42226618437826,262.8262881528178,39336400
2022-05-11,252.04971313476562,262.507041521962,250.84049357545095,257.01235492970693,48975900
2022-05-12,247.0194091796875,251.40162024410782,241.86329454579928,249.28306494257026,51033800
2022-05-13,252.6011505126953,254.45852493792023,247.01940307644472,248.95415457182008,34925100
2022-05-16,252.96875,257.1478201827857,247.435359717783,251.47898312964355,32550900
2022-05-17,258.11517333984375,259.5758904699336,253.8974002308721,257.42831538498064,28828800
2022-05-18,246.36328125,255.5941513427868,245.0930699203447,255.01236815888072,31356000
2022-05-19,245.45179748535156,249.84422891050363,244.2300707046364,246.18870993787448,32692300
2022-05-20,244.88943481445312,250.68782539404745,238.9553115969885,249.42729026419417,39199300
2022-05-23,252.7337188720703,253.55790919869958,245.73299835989616,247.73044594268052,33175400
2022-05-24,251.7350311279297,253.39308813535808,245.80090744599767,250.05759219663736,29043900
2022-05-25,254.546875,256.5443074355939,249.32059252922633,250.29992682877918,28547900
2022-05-26,257.8243103027344,258.9975529486111,253.4900680754524,254.3045527743794,25002100
2022-05-27,264.94134521484375,265.03831400617037,259.43386111985046,260.32593257304654,26910800
2022-05-31,263.61297607421875,266.4248936649032,260.7622650462861,264.2529346305631,37827700
2022-06-01,264.1462707519531,269.2562034890883,261.8385496478532,266.84183742859545,25292200
2022-06-02,266.2406311035156,266.30851221318625,253.65486971991317,256.4183173881909,44008200
2022-06-03,261.81915283203125,265.14500204030634,260.25806469793486,262.1003534639654,28059000
2022-06-06,260.5876770019531,265.8527530113279,259.1041464802311,263.79714518679435,22400300
2022-06-07,264.2238464355469,264.83471731044557,257.8630839124664,258.54183590473656,22860700
2022-06-08,262.19732666015625,264.7086616945771,261.4216058677899,263.4578322605081,17372300
2022-06-09,256.748046875,264.4274912567582,256.59290269880853,259.6472278413425,26439700
2022-06-10,245.30638122558594,252.66584504493977,244.86034549346968,252.66584504493977,31422800
2022-06-13,234.90225219726562,241.45695191998857,234.1944273628666,237.66570001230667,46135800
2022-06-14,237.0645294189453,238.27656531045733,234.1750252009215,236.45365859510807,28651500
2022-06-15,244.11370849609375,247.54620227137175,238.9358949520811,240.76849254553994,33111700
2022-06-16,237.5299530029297,239.90554045067185,235.6391799239251,238.5092727014499,33169200
2022-06-17,240.12855529785156,242.892003168209,236.61850393867869,237.26815342919429,43084800
2022-06-21,246.0336151123047,247.0129348663082,241.93207466775263,242.6592962620597,29928300
2022-06-22,245.44212341308594,249.3594317398159,242.7659386682965,244.23977847011096,25939900
2022-06-23,250.99810791015625,251.4926280887529,245.92696800307291,247.80805032436228,25861400
2022-06-24,259.569580078125,259.84107489415163,253.77119057568703,253.85845359611892,33923200
2022-06-27,256.8449401855469,260.1513477506031,255.2838227151279,260.0640847254071,24615100
2022-06-28,248.69039916992188,258.8036202038124,248.5352550148448,255.96261499134835,27295500
2022-06-29,252.35552978515625,254.01358628013193,247.9921866203894,249.76660859939219,20069800
2022-06-30,249.02975463867188,251.64776426602208,245.21912051123442,249.2430741608317,31730900
2022-07-01,251.6962432861328,251.88047513446844,246.87720152441233,248.60315448518915,22837700
2022-07-05,254.86692810058594,254.99298457519546,247.00323818444357,248.3801092623351,22941000
2022-07-06,258.1248779296875,259.8508160325724,254.4305945207555,255.73959933597524,23824400
2022-07-07,260.2483825683594,260.8883411729017,256.97103225603274,257.0680010610952,20859900
2022-07-08,259.53082275390625,259.9574617514012,255.29355004720045,256.7479931048278,19658800
2022-07-11,256.4765319824219,258.43517157163143,254.2172802316378,257.58189346441975,19455200
2022-07-12,245.96572875976562,257.8630779320997,244.38522912726302,257.80490257305115,35868500
2022-07-13,245.0446014404297,245.84939515245566,240.5746118996446,242.5914416607407,29497400
2022-07-14,246.36328125,247.39108538558793,238.47050360298064,242.959889571624,25102800
2022-07-15,248.923095703125,252.46223474835,247.03232258587656,247.95346694603754,29774100
2022-07-18,246.52809143066406,252.91794086907208,245.60694714545224,251.8610491607276,20975000
2022-07-19,251.64776611328125,251.83199795607726,245.9754316061992,249.7569780806795,25012600
2022-07-20,254.30450439453125,256.825544892012,251.04656621862563,252.00648914711226,22788300
2022-07-21,256.7964782714844,256.8449774641106,249.2236799929457,251.89986485024778,22404700
2022-07-22,252.4525146484375,257.27157048099224,251.2017149281793,257.18430744869886,21881300
2022-07-25,250.968994140625,253.55791590032757,249.01035473546938,253.07310152958124,21056000
2022-07-26,244.2494659423828,251.98711369487128,241.9902440697429,251.96770218262552,39348000
2022-07-27,260.5780029296875,261.84821413779025,250.9883906372331,253.22823052881697,45994000
2022-07-28,268.0151062011719,269.40166831465785,259.7344677770861,261.5573746966984,33459300
2022-07-29,272.2135314941406,273.4352730341739,268.22837203750606,269.26588177100365,32152800
2022-08-01,269.5665283203125,272.7372040337669,267.4624206782317,269.3822964700081,21539600
2022-08-02,266.47332763671875,269.4500944140682,264.10743158594045,267.61748223435484,22754200
2022-08-03,273.8909912109375,274.8897074830674,268.208952240517,268.35442020276383,23518900
2022-08-04,275.03521728515625,275.18065569445895,271.66092782643676,273.2413979951584,18098700
2022-08-05,274.3176574707031,275.03517323549517,270.2161174409248,270.67184411090017,16774600
2022-08-08,271.80633544921875,277.23626231037696,270.83670670939483,275.4230317107007,18739200
2022-08-09,273.7261657714844,274.48247496169216,269.17860487436343,271.1469795107976,23405200
2022-08-10,280.3778381347656,281.0080908709291,278.2252612395024,279.4179151918508,24687800
2022-08-11,278.30279541015625,282.3655416886504,277.8083049364427,282.01648958955855,20065900
2022-08-12,283.0443115234375,283.0443115234375,278.22525580031515,279.7184922528835,22619700
2022-08-15,284.5569152832031,285.2453433252316,281.2989476986178,282.16193138302435,18085700
2022-08-16,283.8200378417969,285.1096607169614,281.5996091944976,283.12190392197317,18102900
2022-08-17,283.07177734375,285.0443001640645,281.27415101307326,281.53649574752995,18253400
2022-08-18,281.9544677734375,283.6451938917873,280.89530270582105,281.97389084077855,17186200
2022-08-19,278.0482177734375,281.06045328122894,277.47492602525494,280.72035691439993,20570000
2022-08-22,269.88604736328125,274.4626845439324,269.3710544716456,274.0934387624706,25061100
2022-08-23,268.6131591796875,270.96462513583367,267.6025963871895,268.6131591796875,17527400
2022-08-24,267.9815368652344,269.38076836522134,267.32076724046834,267.61229110085856,18137000
2022-08-25,270.9549560546875,271.12012625710213,266.7475342701632,269.47797267194653,16583400
2022-08-26,260.4995422363281,272.40270697945806,260.3926709090645,271.1783719738918,27549300
2022-08-29,257.72052001953125,259.82906392811554,256.3795873901303,258.3229611362696,20338500
2022-08-30,255.52450561523438,259.48897512489526,253.2799112455645,259.1197590113756,22767100
2022-08-31,254.06695556640625,259.54725384491036,253.93090517707998,257.8759809716696,24791800
2022-09-01,253.02725219726562,253.50339892265927,248.1785442591348,251.5405724888761,23263400
2022-09-02,248.81016540527344,257.24440126393586,247.2651866674922,254.29049419909367,22855400
2022-09-06,246.07968139648438,250.52999388020916,244.80677406440572,248.94616930970054,21328200
2022-09-07,250.7826385498047,251.50167728090952,246.05052865580473,247.4886209447781,24126700
2022-09-08,251.2005157470703,253.05644149900624,247.57612734264936,250.21913202904068,20319900
2022-09-09,256.9723205566406,257.7205384807604,252.92040261166707,253.12444856663964,22084700
2022-09-12,259.100341796875,259.87770921653043,257.65253760472325,258.2549788214969,18747700
2022-09-13,244.8553924560547,253.0272681898394,244.4667087917609,251.51143896600806,33353300
2022-09-14,245.0789031982422,247.03198878537128,242.78572122086985,246.35181083165224,23913000
2022-09-15,238.43252563476562,244.28206983666107,237.111030916621,242.69823034248557,31530900
2022-09-16,237.81065368652344,238.3547959701018,235.2065251235573,237.34423330622892,39791800
2022-09-19,237.59690856933594,238.19934976268587,234.03081907088773,235.60494726087535,26826900
2022-09-20,235.5854949951172,236.61548077642544,232.85505707344666,235.21626404112513,26660300
2022-09-21,232.18458557128906,240.64798513191113,232.13599826014462,237.35396708033133,28625600
2022-09-22,234.1571044921875,236.9555675025579,230.8436634388637,231.1351576468061,31061200
2022-09-23,231.18374633789062,234.30286782239332,228.54075677381346,232.75787437724338,34176000
2022-09-26,230.72705078125,234.61379837015886,230.19262002242195,230.33838195306527,27694200
2022-09-27,229.71649169921875,234.95388322610455,227.86056625784224,233.18540604277874,27018700
2022-09-28,234.24456787109375,235.46888802626256,228.0840616627681,230.10517219200622,29029700
2022-09-29,230.77565002441406,233.15628008036532,227.77314091515188,232.1262942883284,27484200
2022-09-30,226.30589294433594,233.72958091891374,226.14070793604793,231.54328520200156,35694800
2022-10-03,233.92388916015625,234.76925194456734,228.01603154626426,228.74479665745017,28880400
2022-10-04,241.8334197998047,243.27151213771026,238.04383231681499,238.15071845977334,34888400
2022-10-05,242.14434814453125,243.48528067614083,237.188754349336,239.0252418124359,20347100
2022-10-06,239.80262756347656,243.25211936958422,239.11273809831516,240.91035014743682,20239900
2022-10-07,227.60794067382812,234.4874855805171,226.56822859279998,234.07936404235068,37769600
2022-10-10,222.75918579101562,227.91884002309686,220.3105310476207,226.45159837907644,29743600
2022-10-11,219.0279541015625,222.57460545971847,217.76475812921726,221.1753739104601,30474000
2022-10-12,219.35830688476562,221.40856673598395,217.6189939430992,219.01821055578878,21903900
2022-10-13,227.60794067382812,229.4152788681851,212.92575128751184,213.6253670289897,42551800
2022-10-14,222.08872985839844,230.5229788868416,221.87495757893063,228.87109948608796,30198600
2022-10-17,230.80479431152344,232.19431432541026,228.4824631518074,229.1432179713051,28142300
2022-10-18,231.74734497070312,237.02359816073528,228.70595997557888,236.35314659832292,26329600
2022-10-19,229.78451538085938,232.82590014122383,227.65651868442322,230.32865767594038,19985700
2022-10-20,229.46385192871094,234.47775981300623,228.22009390223283,229.09462099466492,21811000
2022-10-21,235.2648468017578,236.11993608853678,227.86059676033693,228.0938069731221,26299700
2022-10-24,240.24957275390625,240.8228644348146,234.4680389836242,236.85838032259602,24911200
2022-10-25,243.5630340576172,243.93226498550914,238.86978470276068,240.2592898081023,34775500
2022-10-26,224.7706298828125,231.55300056663893,223.54629485034351,224.62486794587923,82543200
2022-10-27,220.32998657226562,227.0734954795491,219.38744917013727,224.49851650888635,40424600
2022-10-28,229.19178771972656,229.9011298424008,219.64982993170372,219.83445281769383,40647700
2022-10-31,225.5576629638672,228.2686626281402,224.60539921895975,227.14150237504404,28357300
2022-11-01,221.70977783203125,229.06545410633566,220.89356446941574,227.95773173513913,30592300
2022-11-02,213.8682861328125,224.7511761173168,213.80997246609851,222.96327583397812,38407000
2022-11-03,208.18389892578125,214.16949323044878,207.9215393357344,213.85854633457637,36633900
2022-11-04,215.1217498779297,215.31608428144708,207.38711607311453,211.39047595404304,36789100
2022-11-07,221.41827392578125,221.9429931186714,215.01486125373305,215.7047654290473,33498000
2022-11-08,222.3899688720703,225.091257180639,219.44575884635148,222.22478388362,28192500
2022-11-09,218.15341186523438,222.15677181548412,217.97851534706965,220.93243688127146,27852900
2022-11-10,236.10047912597656,236.44057547213717,228.34642180511014,228.764240055821,46268000
2022-11-11,240.11354064941406,240.9686298310699,235.0801950029828,236.1101955294159,34620200
2022-11-14,234.7109832763672,237.00416504738854,232.4372393956365,235.13852790216598,31123300
2022-11-15,235.1190948486328,240.00667907027895,233.2340197743407,238.7046221025726,31390100
2022-11-16,235.54779052734375,237.5648577519869,234.27129594257252,236.58067882132508,24093300
2022-11-17,235.49908447265625,237.02893923380267,231.5526741520921,231.6988319904281,23123500
2022-11-18,235.05084228515625,237.50639789334227,232.91684876946883,237.28226939737314,27613500
2022-11-21,235.85960388183594,238.41259294492656,235.02159768171916,235.25545019525578,26394700
2022-11-22,238.76344299316406,239.03628090244808,234.55393320096024,237.36026810624583,19665700
2022-11-23,241.24819946289062,241.93029414801862,238.02285434078252,238.84136796293612,19508500
2022-11-25,241.1605224609375,242.33956874564888,240.4199497182592,240.9851181755742,9200800
2022-11-28,235.57704162597656,240.34198047417644,234.64160171816698,239.78656581676748,24778200
2022-11-29,234.18362426757812,236.58070207820637,232.11784747654085,235.22625156300845,17956300
2022-11-30,248.6148681640625,248.80001134833023,233.72565090628407,234.41749940509243,47594200
2022-12-01,248.17636108398438,249.56978200844247,244.50277384992842,247.37732526853793,26041500
2022-12-02,248.49794006347656,249.51133581657106,243.30425151606138,243.4309315609044,21528500
2022-12-05,243.8011932373047,247.32862273354516,241.7159238084992,245.5649005511503,23435300
2022-12-06,238.85110473632812,245.41873605992336,237.5453785123422,244.40534037511836,22463700
2022-12-07,238.1203155517578,239.864545236555,236.0155681176871,238.568557750271,20481500
2022-12-08,241.07278442382812,242.3785254696705,236.8437826963573,238.57825833331165,22611800
2022-12-09,239.1434326171875,241.9595208718469,237.91566220853431,238.44184527837177,20609700
2022-12-12,246.05209350585938,246.08132507137833,240.84866668381318,241.1215045410221,30665100
2022-12-13,250.34934997558594,257.1703267708484,246.59780679077178,254.9973477435735,42196900
2022-12-14,250.6416778564453,255.8743369804064,247.80609665366913,250.55398314754714,35410900
2022-12-15,242.64161682128906,247.69888605332656,241.01432850057725,247.2311661145022,35560400
2022-12-16,238.43211364746094,243.45039767115878,237.28228413602537,242.19339565744826,86102000
2022-12-19,234.30056762695312,238.93884171366832,232.60507706860986,238.59778690074495,29696400
2022-12-20,235.61599731445312,236.6976097938858,232.32243564637852,233.27736810210143,25150800
2022-12-21,238.17872619628906,239.33829447415,233.96921738741338,235.50881086932938,23690600
2022-12-22,232.09837341308594,235.80119266762082,227.8888488200861,235.08985146621117,28651700
2022-12-23,232.62452697753906,232.7609459126413,227.95703674860303,230.07153767696204,21207000
2022-12-27,230.89981079101562,232.8194148295831,229.7987055148439,232.59530118818017,16688600
2022-12-28,228.5319366455078,233.58920571685437,228.18114298539857,230.83158066876882,17457100
2022-12-29,234.84622192382812,235.73295246137508,229.62330203859167,229.62330203859167,19770700
2022-12-30,233.68666076660156,233.8230797011239,230.60747353761346,232.1178355853205,21938500
2023-01-03,233.45278930664062,239.46499095764855,231.32853465622566,236.86327747897744,25740000
2023-01-04,223.24082946777344,226.9144019342719,220.18113479471134,226.3394946084548,50623400
2023-01-05,216.6244659423828,221.7304593927792,216.0885291034545,221.3894046220388,39585600
2023-01-06,219.17747497558594,219.98624975653698,213.7401949012042,217.2968412887799,43613600
2023-01-09,221.31146240234375,225.3261046224166,220.61962878753835,220.65859925614794,27369800
2023-01-10,222.99720764160156,225.3942852499652,221.51607720978163,221.93507289887148,27033900
2023-01-11,229.74026489257812,229.91565431558936,225.19943927297896,225.37482869599023,28669300
2023-01-12,232.41017150878906,233.76462207264603,227.58676927741644,229.2432893034318,27269500
2023-01-13,233.11172485351562,233.24814377999738,228.91195482909734,230.93876092864622,21333300
2023-01-17,234.20314025878906,234.7488160791734,231.02650408240027,231.88400315360477,29831300
2023-01-18,229.7792205810547,236.1812017430098,229.49664379486572,235.39191965313583,30028700
2023-01-19,225.99842834472656,229.49662609495516,224.7803968509481,227.80112090293807,28623000
2023-01-20,234.07644653320312,234.583151851916,228.51247153332469,228.85352633542087,35389800
2023-01-23,236.37606811523438,238.89982582882288,233.52099453170575,234.93392297440502,31934000
2023-01-24,235.84991455078125,237.71107061174527,234.29084284991282,236.2981567717687,40234400
2023-01-25,234.45643615722656,237.07764219216483,224.99476139964753,228.48320522416125,66526600
2023-01-26,241.657470703125,241.95954016253594,235.81091899256552,237.41871476554942,33454500
2023-01-27,241.81336975097656,243.44065810829167,240.51738240492458,242.62214447980068,26498900
2023-01-30,236.50274658203125,239.31883481228712,236.00578021468996,238.25670004532253,25867400
2023-01-31,241.4723358154297,241.60875476528724,236.736628172446,237.22384083173012,26541100
2023-02-01,246.28599548339844,248.65384183422793,239.1921804627177,241.65747529132665,31259900
2023-02-02,257.8330078125,257.92070254400113,250.6709740354929,252.20082929382048,39940400
2023-02-03,251.74276733398438,257.44316094972766,250.52473578092378,252.90233575146593,29077300
2023-02-06,250.20315551757812,251.69402492949268,248.2640588264018,250.85603350578165,22518000
2023-02-07,260.7171936035156,261.8962397215106,253.4284826965279,253.86698591365706,50841400
2023-02-08,259.908447265625,269.6819309436082,259.4017271241036,266.2129795710124,54686000
2023-02-09,256.87799072265625,266.9730522112078,256.0789548463012,266.79763305844943,42375100
2023-02-10,256.37127685546875,257.3359482905629,253.99367698119255,254.84142214986286,25818500
2023-02-13,264.3810729980469,267.5771867135627,260.3177065131593,260.7951951195851,44630900
2023-02-14,265.2093200683594,267.93769873660716,262.3932169633668,265.69653266891055,37047900
2023-02-15,263.08953857421875,264.46692310846817,260.02216525434795,262.112672647368,28922400
2023-02-16,256.0853576660156,260.56916800834415,255.84114122158655,257.91209190049267,29603600
2023-02-17,252.09002685546875,254.07306355868084,250.07768536596615,253.3892752747082,30000100
2023-02-21,246.82472229003906,249.57949147395604,245.7697052561427,248.5928473067925,28397400
2023-02-22,245.69154357910156,248.4560759372167,244.54861223485597,248.21185945581914,22491100
2023-02-23,248.8761444091797,250.89824919216971,244.68538110016482,249.64786195781076,29219100
2023-02-24,243.45452880859375,245.19334897539824,242.36044373441328,244.17741496448653,24990900
2023-02-27,244.37278747558594,246.97125445707402,243.62059652709382,246.61958212194187,21190000
2023-02-28,243.64988708496094,245.6720066203372,242.9758472398355,243.30799296891402,22491000
2023-03-01,240.57275390625,245.12493737930367,240.10384757221487,244.95887197567075,27565300
2023-03-02,245.30079650878906,245.5840810609681,239.9280340639678,240.8462903940092,24808200
2023-03-03,249.3840789794922,249.70644650216622,245.57430808569026,246.35580375528275,30760100
2023-03-06,250.9275360107422,254.10235014838744,250.05812596620328,250.49771263487295,24109800
2023-03-07,248.27044677734375,251.7285601912726,247.5280341065123,250.37070236682902,21473200
2023-03-08,247.8308868408203,248.65145065582482,245.00774486083787,248.16301768416147,17340200
2023-03-09,246.48280334472656,253.555302700135,245.75991723521878,249.90183388794475,26653400
2023-03-10,242.83909606933594,246.94192996221227,241.87200834587694,245.27149758216976,28333900
2023-03-13,248.04580688476562,251.94350749583774,240.04527215486556,241.6766365464032,33339700
2023-03-14,254.7568817138672,255.0304029898369,249.94092478651652,250.81033489351847,33620300
2023-03-15,259.2993469238281,260.3152960423223,253.21346022542158,253.9656662220132,46028000
2023-03-16,269.8103942871094,270.16205172863715,257.1892727698562,259.0746169472976,54768800
2023-03-17,272.9656066894531,276.7753773938965,269.9275683237235,271.8226903839095,69527400
2023-03-20,265.9322204589844,271.0607665452562,263.607274796688,270.57233358465885,43466600
2023-03-21,267.44635009765625,268.6381277112385,263.28489174322317,268.5209085708176,34558700
2023-03-22,265.99078369140625,274.53835901279683,265.8833129567745,267.0750903654772,34873300
2023-03-23,271.23663330078125,274.55797193638784,268.8335511448217,271.5101546046174,36610900
2023-03-24,274.0792541503906,274.1378637154936,268.9116255422268,270.82627422927686,28172000
2023-03-27,269.9861755371094,274.94864070171997,269.14605544409125,274.0108578776161,26840200
2023-03-28,268.86285400390625,269.75180568788846,265.7563973042853,269.40989660765126,21878600
2023-03-29,274.0206298828125,274.63606009495277,271.96920577953756,272.5064700346815,25087000
2023-03-30,277.478759765625,277.8792783804837,274.9682369436602,277.65461829253616,25053400
2023-03-31,281.63037109375,282.57793202096093,276.452994776974,277.16611747446694,32766000
2023-04-03,280.5851745605469,281.60109352855216,277.38105592793227,279.89157837797717,24883300
2023-04-04,280.53631591796875,283.73068619331156,279.0612688180202,280.58517709537364,25824300
2023-04-05,277.76202392578125,280.5070144974699,276.37489115464507,279.23710085498425,22064800
2023-04-06,284.8540954589844,285.3229720001434,275.50548186907776,276.65817644820123,29770300
2023-04-10,282.6952819824219,282.90041550673965,278.12352618795103,282.5194234357062,23103000
2023-04-11,276.2869873046875,279.36413893859026,275.1245442349261,279.1394490348436,27276600
2023-04-12,276.93170166015625,280.37028867291156,275.43709804068334,278.20164520430563,27403400
2023-04-13,283.13482666015625,283.1934362329106,276.61914739244156,277.02941440172174,24222700
2023-04-14,279.5204162597656,281.8062788337825,277.1270829372931,280.36050660414264,20987900
2023-04-17,282.118896484375,284.8541392450977,279.53998567684334,283.22275986400075,23836200
2023-04-18,281.69879150390625,285.01038094044696,280.37026829939435,284.82477404987856,20161800
2023-04-19,281.7769775390625,282.363073223057,277.9574283365994,279.3738659883608,17150300
2023-04-20,279.4910583496094,282.34351958863164,278.48488777303635,278.6509680753115,23244400
2023-04-21,279.14923095703125,279.64741233312054,276.5116808961058,278.41658147472793,21676400
2023-04-24,275.2514953613281,278.35795159650013,272.27206627525993,275.564099605755,26611000
2023-04-25,269.04840087890625,275.08542457289633,268.9995397003019,273.04377855903545,45772200
2023-04-26,288.53680419921875,292.63965188127156,285.95789436799976,289.8360522168842,64599200
2023-04-27,297.77801513671875,298.13948055653924,288.419653058881,289.1229976897944,46462600
2023-04-28,300.1518249511719,301.78317430412875,296.2931927346846,296.9770107869876,36469600
2023-05-01,298.4911193847656,301.4607998428203,298.0906008187468,299.8685037767096,21294100
2023-05-02,298.3446044921875,302.02737803508757,296.8793057090036,300.640245214825,26404400
2023-05-03,297.35797119140625,301.47056824435134,297.05514515019064,299.52661466140324,22360800
2023-05-04,298.3446044921875,300.640245214825,296.38109458301545,299.15539003512066,22519900
2023-05-05,303.4633483886719,304.75281837217517,297.23093994665044,298.64740725132,28197100
2023-05-08,301.5096740722656,303.02383420465094,299.0088995873121,302.9554464323352,21318600
2023-05-09,299.8977966308594,302.86747697079767,299.223756852854,300.8746624179306,21340800
2023-05-10,305.0849304199219,305.7589701511876,300.55228898423684,301.4802935306575,30078000
2023-05-11,302.9358825683594,303.9225267081971,299.1749725458381,302.92613418082834,31680200
2023-05-12,301.8222961425781,303.46342390547966,299.5071284392733,303.36573134091964,19774700
2023-05-15,302.3009338378906,302.73075724835036,300.4741992492285,301.94927639928727,16336500
2023-05-16,304.5281982421875,306.4526254606031,302.66238059902645,302.66238059902645,26730300
2023-05-17,307.4064025878906,307.82736596878567,304.21484884759707,305.73231876094286,24315000
2023-05-18,311.83154296875,312.3406428632518,307.1323477805687,307.92533659511486,27276000
2023-05-19,311.6552734375,312.05666755980644,309.7266396617467,310.08886536616376,27546700
2023-05-22,314.4356689453125,315.81606453289896,311.3322511744977,311.90985842716117,24115700
2023-05-23,308.6399841308594,315.94332604860966,308.63018455651456,313.3098099504378,30797200
2023-05-24,307.2596435546875,309.85399169622406,306.0456613121004,308.121169702086,23384900
2023-05-25,319.0761413574219,320.0355435840167,313.28044007035,316.452394965502,43301700
2023-05-26,325.8997802734375,326.39905065575283,317.0789683726066,317.2160130284429,36630600
2023-05-30,324.25506591796875,328.6899413465032,323.5795525189351,328.19067091699185,29503100
2023-05-31,321.4942932128906,328.8857420420062,320.45652421282057,325.3123928059222,45950600
2023-06-01,325.5962219238281,326.52628506015486,317.90128645515614,319.0858695997825,26773900
2023-06-02,328.3570556640625,330.41296452982044,325.56689576601605,327.2312100565703,25873800
2023-06-05,328.8857116699219,331.4506903935802,327.6325911531441,328.18082951193753,21307100
2023-06-06,326.6732177734375,328.3277327209836,325.1949458046118,328.2885642949618,20396200
2023-06-07,316.5894775390625,327.4661687531418,315.7279515267093,324.6858083621168,40717100
2023-06-08,318.4300231933594,319.78104998315,316.5601268268705,317.1377341007984,23277700
2023-06-09,319.9278869628906,323.06067362544843,317.59785876983193,318.16566645574613,22529000
2023-06-12,324.8816223144531,325.1263726657708,318.33210052305157,321.6802685980965,24260300
2023-06-13,327.2704162597656,329.9039326564141,323.45231642642443,327.44662935743804,22951300
2023-06-14,330.25634765625,331.9206620825264,325.82147225464075,327.3193432875882,26003800
2023-06-15,340.7904052734375,342.4938582086499,330.1192956143464,330.393414820895,38899100
2023-06-16,335.14154052734375,344.08962778195877,334.769545086919,343.94278354537636,46552000
2023-06-20,330.9514465332031,334.8968213999289,328.8074308489354,332.18499798901604,26375400
2023-06-21,326.5557556152344,330.63820523685087,325.09705286188586,329.3067475889118,25117800
2023-06-22,332.5765686035156,332.9779627764546,326.34033425250004,327.1039541755478,23556800
2023-06-23,327.98504638671875,330.8633129640672,326.4480368570244,327.3389018615229,23146900
2023-06-26,321.6998291015625,329.0521084557262,321.5921234240104,326.71231091411966,21520600
2023-06-27,327.5445556640625,329.0913649668654,322.3851983758539,324.89143995302584,24354100
2023-06-28,328.7975769042969,330.8828543541571,326.8004059820262,327.6325630227013,20259500
2023-06-29,328.014404296875,329.05214338180554,325.6354380857654,327.6815474089493,16997000
2023-06-30,333.3890686035156,335.533083567571,330.1192082632096,330.65764695892886,26832800
2023-07-03,330.89263916015625,333.74153652262953,329.5024740479347,332.0674526684901,12508700
2023-07-05,331.0493469238281,334.475852129054,327.7011785685613,328.05360476311387,18172400
2023-07-06,334.1038513183594,335.7877351950813,328.45502307798586,330.2172139336629,28161200
2023-07-07,330.1388854980469,334.6129295027738,329.9235039739729,332.1947946138884,21214800
2023-07-10,324.8619689941406,328.1905971184104,320.71101328852956,327.5738215556575,32791400
2023-07-11,325.48858642578125,325.8703814238738,320.1334477409768,324.10819090994494,26698200
2023-07-12,330.1192932128906,334.4758316380157,328.62142222429776,329.53188638120173,29995300
2023-07-13,335.4646301269531,336.52193851467035,331.90105061768867,332.42971974992344,20567200
2023-07-14,337.9903869628906,344.0504071797022,337.0799229574127,340.2910459095937,28352700
2023-07-17,338.47015380859375,339.70367521642703,335.0142801736607,338.4211858141297,20363900
2023-07-18,351.94122314453125,359.0781521098167,334.98494066726425,338.56805969742885,64738600
2023-07-19,347.6238098144531,354.84884504828324,345.03926161088305,354.15376240808007,39732900
2023-07-20,339.5862121582031,350.4531337158096,338.11771005249284,346.1455335144098,33778400
2023-07-21,336.5513610839844,342.9442401812977,332.69409248373796,341.81839434405475,69405400
2023-07-24,337.8631591796875,339.6351792022214,335.1219672074144,338.58764053266464,26678100
2023-07-25,343.6099548339844,344.500849777994,337.82405242404576,339.8211939588815,41637700
2023-07-26,330.67730712890625,337.43244099686376,326.11515681266013,334.2702555757294,58383700
2023-07-27,323.7753601074219,334.1625511308161,322.14041454334006,333.3304238013421,39635300
2023-07-28,331.2647399902344,332.8703168260489,326.1739500054011,326.66345076606325,28484900
2023-07-31,328.86614990234375,330.6087711275723,326.35987893485446,329.8451512620621,25446000
2023-08-01,329.2773742675781,331.4311896055557,326.69282573876103,328.1515284723082,18311900
2023-08-02,320.6229553222656,326.6242386250664,319.5068793964864,326.6242386250664,27761300
2023-08-03,319.800537109375,322.9529221835479,319.10545461953365,319.15439272906985,18253700
2023-08-04,320.8970642089844,328.10252974603515,320.3683951097149,324.910975755622,23741500
2023-08-07,323.1781311035156,324.15713248319014,320.64252111536877,321.4746782634423,17741500
2023-08-08,319.2033996582031,321.84671543145896,316.21745729083267,320.094294531756,22327600
2023-08-09,315.4635925292969,320.24109366891923,314.3083483150612,319.61454838698023,22373300
2023-08-10,316.1488952636719,321.3669891320305,314.43564292025485,319.1740058162668,20113700
2023-08-11,314.269287109375,315.6398832603388,312.5070664494884,313.53503597027776,24355500
2023-08-14,317.2355651855469,317.2551344544102,313.35869882486526,314.6412179157006,18836100
2023-08-15,315.10137939453125,318.2635647035866,314.16154640668196,316.21745534246327,16966300
2023-08-16,314.3361511230469,318.2800883607637,313.7475006460735,314.72857479436016,20698900
2023-08-17,310.8828125,315.77836341676965,310.22547958022847,314.47354784052,21257200
2023-08-18,310.4903564453125,312.3543913343559,305.653638152049,308.5379985359399,24755000
2023-08-21,315.7881774902344,316.66131798487817,311.03978181664064,311.9129223112844,24040000
2023-08-22,316.35711669921875,319.90859982297314,315.37604268978373,319.339590071102,16084600
2023-08-23,320.8112487792969,322.96962389693414,317.33823788637403,317.69144015108157,21166400
2023-08-24,313.9142761230469,326.67805954758404,313.9044558013969,326.5505151261544,23281400
2023-08-25,316.8673400878906,319.20227141780845,312.76642738205277,315.38590853898717,21684100
2023-08-28,317.5736999511719,319.97731354583135,315.63116244372804,319.49659681490056,14808500
2023-08-29,322.1945495605469,322.7537689845137,315.7881368695037,315.7881368695037,19284600
2023-08-30,322.5673828125,323.5680676815254,320.2716728612012,322.4496587032038,15222100
2023-08-31,321.5568542480469,324.64723165247267,320.5953908586677,322.9696033369281,26411000
2023-09-01,322.43988037109375,325.7068445895404,320.59545591190596,325.03972125664615,14942000
2023-09-05,327.2372741699219,328.51268854222997,322.4398370951833,322.77339871686183,18553900
2023-09-06,326.5799865722656,328.13007064456224,323.9310742393436,327.0705236753987,17535800
2023-09-07,323.66619873046875,326.7761872339446,322.8028486285546,325.0200859411969,18381000
2023-09-08,327.9435729980469,329.7978171037057,323.22460977274636,323.8426911412993,19530100
2023-09-11,331.5442199707031,332.01514636855427,329.0817141298704,330.8574560496714,16583300
2023-09-12,325.4909973144531,330.41600927416135,325.20650733511536,329.464366041868,17565500
2023-09-13,329.6997985839844,330.4748555977099,324.90236123727334,325.0396960586879,16544400
2023-09-14,332.2898254394531,334.40891924896704,330.20013271673093,332.7312908414323,20267000
2023-09-15,323.97027587890625,331.01438041340634,323.41105648154235,330.5434840282613,37679800
2023-09-18,322.8322448730469,324.14688059021836,320.1833327948617,321.59608191122635,16834200
2023-09-19,322.42999267578125,323.15600785929996,318.36836152476627,319.9969481018416,16505900
2023-09-20,314.6990966796875,323.35217655843377,314.4440377985017,323.27370381191565,21436500
2023-09-21,313.4825439453125,319.19240126308074,309.0382803493175,313.2176647691272,35560400
2023-09-22,311.01031494140625,315.36628640951005,310.16657563325697,315.23874198409163,21447900
2023-09-25,311.5302734375,311.65781785899316,309.0383368775715,310.59824108043864,17836000
2023-09-26,306.2324523925781,309.90165956772006,304.152550365276,309.1658540685337,26297600
2023-09-27,306.87017822265625,308.3515797645924,303.82884250383796,306.3894315511619,19410100
2023-09-28,307.7041320800781,309.50930504825243,303.59342871178666,305.1042614505791,19683600
2023-09-29,309.774169921875,313.42376704064515,309.0187535875625,311.73631826659,24147300
2023-10-02,315.70965576171875,315.7979787841784,309.21494955018176,310.294137124608,20570000
2023-10-03,307.4588623046875,315.30745601689233,305.3200977637049,314.75802691222975,21033500
2023-10-04,312.9234313964844,313.9830083427308,308.0573115463436,308.086742575961,20720100
2023-10-05,313.3158264160156,313.92411753909374,308.94024408682094,313.05094717371253,16965600
2023-10-06,321.0663146972656,322.9597804960645,310.31372116687385,310.5589896881692,25673600
2023-10-09,323.5778503417969,324.0487467241728,317.06350427889305,318.6037977229235,19891200
2023-10-10,322.1749572753906,324.8336598616772,321.4685826836827,324.69629510828605,20557100
2023-10-11,326.1286926269531,326.5211163115986,322.9107705088474,324.94157131039,20063200
2023-10-12,324.89251708984375,327.3157714229003,322.4986937835042,324.313686937738,19313100
2023-10-13,321.5274658203125,327.5119946274533,320.1833689854534,326.08945496838265,21072400
2023-10-16,326.3445739746094,329.7783340714465,324.34317399210664,324.7846394691214,22158000
2023-10-17,325.77545166015625,327.148949363288,321.21346324546664,323.3521975217721,18338500
2023-10-18,323.86236572265625,329.2386627175147,322.0866239478229,326.1973269355328,23153600
2023-10-19,325.0495300292969,330.5043005032586,324.64728599110776,325.86380848903855,25052100
2023-10-20,320.487548828125,325.638188807879,319.2906370066579,325.441961975503,25027700
2023-10-23,323.0873107910156,326.4327768680091,318.25062294814967,319.3101697402162,24374700
2023-10-24,324.2744445800781,325.5596493490343,321.3999044443215,325.02986091343166,31153600
2023-10-25,334.22259521484375,339.6479349004677,331.2303006335069,338.49024447115744,55053800
2023-10-26,321.68438720703125,335.1643351813987,320.7523548760507,334.09496805111814,37828500
2023-10-27,323.5680847167969,330.347311140755,322.1847664797221,324.17634594018955,29856500
2023-10-30,330.92608642578125,333.02559927042574,325.5497898368821,327.09990360704097,22828100
2023-10-31,331.7109375,332.5841077884047,328.3556809665902,332.4369526667647,20265300
2023-11-01,339.5202941894531,340.84475010797416,333.2217857907102,333.35915052507676,28158800
2023-11-02,341.7277526855469,342.22808013928716,338.244921513789,340.66817584467145,24348100
2023-11-03,346.1229553222656,347.6828896003234,340.75647841286957,343.01296696867126,23637700
2023-11-06,349.7823791503906,350.7732736613575,346.66257041725754,346.7606838240873,23828300
2023-11-07,353.7066345214844,355.60010029773895,350.86152569633424,352.5980160280282,25833900
2023-11-08,356.32611083984375,356.9834136941428,353.72624062685685,354.8348591059033,26767800
2023-11-09,353.8636474609375,357.8860575764988,353.53987621597344,355.44316251543404,24847300
2023-11-10,362.6737060546875,363.09556076737016,354.236462100994,354.64849649105355,28042100
2023-11-13,359.740234375,361.49636535118015,358.9749977946541,361.2510968326077,19986500
2023-11-14,363.26226806640625,364.91049518103034,360.39754868289896,363.9882832033251,27683900
2023-11-15,363.4097595214844,366.81115702997374,360.8930847744488,364.9924802404826,26860100
2023-11-16,369.7997131347656,369.97665770103697,363.91113117269197,364.6779209606421,27182300
2023-11-17,363.5867614746094,368.0302064935661,360.78501895126305,367.28306715379995,40157000
2023-11-20,371.0482177734375,372.45399413615905,364.7172740131472,364.9335496074717,52465100
2023-11-21,366.7522277832031,369.848877892723,364.83523819118903,369.30820390562985,28423100
2023-11-22,371.4512634277344,373.35841268345206,368.62003030581224,371.5987172360064,23345300
2023-11-24,371.0383605957031,371.56922430315524,368.7871624674301,370.9400480571713,10176600
2023-11-27,372.1983642578125,374.1940157538783,369.8292031236525,370.39936783626126,22179200
2023-11-28,376.2191467285156,376.51405435302496,371.75602133936184,371.9428061684763,20453100
2023-11-29,372.434326171875,377.792014506202,371.0482003824139,377.2611808001932,28963400
2023-11-30,372.4932861328125,373.653296016865,369.1115390125993,372.0803854957098,30554400
2023-12-01,368.1678466796875,371.75602952719976,365.0220252786822,370.37974391455106,33040500
2023-12-04,362.8888244628906,363.2623641639638,356.7544751497799,362.84949344143797,32063300
2023-12-05,366.21148681640625,366.76200100247496,359.4283420231669,360.24430304947185,23065000
2023-12-06,362.5545349121094,367.84343196383037,361.79758529719794,367.214285660699,21182100
2023-12-07,364.66815185546875,365.15968459553505,360.1165538823308,361.9942125494772,23118900
2023-12-08,367.8925476074219,368.11863343182006,361.99415565369594,362.9477302195792,20154400
2023-12-11,365.0121765136719,365.30711413857625,359.90025435719485,362.2399548445349,27708800
2023-12-12,368.0400085449219,368.079339558926,364.1863791933993,364.5697890781994,24838300
2023-12-13,368.0301818847656,371.2448248811306,364.4911405130115,369.65223376326037,30955500
2023-12-14,359.733154296875,367.43057402825946,357.9636483820258,366.9881825491579,43277500
2023-12-15,364.4518127441406,366.09351500946013,360.0771601195224,360.6375145457429,78502300
2023-12-18,366.3393249511719,366.6834038503824,362.43655401042764,363.1935335888459,21802900
2023-12-19,366.93902587890625,366.93902587890625,363.5769287808174,365.1989808015048,20603700
2023-12-20,364.3436584472656,369.6620453460696,364.2551861699306,368.64948928220537,26316700
2023-12-21,367.2142333984375,368.06949543921024,363.77350472816454,366.25081857048275,17708000
2023-12-22,368.2366027832031,368.8264479888416,366.39827539290235,367.3518499751321,17107500
2023-12-26,368.3152770996094,370.5566649551992,367.1749176642006,368.649515727109,12673100
2023-12-27,367.7352600097656,368.70848509896524,366.49658807749455,367.36169037934906,14905400
2023-12-28,368.9248046875,370.0848147302982,367.82377617224904,369.01327697882084,14327000
2023-12-29,369.6719055175781,370.77293391810167,367.15526060187455,369.6325745030526,18730800
